{"type":"Topology","objects":{"countries":{"type":"GeometryCollection","geometries":[{"id":"YE","type":"MultiPolygon","arcs":[[[0]],[[1]],[[2]],[[3]],[[4]]]},{"id":"VN","type":"MultiPolygon","arcs":[[[5]],[[6]],[[7]],[[8]],[[9]],[[10]],[[11]],[[12]]]},{"id":"UZ","type":"MultiPolygon","arcs":[[[13],[14]],[[15]],[[16]]]},{"id":"AE","type":"MultiPolygon","arcs":[[[17],[18]],[[19]],[[20]],[[21]],[[22]]]},{"id":"TM","type":"MultiPolygon","arcs":[[[23]],[[24]]]},{"id":"TR","type":"MultiPolygon","arcs":[[[25]],[[26]],[[27]]]},{"id":"TL","type":"MultiPolygon","arcs":[[[28]],[[29]],[[30]]]},{"id":"TH","type":"MultiPolygon","arcs":[[[31]],[[32]],[[33]],[[34]],[[35]],[[36]],[[37]],[[38]],[[39]],[[40]]]},{"id":"TJ","type":"MultiPolygon","arcs":[[[41]],[[42]],[[43]]]},{"id":"TW","type":"MultiPolygon","arcs":[[[44]],[[45]]]},{"id":"SY","type":"Polygon","arcs":[[46]]},{"id":"LK","type":"MultiPolygon","arcs":[[[47]],[[48]],[[49]]]},{"id":"KR","type":"MultiPolygon","arcs":[[[50]],[[51]],[[52]],[[53]],[[54]],[[55]],[[56]],[[57]],[[58]],[[59]],[[60]]]},{"id":"SG","type":"Polygon","arcs":[[61]]},{"id":"SA","type":"MultiPolygon","arcs":[[[62]],[[63]],[[64]],[[65]]]},{"id":"RU","type":"MultiPolygon","arcs":[[[66]],[[67]],[[68]],[[69]],[[70]],[[71]],[[72]],[[73]],[[74]],[[75]],[[76]],[[77]],[[78]],[[79]],[[80]],[[81]],[[82]],[[83]],[[84]],[[85]],[[86]],[[87]],[[88]],[[89]],[[90]],[[91]],[[92]],[[93]],[[94]],[[95]],[[96]],[[97]],[[98]],[[99]],[[100]],[[101]],[[102]],[[103]],[[104]],[[105]],[[106]],[[107]],[[108]],[[109]],[[110]],[[111]],[[112]],[[113]],[[114]],[[115]],[[116]],[[117]],[[118]],[[119]],[[120]],[[121]],[[122]],[[123]],[[124]],[[125]],[[126]],[[127]],[[128]],[[129]],[[130]],[[131]],[[132]],[[133]],[[134]],[[135]],[[136]],[[137]],[[138]],[[139]],[[140]],[[141]],[[142]],[[143]],[[144]],[[145]],[[146]],[[147]],[[148]],[[149]],[[150]],[[151]],[[152]],[[153]],[[154]],[[155]],[[156]],[[157]],[[158]],[[159]],[[160]],[[161]],[[162]],[[163]],[[164]]]},{"id":"QA","type":"Polygon","arcs":[[165]]},{"id":"PH","type":"MultiPolygon","arcs":[[[166]],[[167]],[[168]],[[169]],[[170]],[[171]],[[172]],[[173]],[[174]],[[175]],[[176]],[[177]],[[178]],[[179]],[[180]],[[181]],[[182]],[[183]],[[184]],[[185]],[[186]],[[187]],[[188]],[[189]],[[190]],[[191]],[[192]],[[193]],[[194]],[[195]],[[196]],[[197]],[[198]],[[199]],[[200]],[[201]],[[202]],[[203]],[[204]],[[205]],[[206]],[[207]],[[208]],[[209]],[[210]],[[211]],[[212]],[[213]]]},{"id":"PK","type":"Polygon","arcs":[[214]]},{"id":"OM","type":"MultiPolygon","arcs":[[[215]],[[216]],[[217]],[[218]]]},{"id":"KP","type":"MultiPolygon","arcs":[[[219]],[[220]]]},{"id":"NP","type":"Polygon","arcs":[[221]]},{"id":"MN","type":"Polygon","arcs":[[222]]},{"id":"MV","type":"MultiPolygon","arcs":[[[223]],[[224]]]},{"id":"MY","type":"MultiPolygon","arcs":[[[225]],[[226]],[[227]],[[228]],[[229]],[[230]],[[231]],[[232]],[[233]]]},{"id":"LB","type":"Polygon","arcs":[[234]]},{"id":"LA","type":"Polygon","arcs":[[235]]},{"id":"KG","type":"Polygon","arcs":[[236],[237],[238],[239]]},{"id":"KW","type":"MultiPolygon","arcs":[[[240]],[[241]]]},{"id":"KZ","type":"MultiPolygon","arcs":[[[242]],[[243]],[[244]],[[245]]]},{"id":"JO","type":"Polygon","arcs":[[246]]},{"id":"JP","type":"MultiPolygon","arcs":[[[247]],[[248]],[[249]],[[250]],[[251]],[[252]],[[253]],[[254]],[[255]],[[256]],[[257]],[[258]],[[259]],[[260]],[[261]],[[262]],[[263]],[[264]],[[265]],[[266]],[[267]],[[268]],[[269]],[[270]],[[271]],[[272]],[[273]],[[274]],[[275]],[[276]],[[277]],[[278]],[[279]],[[280]]]},{"id":"IL","type":"Polygon","arcs":[[281]]},{"id":"IQ","type":"Polygon","arcs":[[282]]},{"id":"IR","type":"MultiPolygon","arcs":[[[283]],[[284]]]},{"id":"ID","type":"MultiPolygon","arcs":[[[285]],[[286]],[[287]],[[288]],[[289]],[[290]],[[291]],[[292]],[[293]],[[294]],[[295]],[[296]],[[297]],[[298]],[[299]],[[300]],[[301]],[[302]],[[303]],[[304]],[[305]],[[306]],[[307]],[[308]],[[309]],[[310]],[[311]],[[312]],[[313]],[[314]],[[315]],[[316]],[[317]],[[318]],[[319]],[[320]],[[321]],[[322]],[[323]],[[324]],[[325]],[[326]],[[327]],[[328]],[[329]],[[330]],[[331]],[[332]],[[333]],[[334]],[[335]],[[336]],[[337]],[[338]],[[339]],[[340]],[[341]],[[342]],[[343]],[[344]],[[345]],[[346]],[[347]],[[348]],[[349]],[[350]],[[351]],[[352]],[[353]],[[354]],[[355]],[[356]],[[357]],[[358]],[[359]],[[360]],[[361]],[[362]],[[363]],[[364]],[[365]],[[366]],[[367]],[[368]],[[369]],[[370]],[[371]],[[372]],[[373]],[[374]],[[375]],[[376]],[[377]],[[378]],[[379]],[[380]],[[381]],[[382]],[[383]],[[384]],[[385]],[[386]],[[387]],[[388]],[[389]],[[390]],[[391]],[[392]],[[393]],[[394]],[[395]],[[396]],[[397]],[[398]],[[399]],[[400]],[[401]],[[402]],[[403]],[[404]],[[405]],[[406]],[[407]],[[408]],[[409]],[[410]],[[411]],[[412]],[[413]],[[414]],[[415]],[[416]],[[417]]]},{"id":"IN","type":"MultiPolygon","arcs":[[[418]],[[419]],[[420]],[[421]],[[422]],[[423]],[[424]],[[425]],[[426]],[[427]],[[428]],[[429]],[[430]],[[431]]]},{"id":"GE","type":"Polygon","arcs":[[432]]},{"id":"CY","type":"Polygon","arcs":[[433]]},{"id":"CN","type":"MultiPolygon","arcs":[[[434]],[[435]],[[436]],[[437]],[[438]],[[439]],[[440]],[[441]],[[442]],[[443]],[[444]],[[445]],[[446]]]},{"id":"KH","type":"MultiPolygon","arcs":[[[447]],[[448]],[[449]]]},{"id":"MM","type":"MultiPolygon","arcs":[[[450]],[[451]],[[452]],[[453]],[[454]],[[455]],[[456]],[[457]],[[458]],[[459]],[[460]],[[461]],[[462]],[[463]],[[464]],[[465]],[[466]],[[467]],[[468]]]},{"id":"BN","type":"MultiPolygon","arcs":[[[469]],[[470]]]},{"id":"BT","type":"Polygon","arcs":[[471]]},{"id":"BD","type":"MultiPolygon","arcs":[[[472]],[[473]],[[474]],[[475]],[[476]],[[477]],[[478]]]},{"id":"BH","type":"Polygon","arcs":[[479]]},{"id":"AZ","type":"MultiPolygon","arcs":[[[480]],[[481],[482]],[[483]]]},{"id":"AM","type":"MultiPolygon","arcs":[[[484],[485]],[[486]]]},{"id":"AF","type":"Polygon","arcs":[[487]]}]}},"arcs":[[[852,503],[1,2],[1,1],[0,0],[1,1],[1,0],[1,0],[0,-1],[0,1],[1,0],[0,1],[0,0],[1,1],[0,0],[0,1],[1,1],[0,2],[1,1],[0,1],[1,1],[0,1],[1,1],[0,1],[0,0],[1,1],[0,0],[1,1],[0,0],[0,0],[1,1],[0,1],[-1,1],[1,0],[0,0],[0,1],[1,1],[1,1],[0,1],[0,1],[0,0],[1,1],[0,1],[0,2],[0,1],[0,0],[1,1],[0,1],[1,0],[0,0],[0,1],[1,1],[-1,0],[1,1],[0,1],[0,1],[0,0],[0,0],[0,1],[0,1],[0,0],[-1,0],[-2,1],[-1,0],[-1,0],[0,0],[-1,1],[-1,0],[0,0],[-1,0],[0,0],[0,0],[-1,0],[-1,1],[0,0],[0,0],[0,0],[0,0],[-1,0],[0,1],[-1,0],[0,-1],[0,0],[0,0],[0,0],[-1,0],[-2,0],[-1,0],[-1,-1],[0,0],[0,0],[-1,0],[0,-1],[0,0],[0,0],[0,1],[-1,0],[0,0],[-1,0],[0,0],[0,-1],[0,0],[0,0],[-1,0],[0,0],[0,0],[0,-1],[0,0],[0,0],[0,0],[0,-1],[0,0],[0,0],[0,0],[1,-1],[-1,0],[0,0],[0,0],[0,-1],[0,0],[0,-1],[0,-1],[0,-1],[0,-1],[0,0],[0,0],[1,-1],[0,0],[0,-1],[0,-2],[0,-1],[0,0],[0,-1],[0,0],[0,0],[0,-1],[1,0],[0,-1],[0,0],[-1,-1],[0,0],[-1,-1],[0,0],[-1,0],[-1,-1],[0,0],[-1,0],[0,-1],[-1,-1],[0,-1],[-1,-1],[0,0],[-1,-1],[0,-1],[0,-1],[0,-1],[-1,-2],[0,-1],[0,-1],[0,-1],[-1,-1],[0,-1],[0,-1],[0,0],[1,-1],[0,0],[0,0],[1,0],[0,0],[1,-1],[0,0],[1,0],[0,0],[0,-1],[1,0],[0,0],[1,0],[0,0],[0,-1],[1,0],[0,0],[0,0],[1,-1],[0,0],[1,0],[0,-1]],[[860,547],[0,0],[0,0],[0,0],[0,0],[0,0],[0,0],[0,0]],[[867,546],[0,1],[0,-1],[0,0],[0,0],[0,0]],[[866,546],[0,0],[0,0],[0,1],[0,-1],[0,0],[0,0]],[[870,498],[0,0],[0,0],[-1,-1],[1,-2],[0,0],[0,1],[0,0],[1,1],[0,2],[0,0],[0,1],[-1,0],[0,0],[0,0],[0,0],[-1,0],[0,-1],[1,-1]],[[144,401],[0,0],[0,0],[-1,0],[0,0],[0,-1],[1,0],[0,0],[1,0],[-1,0],[1,1],[0,0],[-1,0]],[[184,433],[0,0],[0,0],[0,-1],[0,0],[0,-1],[0,0],[0,0],[-1,0],[0,-1],[0,0],[0,-1],[0,0],[0,0],[0,0],[0,0],[0,0],[1,-1],[0,0],[0,0],[0,0],[0,0],[-1,0],[0,0],[-1,-1],[0,0],[-1,-1],[0,0],[0,-2],[0,0],[0,0],[-2,-1],[0,-1],[0,0],[-1,0],[0,-1],[0,0],[-1,0],[-1,0],[0,0],[0,0],[-1,0],[0,0],[-1,1],[0,0],[-1,0],[-1,1],[0,0],[0,-1],[-1,0],[0,0],[0,0],[0,0],[-2,1],[-1,0],[-1,1],[0,0],[-1,0],[-1,1],[0,0],[0,0],[-1,0],[0,1],[-1,0],[0,0],[0,0],[0,0],[0,0],[0,0],[-1,1],[0,0],[0,0],[0,0],[0,0],[-1,0],[0,0],[-1,0],[-1,1],[0,0],[-1,0],[0,0],[-1,0],[-1,0],[0,0],[-1,0],[-1,0],[0,0],[-1,0],[0,0],[-1,0],[0,0],[-1,0],[0,0],[0,0],[-1,-1],[-1,0],[0,0],[-1,0],[0,0],[-1,0],[-1,0],[0,0],[0,0],[0,0],[0,-1],[0,0],[-1,0],[0,0],[-1,-1],[-1,0],[0,0],[0,0],[0,0],[0,0],[0,0],[0,0],[0,0],[0,0],[-1,0],[0,0],[0,0],[0,-1],[0,0],[-1,0],[0,-1],[0,0],[0,-1],[0,-1],[-1,-1],[0,0],[0,-1],[0,0],[0,-1],[0,0],[0,-2],[-1,0],[0,-1],[0,0],[0,0],[1,-1],[0,0],[0,0],[1,0],[0,0],[0,0],[-1,-1],[0,0],[0,0],[0,0],[1,0],[0,-1],[0,0],[-1,0],[0,0],[0,1],[0,-1],[0,0],[0,0],[0,-1],[0,0],[0,1],[-1,0],[0,0],[0,0],[0,0],[-1,-1],[0,0],[0,0],[0,0],[0,0],[1,-1],[1,0],[0,0],[-2,1],[-1,0],[0,0],[0,-1],[0,0],[0,0],[1,-1],[1,-1],[1,0],[-2,1],[0,0],[-1,0],[0,0],[0,-1],[-1,-3],[0,-1],[-1,0],[0,-1],[0,0],[0,-1],[0,-1],[1,1],[0,0],[2,0],[2,1],[0,1],[1,0],[0,1],[0,0],[0,0],[0,0],[1,-1],[0,0],[0,0],[0,0],[0,-1],[1,0],[0,0],[0,0],[1,0],[0,0],[0,0],[0,0],[0,1],[0,1],[0,0],[0,0],[0,0],[0,1],[0,0],[1,0],[0,0],[0,0],[0,1],[-1,0],[0,0],[1,1],[0,0],[-1,0],[0,0],[0,1],[0,0],[0,0],[-1,0],[0,0],[0,1],[0,0],[0,0],[0,1],[0,0],[1,0],[0,0],[0,0],[1,-1],[0,0],[1,0],[0,0],[0,0],[1,1],[0,0],[0,0],[0,0],[0,0],[0,0],[0,1],[-1,0],[0,1],[0,0],[0,0],[0,0],[1,0],[0,0],[0,1],[0,0],[0,1],[0,0],[0,1],[0,0],[1,1],[0,0],[0,1],[-1,0],[0,0],[0,0],[0,1],[1,0],[0,0],[1,0],[0,0],[1,0],[0,0],[1,1],[1,1],[0,0],[1,0],[1,0],[0,-1],[1,0],[0,0],[0,0],[1,1],[0,0],[0,0],[1,1],[0,0],[0,0],[1,0],[0,0],[0,0],[0,0],[1,0],[0,1],[0,0],[0,0],[0,0],[1,0],[0,0],[0,0],[1,0],[0,-1],[1,0],[0,0],[0,0],[0,0],[0,1],[1,0],[0,0],[0,0],[0,0],[0,0],[1,0],[0,0],[1,-1],[0,0],[0,0],[1,0],[0,0],[0,0],[-1,-1],[1,0],[0,0],[0,0],[0,0],[1,0],[0,0],[0,0],[1,0],[0,0],[0,0],[1,0],[0,0],[1,-1],[1,0],[0,0],[1,0],[0,-1],[1,0],[0,0],[0,0],[1,0],[0,0],[0,0],[1,0],[0,-1],[0,0],[1,0],[0,0],[0,0],[0,0],[0,1],[1,0],[0,0],[0,-1],[1,-1],[0,0],[1,0],[0,-1],[1,0],[1,-1],[0,0],[0,0],[0,0],[0,0],[0,1],[1,0],[0,0],[0,0],[0,0],[0,0],[0,0],[0,1],[-1,1],[0,0],[1,1],[0,0],[0,0],[0,0],[0,1],[1,0],[0,0],[0,0],[0,0],[0,-1],[1,0],[0,0],[0,0],[0,0],[1,0],[0,-1],[0,0],[0,1],[0,0],[0,0],[0,0],[0,1],[1,-1],[0,0],[0,0],[1,0],[0,-1],[0,0],[0,-1],[0,0],[0,-1],[0,0],[0,0],[1,0],[0,-1],[0,-1],[2,0],[0,0],[1,0],[0,1],[0,0],[0,0],[1,0],[0,0],[0,0],[0,0],[0,0],[0,0],[0,0],[0,0],[0,-1],[0,0],[0,0],[0,0],[1,0],[0,0],[0,0],[1,0],[0,0],[1,0],[0,-1],[1,0],[0,1],[0,0],[0,0],[0,1],[1,0],[0,0],[0,0],[0,0],[-1,1],[0,0],[-1,0],[0,0],[0,0],[0,1],[0,0],[0,0],[0,0],[0,0],[0,1],[0,0],[0,0],[0,0],[0,0],[0,1],[0,0],[0,0],[0,0],[0,0],[0,0],[-1,1],[0,0],[0,0],[0,0],[0,1],[0,0],[0,0],[0,0],[0,1],[0,0],[0,0],[0,1],[0,0],[0,0],[0,0],[0,0],[0,1],[0,0],[1,0],[0,0],[0,1],[0,0],[0,1],[0,0],[0,0],[0,0],[-1,1],[0,0],[0,0],[0,0],[-1,0],[0,0],[0,1],[-1,0],[0,0],[1,0],[-1,0],[0,1],[0,0],[0,0],[0,0],[0,0],[0,1],[0,0],[-1,0],[0,1],[0,-1],[-1,0],[0,0],[0,0],[0,-1],[0,0],[-1,0],[0,0],[0,0],[0,0],[-1,0],[0,0],[0,0],[0,0],[0,0],[0,1],[-1,0],[0,0],[0,0],[0,0],[0,0],[0,0],[-1,1],[0,0],[-1,0],[0,1],[0,0],[0,0],[0,1],[0,0],[-1,0],[0,0]],[[133,409],[0,0],[0,0],[0,1],[0,-1],[0,0],[0,0]],[[139,414],[0,0],[1,0],[0,0],[0,0],[0,0],[-1,0]],[[183,428],[0,0],[0,0],[0,0],[0,0],[0,0],[0,0]],[[184,432],[-1,-1],[0,0],[1,0],[0,0],[0,0],[0,1]],[[182,431],[0,0],[1,-1],[0,1],[0,0],[0,0],[0,0],[-1,0]],[[182,429],[0,0],[1,-1],[0,1],[0,0],[0,0],[0,0],[-1,0],[0,0]],[[737,463],[0,0],[0,0],[0,0],[0,0],[0,0],[1,0],[0,0],[0,0],[0,0],[0,0],[1,0],[0,1],[0,0],[0,0],[1,0],[1,1],[0,0],[0,0],[0,-1],[0,0],[0,0],[0,-1],[0,0],[0,0],[0,0],[0,-1],[0,0],[0,0],[0,0],[0,-1],[0,0],[0,0],[0,0],[-1,0],[1,0],[-1,0],[0,-1],[0,0],[0,1],[0,0],[0,0],[-1,0],[0,-1],[1,0],[0,0],[0,0],[0,0],[0,0],[0,0],[1,-1],[0,0],[0,0],[-1,0],[0,0],[1,0],[0,-1],[0,0],[0,0],[0,0],[0,0],[0,0],[0,-1],[0,0],[0,0],[0,-1],[0,0],[0,0],[0,0],[0,-1],[0,0],[0,0],[1,1],[0,0],[0,0],[0,1],[0,0],[0,0],[0,0],[1,0],[0,0],[0,0],[0,0],[0,0],[0,0],[0,1],[0,0],[0,0],[0,0],[1,0],[0,0],[0,0],[0,0],[0,0],[0,1],[1,0],[0,0],[-1,0],[0,0],[1,0],[0,0],[0,0],[-1,1],[1,0],[0,1],[0,0],[0,0],[0,0],[0,1],[0,0],[0,0],[0,0],[0,0],[0,1],[0,0],[0,0],[0,0],[0,0],[-1,-1],[0,0],[0,0],[0,0],[-1,0],[0,0],[0,0],[0,1],[0,-1],[0,1],[0,0],[0,0],[0,0],[0,1],[0,0],[0,0],[1,0],[0,0],[0,1],[1,0],[0,0],[0,0],[-1,1],[0,0],[0,0],[1,0],[0,0],[0,0],[0,0],[1,0],[0,0],[0,0],[1,0],[0,0],[0,0],[0,1],[0,1],[0,0],[0,0],[1,-1],[-1,0],[0,0],[0,0],[0,-1],[0,0],[1,1],[0,0],[0,0],[0,0],[0,0],[0,0],[0,0],[0,0],[0,0],[0,0],[0,0],[0,0],[0,0],[1,0],[0,0],[0,0],[0,0],[0,0],[1,0],[0,0],[0,1],[0,0],[0,0],[0,0],[0,1],[0,1],[1,0],[0,0],[0,0],[0,0],[1,0],[0,0],[0,0],[0,-1],[0,0],[0,0],[1,0],[0,0],[0,0],[0,-1],[-1,0],[0,0],[0,0],[1,0],[0,0],[1,0],[0,-1],[0,0],[1,0],[0,0],[0,-1],[0,0],[0,0],[0,0],[1,0],[0,0],[0,0],[1,1],[0,0],[1,0],[0,0],[1,0],[1,0],[-1,0],[0,0],[1,0],[0,1],[-1,0],[1,0],[0,0],[0,1],[0,0],[0,1],[0,1],[0,0],[-1,0],[-1,0],[0,0],[0,0],[-1,0],[0,0],[0,1],[0,0],[0,0],[0,1],[0,0],[0,0],[0,1],[0,0],[0,0],[0,0],[0,0],[0,1],[0,1],[-1,1],[0,1],[0,0],[0,0],[-1,1],[1,0],[-1,1],[0,1],[0,0],[-1,1],[0,1],[0,0],[0,1],[-1,1],[0,0],[0,0],[0,1],[-1,0],[-1,0],[0,1],[-1,0],[0,1],[-1,0],[0,0],[0,0],[-1,1],[0,0],[0,1],[0,0],[1,0],[0,0],[0,0],[0,0],[0,0],[0,1],[0,0],[0,1],[0,0],[0,0],[0,1],[0,1],[0,0],[-1,0],[0,0],[0,0],[0,0],[0,0],[-1,0],[0,0],[0,0],[0,0],[0,0],[0,0],[0,0],[0,0],[0,0],[0,0],[-1,0],[0,0],[0,0],[0,0],[0,0],[0,0],[0,1],[-1,0],[0,0],[1,1],[0,0],[-1,1],[0,0],[0,0],[0,0],[0,0],[0,1],[0,0],[-1,0],[0,1],[1,0],[0,0],[0,0],[0,1],[0,0],[0,0],[0,0],[0,0],[0,0],[1,-1],[0,0],[0,0],[0,0],[0,0],[0,0],[0,0],[0,0],[0,0],[0,0],[0,1],[0,0],[0,0],[0,0],[0,0],[0,0],[0,1],[0,0],[1,0],[0,0],[0,0],[0,1],[0,0],[1,0],[0,1],[0,0],[1,0],[0,0],[1,0],[0,-1],[0,0],[0,0],[1,0],[0,0],[0,0],[0,1],[0,0],[0,0],[0,1],[0,1],[0,1],[-1,0],[-1,0],[-1,0],[-1,0],[0,0],[-1,0],[-1,0],[-1,1],[-1,0],[-1,0],[-1,0],[-1,0],[-1,0],[-1,0],[0,1],[-1,0],[-1,-1],[0,0],[0,-1],[0,0],[0,-1],[-1,0],[0,-1],[0,0],[0,0],[-1,-1],[0,-1],[0,0],[0,0],[-1,-1],[0,0],[0,0],[1,-1],[0,0],[0,-1],[0,0],[0,-1],[1,0],[0,0],[0,-1],[0,0],[0,-1],[1,0],[0,-1],[0,0],[0,0],[0,-1],[0,0],[1,-1],[0,0],[0,0],[0,0],[1,-1],[0,0],[0,-1],[1,0],[0,0],[0,-1],[1,0],[-1,0],[0,-1],[0,0],[0,-1],[0,-1],[-1,0],[0,-1],[0,0],[0,-1],[0,0],[0,-1],[0,0],[0,-1],[0,0],[0,0],[-1,0],[0,-1],[0,0],[0,0],[0,0],[0,-1],[0,0],[1,0],[0,-1],[0,0],[0,-1],[1,0],[0,0],[0,0],[0,-1],[0,0],[0,0],[0,0],[1,0],[0,0],[1,-1],[0,0],[1,0],[0,0],[1,0],[-1,0],[0,-1],[0,0],[1,-1],[0,0],[1,0],[0,0],[1,0],[0,-1],[0,0],[0,0],[0,0],[0,-1],[0,0],[0,-1],[-1,0],[0,-1],[0,0],[0,0],[0,0],[0,-1],[0,0],[0,0],[1,0],[0,0],[0,0],[0,0],[1,0],[0,0],[0,-1],[0,0],[0,-1],[0,0],[0,0],[-1,0],[0,0],[0,0],[0,0],[-1,0],[0,0],[0,0],[-1,0],[0,0],[-1,0],[0,-1],[0,0],[0,0],[0,0],[-1,0],[0,-1],[0,0],[-1,0],[0,-1],[-1,0],[0,0],[0,0],[0,-1],[0,0],[0,0],[0,0],[-1,0],[0,0],[0,0],[0,0],[-1,-1]],[[743,463],[0,0],[-1,0],[0,0],[0,0],[1,0],[0,0],[0,0]],[[746,460],[0,0],[0,0],[0,0],[0,0],[0,0],[0,0],[0,0],[0,1],[0,0],[-1,0],[0,0],[0,0],[1,-1],[0,0],[-1,0],[1,0],[0,0],[0,0]],[[745,458],[1,0],[0,0],[-1,1],[0,-1],[0,0],[0,0],[0,0],[0,0]],[[813,496],[0,-1],[3,0],[0,0],[0,0],[0,0],[0,0],[1,0],[0,1],[0,0],[0,0],[0,0],[0,0],[0,0],[-1,0],[0,0],[0,0],[0,0],[0,1],[0,0],[0,0],[1,0],[0,0],[0,0],[1,0],[0,0],[0,0],[0,0],[1,0],[0,0],[0,0],[0,0],[0,-1],[1,0],[0,0],[0,0],[0,0],[0,1],[0,0],[0,0],[1,1],[0,0],[0,-1],[0,0],[0,0],[1,0],[0,1],[1,0],[1,0],[0,0],[1,0],[0,0],[1,0],[0,0],[0,0],[0,1],[0,0],[0,0],[0,0],[0,1],[0,1],[0,1],[0,0],[0,1],[0,1],[0,1],[0,1],[0,0],[0,1],[0,0],[0,1],[0,0],[0,0],[0,0],[0,1],[-1,0],[0,0],[0,0],[0,1],[-1,0],[0,0],[0,0],[0,1],[-1,0],[0,0],[0,0],[0,0],[-1,1],[0,0],[0,0],[0,0],[-1,0],[0,0],[0,0],[0,0],[0,0],[0,0],[0,0],[0,0],[1,0],[0,-1],[0,0],[0,-1],[0,0],[-1,-1],[0,-1],[0,-1],[0,-1],[0,-2],[0,0],[-1,-1],[0,-1],[0,0],[-1,0],[0,0],[0,-1],[-1,0],[0,0],[0,0],[-1,0],[-1,-1],[-1,-1],[0,0],[0,0],[-1,-1],[-1,-1],[-1,0],[0,0],[0,0],[0,-1],[0,0],[0,0],[0,0],[1,0],[0,0],[0,0],[0,0],[0,0],[0,0]],[[815,495],[0,0],[0,0],[0,1],[0,0],[0,0],[0,-1],[0,0]],[[820,506],[0,0],[0,0],[0,0],[0,0],[0,0],[0,-1],[0,1],[0,0],[0,0]],[[820,509],[0,0],[0,0],[0,0],[0,0],[0,-1],[0,1]],[[820,504],[1,0],[0,0],[0,0],[0,0],[0,1],[-1,-1],[0,0],[0,0],[0,0]],[[819,502],[0,0],[0,0],[0,0],[0,0],[0,0],[0,0],[0,0],[0,0]],[[762,513],[0,0],[0,0],[-1,0],[0,0],[0,0],[0,0],[1,0]],[[751,506],[0,-1],[0,-1],[0,-1],[0,0],[0,0],[0,-1],[0,0],[0,0],[-1,0],[0,0],[0,0],[0,1],[-1,0],[0,0],[-1,0],[0,0],[0,-1],[-1,0],[0,0],[0,-1],[0,0],[0,0],[-1,0],[0,0],[0,-1],[0,0],[0,0],[0,0],[0,0],[0,0],[0,-1],[0,0],[0,0],[0,0],[0,0],[0,0],[0,0],[0,0],[0,0],[0,0],[-1,1],[0,0],[0,0],[0,0],[0,0],[0,0],[0,-1],[0,0],[0,0],[-1,0],[0,-1],[1,0],[0,0],[0,-1],[0,0],[0,0],[0,0],[0,0],[1,-1],[0,0],[-1,-1],[0,0],[1,0],[0,-1],[0,0],[0,0],[0,0],[0,0],[0,0],[1,0],[0,0],[0,0],[0,0],[0,0],[0,0],[0,0],[0,0],[0,0],[0,0],[1,0],[0,0],[0,0],[0,0],[0,0],[1,0],[0,0],[0,-1],[0,-1],[0,0],[0,0],[0,-1],[0,0],[0,-1],[0,0],[0,0],[0,0],[0,0],[-1,0],[0,0],[0,-1],[0,0],[1,-1],[0,0],[0,0],[1,0],[0,-1],[1,0],[0,-1],[1,0],[1,0],[0,-1],[0,0],[0,0],[1,-1],[0,-1],[0,0],[0,-1],[1,-1],[0,0],[0,-1],[1,-1],[-1,0],[1,-1],[0,0],[0,0],[0,-1],[1,-1],[0,-1],[0,-1],[0,0],[0,0],[0,0],[0,0],[0,-1],[0,0],[0,0],[0,-1],[0,0],[0,0],[0,-1],[0,0],[1,0],[0,0],[0,0],[1,0],[1,0],[0,0],[0,0],[0,0],[0,1],[0,1],[0,0],[0,0],[0,0],[0,1],[1,0],[0,0],[0,0],[1,1],[0,0],[0,1],[0,0],[1,0],[1,0],[1,0],[0,0],[0,0],[1,0],[0,1],[1,0],[0,0],[0,0],[0,0],[0,0],[0,1],[0,0],[1,1],[0,0],[0,1],[0,0],[0,0],[1,0],[0,0],[0,0],[0,0],[0,0],[1,0],[0,0],[0,0],[1,1],[0,0],[0,0],[0,0],[0,0],[0,1],[1,0],[0,0],[-1,0],[0,0],[0,1],[0,0],[0,0],[0,1],[0,0],[0,0],[0,1],[0,0],[0,0],[-1,0],[1,1],[-1,0],[0,0],[0,0],[0,0],[-1,0],[0,0],[0,0],[0,0],[0,0],[-1,0],[0,0],[-1,1],[0,0],[0,0],[0,1],[0,1],[0,0],[-1,1],[0,0],[0,1],[0,1],[-1,0],[0,0],[0,1],[0,0],[-1,0],[0,0],[0,0],[0,0],[0,1],[0,1],[0,0],[0,0],[0,1],[0,0],[0,0],[0,0],[0,0],[0,1],[0,0],[0,1],[0,0],[0,1],[0,0],[0,0],[-1,1],[0,0],[0,0],[0,0],[0,0],[0,0],[0,0],[0,1],[0,0],[0,1],[0,0],[0,0],[0,1],[0,0],[1,0],[0,0],[0,0],[0,0],[0,1],[0,0],[0,1],[0,1],[0,0],[1,0],[0,1],[1,0],[1,0],[0,0],[0,1],[0,0],[0,0],[0,1],[0,0],[1,1],[-1,0],[-1,0],[-1,0],[0,0],[-1,0],[-1,1],[0,0],[-1,0],[0,0],[0,0],[-1,0],[0,0],[0,0],[-1,0],[0,0],[0,1],[0,0],[0,0],[0,1],[0,0],[0,0],[0,0],[0,0],[0,0],[-1,0],[0,0],[0,-1],[0,0],[0,0],[0,0],[0,0],[-1,0],[0,0],[0,0],[0,0],[-1,0],[0,1],[0,0],[0,0],[0,1],[1,0],[0,0],[0,0],[0,0],[-1,0],[0,1],[-1,0],[-1,0],[0,0],[-1,0],[-1,-1],[1,0],[0,0],[0,0],[0,0],[0,-1],[0,0],[0,0],[0,-1],[0,0],[0,0],[1,-1],[-1,0],[0,0],[0,-1],[0,0],[0,0],[0,0],[0,0],[-1,0],[1,0],[-1,-1],[0,0],[0,0],[0,0],[0,0],[0,0],[-1,0],[0,1],[0,1],[-1,0],[0,0],[0,0],[-1,1],[0,0],[-1,0],[0,0],[0,1],[0,0],[0,0],[0,1],[0,0],[0,0],[1,1],[0,0],[1,0],[0,0],[0,0],[1,0],[1,0],[0,0],[0,0],[-1,0],[-1,1],[-1,0],[0,0],[-1,-1],[0,0],[0,0],[0,-1],[-1,-1],[0,0],[0,-1],[0,0],[0,0],[0,-1],[0,0],[0,-1],[1,0],[0,-1],[0,0],[0,0],[1,0],[0,-1],[0,0],[1,0],[0,0],[0,-1],[0,0],[0,0],[0,0],[0,-1],[0,0],[0,0],[0,0]],[[753,595],[0,1],[-1,0],[0,0],[0,-1],[0,0],[0,0],[1,0]],[[753,548],[0,0],[0,0],[0,0],[0,0],[0,-1],[0,0],[0,-1],[0,0],[0,0],[0,0],[0,0],[0,-1],[0,0],[0,0],[-1,0],[1,0],[0,0],[0,0],[0,-1],[0,0],[1,0],[0,0],[0,0],[0,0],[0,-1],[0,0],[0,0],[0,0],[0,0],[0,0],[0,0],[1,0],[0,0],[0,-1],[0,0],[1,0],[0,0],[0,0],[1,0],[0,0],[0,0],[0,0],[0,0],[1,0],[0,0],[0,0],[0,0],[1,0],[0,-1],[0,0],[0,0],[0,-1],[0,0],[0,-1],[1,0],[0,0],[0,0],[0,0],[0,0],[0,0],[0,0],[0,1],[0,0],[1,0],[0,0],[0,0],[0,1],[0,0],[0,0],[0,0],[1,0],[0,0],[0,0],[0,0],[0,0],[0,0],[1,0],[0,0],[0,0],[0,0],[0,-1],[0,0],[1,0],[0,0],[1,0],[0,0],[0,0],[0,0],[0,0],[0,0],[0,0],[0,0],[1,0],[0,0],[0,0],[0,0],[1,0],[0,0],[0,0],[0,0],[0,0],[0,0],[1,-1],[0,0],[0,0],[0,0],[0,0],[0,0],[1,0],[0,0],[0,0],[0,0],[1,0],[0,0],[0,0],[0,0],[0,0],[0,0],[0,0],[0,0],[0,0],[0,0],[0,1],[1,0],[0,0],[0,0],[0,0],[0,0],[-1,0],[0,0],[0,1],[0,0],[-1,0],[0,0],[1,0],[0,1],[0,0],[0,0],[0,1],[-1,0],[0,0],[0,1],[0,0],[0,0],[0,1],[0,0],[0,0],[1,0],[0,1],[0,0],[0,0],[0,1],[0,0],[-1,0],[1,0],[0,0],[0,1],[0,0],[0,1],[0,0],[0,1],[0,0],[0,1],[0,0],[0,1],[0,0],[1,2],[0,1],[1,0],[0,1],[0,1],[-1,0],[0,1],[0,0],[0,0],[0,1],[0,0],[0,0],[-1,1],[1,0],[0,1],[0,0],[0,1],[0,0],[0,0],[0,1],[0,0],[0,0],[0,1],[0,0],[0,0],[0,1],[0,0],[1,0],[0,0],[1,0],[0,0],[0,0],[0,0],[0,0],[0,1],[1,0],[0,0],[0,0],[0,0],[0,0],[0,1],[0,0],[-1,0],[0,0],[-1,0],[0,0],[-1,0],[0,-1],[0,0],[-1,0],[0,0],[0,0],[0,1],[0,0],[0,0],[1,1],[0,0],[0,0],[0,1],[0,0],[-1,1],[0,0],[0,1],[0,0],[1,1],[0,1],[1,0],[0,1],[0,1],[0,0],[0,1],[0,1],[0,0],[0,1],[-1,0],[0,1],[-1,0],[0,0],[-1,1],[0,1],[-1,1],[0,0],[0,1],[0,1],[1,0],[1,0],[0,0],[0,0],[0,1],[0,0],[0,0],[0,1],[0,1],[0,0],[0,1],[-1,0],[0,0],[0,0],[-1,1],[0,0],[0,0],[0,0],[0,0],[0,0],[0,1],[-1,0],[0,1],[0,0],[0,0],[0,1],[0,0],[0,-1],[0,1],[0,1],[0,0],[0,0],[0,0],[0,0],[0,0],[0,-1],[0,0],[-1,-1],[0,0],[0,0],[0,0],[0,2],[0,1],[0,0],[0,0],[-1,0],[0,0],[0,-1],[0,0],[0,0],[-1,0],[0,0],[0,1],[0,0],[0,0],[-1,0],[0,0],[0,0],[0,-1],[-1,0],[0,0],[0,0],[-1,1],[0,0],[0,0],[0,1],[0,0],[0,0],[0,0],[-1,0],[0,1],[0,0],[0,0],[0,-1],[-1,0],[0,0],[0,0],[0,0],[0,0],[0,0],[0,0],[1,0],[0,0],[0,0],[0,0],[0,-1],[0,0],[0,0],[0,-1],[0,0],[0,1],[0,0],[-1,0],[0,0],[0,0],[0,0],[-1,0],[0,0],[0,-1],[0,0],[0,0],[0,1],[0,0],[-1,0],[0,0],[0,-1],[-1,1],[0,0],[0,0],[0,-1],[0,0],[-1,0],[0,0],[0,1],[0,1],[0,0],[0,0],[0,0],[0,0],[-1,0],[-1,0],[0,-1],[0,0],[-1,-1],[0,-1],[0,0],[0,-1],[0,0],[0,0],[1,0],[0,-1],[0,0],[0,0],[-1,0],[0,0],[0,-1],[0,0],[0,0],[1,0],[0,0],[0,0],[0,-1],[0,-1],[0,0],[0,-1],[0,0],[0,0],[0,0],[0,0],[0,1],[-1,-1],[0,0],[0,-2],[0,-1],[0,0],[0,0],[0,2],[0,0],[-1,0],[0,0],[0,1],[0,-1],[-1,0],[0,0],[0,0],[1,-2],[0,-1],[0,-2],[1,-1],[-1,0],[0,-1],[-1,-2],[0,0],[-1,-1],[0,-1],[0,-1],[0,-1],[0,-2],[1,-2],[-1,-1],[0,0],[1,0],[0,0],[0,0],[0,0],[1,0],[0,-1],[0,-1],[0,0],[0,0],[1,-1],[0,0],[1,0],[0,-1],[0,0],[0,0],[0,0],[0,-1],[0,0],[1,-1],[0,-1],[0,-1],[1,-1],[0,-1],[-1,-1],[0,-1],[1,-1],[0,-1],[0,0],[0,0],[0,-1],[-1,-1],[0,0],[0,-1],[0,0],[-1,-1],[0,-1]],[[747,588],[0,0],[1,0],[0,0],[1,-1],[1,-1],[0,-1],[0,0],[1,1],[0,0],[0,0],[-1,2],[0,0],[0,0],[0,1],[0,0],[0,1],[1,0],[0,1],[1,1],[0,1],[0,1],[1,0],[0,0],[0,1],[0,0],[-1,-1],[0,0],[0,0],[0,0],[0,0],[-1,-1],[0,-1],[0,1],[0,1],[0,0],[0,0],[-1,1],[0,0],[0,-1],[0,0],[0,0],[0,0],[0,0],[-1,-1],[0,0],[0,0],[0,0],[0,0],[0,0],[-1,0],[0,-1],[0,0],[0,0],[-1,0],[0,0],[0,1],[0,0],[0,0],[0,0],[0,0],[-1,0],[0,0],[0,-1],[0,0],[0,0],[0,0],[0,0],[0,0],[0,-1],[0,0],[0,0],[0,0],[0,-1],[0,0],[0,0],[0,0],[0,-1],[1,0],[0,0],[-1,0],[1,0],[0,-1],[-1,0],[1,0],[0,0]],[[28,483],[-1,0],[0,-1],[1,1],[0,0],[0,0]],[[21,479],[0,0],[1,0],[0,0],[0,0],[0,0],[1,0],[-1,1],[1,0],[0,0],[0,0],[1,0],[-1,-1],[0,0],[0,0],[1,0],[0,0],[1,1],[0,0],[1,1],[0,1],[0,2],[0,1],[0,1],[0,2],[0,1],[0,0],[0,1],[0,0],[0,1],[0,0],[0,1],[0,0],[-1,0],[0,-1],[-1,-1],[0,-1],[0,0],[-1,-1],[0,-1],[0,0],[0,-1],[0,0],[0,-1],[-1,-1],[0,0],[0,0],[0,-1],[0,-2],[-1,-1],[0,-1]],[[22,473],[1,1],[0,2],[0,0],[-1,0],[0,-1],[0,0],[0,0],[0,-1],[0,0],[0,0],[0,0],[0,-1]],[[152,397],[0,0],[0,0],[0,0],[0,0],[0,0]],[[154,397],[0,0],[0,0],[0,0],[0,0],[1,0],[0,0],[0,0],[-1,0],[0,0],[0,0]],[[144,373],[0,0],[0,0],[0,-1],[0,0],[0,0],[1,1],[0,0],[0,0],[0,0],[-1,0],[0,0]],[[191,403],[0,0],[0,0],[0,0],[0,0],[0,0],[0,1],[0,0],[-1,0],[0,0],[0,0],[-1,0],[0,0],[0,0],[0,-1],[-1,0],[0,0],[-1,0],[0,0],[0,1],[0,0],[0,0],[0,0],[0,1],[-1,0],[0,0],[0,0],[-1,0],[0,0],[-1,0],[0,0],[-1,-1],[0,0],[-1,-1],[0,0],[0,0],[0,0],[0,0],[-1,0],[0,0],[0,0],[-1,-1],[0,0],[-1,-1],[0,0],[-1,0],[0,0],[0,1],[0,0],[1,1],[0,1],[0,0],[0,0],[0,1],[0,0],[0,0],[0,0],[0,1],[0,0],[0,0],[0,1],[0,0],[-1,0],[0,0],[0,1],[0,0],[-1,0],[0,0],[0,0],[0,0],[0,0],[0,0],[0,1],[0,0],[0,0],[0,1],[1,0],[0,0],[0,1],[0,0],[0,0],[0,0],[0,0],[0,0],[0,1],[0,0],[0,0],[-1,1],[0,0],[0,1],[-1,0],[-1,0],[-1,0],[0,0],[-1,1],[0,0],[-1,0],[0,0],[-1,0],[-1,-1],[-1,0],[-1,0],[0,0],[-1,0],[0,0],[-1,1],[0,0],[-1,1],[0,-1],[0,0],[0,0],[0,0],[-1,1],[0,0],[0,0],[0,0],[-1,0],[0,-1],[0,0],[0,0],[-1,0],[0,0],[-1,0],[0,-1],[0,0],[-1,0],[0,0],[-1,0],[0,-1],[0,0],[0,-1],[0,0],[0,0],[0,0],[0,-1],[0,0],[0,0],[0,0],[0,0],[1,0],[0,0],[0,-1],[0,-1],[1,-1],[0,0],[0,-1],[0,0],[0,0],[0,-1],[1,0],[0,0],[0,-1],[0,0],[0,-1],[0,-1],[0,0],[0,-1],[-1,0],[0,0],[0,-1],[-1,-1],[0,1],[0,-1],[0,0],[0,-1],[0,0],[-1,0],[0,0],[-1,0],[0,0],[-1,0],[-1,0],[0,0],[-1,0],[0,0],[0,0],[-1,0],[0,0],[-2,0],[0,0],[0,0],[0,0],[1,-1],[0,1],[1,-1],[0,0],[0,0],[0,0],[1,-1],[0,0],[1,0],[0,0],[-1,0],[1,0],[1,-1],[0,0],[0,0],[0,0],[1,0],[0,-2],[1,-1],[0,-1],[0,0],[0,0],[1,0],[1,1],[0,0],[1,0],[0,1],[0,0],[0,0],[1,-1],[0,0],[0,-1],[1,-1],[0,-1],[0,0],[-1,0],[0,0],[-1,0],[-1,-1],[0,-1],[-2,0],[0,0],[-1,-1],[0,0],[-1,-1],[0,0],[0,-1],[-1,-1],[-1,0],[-1,-1],[-1,-1],[0,-1],[0,0],[-1,0],[0,0],[-1,-1],[-1,0],[0,0],[-1,0],[-1,-1],[0,0],[0,0],[0,1],[-1,1],[0,1],[0,0],[-1,0],[-2,-1],[0,0],[-1,0],[0,0],[0,0],[0,0],[0,1],[0,0],[-1,0],[-4,-1],[0,0],[-1,0],[0,-1],[1,1],[1,0],[0,-1],[0,0],[0,0],[0,1],[1,0],[0,0],[0,-1],[-1,0],[0,0],[-1,0],[-1,0],[0,0],[0,1],[-1,0],[0,0],[-1,1],[-1,1],[0,0],[0,1],[0,0],[-1,0],[-2,1],[-1,1],[0,-1],[-1,0],[0,-1],[0,0],[-1,0],[0,-1],[1,0],[0,0],[0,0],[0,0],[0,0],[0,0],[0,-1],[0,-1],[0,0],[0,0],[0,-1],[0,0],[0,0],[1,0],[0,0],[0,0],[1,1],[0,0],[0,0],[1,0],[0,0],[0,0],[0,-1],[1,0],[0,0],[0,0],[0,0],[0,0],[1,-1],[0,0],[1,-1],[0,0],[0,0],[0,0],[0,0],[-1,-1],[2,0],[1,-1],[1,1],[0,0],[0,0],[1,-1],[0,1],[0,0],[1,-1],[0,0],[1,0],[0,0],[1,0],[0,-1],[0,0],[1,1],[0,-1],[1,0],[0,0],[1,0],[0,0],[1,0],[0,-1],[-1,0],[0,0],[0,-1],[1,0],[1,0],[0,1],[1,0],[1,1],[1,1],[1,0],[0,1],[1,0],[1,2],[0,0],[1,0],[0,0],[0,1],[1,0],[0,0],[0,0],[0,1],[0,0],[1,1],[1,2],[0,0],[0,1],[0,0],[1,0],[0,0],[0,0],[1,1],[1,0],[0,0],[1,0],[0,0],[0,0],[1,0],[0,0],[0,0],[1,0],[0,0],[1,0],[0,0],[0,0],[1,0],[1,1],[0,0],[1,0],[0,0],[1,0],[0,0],[1,-1],[1,0],[1,0],[0,0],[1,0],[1,0],[0,0],[1,0],[0,0],[0,0],[0,1],[0,0],[0,1],[0,0],[0,0],[0,0],[1,0],[1,1],[0,0],[1,0],[0,1],[0,1],[0,0],[1,0],[0,0],[0,0],[0,-1],[0,0],[1,0],[0,0],[0,0],[1,0],[0,0],[1,0],[1,0],[0,0],[1,0],[1,0],[1,-1],[0,0],[0,0],[0,0],[1,1],[0,0],[1,0],[0,0],[0,0],[0,0],[1,0],[0,-1],[1,0],[0,0],[0,1],[-1,0],[0,0],[0,0],[0,1],[0,0],[0,0],[0,0],[2,0],[0,1],[0,0],[1,0],[0,1],[1,0],[0,1],[0,0],[0,0],[0,0],[0,1],[0,0],[-1,0],[0,1],[0,0],[0,1],[0,0],[0,0],[0,0],[0,1],[0,0],[1,0],[0,0],[0,1],[0,0],[0,0],[-1,0],[0,0],[0,1],[0,0],[0,0],[0,0],[1,0],[0,0],[0,0],[0,1],[0,0],[0,0],[0,0],[0,1],[0,0],[0,0],[-1,0],[0,1]],[[148,383],[0,0],[1,0],[0,0],[0,0],[0,0],[0,0],[-1,0]],[[148,383],[0,0],[-1,0],[0,-1],[1,0],[0,1],[0,0],[0,0],[0,0]],[[136,376],[0,-1],[0,0],[1,1],[-1,0],[0,0]],[[144,374],[0,0],[1,0],[-1,0],[0,0]],[[149,375],[0,0],[0,0],[0,0],[0,0],[0,0],[0,0]],[[141,375],[0,0],[0,0],[0,0],[1,0],[0,0],[-1,0]],[[760,467],[-1,0],[-1,0],[0,0],[-1,0],[0,0],[-1,-1],[0,0],[0,0],[-1,0],[0,0],[0,0],[0,0],[0,1],[0,0],[-1,0],[0,0],[0,1],[-1,0],[0,0],[-1,0],[0,0],[0,0],[1,0],[0,1],[0,0],[0,0],[-1,0],[0,0],[0,0],[0,1],[0,0],[0,0],[-1,0],[0,0],[0,0],[0,0],[-1,0],[0,-1],[0,-1],[0,0],[0,0],[0,0],[0,-1],[0,0],[-1,0],[0,0],[0,0],[0,0],[0,0],[-1,0],[0,0],[0,0],[0,0],[0,0],[0,0],[0,0],[0,0],[0,0],[0,0],[0,0],[0,0],[0,0],[-1,-1],[0,0],[0,1],[0,0],[0,0],[1,0],[-1,1],[0,0],[0,0],[0,-1],[0,-1],[0,0],[0,0],[-1,0],[0,0],[0,0],[-1,0],[0,0],[0,0],[0,0],[-1,0],[0,0],[0,0],[1,-1],[0,0],[0,0],[-1,0],[0,-1],[0,0],[-1,0],[0,0],[0,0],[0,-1],[0,0],[0,0],[0,0],[0,-1],[0,1],[0,-1],[0,0],[0,0],[1,0],[0,0],[0,0],[0,0],[1,1],[0,0],[0,0],[0,0],[0,0],[0,-1],[0,0],[0,0],[0,0],[0,0],[0,-1],[0,0],[0,0],[0,0],[1,0],[0,1],[0,0],[0,0],[0,0],[1,0],[-1,0],[0,0],[0,1],[0,0],[0,1],[0,0],[1,1],[0,0],[0,0],[0,0],[0,0],[1,0],[0,0],[0,0],[0,0],[0,0],[0,0],[0,0],[1,0],[0,0],[0,0],[0,-1],[0,0],[0,0],[0,0],[0,-1],[-1,0],[0,-1],[0,0],[0,0],[0,0],[0,0],[0,-1],[0,0],[0,0],[0,0],[0,0],[0,-1],[0,0],[0,0],[0,0],[0,-1],[-1,0],[0,0],[0,0],[0,0],[0,0],[0,-1],[0,0],[0,0],[0,0],[0,0],[0,0],[1,0],[0,0],[0,-1],[0,0],[-1,0],[0,0],[0,-1],[1,0],[0,0],[0,0],[-1,0],[0,0],[0,-1],[0,0],[0,0],[-1,-1],[0,0],[0,0],[0,-1],[0,0],[0,0],[-1,0],[0,-1],[0,0],[1,0],[0,0],[0,0],[1,0],[0,-1],[0,0],[0,0],[0,0],[0,0],[0,0],[0,0],[1,0],[0,0],[0,0],[0,-1],[0,0],[0,0],[0,0],[0,0],[0,0],[0,-1],[0,-1],[0,0],[0,-1],[0,0],[0,0],[1,0],[0,0],[0,0],[1,-1],[0,0],[0,0],[0,0],[1,0],[0,0],[0,0],[0,0],[0,-1],[0,0],[1,0],[0,0],[0,0],[0,0],[0,1],[0,0],[0,0],[0,0],[0,1],[0,0],[0,0],[0,1],[0,0],[1,0],[0,0],[0,0],[0,1],[1,0],[-1,0],[0,0],[0,0],[0,0],[0,0],[0,0],[0,0],[0,1],[0,0],[0,0],[0,1],[1,0],[1,1],[0,0],[1,1],[0,0],[1,1],[1,0],[0,0],[0,0],[0,1],[-1,0],[0,0],[-1,1],[0,0],[-1,0],[-1,0],[0,0],[-1,0],[0,0],[0,0],[0,0],[0,1],[0,0],[0,0],[0,0],[-1,0],[0,1],[0,0],[0,1],[0,0],[1,1],[0,0],[1,0],[0,0],[0,0],[0,0],[1,0],[0,0],[0,0],[1,0],[0,0],[0,0],[0,1],[0,0],[0,0],[0,1],[1,0],[0,0],[0,0],[1,0],[0,0],[0,0],[0,0],[0,0],[0,0],[0,1],[0,0],[0,0],[0,1],[0,0],[0,0],[0,0],[0,0],[0,0],[0,0],[1,0],[0,0],[0,1],[0,0],[1,0],[0,0],[0,0],[0,1],[0,0],[0,0],[0,1],[0,0]],[[743,463],[0,0],[0,0],[-1,0],[0,0],[0,0],[1,0],[0,0]],[[747,461],[0,0],[0,1],[0,0],[0,0],[0,0],[0,0],[0,0],[0,-1],[0,0],[0,0]],[[176,483],[0,0],[-1,0],[0,0],[-1,0],[0,-1],[-1,0],[0,0],[1,0],[0,0],[1,0],[0,0],[1,-1],[0,0],[0,0],[0,0],[1,0],[0,0],[1,-1],[0,0],[1,0],[0,0],[0,0],[0,1],[1,0],[0,0],[1,0],[0,0],[3,2],[0,1],[1,0],[0,1],[1,0],[0,0],[0,1],[0,1],[1,0],[0,0],[0,1],[-1,0],[0,0],[0,0],[0,0],[-1,1],[0,0],[0,-1],[0,0],[-1,0],[0,0],[-1,0],[-1,-1],[0,0],[0,0],[-1,0],[-1,-1],[-1,0],[-1,-1],[0,0],[-1,0],[0,-1],[-1,-1]],[[186,475],[-1,0],[0,0],[0,0],[1,0],[0,0],[0,0]],[[774,567],[0,0],[0,-1],[0,0],[0,0],[0,0],[0,0],[-1,0],[0,-1],[0,0],[0,0],[0,0],[0,0],[-1,0],[0,0],[-1,0],[0,0],[0,-1],[0,0],[0,0],[0,-1],[0,0],[0,0],[0,-1],[0,0],[0,0],[0,-1],[0,0],[0,-1],[-1,0],[1,-1],[0,0],[0,0],[0,-1],[0,0],[0,0],[0,-1],[1,0],[0,-1],[0,-1],[-1,0],[0,-1],[-1,-2],[0,0],[0,-1],[0,0],[0,-1],[0,0],[0,-1],[0,0],[0,-1],[0,0],[0,-1],[0,0],[-1,0],[1,0],[0,0],[0,-1],[0,0],[0,0],[0,0],[1,1],[0,0],[1,1],[0,0],[0,1],[1,0],[0,1],[0,0],[0,0],[1,0],[0,0],[1,0],[0,0],[1,0],[0,0],[0,0],[1,0],[0,0],[1,0],[1,0],[0,0],[1,1],[1,0],[0,0],[0,1],[1,1],[0,1],[1,1],[0,1],[1,1],[0,1],[1,1],[0,0],[1,1],[0,1],[1,1],[0,1],[0,1],[1,0],[0,1],[0,2],[0,0],[0,0],[0,0],[-1,1],[0,0],[0,0],[-1,1],[0,0],[0,-1],[0,0],[-1,0],[0,0],[0,0],[0,0],[0,0],[-1,0],[0,0],[0,0],[0,0],[0,0],[0,0],[-1,0],[0,0],[0,0],[0,0],[0,0],[0,0],[0,0],[-1,0],[0,0],[0,0],[0,-1],[0,0],[0,0],[0,0],[0,-1],[0,0],[0,0],[0,1],[0,0],[0,0],[0,-1],[-1,0],[0,0],[0,0],[0,0],[-1,0],[0,0],[0,0],[0,0],[-1,0],[0,0],[0,0],[0,0],[0,0],[0,0],[0,1],[0,0],[-1,1],[0,0],[-1,0],[0,-1],[-1,0],[0,0],[0,0],[-1,1],[-1,-1],[0,0]],[[852,383],[0,0],[0,1],[0,0],[0,0],[0,0],[0,0],[0,-1],[0,0]],[[854,382],[1,0],[0,1],[0,0],[-1,0],[0,-1],[0,0]],[[851,383],[0,0],[0,0],[0,-1],[0,-1],[1,-1],[0,-2],[1,0],[0,0],[0,0],[0,-1],[1,-1],[0,0],[0,0],[0,0],[0,-1],[0,0],[0,0],[1,-1],[0,0],[0,0],[1,-2],[1,0],[0,0],[0,0],[0,0],[0,-1],[1,0],[0,0],[1,-1],[1,0],[0,0],[1,0],[1,0],[0,0],[1,1],[1,0],[1,1],[1,1],[0,1],[1,1],[-1,1],[0,1],[-1,0],[-1,1],[-3,2],[-1,0],[-1,1],[-1,0],[0,0],[1,0],[0,0],[0,0],[-1,0],[-1,0],[-1,0],[0,1],[-1,0],[0,0],[-1,0],[-1,0],[0,0],[-1,0],[0,1],[0,-1],[0,0],[0,-1],[0,0],[0,0],[-1,0],[0,1],[1,1],[0,0],[-1,0],[0,0],[0,0]],[[234,512],[0,0],[0,0],[1,0],[0,0],[0,1],[0,0],[1,0],[0,0],[0,1],[0,0],[0,1],[0,0],[0,0],[0,1],[0,0],[0,0],[0,1],[0,0],[0,0],[0,0],[1,0],[0,0],[-2,1],[-1,1],[-1,0],[-2,1],[-1,0],[0,0],[-1,0],[0,0],[-1,0],[0,0],[-1,0],[0,0],[0,0],[-1,0],[0,0],[0,0],[0,0],[0,0],[0,0],[-1,0],[-1,0],[0,-1],[-1,0],[0,0],[0,-1],[0,0],[0,-1],[0,0],[0,-1],[0,0],[-1,0],[0,0],[0,0],[0,0],[0,-1],[0,0],[1,0],[0,0],[-1,0],[0,-1],[0,0],[0,0],[0,0],[0,0],[0,0],[-1,0],[1,-1],[0,0],[0,0],[0,0],[0,0],[0,0],[-1,0],[0,0],[0,0],[0,0],[0,-1],[0,0],[0,0],[1,0],[0,0],[-1,0],[0,-1],[0,0],[0,0],[0,0],[0,-1],[-1,0],[0,0],[0,0],[1,0],[0,0],[1,-1],[0,0],[0,0],[0,1],[0,0],[0,0],[0,0],[0,0],[0,0],[0,0],[0,0],[0,0],[1,0],[0,0],[1,-1],[0,1],[0,0],[1,0],[0,0],[0,1],[0,0],[0,0],[0,-1],[1,0],[0,1],[0,0],[0,0],[0,0],[1,0],[0,0],[0,0],[0,0],[0,0],[0,0],[1,0],[0,0],[0,0],[1,0],[0,0],[0,0],[1,0],[0,0],[0,-1],[0,0],[0,0],[0,0],[1,0],[0,0],[0,1],[0,0],[0,0],[0,1],[0,0],[-1,0],[0,0],[0,0],[0,0],[1,0],[0,0],[0,0],[0,0],[1,0],[0,0],[0,0],[1,0],[0,0],[0,0],[0,0],[1,0],[0,-1],[0,1],[0,0],[0,0]],[[222,517],[-1,0],[1,0],[0,0],[0,0],[0,0],[0,0],[0,0]],[[222,515],[-1,0],[0,0],[1,0],[0,0],[0,-1],[0,0],[0,0],[0,1],[0,0],[0,0],[0,0]],[[221,509],[0,0],[0,0],[0,0],[0,0],[0,0],[0,0],[0,0],[0,0],[0,0],[0,0]],[[234,511],[-1,0],[0,0],[0,0],[1,0],[0,0],[0,0],[0,0],[0,0]],[[220,511],[0,0],[0,-1],[0,0],[1,0],[0,0],[-1,1]],[[221,514],[0,0],[0,0],[0,0],[0,0]],[[229,510],[0,0],[0,0],[1,0],[-1,0],[0,0]],[[222,509],[0,0],[0,0],[0,0],[1,0],[0,-1],[0,1],[0,0],[-1,0]],[[232,525],[0,0],[0,0],[0,0],[0,0],[0,0],[0,0],[0,0]],[[216,509],[0,0],[0,-1],[0,0],[0,0],[1,0],[0,0],[0,1],[0,1],[0,0],[0,1],[0,0],[0,0],[-1,0],[0,-1],[0,0],[0,-1]],[[104,385],[0,-1],[1,-1],[0,1],[0,0],[0,1],[0,0],[-1,0],[0,0]],[[817,567],[0,1],[-1,0],[0,0],[0,0],[0,1],[-1,0],[0,0],[0,0],[0,0],[1,-1],[0,-1],[0,0],[1,0]],[[854,549],[0,0],[0,0],[0,0],[0,0],[0,0],[1,0],[0,0],[0,0],[0,0],[-1,0],[0,0],[0,0],[0,1],[0,0],[0,0],[-1,0],[0,0],[0,0],[0,0],[0,0],[0,0],[1,0],[0,-1],[0,1],[0,-1]],[[843,509],[0,1],[0,1],[1,1],[0,1],[0,1],[0,1],[1,2],[0,1],[0,1],[0,1],[1,1],[0,0],[1,1],[0,1],[1,1],[0,1],[1,0],[0,0],[1,1],[1,0],[0,0],[1,1],[0,0],[1,1],[0,0],[0,1],[-1,0],[0,1],[0,0],[0,0],[0,1],[0,0],[0,1],[0,2],[0,1],[0,0],[-1,1],[0,0],[0,0],[0,1],[0,1],[0,1],[0,1],[0,0],[0,1],[0,0],[0,0],[1,0],[-1,1],[0,0],[0,0],[0,0],[0,1],[0,0],[0,0],[0,0],[0,1],[0,0],[0,0],[1,0],[0,0],[0,0],[0,1],[0,0],[1,0],[0,0],[1,0],[0,-1],[0,0],[0,0],[0,1],[1,0],[0,0],[0,0],[1,1],[-1,0],[0,0],[-1,0],[0,0],[0,1],[-1,0],[0,0],[0,0],[-1,1],[0,0],[-1,0],[-1,1],[-1,1],[-1,1],[-1,0],[0,0],[-1,1],[-1,0],[0,0],[-1,1],[0,0],[-2,0],[0,1],[-1,0],[0,0],[0,0],[0,1],[-1,0],[-1,2],[-1,0],[0,1],[-1,0],[0,1],[-2,1],[-1,0],[0,0],[-1,0],[0,0],[-1,0],[0,1],[-1,-1],[-1,0],[0,0],[-1,0],[0,0],[-1,0],[0,0],[0,0],[-1,1],[0,-1],[0,1],[0,0],[-1,0],[0,0],[-1,1],[-1,0],[-1,1],[-1,0],[0,1],[0,0],[0,0],[-1,1],[0,0],[0,0],[-1,1],[0,0],[-1,1],[0,-1],[-1,0],[0,0],[0,0],[-1,1],[-2,0],[0,0],[0,1],[-1,0],[0,0],[-1,1],[-2,0],[0,1],[-1,0],[-1,1],[-1,0],[0,1],[-2,0],[-1,1],[0,0],[0,1],[0,0],[0,1],[-1,0],[0,-1],[-1,0],[-1,0],[-2,-1],[0,-1],[0,0],[0,-1],[1,-1],[0,-1],[0,0],[-1,-1],[0,0],[-1,-1],[-1,0],[0,-1],[0,0],[0,-1],[0,-1],[0,0],[-1,0],[0,-1],[0,0],[0,0],[-1,-1],[0,0],[-1,1],[0,0],[-1,1],[-1,0],[-1,1],[0,0],[0,-1],[-1,-1],[0,-1],[0,-1],[0,-1],[-1,-1],[0,-1],[0,0],[0,0],[0,-1],[0,-1],[0,-1],[1,-2],[0,0],[1,-1],[0,-1],[1,-1],[0,-1],[1,0],[0,-1],[1,-1],[1,-1],[1,-1],[0,-1],[1,-1],[1,-1],[1,-1],[1,-1],[1,-1],[0,0],[0,-2],[0,-1],[0,-2],[0,-1],[0,-1],[0,-1],[0,-1],[0,0],[1,-1],[0,0],[1,-1],[0,0],[0,0],[0,-1],[0,0],[0,-1],[0,-1],[1,0],[0,0],[1,-1],[1,0],[0,0],[0,0],[0,0],[0,0],[1,-1],[0,0],[0,-1],[0,0],[1,0],[0,0],[1,-1],[0,0],[0,-1],[1,-1],[1,0],[0,0],[-1,0],[0,0],[0,0],[1,0],[0,0],[0,0],[1,-1],[0,0],[1,0],[0,0],[0,1],[0,0],[0,0],[0,0],[1,-1],[0,0],[1,0],[0,0],[1,-1],[0,0],[1,0],[0,-1],[1,0],[0,0],[0,-1],[1,0],[0,0],[0,0],[0,-1],[0,0],[0,0],[0,-1],[0,0],[0,0],[0,0],[1,0],[0,0],[0,0],[0,0],[0,-1],[0,0],[0,0],[1,0],[0,0],[0,0],[0,0],[1,-1],[0,0],[0,0],[0,0],[1,0],[0,-1],[0,0],[0,0],[1,0],[0,-1],[0,0],[0,0],[1,0],[0,-1],[0,0],[0,0],[0,0],[0,-1],[0,0],[0,-1],[0,0],[0,-1],[0,-1],[0,-1],[0,-1],[0,0],[0,-1],[0,-1],[0,-1],[0,0],[0,0],[0,0],[0,-1],[0,0],[0,0],[0,0],[1,-1],[0,0],[1,0],[0,-1],[1,0],[0,0],[0,0],[1,0],[0,0],[1,0],[0,0],[1,0],[0,1],[1,0],[0,0],[1,0],[0,0],[1,0],[0,0],[1,0],[0,0],[1,0],[0,0],[0,1],[1,0],[0,1],[0,1],[1,0],[0,1],[0,1],[1,0],[0,1],[0,1],[1,0],[0,1],[0,1],[1,0],[0,1],[0,1],[1,0],[0,1]],[[815,568],[0,1],[0,0],[0,0],[-1,-1],[1,0],[0,0],[0,0]],[[257,569],[0,0],[0,1],[0,0],[-1,0],[0,0],[0,0],[0,0],[0,-1],[0,0],[0,0],[0,0],[1,0],[0,0]],[[257,571],[0,0],[0,0],[0,-1],[0,0],[0,1],[0,0],[0,0],[0,0]],[[256,570],[0,0],[0,0],[0,0],[1,0],[0,0],[-1,0],[0,0],[0,0]],[[301,544],[0,0],[0,-1],[0,0],[0,0],[0,0],[0,0],[0,0],[0,1],[0,0],[0,0]],[[320,572],[0,0],[0,0],[0,0],[1,0],[0,0],[0,0],[0,0],[-1,0]],[[382,519],[0,0],[0,-1],[0,0],[0,1],[0,0],[0,0],[0,0],[0,0]],[[385,526],[0,-1],[0,0],[0,0],[0,0],[0,0],[0,1],[0,0],[0,0],[0,0]],[[412,509],[0,0],[0,0],[0,0],[0,0],[0,1],[0,0],[0,0],[0,0],[0,0],[0,0],[0,-1],[0,0],[0,0]],[[406,509],[0,-1],[1,0],[0,1],[0,0],[0,0],[0,0],[0,0],[-1,0],[0,0]],[[408,497],[0,-1],[0,0],[0,0],[0,0],[0,1],[0,0]],[[406,495],[0,0],[0,0],[0,0],[1,0],[0,0],[0,0],[0,0],[0,0],[0,0],[0,0],[-1,0],[0,0]],[[421,506],[0,0],[1,0],[0,0],[0,0],[0,0],[0,0],[-1,0]],[[610,497],[0,0],[0,1],[0,0],[-1,0],[0,0],[1,-1]],[[603,491],[1,0],[0,0],[0,0],[0,0],[-1,0],[0,0],[0,0],[0,0],[0,0]],[[601,489],[0,0],[0,0],[0,0],[0,0],[-1,0],[0,0],[1,0]],[[597,488],[0,0],[0,0],[0,0],[0,-1],[0,0],[1,0],[0,1],[0,0],[0,0],[0,0],[-1,0],[0,0],[0,0]],[[575,528],[0,0],[0,0],[0,0],[0,0],[0,0],[0,0],[0,0],[0,-1],[0,1]],[[251,526],[0,-1],[0,0],[0,0],[1,0],[0,0],[0,0],[0,0],[0,0],[0,0],[0,0],[1,0],[0,0],[0,0],[0,0],[0,1],[0,0],[0,0],[0,0],[0,1],[0,0],[0,0],[1,0],[0,0],[0,0],[0,0],[0,0],[1,0],[0,0],[0,0],[0,0],[0,0],[0,0],[1,0],[0,0],[0,0],[1,0],[1,1],[1,-1],[1,0],[0,0],[0,0],[1,0],[0,0],[0,0],[0,0],[0,1],[0,0],[0,0],[0,0],[1,1],[0,0],[0,0],[0,0],[1,0],[0,1],[-1,0],[0,0],[0,0],[0,0],[0,1],[0,0],[0,1],[0,0],[-1,0],[0,0],[0,1],[0,0],[1,0],[0,0],[0,0],[1,0],[0,1],[0,0],[0,0],[1,0],[0,0],[0,0],[0,0],[0,0],[1,0],[0,0],[0,0],[0,1],[0,0],[0,0],[1,0],[0,0],[0,0],[0,0],[0,0],[0,0],[0,0],[1,0],[0,0],[0,1],[1,0],[0,0],[1,0],[0,0],[0,0],[0,0],[0,0],[1,0],[0,0],[0,0],[0,0],[0,0],[1,0],[0,1],[0,0],[0,0],[0,0],[0,0],[0,1],[1,0],[0,0],[0,0],[0,-1],[1,0],[0,0],[0,0],[0,0],[1,1],[0,0],[0,0],[0,-1],[0,0],[0,0],[0,0],[0,-1],[0,-1],[0,0],[0,0],[-1,-1],[0,0],[0,0],[0,-1],[0,0],[0,-1],[0,0],[0,0],[-1,0],[0,0],[0,-1],[0,0],[0,-1],[0,-1],[0,0],[0,0],[0,-1],[0,0],[0,0],[0,0],[1,0],[0,-1],[0,0],[1,0],[0,0],[1,0],[0,0],[0,0],[0,0],[1,0],[0,0],[0,0],[0,0],[1,0],[0,-1],[0,0],[0,0],[1,-1],[1,0],[0,-1],[0,0],[0,0],[0,0],[0,0],[0,0],[0,0],[0,0],[0,-1],[0,0],[0,0],[0,0],[0,0],[1,-1],[0,0],[0,0],[0,0],[0,0],[0,0],[0,-1],[0,-1],[0,0],[1,0],[0,0],[0,0],[0,-1],[0,0],[1,0],[0,0],[1,1],[0,-1],[0,0],[1,0],[0,0],[0,0],[0,0],[0,0],[1,0],[0,0],[0,0],[1,-1],[1,0],[0,0],[0,0],[0,0],[0,0],[1,0],[0,0],[0,0],[0,0],[0,0],[0,0],[1,0],[0,0],[0,0],[1,0],[0,0],[1,0],[0,-1],[0,0],[0,0],[0,0],[1,0],[0,0],[0,0],[0,0],[0,0],[0,0],[1,0],[0,0],[0,0],[0,0],[0,0],[0,0],[0,0],[0,0],[0,0],[1,0],[0,0],[0,-1],[0,0],[0,0],[0,0],[0,0],[1,0],[0,0],[0,0],[0,0],[0,-1],[0,0],[0,0],[0,-1],[0,0],[0,0],[1,0],[0,-1],[0,0],[0,0],[0,0],[0,0],[1,-1],[0,0],[0,-1],[0,0],[0,0],[0,0],[0,0],[0,0],[0,-1],[0,0],[0,-1],[0,0],[0,-1],[1,0],[0,0],[-1,-1],[0,-1],[0,-1],[0,-1],[-1,-1],[0,0],[0,0],[-1,-1],[0,0],[0,1],[0,0],[0,0],[0,1],[-1,0],[0,0],[0,0],[-1,0],[0,0],[-1,-1],[0,0],[-1,-1],[0,0],[-1,-1],[0,0],[0,0],[-1,-1],[0,0],[0,0],[-1,0],[0,0],[0,-1],[0,0],[-1,0],[0,0],[0,0],[0,-1],[0,0],[-1,1],[0,0],[0,0],[-1,-1],[0,0],[0,0],[0,-1],[0,-1],[-1,-1],[0,-1],[0,0],[0,0],[1,0],[0,-1],[0,-1],[0,0],[1,0],[0,0],[0,-1],[1,0],[0,0],[0,0],[0,-1],[0,0],[0,-1],[0,0],[0,0],[0,0],[0,-1],[1,0],[0,0],[0,0],[1,-1],[0,0],[0,0],[0,-1],[0,0],[0,0],[0,0],[0,-1],[0,0],[-1,-1],[0,0],[0,-1],[0,0],[0,0],[-1,-1],[0,0],[0,0],[0,-1],[0,0],[0,0],[0,-1],[0,-1],[0,0],[0,0],[0,-1],[0,0],[0,0],[1,0],[-1,-1],[0,-1],[0,0],[0,0],[1,0],[0,-1],[0,0],[0,0],[0,-1],[0,0],[1,-1],[0,0],[0,0],[0,-1],[1,-1],[0,0],[0,0],[0,0],[1,-1],[0,0],[0,0],[0,0],[0,0],[1,0],[0,0],[0,0],[0,0],[1,0],[0,0],[0,0],[0,-1],[0,0],[0,-1],[1,0],[0,0],[1,0],[0,0],[0,-1],[0,0],[0,0],[1,-1],[0,0],[0,0],[0,-1],[0,0],[1,0],[0,-1],[0,0],[0,0],[0,0],[0,-1],[0,0],[0,-1],[0,0],[0,0],[0,-1],[0,0],[0,0],[0,0],[0,0],[0,-1],[0,0],[0,0],[0,0],[1,-1],[0,0],[0,0],[0,0],[1,0],[0,-1],[0,0],[0,0],[1,0],[0,0],[0,0],[0,0],[0,0],[0,0],[0,0],[1,0],[0,0],[0,0],[0,0],[1,0],[0,0],[0,0],[0,0],[1,0],[0,0],[0,0],[0,0],[1,0],[0,-1],[0,0],[0,0],[0,0],[0,0],[1,-1],[0,0],[1,0],[0,-1],[0,0],[0,0],[0,-1],[1,0],[0,0],[0,0],[1,0],[0,-1],[0,0],[0,0],[1,0],[0,0],[0,-1],[0,0],[0,0],[0,0],[-1,0],[0,-1],[0,-1],[0,0],[0,0],[0,0],[0,0],[0,0],[0,-1],[0,0],[-1,0],[0,0],[0,0],[0,0],[0,0],[0,-1],[-1,0],[0,0],[0,0],[0,0],[-1,0],[0,0],[0,0],[0,0],[0,0],[-1,0],[0,0],[0,0],[0,0],[0,0],[0,0],[-1,0],[0,0],[0,-1],[0,0],[0,0],[-1,0],[0,0],[0,-1],[0,0],[0,0],[0,0],[0,0],[0,-1],[0,0],[0,0],[0,-1],[0,0],[1,0],[0,0],[0,0],[0,0],[1,-1],[-1,0],[1,0],[0,0],[0,0],[0,0],[0,0],[0,0],[0,-1],[1,0],[0,0],[0,0],[0,0],[0,0],[0,0],[0,0],[0,-1],[0,0],[0,0],[0,0],[0,0],[0,-1],[0,0],[0,0],[1,0],[0,0],[0,0],[0,-1],[0,0],[0,0],[0,0],[1,0],[0,0],[0,0],[0,0],[0,0],[1,0],[0,0],[0,0],[1,0],[0,0],[0,0],[0,-1],[0,0],[1,0],[0,0],[0,-1],[0,0],[0,0],[0,0],[1,0],[0,0],[0,0],[0,0],[0,-1],[0,0],[0,0],[0,0],[0,0],[0,0],[1,0],[0,0],[0,-1],[0,0],[0,0],[0,0],[0,0],[0,0],[0,-1],[0,0],[0,0],[0,-1],[0,0],[0,0],[0,0],[0,0],[0,-1],[0,0],[0,0],[0,0],[0,0],[0,-1],[0,0],[0,0],[0,0],[0,-1],[0,0],[0,0],[0,0],[0,-1],[0,0],[0,0],[0,0],[376,0],[0,0],[0,0],[1,0],[0,0],[0,0],[0,0],[1,0],[0,0],[0,0],[0,0],[0,0],[0,1],[1,-1],[0,1],[0,0],[0,0],[0,0],[0,0],[0,0],[0,0],[0,0],[0,0],[0,0],[0,1],[1,0],[0,0],[0,0],[0,0],[0,0],[0,0],[1,0],[0,0],[0,0],[0,0],[1,1],[0,0],[0,0],[0,0],[0,0],[0,0],[0,0],[0,0],[0,1],[1,0],[-1,0],[0,0],[0,0],[0,1],[0,0],[0,0],[0,1],[0,0],[0,0],[0,0],[-1,0],[0,0],[0,0],[0,1],[0,0],[0,0],[1,0],[0,0],[0,0],[1,0],[0,0],[0,1],[0,0],[0,0],[0,0],[0,1],[0,0],[0,0],[0,1],[0,0],[0,0],[0,0],[0,1],[-1,0],[0,0],[0,0],[0,0],[0,0],[0,1],[0,0],[0,1],[0,0],[0,0],[0,0],[-1,1],[0,0],[0,0],[0,1],[0,0],[0,0],[0,1],[0,0],[0,0],[0,1],[0,0],[0,0],[0,0],[1,0],[0,1],[0,0],[0,0],[0,0],[1,0],[0,0],[0,1],[0,0],[0,1],[0,0],[1,0],[-1,0],[0,0],[0,0],[0,1],[0,0],[0,0],[0,0],[0,0],[0,1],[0,0],[-1,0],[0,0],[0,0],[0,0],[0,0],[0,0],[0,1],[0,0],[0,0],[1,0],[0,0],[0,0],[0,0],[0,0],[0,0],[1,0],[0,0],[0,0],[0,0],[0,0],[1,0],[0,1],[0,-1],[0,0],[0,1],[-1,0],[0,1],[-1,1],[0,0],[-1,1],[-1,1],[-1,1],[0,1],[-1,1],[-1,1],[0,0],[0,1],[0,0],[-1,1],[0,1],[0,1],[0,0],[-1,1],[0,0],[0,0],[0,0],[0,0],[0,-1],[0,0],[-1,0],[-1,1],[1,0],[0,0],[0,0],[0,0],[0,1],[1,0],[0,0],[1,1],[0,0],[0,0],[0,0],[0,0],[1,0],[0,0],[0,1],[0,0],[0,0],[1,0],[0,0],[1,1],[0,0],[0,0],[0,0],[0,0],[0,0],[0,0],[0,0],[0,1],[0,0],[0,0],[1,1],[0,0],[0,0],[0,0],[0,0],[0,0],[-1,0],[0,0],[-1,0],[0,0],[0,0],[0,0],[0,0],[0,0],[0,0],[0,0],[0,0],[0,1],[0,0],[0,0],[0,1],[0,0],[0,0],[0,0],[0,0],[0,0],[1,0],[0,0],[0,0],[0,1],[0,0],[0,0],[-1,0],[0,0],[0,0],[0,1],[0,0],[0,0],[0,0],[0,0],[1,1],[0,0],[0,1],[0,0],[-1,0],[0,0],[0,0],[-1,0],[0,1],[-1,0],[0,1],[-1,0],[0,0],[0,1],[0,0],[1,0],[0,0],[0,0],[0,0],[0,1],[0,0],[0,0],[0,1],[0,1],[0,0],[0,0],[0,1],[1,0],[0,0],[0,0],[0,1],[1,-1],[0,0],[0,0],[0,0],[0,1],[0,0],[0,0],[1,0],[0,1],[0,0],[1,1],[0,0],[0,1],[1,1],[0,0],[0,0],[0,1],[0,0],[0,0],[0,0],[1,0],[0,1],[0,0],[0,0],[0,0],[0,0],[0,0],[1,0],[0,1],[0,0],[0,0],[0,1],[0,0],[0,0],[0,0],[1,1],[0,0],[0,0],[0,0],[0,0],[0,1],[0,0],[0,0],[1,0],[0,1],[0,0],[0,0],[0,1],[1,1],[0,0],[0,0],[0,1],[0,0],[0,0],[0,1],[0,0],[1,-1],[0,0],[0,1],[0,0],[0,0],[1,-1],[0,0],[0,0],[-1,0],[0,-1],[0,0],[1,0],[0,0],[0,0],[0,1],[0,0],[0,0],[0,0],[1,0],[0,0],[0,0],[0,-1],[0,0],[0,0],[0,-1],[0,0],[0,0],[0,0],[1,0],[0,0],[0,0],[0,0],[0,1],[0,0],[0,1],[0,0],[0,0],[1,0],[0,0],[0,0],[0,0],[1,0],[0,0],[1,0],[0,0],[0,0],[0,0],[1,1],[0,0],[0,0],[0,1],[1,0],[0,-1],[0,0],[0,0],[0,-1],[1,0],[0,0],[0,-1],[0,0],[0,0],[0,-1],[0,0],[0,-1],[1,0],[0,0],[1,0],[0,0],[1,1],[0,0],[0,1],[0,0],[0,1],[0,0],[0,0],[0,1],[0,0],[0,0],[0,0],[1,0],[0,0],[0,0],[1,1],[-1,0],[0,0],[0,0],[0,0],[0,1],[0,0],[0,0],[0,1],[0,0],[-1,0],[0,1],[0,0],[0,1],[0,0],[0,0],[0,0],[0,0],[0,1],[0,0],[1,0],[0,0],[0,0],[0,1],[-1,0],[0,0],[0,1],[1,0],[0,0],[0,1],[0,0],[0,0],[1,0],[0,1],[0,0],[0,0],[1,0],[0,0],[0,1],[0,0],[-1,1],[0,0],[0,1],[-1,0],[0,0],[0,0],[1,1],[0,-1],[0,0],[0,0],[1,0],[0,0],[0,0],[0,0],[0,0],[0,1],[0,0],[-1,0],[0,0],[0,0],[-1,1],[0,0],[0,0],[0,1],[0,0],[-1,0],[0,1],[0,0],[0,0],[0,0],[0,1],[0,0],[0,0],[0,0],[0,0],[0,1],[0,0],[0,0],[0,0],[0,0],[-1,0],[0,1],[0,0],[1,1],[0,0],[0,0],[0,1],[0,0],[0,0],[0,0],[0,0],[0,0],[0,1],[0,0],[-1,0],[1,0],[0,1],[0,0],[1,0],[0,0],[0,0],[1,1],[0,0],[0,0],[0,1],[0,0],[1,0],[0,1],[0,0],[1,0],[0,1],[0,0],[0,0],[0,0],[0,0],[1,0],[0,0],[1,0],[0,0],[0,0],[1,0],[0,0],[0,0],[0,0],[0,1],[0,0],[0,0],[0,0],[-1,1],[0,0],[-1,1],[0,0],[0,0],[1,0],[0,0],[0,1],[0,0],[0,0],[1,0],[0,0],[0,0],[1,0],[0,1],[1,0],[1,0],[0,0],[0,-1],[0,0],[0,0],[1,0],[0,0],[0,1],[1,0],[1,0],[0,0],[1,0],[0,-1],[0,0],[0,0],[1,0],[0,0],[0,0],[1,0],[0,-1],[0,0],[0,0],[0,-1],[0,0],[0,-1],[0,0],[0,0],[1,-1],[0,0],[1,0],[0,-1],[1,0],[1,0],[0,0],[0,0],[0,0],[0,0],[0,0],[0,1],[0,0],[0,0],[0,0],[0,0],[0,0],[0,0],[0,0],[1,-1],[0,0],[0,-1],[0,0],[0,0],[0,0],[1,0],[0,0],[0,1],[0,0],[0,0],[1,0],[0,0],[0,0],[0,0],[0,0],[0,0],[0,0],[0,1],[0,0],[1,0],[0,1],[0,0],[0,0],[0,1],[0,0],[0,0],[0,0],[0,0],[0,0],[0,0],[0,0],[0,0],[1,0],[0,0],[0,0],[0,0],[0,1],[1,0],[0,0],[0,0],[1,0],[0,0],[0,0],[1,0],[-1,1],[0,0],[1,0],[0,0],[0,0],[0,0],[1,0],[0,0],[0,0],[0,0],[0,0],[0,0],[1,-1],[0,0],[0,0],[1,0],[1,-1],[1,0],[-2,0],[0,0],[1,0],[0,0],[1,0],[0,0],[1,0],[0,0],[1,0],[0,0],[0,0],[0,0],[0,-1],[1,0],[0,0],[0,0],[1,-1],[1,0],[0,-1],[1,0],[0,0],[0,0],[0,0],[0,0],[1,0],[0,0],[0,0],[1,1],[0,0],[0,0],[1,1],[0,0],[0,0],[0,1],[0,0],[-1,0],[0,1],[0,0],[-1,0],[0,0],[0,0],[0,0],[0,1],[-1,0],[0,0],[1,0],[0,0],[0,1],[-1,0],[0,0],[0,0],[0,0],[0,1],[0,0],[0,0],[0,0],[0,0],[-1,1],[0,0],[0,0],[0,0],[-1,0],[0,0],[0,0],[0,0],[0,1],[0,0],[-1,1],[0,0],[0,0],[0,0],[0,1],[0,0],[0,0],[0,0],[0,0],[0,0],[0,1],[0,0],[0,1],[0,0],[1,0],[0,0],[0,1],[0,0],[-1,0],[0,0],[0,0],[0,0],[0,0],[0,0],[0,0],[-1,1],[0,1],[0,0],[0,0],[-1,0],[0,1],[0,0],[0,0],[0,1],[0,0],[0,1],[0,0],[0,0],[0,1],[0,0],[-1,1],[0,0],[0,1],[0,0],[0,1],[0,0],[0,1],[-1,0],[0,0],[1,1],[0,0],[0,0],[-1,1],[-1,0],[-2,2],[0,0],[0,1],[0,1],[-1,0],[0,1],[0,0],[0,0],[-1,1],[0,0],[0,0],[-1,0],[0,1],[0,1],[0,0],[-1,0],[0,-1],[0,0],[0,0],[0,0],[0,0],[0,0],[-1,0],[1,0],[0,-1],[0,0],[0,0],[0,-1],[0,0],[-1,0],[0,0],[0,0],[0,0],[0,0],[-1,-1],[-1,0],[0,0],[0,-1],[1,0],[0,0],[-1,0],[0,0],[0,0],[0,-1],[0,0],[0,1],[-1,0],[0,1],[0,0],[-1,0],[0,0],[0,0],[0,0],[0,-1],[0,0],[0,-1],[0,0],[0,0],[-1,0],[0,0],[0,-1],[0,-1],[0,0],[-1,0],[0,0],[0,0],[0,0],[0,1],[0,0],[0,0],[0,1],[0,0],[0,-1],[0,0],[0,1],[0,0],[0,1],[0,0],[0,0],[0,0],[0,0],[0,0],[-1,0],[0,0],[0,0],[0,0],[0,0],[0,0],[0,0],[0,0],[-1,-1],[0,0],[0,0],[0,-1],[0,0],[-1,0],[0,0],[0,-1],[0,0],[0,-1],[0,0],[0,-1],[0,0],[0,0],[0,0],[-1,0],[0,0],[0,0],[0,0],[0,0],[0,0],[0,0],[-1,0],[0,0],[0,0],[0,0],[0,0],[-1,1],[0,-1],[0,0],[0,0],[0,0],[0,0],[0,0],[0,0],[-1,0],[0,0],[0,0],[0,0],[0,0],[0,0],[0,0],[-1,0],[0,-1],[0,0],[0,0],[-1,0],[0,0],[0,0],[0,0],[0,0],[-1,0],[1,1],[0,0],[0,0],[-1,0],[0,1],[0,0],[0,0],[0,0],[-1,0],[0,1],[0,0],[0,0],[0,0],[0,1],[0,0],[0,0],[0,0],[-1,1],[0,0],[1,0],[0,0],[0,0],[0,0],[0,0],[0,1],[-1,0],[0,0],[-1,0],[0,1],[0,0],[0,0],[0,0],[0,1],[0,0],[0,0],[0,1],[0,0],[0,0],[0,0],[0,0],[0,1],[0,0],[0,0],[0,0],[0,0],[-1,0],[0,1],[1,0],[0,0],[0,1],[-1,0],[0,0],[0,0],[0,0],[-1,0],[0,0],[0,0],[0,0],[0,0],[-1,0],[0,0],[0,0],[0,0],[0,0],[0,0],[0,0],[0,0],[-1,0],[0,0],[0,1],[0,0],[0,0],[0,0],[0,0],[0,1],[0,0],[0,1],[0,0],[0,0],[-1,-1],[0,0],[0,1],[0,0],[0,0],[0,0],[-1,0],[0,0],[0,0],[0,-1],[0,0],[0,0],[0,0],[-1,1],[-1,0],[0,0],[-1,0],[0,0],[0,1],[0,0],[0,0],[0,1],[0,0],[0,1],[0,0],[0,0],[0,0],[0,1],[0,0],[1,0],[0,0],[0,0],[0,1],[0,0],[0,0],[0,0],[0,0],[-1,0],[0,0],[0,0],[0,1],[0,0],[-1,0],[0,-1],[0,0],[-1,1],[0,-1],[0,0],[0,0],[0,0],[-1,1],[0,0],[0,0],[0,0],[0,0],[-1,0],[0,0],[0,-1],[0,0],[0,0],[0,0],[0,0],[1,-1],[0,0],[0,0],[0,-1],[-1,0],[0,0],[0,0],[0,-1],[0,0],[0,0],[0,0],[-1,0],[0,1],[0,0],[0,0],[0,0],[-1,0],[0,0],[0,1],[0,0],[0,0],[0,0],[-1,0],[0,0],[0,0],[0,0],[-1,0],[0,1],[0,0],[-1,0],[0,0],[0,0],[0,0],[-1,0],[0,0],[0,0],[0,1],[-1,0],[0,0],[0,0],[0,0],[0,0],[-1,-1],[0,0],[0,0],[0,0],[-1,1],[0,0],[0,0],[0,-1],[0,0],[0,0],[-1,0],[0,0],[0,0],[0,0],[0,1],[0,0],[0,0],[0,0],[-1,0],[0,0],[0,1],[0,0],[0,0],[0,0],[0,1],[0,0],[0,0],[0,0],[0,0],[0,0],[0,1],[0,-1],[0,0],[-1,0],[0,0],[0,1],[0,0],[0,0],[0,0],[0,1],[0,0],[0,0],[0,0],[-1,0],[0,0],[0,1],[0,0],[0,0],[0,0],[0,0],[0,0],[-1,0],[0,0],[-1,0],[0,0],[0,0],[0,0],[0,0],[-1,0],[0,0],[0,0],[0,0],[0,1],[0,0],[-1,-1],[0,0],[0,0],[0,0],[0,0],[-1,0],[0,0],[0,0],[0,0],[0,0],[-1,0],[0,0],[0,1],[0,0],[0,0],[0,-1],[-1,0],[0,0],[0,0],[0,0],[0,0],[0,0],[0,0],[0,0],[0,0],[-1,0],[0,0],[-1,0],[0,0],[0,0],[0,0],[-1,0],[-1,0],[0,0],[0,-1],[0,0],[-1,0],[0,0],[-1,-1],[0,0],[0,0],[0,0],[0,0],[0,0],[0,0],[0,0],[0,0],[0,0],[-1,0],[0,0],[0,0],[-1,0],[0,-1],[0,0],[0,0],[1,0],[0,0],[-1,0],[0,-1],[0,0],[0,0],[0,0],[0,0],[0,-1],[0,0],[0,0],[0,0],[0,-1],[1,-1],[-1,0],[0,0],[0,0],[0,0],[-1,0],[0,1],[0,0],[0,0],[0,1],[-1,0],[0,1],[-1,0],[0,0],[0,0],[0,0],[0,0],[0,0],[0,0],[0,1],[0,0],[-1,0],[0,-1],[0,0],[0,0],[-1,-1],[0,0],[0,0],[-1,-1],[0,-1],[0,0],[-1,0],[0,-1],[0,0],[-1,-1],[0,0],[-1,0],[0,-1],[-1,-1],[0,0],[-1,0],[0,0],[-1,-1],[0,0],[0,0],[0,0],[0,1],[-1,0],[0,0],[-1,0],[0,1],[-1,0],[0,1],[-1,0],[0,0],[0,-1],[0,0],[-1,0],[0,-1],[0,0],[0,0],[-1,0],[0,1],[0,0],[-1,0],[0,0],[0,0],[0,0],[-1,0],[0,0],[0,0],[0,0],[0,0],[-1,1],[0,0],[0,0],[0,-1],[0,0],[-1,0],[0,0],[0,0],[0,0],[0,0],[0,0],[0,0],[0,0],[-1,0],[0,0],[-1,0],[0,0],[0,0],[0,0],[0,-1],[0,0],[0,0],[0,0],[-1,0],[-1,0],[0,0],[0,0],[-1,0],[0,1],[0,0],[-1,0],[0,0],[-1,0],[0,0],[-1,0],[0,0],[0,0],[0,0],[-1,-1],[0,0],[-1,-1],[0,0],[-1,0],[0,0],[0,0],[-1,0],[-1,1],[0,0],[0,1],[-1,0],[-1,0],[0,0],[-1,-1],[0,0],[0,0],[0,0],[0,0],[0,1],[-1,0],[0,-1],[0,0],[0,0],[0,0],[0,-1],[0,0],[0,0],[-1,0],[0,0],[0,-1],[0,0],[-1,-1],[0,0],[0,0],[0,0],[0,0],[0,0],[0,0],[0,0],[0,0],[0,0],[0,-1],[0,0],[0,0],[0,0],[0,0],[-1,0],[0,0],[1,-1],[0,0],[0,0],[-1,-1],[0,0],[0,0],[0,0],[0,0],[0,0],[0,0],[0,-1],[1,0],[0,0],[0,0],[0,0],[0,0],[0,0],[0,1],[0,0],[0,0],[0,0],[1,0],[0,-1],[0,0],[0,0],[0,0],[0,0],[0,0],[0,-1],[0,0],[0,0],[0,0],[1,0],[0,0],[0,0],[1,1],[0,0],[0,-1],[0,0],[-1,0],[0,0],[0,-1],[0,0],[0,-1],[0,0],[0,-1],[0,0],[0,0],[1,-1],[1,-1],[1,-2],[2,0],[0,-1],[0,0],[0,0],[0,0],[1,-1],[0,-1],[0,0],[0,0],[0,0],[0,0],[1,0],[0,0],[0,-1],[1,0],[0,0],[0,0],[0,-1],[1,0],[0,0],[1,0],[0,0],[0,0],[1,0],[1,0],[0,0],[2,1],[0,1],[1,2],[0,1],[0,0],[0,1],[0,0],[-1,1],[0,1],[0,0],[0,1],[-1,1],[0,0],[-1,1],[0,1],[0,0],[0,0],[0,0],[0,0],[0,0],[-1,1],[0,0],[0,0],[0,0],[0,1],[0,0],[-1,0],[0,0],[0,0],[0,0],[-1,1],[0,1],[0,0],[0,0],[1,-1],[0,0],[0,0],[1,0],[0,0],[0,0],[0,0],[0,-1],[1,0],[0,0],[0,0],[0,0],[0,0],[1,-1],[0,1],[0,0],[0,0],[0,0],[0,0],[1,-1],[0,-1],[1,0],[0,0],[1,0],[0,0],[0,0],[0,0],[1,0],[0,0],[0,1],[1,-1],[0,0],[1,0],[1,0],[0,0],[0,0],[0,0],[0,0],[1,0],[1,0],[0,-1],[0,0],[0,0],[0,-1],[1,0],[1,0],[0,0],[0,-1],[0,-1],[1,0],[0,0],[-1,-1],[0,0],[0,-1],[0,0],[-1,0],[0,0],[-1,1],[0,0],[0,0],[0,1],[0,0],[0,0],[-1,1],[0,0],[-1,0],[0,0],[0,0],[0,0],[0,-1],[-1,0],[0,0],[0,0],[0,-1],[1,-1],[0,0],[0,0],[0,-1],[0,0],[1,0],[0,0],[0,-1],[1,-1],[0,0],[-1,0],[0,0],[0,-1],[0,0],[0,0],[0,0],[-1,0],[0,0],[0,0],[-1,1],[-1,0],[0,0],[0,0],[-1,0],[0,-1],[-1,-1],[0,0],[0,0],[-1,-1],[0,0],[-1,-1],[0,0],[-1,-1],[0,0],[1,0],[0,0],[0,-1],[0,0],[0,-1],[0,0],[0,0],[1,0],[0,0],[0,0],[0,0],[0,0],[0,-1],[0,0],[0,0],[1,0],[-1,0],[0,0],[0,0],[-1,0],[0,0],[-1,-1],[-1,0],[0,0],[-1,0],[0,1],[-1,0],[0,0],[0,1],[0,-1],[-1,0],[-1,0],[-1,0],[-1,0],[0,0],[0,0],[0,0],[-1,0],[-1,1],[0,0],[0,0],[0,0],[0,0],[0,-1],[0,0],[0,-2],[0,0],[1,-1],[0,0],[1,-1],[1,0],[0,0],[0,0],[1,0],[0,2],[0,0],[1,1],[0,0],[1,0],[0,-1],[0,-1],[1,0],[1,0],[0,0],[0,0],[0,-1],[0,0],[0,0],[0,0],[0,-1],[-1,-1],[0,0],[0,0],[-1,0],[-1,0],[0,-1],[0,1],[-1,0],[0,-1],[0,-1],[0,0],[0,0],[-1,0],[0,0],[0,0],[0,0],[0,0],[0,-1],[-1,-1],[0,0],[-1,-1],[0,0],[0,0],[0,-1],[-1,0],[0,0],[0,-1],[0,0],[0,0],[0,-1],[0,0],[0,1],[1,-1],[0,0],[-1,0],[0,0],[0,0],[0,0],[0,0],[-1,0],[0,0],[0,0],[0,0],[-1,-1],[-1,-1],[0,0],[0,-1],[0,0],[1,1],[0,0],[0,0],[0,0],[0,0],[0,0],[0,0],[1,0],[0,0],[0,0],[1,0],[0,0],[0,0],[0,0],[0,1],[0,0],[1,0],[0,-1],[0,0],[0,0],[0,0],[0,-1],[0,0],[-1,0],[0,0],[0,0],[1,-1],[0,0],[-1,0],[-1,0],[0,-1],[0,0],[-1,0],[0,-1],[0,0],[0,-1],[1,0],[0,-1],[-1,0],[-1,-1],[0,0],[0,0],[-1,-1],[0,0],[0,0],[1,0],[0,-1],[0,0],[0,0],[0,0],[1,0],[1,0],[0,0],[0,-1],[0,0],[0,0],[0,0],[-1,0],[0,0],[0,0],[0,0],[-1,0],[0,0],[0,-1],[0,0],[-1,0],[0,0],[-1,0],[0,0],[-1,1],[-1,0],[0,0],[-1,0],[0,0],[0,-1],[0,0],[0,-1],[0,-1],[0,-1],[0,-2],[0,-1],[1,0],[0,0],[0,-1],[0,0],[0,0],[0,-1],[0,0],[0,0],[1,-1],[0,0],[0,-1],[0,0],[0,0],[1,-1],[0,-1],[0,-1],[1,0],[-1,0],[-1,0],[-1,0],[-1,0],[0,0],[1,0],[0,0],[0,1],[-1,0],[0,1],[-1,0],[0,0],[0,1],[-1,0],[0,1],[0,0],[1,0],[0,0],[0,0],[-1,0],[0,0],[0,0],[-1,0],[0,0],[0,0],[-1,0],[0,0],[0,0],[-1,0],[-1,1],[-1,0],[0,0],[0,0],[0,1],[0,0],[0,0],[0,0],[0,0],[-1,0],[0,0],[0,0],[0,0],[-1,0],[0,0],[-1,-1],[-1,0],[0,0],[-1,0],[-1,0],[-2,0],[-1,0],[-2,0],[0,-1],[0,0],[0,0],[0,0],[1,0],[0,0],[-1,0],[0,0],[0,-1],[0,-1],[0,0],[0,-1],[0,0],[0,-1],[0,0],[0,0],[1,-1],[1,0],[1,0],[0,0],[1,0],[1,0],[0,0],[1,0],[0,0],[0,0],[1,0],[0,-1],[1,-1],[0,0],[2,-1],[0,0],[1,0],[0,0],[0,0],[2,0],[1,-1],[1,0],[1,0],[0,0],[1,-1],[0,0],[0,0],[0,-1],[1,-1],[0,0],[0,0],[0,0],[1,0],[1,0],[0,0],[1,0],[0,0],[0,0],[1,0],[0,0],[3,1],[1,0],[0,0],[0,0],[1,0],[0,0],[0,0],[0,0],[1,0],[0,1],[0,0],[0,0],[0,0],[0,0],[-1,0],[0,0],[0,0],[0,0],[0,1],[1,0],[-1,0],[0,1],[0,0],[0,0],[1,1],[0,0],[0,0],[0,0],[0,0],[0,0],[1,-1],[0,0],[0,-1],[0,0],[0,-1],[-1,-1],[0,0],[0,-1],[0,-1],[0,0],[0,0],[-1,0],[0,0],[-2,-1],[0,0],[-1,-1],[0,0],[-1,1],[-1,0],[-1,-1],[-1,0],[0,0],[0,0],[-1,1],[0,0],[-1,0],[0,1],[-1,0],[-1,0],[0,-1],[-1,0],[0,-1],[-1,0],[0,-1],[1,0],[0,0],[1,-1],[0,-1],[1,0],[1,-1],[1,0],[0,0],[0,0],[0,-1],[0,0],[0,0],[0,0],[0,-1],[0,-1],[-1,0],[0,0],[1,1],[0,1],[0,1],[-1,0],[0,0],[-1,0],[0,0],[0,0],[-1,0],[0,0],[-1,0],[0,1],[-1,0],[0,1],[0,0],[0,1],[0,2],[0,0],[0,0],[1,1],[0,0],[0,1],[0,0],[0,1],[0,0],[-1,0],[0,0],[-1,1],[0,0],[-1,0],[-1,0],[-1,0],[-1,0],[0,0],[-1,0],[-1,2],[-1,0],[0,0],[0,1],[0,0],[0,0],[-3,0],[0,0],[0,-1],[-1,0],[0,0],[-1,0],[0,0],[0,0],[-1,0],[0,0],[-1,1],[0,0],[0,0],[-1,0],[0,0],[0,0],[0,-1],[1,0],[0,0],[0,0],[1,0],[0,-1],[0,0],[0,0],[1,0],[0,0],[0,0],[1,0],[0,0],[1,0],[0,-1],[1,0],[0,0],[0,0],[1,0],[0,0],[0,-1],[0,0],[0,-1],[0,-1],[0,0],[-1,0],[1,-1],[0,-1],[0,0],[-1,-1],[0,0],[0,0],[0,0],[0,1],[0,0],[0,0],[0,0],[0,0],[-1,1],[0,0],[1,1],[0,0],[0,1],[-1,0],[0,1],[0,0],[0,0],[-1,1],[0,0],[0,0],[-1,0],[0,-1],[0,0],[0,-1],[0,0],[0,-1],[-1,0],[0,0],[0,1],[0,0],[0,0],[0,1],[0,0],[0,0],[0,-1],[0,0],[-1,0],[0,0],[-1,0],[0,-2],[0,-1],[0,0],[0,-1],[0,0],[1,0],[0,0],[0,-2],[0,0],[0,-1],[0,0],[0,0],[-1,-1],[0,0],[1,0],[0,0],[0,0],[1,0],[0,0],[1,0],[0,0],[1,0],[0,0],[0,0],[1,-1],[0,0],[0,0],[1,0],[0,0],[1,0],[0,0],[-1,0],[0,0],[-1,0],[-1,0],[0,0],[0,0],[0,0],[0,-1],[1,0],[0,0],[1,0],[1,0],[0,0],[0,-1],[0,0],[0,0],[0,0],[0,0],[0,0],[0,0],[0,0],[-1,0],[0,0],[0,0],[-1,0],[0,0],[0,0],[-1,0],[-1,1],[0,1],[-1,0],[-1,0],[0,0],[0,0],[0,0],[-1,0],[0,0],[0,1],[0,0],[0,1],[0,0],[-1,1],[0,0],[0,0],[0,0],[0,1],[0,0],[0,0],[0,1],[0,0],[0,1],[0,0],[-1,0],[0,0],[0,0],[-1,1],[0,0],[-1,0],[0,0],[0,0],[0,1],[0,0],[-1,0],[0,0],[0,0],[-1,0],[0,0],[0,0],[-1,-1],[0,0],[-1,-2],[0,0],[-1,-1],[0,-1],[0,0],[0,0],[-1,0],[0,0],[-1,-1],[0,0],[0,-1],[0,0],[0,0],[1,0],[0,0],[1,0],[0,1],[0,0],[0,-1],[1,0],[0,0],[0,0],[0,-1],[0,0],[0,0],[0,0],[0,1],[0,0],[0,0],[-1,0],[0,0],[0,0],[0,0],[-1,0],[0,-1],[-1,0],[0,0],[0,0],[0,0],[0,1],[0,0],[-1,1],[-1,0],[1,1],[-1,0],[0,0],[0,0],[0,0],[0,0],[0,-1],[-1,0],[0,0],[0,1],[0,0],[0,0],[0,1],[0,0],[0,0],[0,0],[-1,0],[0,0],[0,-1],[0,0],[0,0],[-1,0],[-1,0],[0,1],[0,0],[1,0],[-1,0],[0,0],[0,0],[0,-1],[-1,0],[-1,0],[-1,-1],[0,0],[-185,0],[-1,1],[0,1],[0,0],[0,1],[0,0],[0,1],[0,1],[0,0],[0,0],[0,0],[0,0],[0,-1],[0,0],[0,0],[0,0],[0,0],[0,0],[1,0],[0,0],[0,0],[0,1],[0,0],[-1,0],[1,0],[0,1],[-1,0],[0,0],[0,0],[0,1],[0,0],[0,0],[-1,1],[0,0],[0,-1],[0,0],[-1,0],[1,0],[0,1],[-1,0],[0,0],[0,0],[0,0],[0,1],[0,0],[0,0],[0,0],[0,0],[0,1],[0,0],[0,0],[0,0],[1,1],[-1,0],[0,0],[0,0],[-1,1],[0,0],[0,0],[0,0],[0,-1],[-1,0],[0,0],[0,0],[0,0],[0,0],[0,1],[1,0],[1,0],[0,0],[1,0],[0,0],[1,0],[0,0],[-1,0],[0,1],[0,0],[0,1],[-1,0],[0,0],[0,1],[0,0],[1,-1],[0,0],[0,0],[0,0],[1,1],[0,0],[0,0],[1,0],[0,0],[0,0],[0,1],[1,0],[1,2],[0,1],[0,0],[0,0],[0,1],[0,0],[-1,1],[0,0],[0,0],[-1,0],[0,0],[0,0],[0,0],[0,0],[-1,-1],[0,0],[0,-1],[0,0],[0,1],[-1,0],[0,0],[0,0],[0,1],[0,0],[0,0],[0,1],[0,0],[-1,0],[0,0],[-1,0],[0,-1],[-1,0],[1,-1],[0,0],[-1,0],[0,0],[0,1],[0,0],[0,1],[0,0],[0,0],[0,0],[1,0],[0,1],[-1,0],[0,0],[0,1],[0,1],[0,0],[-1,1],[0,0],[0,0],[0,0],[-1,1],[0,0],[0,-1],[-1,0],[1,1],[0,0],[-1,0],[0,0],[-1,0],[0,0],[0,0],[0,0],[0,0],[0,0],[0,0],[0,0],[0,0],[0,0],[0,0],[1,0],[-1,1],[0,0],[0,0],[-1,0],[0,0],[-1,0],[0,0],[-1,-1],[0,0],[0,0],[0,0],[0,0],[1,0],[0,0],[1,-1],[0,0],[0,0],[0,0],[-1,0],[-1,0],[0,1],[0,0],[0,0],[0,0],[-1,0],[0,0],[-2,-1],[0,-2],[0,0],[-1,-1],[0,-1],[0,0],[-1,-1],[0,0],[0,0],[0,0],[0,0],[0,-1],[-1,0],[0,-1],[-1,-1],[0,-1],[0,-1],[0,0],[-1,-1],[0,0],[0,-1],[-1,-1],[0,0],[-1,-1],[0,1],[0,0],[1,1],[0,0],[0,0],[0,0],[0,1],[0,0],[0,1],[0,0],[0,1],[0,0],[0,0],[0,0],[0,1],[0,0],[0,0],[1,1],[-1,0],[0,0],[1,1],[0,1],[0,0],[0,0],[0,0],[0,0],[0,-1],[1,0],[0,0],[0,0],[0,0],[0,0],[1,1],[0,0],[-1,1],[0,0],[1,0],[-1,0],[0,1],[0,-1],[0,0],[0,0],[-1,0],[0,0],[0,1],[-1,0],[0,1],[1,0],[0,0],[0,0],[0,0],[0,0],[0,0],[-1,0],[0,0],[-1,0],[0,0],[0,0],[-1,0],[-1,0],[0,0],[-1,-1],[0,0],[0,0],[0,0],[0,0],[-1,0],[0,1],[0,0],[0,0],[0,-1],[1,0],[0,0],[0,0],[0,1],[1,0],[0,0],[1,0],[0,0],[0,1],[0,0],[0,0],[0,0],[0,0],[1,-1],[0,0],[0,1],[0,0],[0,1],[0,1],[0,2],[-1,1],[0,1],[0,1],[-1,0],[0,0],[0,-1],[0,0],[0,0],[-1,0],[-1,0],[0,1],[0,0],[0,1],[-1,1],[0,0],[0,1],[0,0],[0,0],[0,0],[0,1],[-1,0],[0,0],[1,0],[0,0],[0,0],[0,0],[0,0],[0,1],[0,0],[0,0],[0,0],[1,1],[0,0],[0,0],[0,0],[0,0],[1,0],[0,0],[0,0],[0,0],[1,0],[0,0],[0,0],[0,1],[0,0],[0,0],[0,1],[0,0],[-1,1],[0,0],[0,0],[0,0],[0,1],[0,0],[0,0],[0,0],[0,0],[-1,0],[0,0],[0,0],[0,0],[0,0],[1,1],[0,0],[-1,1],[0,0],[0,0],[0,0],[0,0],[0,0],[-1,0],[0,0],[0,1],[0,0],[0,0],[0,0],[-1,0],[0,0],[0,0],[0,0],[0,0],[0,0],[-1,0],[0,0],[0,0],[0,1],[-1,0],[0,-1],[0,0],[0,0],[0,-1],[0,0],[0,0],[-1,1],[0,0],[0,1],[-1,0],[0,-1],[0,0],[0,-1],[1,0],[0,-1],[0,0],[0,0],[-1,1],[0,0],[-2,1],[0,0],[0,0],[1,0],[0,0],[0,0],[-1,0],[0,0],[0,0],[0,0],[0,0],[-1,0],[0,0],[0,0],[-1,0],[-1,1],[0,0],[-1,0],[0,1],[0,0],[0,0],[0,0],[-1,0],[0,1],[0,0],[0,0],[0,0],[1,0],[1,1],[0,0],[0,0],[1,0],[0,0],[0,0],[1,1],[1,0],[0,0],[0,0],[0,0],[0,0],[0,0],[0,0],[-1,1],[-1,0],[0,1],[0,0],[0,1],[0,0],[0,1],[1,0],[0,1],[0,0],[0,0],[0,1],[-1,1],[0,0],[-1,0],[0,1],[0,0],[0,0],[0,0],[0,0],[0,0],[0,0],[0,0],[0,0],[0,0],[1,1],[0,-1],[0,0],[0,0],[0,0],[0,0],[1,0],[0,0],[0,0],[0,1],[0,0],[0,0],[0,0],[0,1],[-1,0],[0,0],[0,1],[0,0],[1,0],[0,0],[1,0],[0,-1],[1,0],[0,1],[1,0],[0,0],[0,0],[0,0],[0,-1],[0,0],[0,0],[0,0],[0,0],[0,0],[1,0],[0,0],[0,2],[0,0],[1,0],[0,0],[0,0],[1,0],[0,0],[0,0],[0,0],[0,1],[0,0],[-1,1],[1,2],[-1,0],[0,1],[0,0],[0,1],[0,1],[0,0],[0,1],[0,0],[-1,0],[0,-1],[0,-1],[0,0],[0,0],[0,0],[0,-1],[0,0],[-1,0],[0,1],[1,0],[0,3],[0,0],[0,0],[-1,0],[0,-1],[-1,0],[0,0],[1,0],[0,0],[0,0],[1,-1],[0,0],[0,0],[-1,0],[0,0],[0,0],[-1,0],[0,0],[0,0],[0,0],[0,-1],[0,0],[0,1],[0,0],[-1,-1],[0,0],[0,1],[0,0],[0,1],[1,0],[0,0],[2,1],[0,0],[0,0],[0,1],[1,1],[-1,1],[0,1],[0,0],[-1,1],[0,0],[0,0],[0,0],[-1,-1],[0,-1],[0,0],[0,0],[0,0],[0,0],[0,1],[0,0],[0,1],[-1,0],[0,0],[0,0],[0,1],[0,0],[0,0],[0,0],[-1,0],[0,-1],[0,1],[1,0],[0,1],[0,0],[-1,1],[0,0],[-1,1],[0,-1],[0,0],[0,1],[0,1],[0,1],[0,0],[1,1],[0,1],[1,1],[0,0],[0,1],[0,1],[0,1],[0,1],[0,2],[-1,0],[0,0],[0,1],[-1,0],[0,0],[0,0],[-1,0],[0,0],[0,0],[-1,0],[0,1],[-1,0],[0,1],[0,0],[0,1],[-1,0],[-1,0],[0,1],[0,0],[-1,0],[-1,0],[0,0],[0,0],[0,0],[0,0],[1,0],[0,0],[1,0],[0,0],[1,0],[0,0],[1,0],[1,0],[0,0],[0,1],[1,0],[0,1],[0,0],[0,1],[0,0],[0,0],[0,1],[1,2],[0,0],[0,2],[0,0],[0,0],[1,0],[0,1],[0,0],[0,0],[0,0],[-1,1],[0,0],[0,0],[0,1],[0,0],[0,1],[-1,0],[0,1],[0,1],[0,0],[1,1],[1,-1],[0,0],[1,0],[0,-1],[0,-1],[1,0],[0,0],[1,0],[0,0],[1,0],[0,1],[0,0],[0,1],[0,1],[0,1],[0,0],[0,1],[1,-1],[0,0],[0,1],[0,0],[0,1],[0,1],[1,0],[0,1],[0,0],[0,0],[0,1],[0,1],[0,1],[0,1],[0,1],[0,0],[0,1],[0,0],[0,0],[0,0],[0,2],[0,0],[0,0],[0,1],[0,0],[0,0],[0,0],[0,0],[0,1],[0,0],[-1,1],[0,0],[1,-1],[-1,1],[0,0],[0,0],[0,1],[0,0],[0,0],[0,0],[0,0],[0,0],[0,1],[0,-1],[0,-1],[0,0],[0,0],[0,2],[0,0],[0,0],[0,0],[0,0],[0,0],[0,0],[0,1],[0,0],[0,0],[0,4],[-1,0],[0,0],[0,0],[0,0],[0,0],[0,1],[0,0],[0,0],[0,0],[0,0],[0,0],[0,0],[-1,0],[0,1],[0,0],[0,0],[-1,0],[0,1],[0,0],[-1,0],[0,0],[0,0],[0,0],[0,1],[0,0],[0,0],[0,0],[0,0],[0,0],[0,0],[0,0],[0,0],[0,1],[0,0],[0,0],[0,0],[0,0],[0,0],[0,0],[1,0],[0,0],[0,-1],[0,0],[0,0],[0,0],[0,0],[0,0],[1,0],[0,0],[0,-1],[0,0],[0,0],[0,0],[0,0],[0,-1],[0,0],[0,0],[0,0],[0,0],[1,1],[0,0],[0,0],[0,1],[1,0],[-1,0],[0,0],[0,0],[0,0],[0,0],[0,1],[0,0],[0,0],[0,-1],[0,0],[0,0],[0,1],[0,0],[1,0],[0,0],[0,0],[0,0],[0,0],[0,-1],[0,1],[0,0],[0,1],[0,0],[0,1],[0,0],[0,1],[0,0],[0,1],[0,1],[0,0],[0,0],[-1,0],[0,0],[0,0],[1,0],[0,0],[0,0],[0,1],[-1,0],[0,0],[1,0],[0,0],[-1,1],[0,0],[0,0],[0,-1],[0,0],[0,0],[-1,0],[0,0],[0,0],[-1,0],[0,1],[0,0],[0,-1],[0,0],[0,0],[0,-1],[0,0],[0,0],[0,0],[0,0],[-1,0],[0,1],[0,0],[0,0],[0,0],[0,0],[0,0],[0,0],[-1,-1],[0,0],[0,0],[0,0],[0,-1],[0,0],[0,0],[0,0],[0,0],[0,-1],[0,0],[0,0],[0,1],[0,0],[0,0],[-1,0],[0,1],[1,0],[0,0],[-1,0],[0,0],[-1,-1],[0,1],[1,0],[0,0],[0,0],[-1,0],[0,1],[0,0],[0,0],[-1,-1],[0,0],[0,0],[0,0],[0,0],[-1,0],[1,0],[0,0],[0,0],[0,0],[-1,0],[0,0],[0,1],[0,0],[0,0],[0,0],[0,0],[0,0],[0,1],[0,0],[0,0],[0,0],[-1,0],[0,-1],[0,0],[1,0],[0,0],[-1,0],[0,0],[0,0],[0,0],[-1,0],[0,0],[0,0],[1,-1],[0,0],[0,0],[0,0],[0,0],[0,0],[-1,0],[0,0],[0,0],[0,0],[0,-1],[0,0],[0,-1],[1,0],[-1,-1],[0,0],[0,0],[0,0],[0,-1],[0,0],[0,0],[0,0],[0,0],[0,-1],[0,0],[1,0],[0,0],[1,-1],[0,0],[0,-1],[-1,-1],[0,0],[0,0],[0,-1],[-1,0],[0,-1],[0,0],[0,0],[0,0],[0,-1],[1,0],[0,0],[0,0],[0,0],[0,0],[0,-1],[0,0],[0,0],[0,0],[0,0],[1,0],[0,0],[0,0],[1,0],[0,0],[0,0],[-1,0],[0,0],[0,0],[0,0],[0,0],[0,-1],[0,0],[0,0],[0,0],[0,0],[0,0],[0,0],[0,0],[-1,0],[0,0],[0,0],[0,0],[0,0],[-1,0],[0,0],[0,0],[0,1],[-1,0],[0,0],[0,0],[0,1],[0,0],[-1,0],[0,0],[-1,0],[0,-1],[-1,0],[0,0],[-1,0],[0,0],[-1,-1],[0,0],[0,0],[-1,-1],[0,-1],[1,-1],[0,0],[0,0],[0,-1],[0,0],[0,0],[-1,0],[0,0],[0,0],[1,1],[0,0],[0,0],[-1,0],[0,0],[0,0],[0,0],[0,-1],[0,0],[0,-1],[-1,0],[0,0],[-1,-1],[-1,-1],[1,1],[0,0],[0,1],[1,0],[0,0],[0,0],[1,0],[0,1],[-1,0],[0,0],[0,0],[0,0],[0,0],[-1,0],[1,1],[0,0],[0,0],[1,0],[0,1],[0,0],[0,0],[-1,0],[0,1],[0,0],[0,1],[0,0],[0,0],[0,0],[0,0],[0,0],[0,1],[0,0],[0,0],[-1,0],[0,0],[0,1],[0,0],[-1,0],[0,0],[0,0],[0,0],[0,0],[0,0],[0,1],[-1,0],[0,0],[0,0],[0,0],[1,0],[0,0],[-1,0],[0,0],[0,1],[0,0],[0,1],[0,0],[-1,0],[0,0],[0,0],[0,0],[0,0],[0,1],[-1,0],[0,0],[-1,0],[0,0],[0,0],[-1,0],[0,0],[0,-1],[0,-2],[0,0],[0,-1],[0,0],[0,0],[0,0],[0,0],[1,0],[0,0],[-1,0],[0,0],[0,-1],[0,0],[0,0],[0,0],[0,0],[0,1],[0,0],[0,0],[-1,0],[0,-1],[-1,0],[0,0],[-1,-1],[-1,0],[0,0],[0,-1],[0,0],[-1,0],[0,0],[0,0],[-1,0],[0,-1],[0,0],[-1,0],[0,-1],[-1,0],[0,0],[0,0],[0,-1],[-1,0],[0,0],[0,1],[0,0],[0,-1],[0,0],[0,0],[0,0],[-1,0],[0,0],[0,0],[0,0],[0,0],[-1,0],[0,0],[0,0],[-1,0],[0,-1],[0,0],[0,0],[-2,-1],[0,0],[0,0],[0,0],[-1,0],[0,0],[-1,0],[0,0],[0,0],[0,0],[0,-1],[0,0],[0,0],[0,0],[0,0],[0,0],[1,-1],[0,-1],[0,0],[0,-1],[0,0],[0,-1],[-1,0],[0,-1],[0,0],[-1,-1],[-1,0],[-1,0],[-1,-1],[0,0],[0,0],[0,0],[1,0],[0,0],[0,0],[1,0],[0,0],[1,0],[0,-1],[-1,0],[-1,-1],[0,0],[0,0],[-1,0],[0,0],[0,0],[-1,0],[0,0],[0,0],[0,-1],[1,0],[0,0],[0,-1],[0,0],[-1,0],[0,0],[0,0],[0,0],[0,-1],[0,0],[0,0],[0,0],[0,0],[-1,0],[0,0],[0,0],[0,0],[-1,0],[-1,0],[-1,0],[0,0],[0,0],[0,0],[0,0],[-1,0],[0,0],[0,0],[-1,-1],[0,0],[-1,0],[-1,0],[-1,0],[0,0],[0,0],[-1,1],[0,0],[0,0],[0,0],[0,0],[0,0],[1,0],[0,1],[0,0],[0,1],[0,0],[-1,0],[0,0],[0,0],[-1,0],[0,0],[0,0],[-1,0],[0,0],[0,0],[-1,0],[0,0],[0,1],[0,0],[0,0],[0,0],[0,0],[-1,1],[0,0],[-1,0],[0,0],[-1,0],[0,0],[0,0],[0,-1],[0,0],[1,0],[0,0],[0,0],[1,0],[0,0],[0,0],[-1,-1],[0,0],[0,0],[-1,0],[0,0],[0,0],[0,0],[-1,0],[-1,0],[0,0],[-1,0],[-1,0],[0,0],[0,0],[-1,1],[0,0],[-1,0],[0,0],[-1,0],[0,0],[0,-1],[0,-1],[0,0],[0,0],[-1,-1],[-1,0],[0,-1],[-1,0],[0,0],[-1,0],[0,1],[-1,0],[0,0],[0,0],[-1,0],[0,0],[0,1],[-1,-1],[1,0],[0,-1],[-1,-1],[0,0],[-1,0],[0,0],[0,-1],[0,0],[0,0],[0,0],[0,0],[0,1],[-1,0],[0,-1],[-1,1],[0,0],[-1,0],[-1,0],[-1,-1],[-1,0],[0,0],[0,-1],[-1,0],[-1,0],[-1,-1],[0,0],[0,0],[1,0],[0,0],[0,-1],[1,0],[0,0],[2,-1],[1,0],[1,0],[0,-1],[1,0],[0,0],[1,-1],[2,-1],[1,0],[2,-1],[2,0],[1,-1],[1,0],[1,0],[2,0],[2,0],[0,0],[1,0],[1,1],[0,0],[1,0],[1,0],[0,0],[0,0],[1,0],[0,-1],[0,0],[0,1],[0,0],[0,0],[0,1],[1,0],[0,1],[1,0],[0,0],[0,0],[0,1],[1,0],[1,0],[0,1],[1,0],[0,0],[1,0],[1,0],[1,1],[1,0],[0,1],[1,0],[1,0],[1,1],[0,0],[1,0],[1,0],[0,0],[0,1],[1,0],[1,1],[0,0],[0,0],[0,1],[1,0],[0,-1],[0,0],[0,0],[1,1],[0,0],[1,0],[0,0],[0,-1],[0,0],[1,0],[0,0],[1,0],[0,0],[1,0],[1,0],[0,0],[0,1],[0,0],[0,0],[0,1],[1,0],[0,0],[0,0],[0,0],[0,0],[0,-1],[0,0],[0,-1],[0,0],[0,-1],[-1,-1],[0,0],[-1,0],[0,0],[0,0],[0,0],[0,0],[-1,0],[0,0],[-1,0],[0,0],[0,1],[-1,0],[0,0],[0,0],[0,0],[0,0],[0,0],[0,-1],[0,0],[0,0],[0,0],[0,0],[0,0],[0,0],[0,-1],[-1,0],[-3,-1],[0,-1],[-1,0],[0,0],[0,0],[-1,-1],[0,0],[1,0],[0,0],[0,0],[1,0],[0,0],[0,0],[0,0],[-1,-1],[0,0],[1,0],[0,0],[1,0],[0,0],[0,0],[1,0],[0,0],[1,0],[0,0],[0,0],[0,0],[0,0],[0,-1],[-1,0],[1,0],[0,-1],[0,0],[0,0],[0,0],[-1,-1],[0,0],[0,-1],[0,0],[0,0],[0,-1],[0,0],[-1,0],[0,-1],[-1,0],[0,0],[0,-1],[-1,1],[0,-1],[-1,0],[0,0],[-1,0],[-1,-1],[-1,0],[0,-1],[-2,0],[-1,0],[0,-1],[0,0],[0,0],[-1,0],[0,0],[0,0],[0,0],[0,1],[0,0],[0,0],[0,1],[-1,0],[0,1],[0,0],[0,-1],[0,0],[-1,0],[1,-1],[-1,0],[0,0],[0,-1],[0,0],[0,0],[0,-1],[0,0],[0,0],[-1,-1],[0,0],[0,0],[0,-1],[0,0],[0,0],[0,0],[-1,-1],[0,0],[0,-1],[1,-1],[0,1],[0,1],[0,0],[1,1],[0,-1],[0,0],[0,0],[0,0],[1,-1],[0,-1],[0,0],[0,0],[0,0],[-1,0],[0,-1],[0,0],[0,0],[0,0],[0,0],[0,0],[0,0],[0,0],[1,-1],[0,0],[0,-1],[0,-1],[0,0],[-1,0],[0,0],[0,0],[0,0],[0,0],[-1,-1],[1,0],[-1,0],[0,0],[0,0],[0,1],[0,-1],[0,0],[-1,0],[1,-1],[0,-1],[-1,0],[0,0],[0,-2],[0,0],[1,-1],[0,0],[-1,0],[-1,0],[1,-1],[0,0],[0,0],[0,-1],[0,-2],[0,-1],[0,0],[0,-1],[0,-1],[-1,-1],[0,0],[-1,-1],[-1,0],[-1,-1],[0,0],[-1,-1],[0,0],[-1,-1],[-1,0],[0,0],[-1,-1],[0,0],[0,0],[-1,-1],[0,0],[0,0],[-1,-1],[0,0],[-1,-1],[-1,-1],[0,0],[-1,0],[0,0],[-1,-1],[0,0],[-1,-1],[0,0],[-1,-1],[0,0],[-1,-1],[0,0],[-1,0],[0,-1],[0,-1],[-1,-1],[0,0],[-1,0],[0,0],[0,1],[0,0],[-1,1],[0,1],[0,0],[1,1],[0,0],[-1,0],[0,0],[-1,0],[-1,0],[0,0],[-1,0],[0,0],[0,0],[0,1],[0,0],[1,0],[0,0],[1,0],[0,0],[0,0],[0,1],[0,0],[0,0],[0,0],[0,-1],[-1,0],[0,1],[0,0],[0,0],[0,0],[-1,0],[0,0],[0,-1],[-1,0],[0,0],[0,0],[0,1],[0,1],[1,1],[1,0],[0,0],[0,0],[0,0],[-1,0],[0,0],[-1,0],[0,0],[0,0],[0,0],[0,0],[1,0],[1,1],[0,0],[1,0],[0,0],[0,-1],[0,0],[0,1],[0,1],[0,1],[0,0],[0,0],[-1,1],[0,0],[-1,0],[0,1],[-1,1],[0,0],[0,1],[0,0],[-1,0],[0,0],[-1,0],[1,-1],[0,0],[-1,0],[0,0],[0,1],[-1,0],[0,0],[-1,0],[0,0],[-1,0],[0,0],[0,1],[0,-1],[-1,0],[0,0],[-1,0],[0,-1],[-1,0],[-1,0],[-1,0],[0,0],[-1,0],[-1,-1],[-1,1],[0,0],[0,0],[-1,0],[0,0],[0,0],[-1,0],[0,0],[0,0],[-1,0],[-1,0],[0,-1],[0,0],[0,0],[-1,0],[0,0],[0,1],[-1,-1],[-1,0],[0,0],[-1,0],[0,-1],[-1,0],[0,-1],[0,0],[-1,0],[-1,-1],[-2,-1],[0,0],[0,0],[-1,0],[-1,-1],[0,0],[-1,0],[-1,-1],[-1,0],[0,-1],[-1,-1],[-1,-1],[-1,0],[0,0],[-1,-1],[0,0],[-1,0],[0,-1],[0,0],[0,0],[-2,-1],[0,0],[-1,0],[0,-1],[-1,0],[0,-1],[-1,-1],[-1,-1],[0,-1],[-1,-1],[0,0],[0,-1],[0,0],[0,0],[0,-1],[0,0],[0,0],[1,0],[0,-1],[0,0],[0,-1],[1,1],[1,-1],[-1,0],[0,0],[0,-1],[0,0],[0,0],[0,1],[1,-1],[0,0],[-1,0],[0,0],[-1,-1],[0,0],[0,-1],[-1,0],[0,0],[0,0],[0,-1],[0,0],[0,0],[0,0],[-1,0],[0,0]],[[579,538],[0,0],[0,-1],[0,0],[0,0],[0,0],[1,0],[0,0],[0,0],[0,0],[0,1],[0,0],[0,0],[0,0],[0,0],[1,0],[-1,0],[1,0],[0,0],[0,1],[0,0],[0,0],[0,0],[0,0],[0,0],[0,0],[0,0],[0,1],[0,0],[0,0],[0,0],[-1,0],[0,-1],[0,0],[-1,-1],[0,0],[0,0]],[[579,535],[0,0],[0,0],[0,0],[0,-1],[1,0],[0,0],[0,0],[1,1],[0,0],[0,1],[0,0],[0,0],[1,0],[0,0],[0,1],[0,0],[0,0],[0,-1],[0,0],[1,0],[0,0],[0,0],[0,0],[0,1],[0,0],[0,0],[0,0],[0,0],[0,0],[0,0],[0,0],[0,0],[0,0],[1,1],[-1,0],[0,0],[0,-1],[0,0],[0,1],[0,0],[0,0],[0,0],[0,0],[0,0],[0,1],[-1,0],[-1,-1],[0,0],[0,-1],[0,0],[0,0],[0,0],[0,0],[0,0],[0,-1],[0,0],[-1,0],[0,0],[-1,0],[0,0],[0,0],[0,-1]],[[600,512],[1,1],[0,0],[0,0],[1,1],[0,0],[1,1],[0,0],[1,0],[0,1],[0,1],[0,0],[1,0],[0,0],[1,1],[1,1],[0,0],[0,0],[0,0],[0,0],[1,1],[0,0],[0,0],[0,0],[0,0],[0,0],[1,0],[0,0],[0,0],[0,0],[0,0],[0,0],[1,0],[0,0],[0,0],[0,1],[0,0],[0,0],[1,0],[0,0],[0,0],[-1,0],[1,0],[0,0],[0,0],[0,0],[0,0],[1,0],[-1,1],[1,0],[0,0],[0,0],[0,0],[1,0],[0,0],[1,1],[0,0],[1,-1],[0,0],[0,0],[0,0],[0,1],[0,0],[0,0],[0,0],[0,0],[0,0],[1,0],[0,0],[1,0],[0,0],[1,1],[0,0],[0,0],[0,0],[0,1],[0,1],[-1,0],[0,0],[1,1],[0,0],[-1,0],[0,0],[-1,1],[0,0],[0,0],[0,0],[-1,-1],[0,0],[0,0],[0,0],[0,0],[-1,0],[0,-1],[0,0],[-1,0],[-1,0],[0,-1],[0,0],[0,0],[0,1],[0,0],[0,0],[-1,0],[0,0],[0,0],[-1,-1],[0,0],[0,0],[-1,0],[1,1],[-1,0],[0,0],[0,0],[0,0],[0,0],[0,0],[0,-1],[0,0],[0,0],[0,0],[-1,0],[0,0],[0,0],[0,0],[-1,0],[0,0],[0,-1],[1,0],[-1,0],[0,0],[0,0],[-1,-1],[0,1],[0,0],[-1,-1],[0,0],[0,0],[0,0],[0,-1],[-1,0],[0,0],[0,-1],[-1,0],[0,0],[0,0],[0,0],[0,0],[0,-1],[0,0],[0,0],[0,0],[-1,0],[0,0],[0,0],[0,0],[0,0],[0,-1],[0,0],[0,-1],[0,0],[-1,0],[0,-1],[-1,-1],[0,0],[0,0],[0,0],[0,0],[-1,0],[0,-1],[0,0],[0,0],[0,0],[-1,0],[0,0],[-1,0],[0,-1],[0,0],[-1,0],[0,-1],[1,0],[0,-1],[0,0],[0,0],[1,0],[0,0],[0,0],[0,0],[1,0],[1,0],[0,0],[0,0]],[[618,525],[0,0],[0,-1],[0,0],[0,0],[1,0],[0,0],[0,0],[0,0],[1,0],[0,0],[0,0],[0,0],[0,0],[0,0],[1,0],[0,0],[0,1],[0,0],[1,0],[0,0],[0,0],[0,0],[0,0],[1,0],[0,-1],[0,0],[1,1],[0,0],[0,0],[1,-1],[0,0],[1,0],[0,0],[1,-1],[1,-1],[1,0],[0,-1],[0,0],[0,-1],[1,0],[0,0],[0,1],[0,0],[0,0],[0,1],[0,0],[0,0],[0,0],[0,0],[0,0],[0,0],[0,0],[0,0],[1,0],[0,0],[-1,0],[0,1],[0,0],[0,0],[0,0],[1,0],[-1,0],[0,0],[0,0],[0,1],[0,0],[0,0],[0,1],[0,0],[0,0],[0,0],[0,0],[0,1],[0,0],[0,1],[0,0],[0,-1],[-1,1],[0,0],[0,0],[0,-1],[0,0],[0,0],[-1,0],[1,0],[-1,0],[0,0],[0,1],[0,0],[0,0],[0,0],[-1,0],[0,0],[0,0],[0,0],[0,1],[0,0],[0,1],[0,0],[0,0],[0,0],[0,1],[0,0],[-1,0],[0,0],[0,0],[-1,0],[0,0],[-1,0],[0,0],[0,0],[0,0],[0,-1],[0,0],[0,0],[0,0],[-1,0],[0,0],[0,0],[0,0],[0,0],[0,0],[-1,0],[0,-1],[0,1],[0,0],[-1,-1],[0,1],[0,0],[0,0],[0,0],[0,0],[-1,0],[0,0],[0,-1],[0,0],[0,0],[0,0],[0,0],[0,0],[-1,0],[0,0],[0,0],[0,0],[0,0],[-1,0],[0,0],[0,-1],[0,0],[0,0],[0,0],[0,-1],[0,0],[0,0],[0,0],[0,-1]],[[430,506],[0,0],[0,0],[0,0],[-1,1],[0,0],[-1,0],[0,0],[0,0],[0,-1],[0,0],[0,0],[0,0],[-1,-1],[0,0],[0,0],[-1,0],[0,0],[0,0],[0,0],[0,0],[0,-1],[0,-1],[0,-1],[0,0],[0,0],[0,-1],[0,0],[1,0],[1,-1],[0,0],[0,0],[0,0],[1,0],[0,1],[0,0],[0,0],[0,1],[1,0],[0,1],[0,0],[0,0],[1,-1],[0,1],[0,0],[0,0],[0,0],[0,0],[0,1],[0,0],[0,0],[0,0],[0,1],[0,0],[0,0],[0,0],[1,1],[0,0],[0,0],[0,0],[-1,0],[0,0],[0,0],[0,0],[-1,0]],[[425,505],[0,0],[-1,0],[0,0],[0,0],[0,-1],[0,0],[-1,0],[0,0],[0,0],[0,0],[1,1],[-1,0],[0,0],[1,0],[0,0],[0,1],[0,0],[0,0],[0,0],[0,0],[-1,0],[0,0],[0,0],[0,0],[0,0],[-1,0],[0,0],[0,0],[0,0],[0,0],[-1,0],[0,-1],[0,0],[0,0],[-1,0],[0,0],[0,0],[0,-1],[0,0],[0,0],[0,0],[0,0],[-1,0],[0,0],[0,0],[-1,0],[0,0],[0,0],[0,0],[0,-1],[0,-1],[0,0],[0,0],[0,0],[0,0],[0,0],[1,0],[0,-1],[0,0],[1,0],[0,0],[0,0],[0,-1],[0,0],[1,0],[0,0],[0,0],[0,0],[0,0],[0,0],[0,0],[1,0],[0,0],[0,0],[1,0],[0,0],[1,0],[0,-1],[0,0],[0,1],[1,1],[0,0],[0,0],[0,1],[1,0],[0,0],[0,0],[0,1],[0,0],[0,0],[0,0],[0,0],[0,0],[-1,1],[0,0],[0,0],[0,1],[0,0],[0,0]],[[418,508],[0,0],[0,-1],[-1,0],[-1,-1],[0,1],[1,0],[0,0],[0,0],[0,1],[0,0],[0,0],[0,0],[0,0],[0,0],[0,0],[0,0],[-1,1],[0,0],[0,0],[0,0],[0,0],[0,0],[-1,0],[0,0],[0,0],[0,0],[-1,0],[0,0],[0,0],[-1,-1],[0,0],[0,0],[0,-1],[0,0],[0,-1],[0,-1],[0,0],[0,0],[0,0],[0,0],[0,-1],[1,0],[0,0],[-1,-1],[0,-1],[0,0],[0,0],[1,0],[0,0],[0,0],[0,0],[1,0],[0,1],[0,0],[1,0],[0,0],[0,1],[0,0],[0,0],[1,0],[0,0],[0,0],[0,1],[0,0],[0,0],[0,0],[0,0],[0,0],[1,0],[0,0],[0,0],[0,1],[0,0],[1,0],[0,0],[0,0],[0,0],[0,1],[0,0],[0,0],[0,0],[0,0],[0,0],[0,0],[0,0],[0,0],[0,0],[0,0],[0,0],[0,1],[0,0],[0,0],[0,0],[-1,0],[0,0],[0,0],[0,0]],[[394,546],[0,0],[0,1],[0,0],[-1,0],[0,0],[0,0],[0,0],[0,0],[0,0],[0,0],[0,0],[1,0],[0,0],[0,0],[0,0],[1,0],[0,1],[0,0],[0,0],[0,1],[-1,0],[0,0],[0,1],[0,0],[0,0],[0,1],[0,0],[-1,2],[0,0],[0,0],[-1,0],[0,-1],[0,0],[0,0],[-1,1],[-1,-1],[0,0],[0,0],[0,-1],[0,0],[0,-1],[1,0],[0,0],[0,0],[1,0],[0,0],[1,0],[0,0],[0,0],[0,0],[0,-1],[0,0],[0,0],[-1,0],[0,0],[-1,0],[-1,1],[0,0],[0,0],[0,0],[-1,0],[0,0],[0,0],[0,0],[0,-1],[0,0],[0,0],[1,0],[0,0],[-1,-1],[0,0],[0,-1],[0,0],[0,0],[0,-1],[0,0],[0,0],[0,0],[0,0],[0,0],[-1,0],[0,0],[0,-1],[0,0],[0,0],[0,0],[0,-1],[1,0],[0,0],[0,-1],[1,0],[0,0],[0,0],[1,-1],[0,0],[0,0],[0,0],[0,1],[0,0],[1,0],[1,0],[0,0],[0,0],[1,0],[0,0],[0,0],[0,0],[1,0],[0,1],[0,0],[0,0],[0,0],[0,0],[0,1],[0,0],[0,0],[0,0],[0,0],[0,1],[-1,0],[0,0]],[[392,555],[0,0],[1,1],[0,0],[0,1],[-1,0],[0,0],[0,0],[0,0],[0,0],[0,1],[0,0],[0,1],[0,0],[0,0],[0,1],[-1,0],[1,0],[0,0],[0,0],[0,0],[-1,0],[0,0],[-1,0],[0,-1],[0,0],[0,-1],[0,-1],[0,0],[0,0],[0,-1],[0,0],[0,0],[0,0],[1,-1],[0,0],[0,-1],[1,0],[0,0],[1,0],[0,0],[0,0],[0,1],[-1,0],[0,0]],[[299,557],[-1,1],[0,0],[0,0],[-1,0],[0,0],[0,0],[0,0],[-1,0],[-1,1],[0,0],[-1,0],[0,0],[-2,0],[0,0],[0,0],[0,0],[-1,0],[0,0],[-1,0],[-1,0],[0,0],[0,0],[-1,0],[0,0],[0,1],[0,0],[-1,0],[0,0],[0,0],[0,0],[-3,1],[-1,0],[-2,1],[0,0],[-1,0],[0,0],[-1,1],[0,0],[-1,0],[0,1],[0,0],[-1,0],[0,0],[0,0],[0,0],[1,-1],[0,0],[0,0],[1,-1],[0,0],[0,0],[0,-1],[0,0],[0,-1],[0,0],[-1,0],[0,-1],[-1,0],[-2,0],[-1,0],[-1,0],[0,0],[-1,0],[0,0],[-1,0],[0,0],[0,1],[0,0],[0,0],[0,0],[-1,0],[-1,1],[0,0],[0,0],[0,0],[0,0],[0,0],[-1,1],[-1,0],[0,0],[0,0],[0,0],[-1,0],[0,0],[0,0],[1,-1],[0,0],[1,0],[0,0],[0,-1],[0,0],[0,0],[0,-1],[0,0],[0,0],[0,0],[0,0],[0,0],[-1,-1],[0,0],[-1,0],[0,0],[-1,0],[0,0],[1,0],[0,-1],[0,0],[1,0],[1,0],[2,0],[0,0],[0,0],[1,0],[1,0],[0,0],[0,0],[1,0],[0,0],[1,1],[1,-1],[0,0],[1,0],[0,0],[0,-1],[1,1],[1,0],[1,0],[0,0],[1,0],[2,0],[1,0],[0,0],[1,-1],[1,1],[0,0],[0,0],[1,0],[1,-1],[0,0],[1,0],[0,-1],[0,0],[0,0],[1,1],[0,-1],[0,0],[1,0],[1,0],[0,0],[1,0],[1,0],[1,0],[0,0],[1,0],[0,0],[0,0],[0,1],[0,0],[0,0],[0,0],[0,1],[0,0],[1,0],[0,0],[0,0],[0,0],[1,0],[0,0],[0,0],[0,0],[0,0],[1,-1],[1,0],[0,1],[0,0],[0,0],[0,0],[0,0]],[[389,604],[0,0],[0,0],[1,1],[0,0],[0,0],[0,0],[0,0],[0,0],[0,1],[0,0],[0,1],[0,0],[0,0],[0,0],[0,0],[0,1],[0,0],[0,0],[-1,0],[0,0],[0,0],[-1,-1],[-1,0],[0,-1],[0,0],[0,0],[0,-1],[0,0],[-1,0],[0,-1],[-1,0],[0,0],[1,0],[0,-1],[0,0],[1,0],[0,0],[1,1],[0,0],[1,0],[0,0],[0,0]],[[656,556],[0,0],[0,0],[0,0],[0,0],[0,0],[0,0],[0,1],[0,0],[0,0],[0,0],[0,0],[-1,-1],[1,0]],[[650,543],[0,0],[-1,1],[0,0],[0,0],[0,0],[0,0],[0,-1],[1,0]],[[628,528],[0,0],[0,-1],[0,0],[0,0],[0,0],[1,0],[0,0],[0,0],[0,0],[0,0],[0,0],[0,1],[0,0],[0,0],[-1,0],[0,0],[0,0],[0,1],[0,0],[0,0],[0,0],[0,-1],[0,0],[0,0],[-1,0],[0,0],[0,0],[1,0]],[[313,615],[0,0],[0,-1],[1,-1],[0,0],[0,0],[0,0],[0,1],[0,0],[-1,1]],[[375,579],[0,-1],[0,0],[0,0],[0,0],[0,0],[0,0],[0,0],[0,1]],[[366,582],[0,0],[1,0],[0,0],[0,0],[0,0],[0,-1],[1,0],[0,0],[1,0],[0,0],[0,0],[0,0],[1,0],[0,0],[0,1],[-1,0],[0,0],[0,-1],[-1,0],[0,1],[0,0],[-1,0],[0,0],[0,0],[0,0],[-1,0]],[[397,562],[0,0],[0,-1],[0,0],[0,1],[0,0],[0,0],[0,0]],[[399,557],[0,-1],[0,0],[0,0],[1,1],[0,0],[-1,0],[0,0]],[[372,544],[0,0],[0,0],[0,-1],[0,0],[0,0],[0,0],[0,0],[0,0],[1,0],[0,0],[0,0],[0,0],[0,0],[0,1],[0,0],[0,0],[-1,0]],[[411,510],[0,0],[-1,0],[1,0],[0,0],[0,-1],[0,0],[0,1],[0,0],[0,0]],[[402,513],[-1,0],[0,0],[0,0],[0,0],[0,0],[0,0],[0,0],[0,0],[0,0],[1,0],[0,0],[0,0],[0,0],[0,0],[0,0]],[[407,495],[0,0],[0,0],[0,0],[0,-1],[-1,0],[0,0],[1,0],[0,0],[0,0],[0,-1],[0,0],[1,0],[-1,1],[0,0],[0,0],[0,0],[0,1]],[[410,496],[0,0],[0,0],[0,0],[0,0],[1,0],[0,0],[0,-1],[0,0],[0,0],[0,1],[0,1],[0,0],[0,0],[0,-1],[-1,0]],[[586,491],[0,0],[0,0],[0,0],[-1,0],[0,0],[0,0],[0,0],[0,0],[1,0]],[[613,499],[0,0],[0,0],[0,0],[0,0],[0,1],[0,0],[-1,0],[0,-1],[0,0],[0,0],[0,-1],[1,1],[0,0],[0,0],[0,0],[0,0]],[[610,498],[0,1],[0,0],[0,0],[0,-1],[0,0],[0,0],[0,0],[0,0],[0,0]],[[603,490],[0,0],[0,0],[0,0],[0,0],[0,1],[0,0],[0,-1],[0,0],[0,0],[0,0]],[[632,504],[0,0],[0,0],[0,1],[0,0],[0,-1],[0,0],[0,0]],[[628,507],[0,0],[0,0],[-1,0],[0,0],[0,0],[0,0],[0,0],[0,0],[0,0],[1,0]],[[643,496],[1,0],[-1,1],[0,0],[0,0],[0,0],[0,0],[0,-1],[0,0],[0,0],[0,0],[0,0],[0,0],[0,0]],[[583,535],[1,0],[-1,1],[0,0],[0,-1],[0,0],[0,0],[0,0],[0,0],[0,0]],[[584,534],[0,0],[0,0],[0,0],[0,1],[0,0],[0,0],[0,0],[-1,-1],[0,0],[1,0],[0,0],[0,0],[0,0]],[[578,535],[0,0],[0,0],[0,0],[-1,0],[0,0],[0,0],[0,0],[0,0],[0,0],[0,0],[0,0],[0,0],[1,0],[0,0]],[[582,530],[0,0],[0,0],[0,1],[0,0],[0,-1],[0,0],[0,0],[0,0]],[[581,531],[0,0],[0,1],[0,0],[0,0],[-1,0],[0,0],[0,0],[0,0],[0,0],[0,-1],[1,0],[0,0]],[[583,526],[0,0],[0,0],[0,0],[0,0],[0,1],[0,0],[-1,0],[0,-1],[0,0],[1,0],[0,0]],[[577,528],[0,0],[1,0],[0,-1],[0,0],[0,0],[0,1],[1,0],[-1,0],[0,1],[0,0],[-1,0],[0,0],[0,0],[0,-1],[0,0],[0,0],[0,0],[0,0]],[[737,530],[0,0],[0,0],[-1,0],[0,0],[1,0],[0,0]],[[638,531],[0,0],[1,0],[0,0],[-1,0],[0,0],[1,1],[0,0],[1,0],[0,1],[0,0],[0,0],[0,1],[-1,0],[0,0],[0,0],[0,0],[-1,0],[0,0],[-1,0],[0,0],[0,-1],[0,0],[0,0],[0,-2],[1,0],[0,0]],[[578,523],[0,0],[0,1],[0,0],[-1,0],[0,0],[0,0],[0,0],[-1,-1],[0,0],[0,0],[0,0],[-1,0],[0,0],[0,0],[0,0],[0,0],[0,-1],[0,0],[0,0],[1,0],[0,0],[0,0],[0,0],[1,0],[0,0],[1,1]],[[582,528],[0,0],[0,0],[0,0],[0,0],[-1,1],[0,0],[0,0],[0,0],[-1,0],[0,0],[0,-1],[0,-1],[0,0],[1,0],[0,0],[0,0],[0,0],[1,0],[0,0],[0,0],[0,1]],[[577,524],[1,0],[0,0],[0,0],[1,0],[0,1],[0,0],[0,0],[1,0],[0,0],[0,0],[0,1],[0,0],[0,0],[0,1],[0,0],[-1,0],[0,0],[0,0],[-1,0],[0,0],[0,0],[0,0],[0,-1],[0,0],[0,0],[0,0],[0,0],[-1,-1],[0,0],[0,0],[0,0],[0,-1]],[[577,526],[0,0],[0,0],[0,1],[0,0],[0,-1],[-1,0],[0,-1],[0,0],[1,0],[0,1]],[[583,532],[0,1],[0,0],[0,0],[0,0],[-1,0],[0,0],[0,0],[0,0],[0,0],[0,0],[-1,0],[0,-1],[0,0],[0,0],[1,0],[0,0],[0,0],[0,0],[1,0]],[[581,529],[0,0],[1,-1],[0,0],[1,0],[0,0],[0,1],[0,1],[0,0],[-1,0],[0,0],[-1,0],[0,0],[0,-1],[0,0],[0,0],[0,0]],[[574,529],[0,0],[0,0],[0,-1],[1,0],[0,0],[0,1],[0,0],[1,0],[0,0],[0,0],[1,0],[-1,0],[0,1],[0,0],[0,0],[0,0],[0,0],[0,1],[0,0],[0,0],[0,0],[0,-1],[-1,0],[0,0],[-1,0],[0,0],[0,-1],[0,0],[0,0],[0,0]],[[577,531],[0,0],[0,-1],[0,0],[1,-1],[0,0],[0,-1],[1,1],[0,0],[1,1],[0,0],[0,0],[-1,0],[0,1],[0,0],[0,0],[0,0],[0,1],[0,0],[0,0],[-1,0],[0,0],[0,0],[-1,0],[0,-1]],[[573,524],[0,0],[0,1],[0,0],[0,0],[0,0],[0,1],[-1,-1],[0,0],[0,-1],[0,0],[0,0],[1,0]],[[573,529],[0,0],[0,0],[0,0],[0,0],[0,0],[-1,0],[0,-1],[0,0],[0,0],[1,0],[0,1]],[[425,499],[0,0],[0,0],[1,0],[0,0],[1,0],[0,0],[0,0],[0,0],[0,1],[0,0],[0,0],[-1,1],[0,0],[-1,0],[0,-1],[0,0],[0,0],[0,-1]],[[433,503],[0,-1],[134,-1],[-1,0],[0,1],[-132,0],[-1,0],[0,1],[0,0]],[[385,548],[-1,-1],[0,0],[1,0],[0,0],[1,0],[0,0],[0,0],[0,1],[0,0],[0,0],[0,0],[-1,0],[0,0],[0,0]],[[384,550],[0,0],[0,0],[-1,1],[-1,0],[0,1],[-1,0],[0,0],[0,-1],[0,0],[0,-1],[0,0],[0,0],[0,-1],[1,-1],[0,0],[0,0],[0,-1],[-1,0],[0,0],[0,-1],[1,0],[0,1],[0,0],[0,0],[0,1],[1,0],[0,0],[1,0],[0,0],[0,0],[0,0],[0,1],[0,0],[0,1]],[[391,541],[0,0],[0,-1],[1,1],[0,0],[0,0],[1,0],[0,0],[0,0],[1,0],[-1,0],[0,0],[0,0],[0,0],[-1,0],[0,0],[0,0],[0,0],[-1,0]],[[384,541],[0,0],[0,0],[1,0],[0,0],[0,-1],[0,0],[1,0],[-1,1],[0,0],[-1,1],[0,-1]],[[301,546],[0,0],[0,0],[0,0],[0,0],[0,0],[-1,0],[0,0],[0,-1],[0,0],[0,0],[0,0],[0,0],[1,0],[-1,-1],[0,0],[1,0],[0,0],[0,0],[1,1],[0,0],[0,1],[-1,0]],[[374,593],[-1,0],[0,-1],[1,-1],[0,0],[0,0],[0,-1],[0,0],[0,0],[1,1],[0,0],[0,0],[0,2],[0,0],[0,0],[0,0],[-1,0],[0,0],[0,0],[0,0],[0,0]],[[325,600],[0,0],[0,-1],[0,0],[0,0],[0,1],[1,0],[1,0],[0,0],[0,-1],[1,1],[0,1],[0,0],[0,0],[0,0],[-1,0],[0,0],[-1,-1],[-1,0]],[[313,611],[0,1],[0,-1],[0,0],[0,0],[0,0],[0,-1],[0,0],[1,0],[0,0],[0,-1],[0,0],[0,0],[0,0],[1,1],[0,0],[-1,0],[0,0],[0,1],[-1,0],[0,0],[0,0]],[[283,590],[0,-1],[0,0],[1,0],[1,0],[0,1],[0,0],[-1,-1],[0,1],[-1,0]],[[290,592],[0,0],[0,0],[0,0],[0,0],[0,0],[0,0],[0,0],[0,0],[0,1],[0,-1]],[[288,592],[0,-1],[-1,0],[0,0],[0,0],[0,-1],[0,0],[0,0],[0,0],[0,0],[1,0],[0,0],[0,0],[0,1],[1,0],[0,0],[1,0],[0,1],[0,0],[-1,0],[0,0],[-1,0]],[[281,588],[0,0],[0,0],[0,0],[0,0],[1,0],[0,0],[0,1],[-1,-1],[0,0]],[[290,590],[0,0],[0,0],[0,0],[0,0],[0,0],[0,0],[0,0],[0,0]],[[277,587],[-1,-1],[0,0],[0,0],[1,0],[0,0],[0,1]],[[273,584],[-1,0],[0,0],[0,0],[0,0],[0,0],[1,0],[0,1],[1,0],[0,0],[-1,-1]],[[267,579],[-1,0],[0,-1],[1,1],[1,0],[0,0],[1,1],[0,0],[0,1],[-1,-1],[0,0],[0,0],[-1,-1],[0,0],[0,0]],[[265,576],[-1,0],[0,-1],[0,0],[-1,-1],[0,0],[0,0],[0,0],[0,0],[0,-1],[-1,0],[-1,0],[0,-1],[0,0],[0,0],[0,0],[1,0],[0,0],[0,1],[1,0],[0,0],[1,1],[0,0],[0,0],[0,0],[1,0],[0,0],[-1,1],[0,0],[1,0],[0,1],[1,0],[0,0],[0,1],[0,0],[-1,0],[0,0],[0,0],[0,0],[0,-1]],[[258,572],[0,0],[0,-1],[0,0],[0,0],[0,1],[0,0],[0,0],[0,0]],[[261,570],[-1,0],[1,1],[-1,0],[0,0],[0,-1],[0,0],[0,0],[-1,-1],[0,0],[-1,0],[0,-1],[-1,0],[0,0],[1,0],[0,0],[1,1],[0,0],[0,0],[0,0],[1,0],[0,0],[1,1],[0,0]],[[390,511],[0,0],[0,0],[0,0],[0,0],[0,0],[-1,-1],[0,0],[1,0],[0,-1],[0,0],[0,0],[1,0],[0,0],[0,0],[0,0],[0,1],[0,0],[0,0],[0,0],[1,0],[-1,1],[0,0],[-1,0]],[[580,509],[0,0],[0,0],[0,-1],[0,0],[0,0],[1,1],[0,0],[-1,0],[0,0],[0,0],[0,1],[0,0],[0,0],[0,-1]],[[572,509],[1,0],[0,1],[0,0],[-1,0],[0,0],[0,-1],[0,0],[0,0],[0,0],[0,0],[0,0]],[[614,504],[1,1],[0,0],[0,0],[0,0],[0,0],[-1,0],[0,0],[0,0],[-1,1],[0,-1],[0,0],[-1,0],[0,-1],[0,0],[0,0],[1,0],[0,0],[0,-1],[0,0],[0,0],[1,0],[0,1],[0,0]],[[614,494],[1,0],[0,1],[0,0],[-1,0],[0,-1],[0,0],[-1,0],[0,0],[0,0],[0,-1],[0,0],[0,0],[1,0],[0,0],[0,0],[0,1]],[[611,492],[0,0],[1,1],[-1,0],[0,0],[0,0],[-1,0],[0,0],[0,0],[1,-1],[0,0],[0,0]],[[598,494],[0,0],[0,0],[0,0],[0,0],[1,0],[0,0],[-1,0],[1,0],[0,1],[0,0],[0,0],[-1,0],[0,0],[0,0],[0,-1],[0,1],[0,0],[-1,0],[0,-1],[1,0]],[[632,515],[1,0],[0,0],[0,0],[0,0],[1,0],[0,1],[0,0],[0,0],[0,0],[0,0],[0,0],[-1,1],[0,0],[0,0],[0,0],[0,0],[0,0],[0,0],[0,1],[-1,0],[0,0],[0,0],[0,0],[-1,1],[0,0],[0,-1],[0,0],[0,0],[-1,0],[0,0],[1,0],[0,-1],[0,0],[0,0],[0,0],[1,-1],[0,0],[0,-1],[0,0]],[[691,594],[0,0],[1,1],[0,0],[0,0],[0,-1],[0,0],[0,0],[0,0],[-1,-1],[0,0],[0,0],[0,0],[0,0],[1,-1],[0,0],[0,0],[0,0],[0,-1],[1,0],[0,-1],[0,0],[0,0],[1,0],[0,1],[1,0],[0,0],[0,0],[0,0],[0,0],[0,1],[0,1],[-1,1],[0,2],[0,1],[-1,0],[0,1],[0,0],[0,-1],[0,0],[-1,0],[0,0],[-1,0],[0,-1],[1,0],[0,-1],[-1,0],[0,-1],[0,0],[0,0]],[[733,570],[0,-1],[-1,0],[1,0],[0,-1],[0,0],[0,0],[0,0],[1,-1],[0,0],[0,0],[0,-1],[1,0],[0,0],[0,0],[0,0],[1,-1],[0,0],[1,0],[0,0],[-1,-1],[0,0],[1,-1],[-1,0],[0,0],[0,0],[0,-1],[1,0],[0,0],[0,0],[0,0],[1,0],[0,1],[0,0],[0,1],[0,0],[0,0],[-1,0],[0,1],[0,0],[1,0],[0,1],[0,0],[0,1],[0,0],[1,1],[0,0],[1,1],[0,1],[0,0],[-1,0],[0,1],[0,0],[0,0],[-1,0],[0,-1],[-1,0],[0,0],[-1,1],[0,0],[0,0],[0,1],[0,0],[0,1],[0,0],[-1,0],[0,-1],[-1,-1],[0,0],[0,-1],[0,0],[-1,0],[0,0]],[[820,514],[0,0],[0,0],[0,1],[0,0],[0,0],[-1,0],[0,1],[0,-1],[0,0],[-2,1],[0,0],[-1,0],[0,0],[0,0],[-1,-1],[-1,0],[0,0],[-1,-1],[1,0],[0,-1],[1,0],[0,0],[1,0],[0,0],[0,0],[1,0],[0,0],[1,0],[0,0],[0,0],[1,0],[0,0],[1,1]],[[159,481],[0,0],[-1,2],[0,0],[-1,1],[0,0],[0,0],[1,1],[0,0],[0,0],[0,0],[0,1],[-1,0],[0,-1],[0,0],[-1,0],[-1,-1],[0,0],[-1,0],[0,1],[-1,0],[0,0],[0,0],[0,0],[-1,0],[0,0],[0,1],[0,-1],[-1,0],[0,0],[-2,-1],[0,0],[-1,-1],[0,0],[0,-1],[0,-1],[0,0],[-1,0],[0,0],[0,0],[-1,0],[0,0],[0,-1],[-1,0],[0,0],[0,0],[0,0],[0,0],[-1,0],[-1,0],[-1,0],[0,0],[0,0],[0,0],[-1,0],[-1,0],[0,0],[0,0],[-1,1],[0,0],[0,0],[-1,1],[0,0],[1,0],[0,0],[0,0],[0,0],[0,0],[0,0],[1,1],[0,0],[0,0],[0,1],[0,1],[-1,0],[0,0],[0,1],[-1,0],[0,0],[-1,0],[0,0],[0,0],[0,0],[0,1],[1,0],[0,-1],[0,1],[0,0],[0,0],[0,0],[-1,1],[0,0],[0,0],[0,1],[0,0],[-1,0],[1,-1],[-1,0],[0,0],[-1,0],[0,0],[-1,0],[0,0],[0,0],[0,1],[0,0],[-1,0],[0,1],[0,0],[-1,-1],[-1,0],[0,0],[1,-1],[0,0],[1,1],[0,0],[0,-1],[0,0],[0,0],[0,-1],[1,-1],[0,0],[0,0],[1,0],[0,0],[0,0],[1,0],[0,-1],[1,0],[0,-1],[1,0],[0,-1],[0,0],[0,0],[0,0],[0,0],[-1,0],[0,0],[0,0],[-1,0],[0,1],[-1,0],[0,-1],[0,0],[1,0],[0,0],[0,0],[1,-1],[0,0],[1,-1],[1,-1],[0,0],[0,0],[0,0],[0,-1],[-1,0],[0,0],[0,-1],[0,0],[0,-1],[1,0],[0,-1],[0,0],[0,0],[0,-1],[1,0],[1,0],[0,1],[0,0],[1,1],[0,0],[0,0],[1,0],[0,0],[0,-1],[0,0],[1,0],[-1,0],[0,0],[-1,0],[0,-1],[0,0],[0,0],[0,0],[1,0],[0,-1],[1,0],[0,0],[0,0],[0,0],[1,0],[0,0],[1,0],[0,0],[1,0],[1,0],[1,0],[0,0],[0,0],[0,-1],[0,0],[1,1],[0,0],[1,0],[-1,0],[0,0],[0,0],[0,1],[-1,0],[0,0],[0,1],[0,0],[0,0],[0,0],[1,0],[0,0],[1,0],[1,0],[0,0],[1,1],[0,0],[1,0],[1,0],[0,0],[0,0],[1,0],[2,1],[0,0],[1,1],[0,0],[0,0],[0,1],[0,0],[0,0],[0,1],[0,0]],[[118,456],[0,-1],[0,1],[1,0],[0,0],[1,1],[0,0],[0,1],[1,1],[0,0],[0,1],[0,0],[0,0],[0,0],[1,2],[1,1],[1,1],[0,0],[0,0],[1,1],[0,1],[0,0],[0,0],[1,0],[0,1],[0,0],[1,0],[0,0],[1,0],[0,0],[1,1],[0,0],[0,1],[0,0],[-1,-1],[0,0],[0,0],[-1,0],[-1,0],[-1,0],[0,0],[0,0],[0,0],[0,-1],[0,0],[-1,-1],[0,0],[0,0],[0,0],[0,-1],[0,-1],[-1,0],[0,0],[0,0],[-2,-2],[0,0],[0,0],[0,-1],[0,0],[-1,-1],[0,0],[-1,-1],[0,0],[0,-1],[0,0],[0,-1],[0,0],[-1,0],[0,0],[0,-1],[0,0]],[[128,482],[0,0],[0,1],[0,0],[-1,0],[0,0],[0,0],[0,1],[0,0],[0,0],[-1,0],[0,0],[0,0],[-1,0],[0,-1],[0,0],[0,-1],[0,0],[0,0],[-1,0],[0,0],[0,-1],[0,-1],[0,-1],[-1,0],[0,0],[0,-1],[0,0],[0,0],[1,1],[0,0],[1,0],[0,0],[1,0],[0,0],[1,0],[1,1],[1,0],[0,0],[0,-1],[0,0],[0,0],[1,0],[0,1],[-1,0],[0,1],[-1,0],[0,1]],[[116,483],[0,-1],[0,0],[0,0],[1,0],[1,-1],[0,0],[0,0],[0,-1],[1,0],[1,0],[0,0],[1,0],[0,1],[0,0],[0,0],[0,1],[0,0],[1,0],[0,0],[1,0],[0,0],[0,1],[1,0],[0,0],[0,0],[0,0],[1,0],[0,1],[0,0],[-1,2],[0,0],[0,0],[-1,-1],[0,0],[-1,0],[0,-1],[-1,0],[0,0],[-1,-1],[0,0],[-1,0],[0,0],[0,0],[-2,1],[0,0],[0,0],[0,-1],[-1,0],[0,0],[0,0]],[[125,491],[0,0],[0,0],[1,1],[-1,0],[0,0],[0,0],[-1,0],[-1,0],[0,0],[0,0],[-1,0],[0,1],[0,0],[0,0],[-1,0],[0,0],[-1,0],[0,0],[0,-1],[0,0],[0,0],[0,0],[1,0],[0,0],[-1,0],[0,0],[-1,0],[1,-1],[0,0],[0,0],[1,0],[0,0],[0,0],[1,0],[1,0],[0,0],[0,0],[1,0],[0,-1],[0,0],[0,0],[1,0],[1,0],[0,-1],[0,0],[0,1],[0,0],[0,0],[0,0],[0,0],[-1,1]],[[130,494],[0,0],[0,0],[-1,0],[0,0],[0,1],[0,0],[0,0],[-1,0],[0,0],[0,0],[-1,0],[0,0],[-1,0],[0,0],[0,0],[-1,0],[0,0],[0,0],[-1,0],[0,0],[0,0],[0,1],[-1,-1],[1,0],[0,0],[0,-1],[0,0],[0,-1],[1,0],[0,0],[0,0],[1,-1],[0,0],[1,0],[0,1],[0,0],[0,-1],[0,0],[1,0],[0,0],[0,0],[0,-1],[1,0],[0,0],[0,-1],[1,0],[0,0],[1,0],[0,1],[0,1],[0,2],[-1,0]],[[138,475],[-1,0],[1,1],[-1,0],[0,1],[0,0],[0,0],[0,0],[0,1],[-1,0],[0,0],[-1,0],[0,1],[0,-1],[0,0],[-1,0],[-1,0],[0,0],[0,0],[-1,-1],[0,0],[0,0],[0,0],[0,0],[0,0],[0,0],[0,0],[0,-1],[0,0],[0,0],[0,0],[0,0],[1,0],[0,-1],[0,0],[1,0],[0,0],[0,0],[0,0],[1,0],[0,0],[1,0],[0,0],[0,0],[1,-1],[0,0],[0,0],[0,0],[0,0],[1,0],[0,0],[0,0],[0,0],[0,1],[0,0]],[[116,496],[-1,0],[0,1],[0,-1],[-1,1],[0,0],[-1,0],[0,0],[0,-1],[-1,0],[0,0],[0,0],[0,1],[-1,0],[0,0],[-1,0],[0,0],[-1,0],[-1,0],[0,0],[0,0],[0,0],[-1,0],[-1,0],[0,0],[-1,0],[0,-1],[-1,0],[0,-1],[0,0],[-1,0],[-1,0],[-1,0],[1,0],[0,0],[1,0],[1,0],[1,-1],[0,0],[0,0],[1,0],[0,0],[0,-1],[0,0],[0,0],[-1,0],[0,-1],[0,0],[-1,0],[0,-1],[-1,1],[0,0],[0,0],[0,0],[-2,0],[-1,0],[0,0],[-1,-1],[0,0],[0,-1],[0,0],[1,0],[0,0],[1,0],[0,0],[0,0],[0,0],[-1,-1],[0,0],[0,0],[0,0],[1,-2],[1,-1],[0,0],[1,-1],[1,0],[0,0],[1,0],[1,0],[0,0],[0,0],[1,1],[0,0],[0,0],[0,0],[1,0],[0,0],[1,0],[0,-1],[1,0],[0,-1],[0,0],[0,0],[0,0],[0,-1],[0,0],[0,0],[-1,0],[-1,0],[1,-1],[0,0],[0,0],[1,0],[0,0],[0,-1],[-1,0],[0,0],[0,0],[0,-1],[0,0],[1,0],[0,0],[0,-1],[0,0],[0,0],[0,-1],[-1,0],[-1,-1],[-1,0],[0,0],[0,-1],[0,0],[0,0],[1,0],[0,0],[1,0],[0,0],[1,1],[1,0],[0,0],[1,1],[0,0],[0,0],[0,1],[0,1],[0,0],[0,1],[0,0],[1,0],[0,1],[0,0],[0,0],[0,0],[1,0],[0,1],[0,0],[0,0],[0,1],[0,0],[0,0],[0,1],[-1,0],[0,0],[-1,0],[0,0],[-1,0],[0,0],[0,0],[0,1],[0,0],[0,1],[1,0],[0,0],[0,0],[1,1],[0,0],[0,0],[0,0],[0,1],[0,1],[0,0],[1,0],[0,0],[1,0],[-1,1],[0,0],[0,1],[0,0],[1,0],[0,0],[-1,1],[0,0],[1,0],[1,0],[1,0],[1,1],[0,0],[-1,0],[-1,1],[0,1],[0,0]],[[118,484],[0,0],[0,0],[0,0],[2,0],[0,0],[1,1],[0,1],[1,0],[0,0],[1,1],[1,0],[1,0],[0,1],[0,0],[0,0],[0,0],[0,0],[0,0],[-1,0],[0,0],[0,0],[-1,0],[-1,0],[0,-1],[-1,0],[0,0],[0,-1],[0,0],[-1,0],[0,-1],[-2,0],[0,-1]],[[160,484],[0,0],[0,0],[0,0],[0,0],[0,0],[0,1],[0,0],[0,-1]],[[162,483],[0,0],[0,0],[0,0],[0,0],[0,0],[0,0],[0,0]],[[166,486],[0,-1],[0,0],[0,1],[1,0],[-1,0],[0,0]],[[168,486],[0,-1],[0,0],[0,0],[0,0],[0,1],[0,0]],[[104,471],[-1,1],[0,0],[0,0],[0,0],[0,0],[0,0],[0,-1],[0,0],[0,0],[0,-1],[0,0],[1,0],[0,1],[0,0]],[[116,454],[0,0],[0,0],[1,0],[0,0],[0,1],[-1,-1]],[[125,469],[0,0],[0,0],[1,0],[-1,1],[0,0],[0,0],[0,-1]],[[132,472],[0,0],[0,0],[0,0],[0,0],[0,1],[-1,-1],[0,0],[1,0],[0,-1],[0,0],[0,0],[1,0],[0,0],[0,0],[0,0],[0,0],[0,0],[0,0],[0,0],[0,0],[-1,1],[0,0]],[[130,471],[0,0],[0,0],[1,0],[0,0],[1,-1],[0,1],[-1,0],[0,0],[0,0],[0,0],[0,0],[0,0],[-1,0]],[[123,481],[0,0],[0,0],[0,0],[0,0],[0,0],[1,1],[0,0],[0,0],[0,0],[0,0],[0,0],[-1,0],[0,-1]],[[118,490],[0,0],[0,-1],[0,0],[0,0],[0,0],[0,-2],[0,0],[0,-1],[1,0],[0,0],[0,0],[0,1],[1,0],[0,1],[0,0],[0,1],[0,0],[0,0],[0,0],[0,0],[0,1],[-1,0],[0,0],[-1,0]],[[101,466],[-1,0],[0,0],[0,0],[1,0],[-1,0],[0,-1],[0,0],[0,-1],[0,0],[1,0],[0,1],[0,1],[0,0],[0,0],[0,0],[0,0]],[[105,476],[0,-1],[0,0],[0,0],[0,0],[1,0],[0,0],[0,0],[0,1],[0,1],[-1,0],[0,0],[0,-1],[0,0]],[[118,496],[-1,0],[1,0],[0,0],[1,0],[-1,1],[0,0],[0,0],[0,0],[-1,0],[1,-1]],[[118,495],[0,0],[1,-1],[0,0],[0,0],[0,0],[1,0],[0,0],[0,0],[1,1],[0,0],[0,0],[0,0],[-1,0],[-1,0],[0,0],[-1,0],[0,0]],[[139,474],[0,0],[0,-1],[1,0],[0,0],[0,0],[-1,0],[0,1]],[[137,480],[0,1],[0,0],[-1,0],[0,0],[0,0],[0,0],[0,0],[-1,0],[1,-1],[0,0],[1,0],[0,0],[0,0]],[[132,480],[-1,0],[0,0],[0,0],[0,0],[1,0],[0,0],[0,0],[1,0],[0,1],[0,0],[0,0],[-1,0],[0,-1]],[[131,483],[0,0],[0,-1],[1,0],[0,0],[0,0],[0,1],[-1,0],[0,0],[0,0]],[[133,486],[-1,0],[1,0],[0,-1],[1,0],[0,0],[0,0],[0,0],[0,0],[0,0],[-1,1],[0,0]],[[131,488],[0,0],[0,0],[1,-1],[0,0],[0,0],[0,1],[-1,0]],[[130,487],[0,1],[-1,1],[-1,0],[0,-1],[0,0],[0,0],[1,-1],[0,0],[0,0],[0,0],[0,0],[0,0],[1,-1],[0,0],[0,0],[-1,-1],[0,0],[0,0],[1,0],[1,0],[0,0],[0,0],[1,0],[0,1],[-1,0],[0,1],[0,0],[-1,0]],[[136,491],[-1,0],[1,0],[0,-1],[-1,0],[1,0],[0,0],[1,0],[0,0],[1,0],[0,0],[0,1],[-1,0],[0,0],[0,0],[-1,0],[0,0],[0,0]],[[139,482],[0,0],[1,-1],[0,0],[0,0],[0,0],[-1,1]],[[143,482],[0,0],[0,0],[0,0],[0,0],[-1,0],[0,0],[0,-1],[0,0],[0,0],[0,0],[0,0],[1,0],[0,0],[0,0],[1,0],[-1,1],[0,0]],[[122,489],[0,0],[1,0],[0,0],[0,0],[-1,0],[0,0]],[[119,493],[0,0],[0,-1],[1,0],[0,0],[0,1],[-1,0]],[[109,481],[0,0],[-1,0],[0,-1],[0,0],[1,0],[0,0],[0,0],[0,0],[0,1]],[[105,493],[-1,0],[1,0],[0,0],[1,0],[0,0],[-1,0]],[[126,491],[0,-1],[0,0],[1,0],[0,0],[0,0],[0,1],[-1,0],[0,0]],[[115,490],[0,0],[0,0],[1,-1],[0,1],[0,0],[0,0],[0,0],[-1,0]],[[161,482],[0,0],[0,0],[0,0],[0,0],[1,0],[-1,0],[0,0]],[[130,470],[-1,0],[0,0],[0,0],[0,0],[0,-1],[1,0],[0,1],[0,0],[0,0]],[[126,487],[-1,0],[0,0],[1,0],[0,0],[0,0]],[[132,481],[0,0],[0,0],[0,0],[1,0],[-1,0],[0,0]],[[117,496],[0,0],[0,0],[0,0],[1,0],[-1,0],[0,0]],[[126,492],[0,0],[0,0],[0,0],[1,-1],[0,0],[0,1],[0,0],[-1,0]],[[117,456],[0,0],[0,0],[1,0],[0,0],[-1,0],[0,0]],[[116,485],[0,0],[0,0],[0,-1],[0,0],[1,0],[-1,1],[1,0],[0,0],[-1,0]],[[756,438],[0,-1],[1,0],[0,0],[0,-1],[0,0],[1,0],[0,0],[0,0],[0,0],[1,0],[0,0],[0,0],[0,0],[0,1],[1,0],[0,0],[0,1],[0,0],[1,1],[0,0],[0,0],[1,0],[0,1],[0,1],[0,0],[0,0],[0,1],[0,0],[0,1],[0,0],[0,1],[0,0],[1,0],[0,1],[0,0],[1,0],[0,0],[0,0],[0,0],[0,-1],[0,0],[1,0],[0,0],[0,0],[0,0],[0,0],[0,0],[0,-1],[0,0],[0,0],[0,0],[0,0],[1,0],[0,0],[0,0],[1,0],[0,0],[0,0],[0,0],[0,0],[0,-1],[0,0],[1,1],[0,0],[0,0],[0,0],[0,-1],[1,0],[0,0],[0,-1],[0,0],[0,0],[0,0],[0,0],[1,0],[-1,-1],[0,0],[0,0],[0,0],[1,0],[0,0],[0,-1],[0,0],[0,-1],[0,0],[0,-1],[0,0],[0,0],[0,0],[1,0],[0,0],[0,1],[1,0],[0,1],[1,0],[0,0],[0,0],[1,-1],[0,0],[1,0],[0,0],[0,0],[0,0],[1,0],[0,0],[0,0],[1,0],[0,0],[0,0],[1,1],[1,0],[0,0],[0,0],[0,0],[1,0],[0,0],[0,0],[1,0],[0,1],[0,0],[1,0],[1,0],[0,0],[1,0],[1,0],[0,0],[1,1],[1,1],[0,0],[1,0],[1,0],[0,0],[1,0],[0,1],[1,-1],[0,1],[0,0],[1,1],[0,1],[1,1],[0,0],[0,0],[0,0],[0,0],[-1,1],[0,0],[0,0],[0,1],[0,0],[1,0],[0,0],[0,0],[1,0],[1,1],[1,0],[0,0],[0,0],[0,0],[1,0],[0,0],[1,0],[0,0],[0,0],[0,0],[0,-1],[0,0],[0,-1],[0,0],[0,0],[0,0],[1,-1],[0,0],[1,0],[0,0],[1,0],[0,-1],[0,0],[0,-1],[0,0],[0,0],[0,0],[0,0],[0,0],[1,-1],[0,0],[1,0],[0,-1],[1,0],[0,-1],[0,0],[1,0],[0,0],[0,0],[0,0],[0,0],[0,0],[0,0],[1,0],[0,0],[0,0],[0,0],[0,0],[0,1],[1,0],[0,0],[0,0],[-1,0],[0,0],[0,1],[0,0],[1,0],[0,1],[0,0],[1,0],[0,0],[0,1],[0,0],[0,1],[0,0],[0,0],[0,1],[0,0],[0,1],[0,0],[0,0],[1,0],[0,1],[-1,0],[0,0],[1,0],[0,0],[0,0],[1,0],[0,0],[0,0],[0,1],[1,0],[0,0],[0,0],[0,0],[0,1],[0,0],[0,0],[0,0],[0,0],[0,1],[0,0],[1,0],[-1,0],[0,0],[0,1],[0,0],[0,0],[0,0],[0,0],[0,1],[0,0],[-1,0],[0,0],[-2,1],[0,0],[0,2],[0,0],[-1,0],[0,0],[-1,1],[0,0],[0,1],[0,0],[0,0],[0,1],[0,0],[0,-1],[0,0],[0,-1],[0,1],[0,0],[0,0],[1,1],[0,1],[1,1],[0,1],[0,1],[1,1],[0,0],[0,0],[0,2],[0,0],[0,0],[0,0],[0,0],[0,1],[0,1],[1,0],[0,0],[0,1],[0,0],[0,1],[0,1],[1,0],[0,1],[0,0],[0,0],[0,0],[0,1],[0,0],[0,0],[1,1],[0,0],[0,1],[0,0],[-1,0],[-1,0],[0,0],[-1,0],[0,0],[0,0],[0,0],[-1,0],[0,0],[-1,0],[0,0],[0,-1],[-1,0],[0,-1],[0,0],[0,0],[0,0],[0,0],[-1,0],[0,-1],[0,0],[0,0],[0,-1],[-1,-1],[0,0],[0,1],[0,-1],[0,0],[-1,1],[0,0],[-1,-1],[0,0],[0,1],[0,0],[0,0],[0,1],[0,0],[0,0],[0,0],[0,0],[0,0],[0,0],[-1,0],[-1,1],[-1,0],[0,0],[-1,0],[0,0],[0,0],[1,1],[-1,1],[0,0],[0,1],[0,0],[0,1],[0,0],[-1,1],[0,0],[-1,0],[-1,1],[0,0],[0,0],[0,1],[-1,1],[-1,0],[1,-1],[0,-1],[0,-2],[0,-1],[0,-1],[-1,-3],[0,-2],[0,0],[0,0],[0,0],[-1,-1],[0,0],[0,-1],[0,0],[0,-1],[0,0],[-1,-1],[0,0],[0,-1],[-1,0],[0,-1],[-1,-1],[0,0],[0,0],[0,0],[-1,0],[0,0],[0,0],[-1,0],[0,0],[-1,0],[-1,0],[0,0],[0,0],[-1,0],[0,0],[0,0],[-1,0],[0,-1],[0,0],[0,0],[0,-1],[0,0],[0,-1],[-1,0],[0,0],[0,-1],[0,1],[0,0],[0,0],[-1,0],[0,0],[0,0],[-1,-1],[0,0],[0,0],[0,-1],[0,0],[0,0],[-1,-1],[0,0],[0,0],[1,0],[0,-1],[0,0],[0,0],[-1,-1],[0,0],[-1,0],[-1,1],[-1,0],[0,0],[0,0],[-1,0],[0,0],[0,0],[-1,0],[0,-1],[-1,0],[0,-1],[0,0],[-1,0],[0,0],[-1,0],[0,0],[0,1],[-1,1],[0,0],[-1,-1],[0,-1],[0,0],[0,0],[0,-1],[0,0],[-1,-1],[0,0],[0,0],[-1,0],[0,0],[0,1],[0,0],[0,0],[-1,0],[0,0],[0,0],[-1,-1],[0,0],[0,0],[-1,0],[0,0],[0,0],[0,0],[-1,0],[0,0],[0,0],[0,0],[0,0],[0,0],[0,0],[-1,0],[0,0],[0,0],[0,1],[-1,0],[0,0],[0,0],[0,1],[0,0],[-1,0],[0,0],[-1,0],[0,-1],[0,0],[0,0],[0,0],[-1,0],[0,-1],[-1,0],[0,0],[0,0],[0,-1],[0,0],[-1,0],[0,0],[0,-1],[0,0],[0,-1],[-1,-1],[0,-1],[0,0],[0,0],[0,0],[0,-1],[-1,0],[0,-1],[-1,0],[0,0],[0,0],[0,0],[0,-1],[0,0],[0,0],[0,0],[0,-1],[0,0],[0,0],[0,-1],[0,0],[0,0],[0,-1],[0,0],[0,0],[0,0],[1,-1],[0,0],[0,0],[1,0],[0,0],[0,0],[0,0],[1,0],[0,-1],[-1,0],[1,0],[0,0],[0,0],[0,-1],[0,0],[-1,0],[0,0],[1,-1],[0,0],[0,0],[0,0]],[[834,483],[0,0],[0,0],[0,0],[-1,0],[-1,-1],[1,0],[0,0],[1,1],[0,0]],[[852,503],[0,1],[-1,0],[0,0],[-1,1],[0,0],[0,0],[-1,0],[0,1],[0,0],[-1,0],[0,0],[-1,0],[0,1],[0,0],[-1,0],[0,0],[-1,1],[0,0],[-1,0],[0,0],[0,0],[-1,1],[0,0],[0,-1],[-1,0],[0,-1],[0,-1],[-1,0],[0,-1],[0,-1],[-1,0],[0,-1],[0,-1],[-1,0],[0,-1],[0,-1],[-1,0],[0,-1],[0,-1],[-1,0],[0,-1],[0,0],[-1,0],[0,0],[-1,0],[0,0],[-1,0],[0,0],[-1,0],[0,0],[-1,0],[0,-1],[-1,0],[0,0],[-1,0],[0,0],[-1,0],[0,0],[0,0],[-1,0],[0,1],[-1,0],[0,0],[-1,1],[0,0],[-1,0],[0,0],[-1,0],[0,0],[-1,0],[-1,0],[0,-1],[-1,0],[0,0],[0,0],[0,1],[0,0],[-1,-1],[0,0],[0,0],[0,-1],[0,0],[0,0],[0,0],[-1,0],[0,1],[0,0],[0,0],[0,0],[-1,0],[0,0],[0,0],[0,0],[-1,0],[0,0],[0,0],[-1,0],[0,0],[0,0],[0,-1],[0,0],[0,0],[0,0],[1,0],[0,0],[0,0],[0,0],[0,0],[0,0],[0,-1],[-1,0],[0,0],[0,0],[0,0],[1,-1],[1,0],[0,-1],[1,-1],[1,-1],[0,0],[0,-1],[0,-1],[0,-1],[0,-1],[0,-1],[0,0],[0,0],[0,-1],[1,0],[0,-1],[0,0],[1,0],[0,-1],[1,-1],[0,0],[1,-1],[0,0],[0,-1],[0,0],[1,0],[0,0],[1,0],[0,0],[1,1],[1,0],[1,0],[0,1],[1,1],[2,0],[1,1],[0,0],[1,0],[0,1],[0,0],[-1,0],[0,0],[0,0],[0,0],[1,1],[1,0],[0,0],[1,0],[0,0],[1,0],[0,0],[1,0],[1,0],[0,0],[1,0],[0,0],[0,0],[0,1],[1,1],[0,1],[0,0],[1,1],[2,0],[1,1],[0,0],[0,1],[1,2],[0,0],[1,1],[1,0],[0,0],[0,0],[0,0],[1,0],[1,0],[0,2],[0,0],[0,0],[0,1],[0,1],[1,1],[0,1],[1,0],[0,1],[0,1]],[[813,496],[0,0],[0,0],[0,0],[0,0],[0,0],[-1,0],[0,0],[0,0],[0,0],[0,1],[-1,-1],[0,0],[0,0],[0,0],[-1,0],[0,0],[0,0],[0,-1],[1,0],[0,0],[2,0],[0,1],[0,0],[0,0]],[[815,495],[0,0],[0,1],[0,0],[0,0],[0,-1],[0,0],[0,0]],[[237,517],[0,0],[-1,0],[0,0],[0,0],[0,0],[0,-1],[0,0],[0,0],[0,-1],[0,0],[0,0],[0,-1],[0,0],[0,-1],[0,0],[-1,0],[0,0],[0,-1],[0,0],[-1,0],[0,0],[0,0],[0,0],[0,0],[1,-1],[-1,-1],[0,0],[0,0],[1,0],[0,0],[0,-1],[0,0],[0,0],[0,-1],[-1,0],[0,0],[0,0],[0,0],[1,0],[0,-1],[0,0],[0,0],[1,0],[0,1],[0,-1],[0,0],[0,0],[0,0],[0,-1],[0,0],[0,0],[1,1],[0,0],[0,0],[1,0],[0,1],[0,0],[0,1],[0,0],[0,0],[0,-1],[0,0],[1,0],[0,0],[1,1],[1,0],[0,0],[0,0],[1,-1],[0,0],[0,-1],[1,0],[-1,0],[0,0],[0,0],[0,-1],[0,0],[1,0],[0,0],[0,0],[1,0],[0,0],[0,0],[0,0],[1,1],[0,0],[0,1],[0,0],[0,0],[0,0],[0,0],[0,0],[1,1],[0,0],[0,0],[0,1],[0,0],[0,0],[0,0],[0,0],[0,0],[0,1],[1,0],[0,0],[0,0],[0,1],[0,0],[0,0],[1,0],[0,1],[0,0],[0,0],[0,0],[1,0],[0,0],[0,0],[0,1],[1,0],[0,0],[-1,0],[1,0],[0,0],[0,0],[0,1],[-1,0],[0,0],[0,0],[0,0],[0,0],[0,0],[-1,1],[0,0],[0,0],[0,0],[0,1],[0,0],[0,1],[0,0],[0,0],[0,0],[0,0],[0,0],[1,0],[0,0],[0,0],[0,0],[1,0],[0,0],[0,0],[0,0],[0,0],[0,0],[0,0],[0,1],[0,0],[0,1],[0,0],[0,0],[0,0],[1,1],[0,0],[0,0],[0,0],[0,0],[0,0],[1,1],[0,0],[0,0],[-1,0],[0,0],[0,0],[1,0],[0,0],[0,1],[0,0],[0,0],[1,0],[0,0],[0,0],[1,0],[0,0],[0,1],[0,0],[0,0],[0,0],[0,0],[-1,0],[0,0],[0,0],[0,0],[-1,0],[0,1],[0,0],[0,0],[0,0],[0,0],[-1,0],[0,0],[0,0],[0,1],[0,-1],[0,0],[0,0],[0,-1],[-1,0],[0,0],[0,0],[0,-1],[-1,0],[0,0],[0,0],[-1,-1],[0,0],[-1,1],[0,0],[-1,-1],[0,0],[-1,0],[0,-1],[0,0],[-1,-1],[0,0],[0,0],[-1,-1],[0,0],[0,-1],[0,0],[-1,0],[0,-1],[0,0],[0,-1],[0,-1],[-1,0],[0,0],[-1,0],[0,0],[0,0],[0,0],[0,0],[-1,0],[0,0],[0,0],[0,1],[0,0],[-1,0],[0,1],[0,0],[-1,0],[0,0],[0,0]],[[242,507],[-1,0],[1,0],[0,0],[0,0],[0,0]],[[767,389],[0,0],[0,0],[0,0],[1,0],[0,0],[1,-1],[1,0],[0,0],[0,-1],[1,0],[0,0],[1,-1],[0,0],[0,0],[1,0],[0,1],[0,0],[0,1],[0,0],[0,0],[1,1],[0,0],[0,0],[0,1],[0,0],[1,0],[0,1],[0,0],[0,1],[0,0],[0,0],[0,1],[0,0],[1,1],[0,0],[0,0],[-1,0],[0,1],[0,0],[0,0],[1,0],[0,1],[0,0],[0,0],[0,0],[0,0],[0,1],[0,0],[0,0],[0,0],[0,1],[0,1],[-1,0],[0,0],[0,0],[0,1],[0,1],[0,0],[1,0],[0,1],[0,0],[0,0],[0,1],[0,0],[1,0],[0,0],[0,0],[0,1],[0,0],[0,1],[0,1],[0,0],[0,0],[0,0],[0,1],[0,0],[0,1],[0,1],[0,0],[0,0],[0,0],[1,0],[0,0],[-1,1],[0,1],[0,0],[0,1],[0,0],[0,0],[0,1],[0,0],[0,1],[0,0],[0,0],[0,0],[0,1],[0,0],[0,0],[0,0],[0,0],[0,1],[0,0],[0,0],[0,1],[-1,0],[0,0],[-1,0],[0,0],[0,0],[-1,0],[0,0],[-1,0],[-1,0],[0,0],[-1,-1],[0,0],[0,0],[-1,0],[0,0],[0,0],[1,-1],[0,0],[0,0],[-1,0],[-1,0],[0,-1],[-1,-1],[0,0],[0,-1],[1,0],[0,0],[0,0],[0,-1],[0,-1],[0,-1],[0,-1],[0,0],[0,0],[0,-1],[1,-1],[0,0],[0,0],[0,-1],[-1,0],[0,0],[0,-1],[0,0],[1,0],[0,-1],[0,0],[0,0],[0,-1],[0,-1],[0,0],[0,0],[0,0],[0,0],[0,0],[0,-1],[0,0],[0,0],[0,0],[0,0],[0,0],[1,-1],[0,0],[-1,-1],[0,0],[0,-1],[0,0],[0,-1],[1,0],[0,0],[-1,0],[0,0],[0,0],[0,0],[0,0],[0,-1],[0,0],[0,0],[0,-1],[0,0],[-1,0],[0,0],[0,0],[0,0],[0,0],[0,-1],[0,0],[0,0],[0,-1],[0,0],[-1,-1],[0,0],[0,-1],[0,0],[-1,0],[0,0],[0,-1],[0,0]],[[694,432],[0,0],[0,0],[-1,-1],[0,0],[0,0],[0,0],[-1,0],[0,0],[0,0],[0,0],[0,0],[0,0],[-1,0],[0,-1],[0,0],[0,0],[0,0],[0,0],[0,0],[0,0],[0,0],[0,0],[0,0],[0,-1],[-1,1],[0,-1],[0,0],[0,0],[0,0],[0,0],[-1,0],[0,0],[0,0],[0,0],[-1,0],[0,0],[0,0],[-376,0],[0,0],[0,0],[0,0],[0,1],[0,0],[0,0],[0,0],[0,1],[0,0],[0,0],[0,0],[0,1],[0,0],[0,0],[0,0],[0,0],[0,1],[0,0],[0,0],[0,0],[0,0],[0,1],[0,0],[0,0],[0,1],[0,0],[0,0],[0,0],[0,0],[0,0],[0,1],[0,0],[-1,0],[0,0],[0,0],[0,0],[0,0],[0,0],[0,1],[0,0],[0,0],[0,0],[-1,0],[0,0],[0,0],[0,0],[0,1],[0,0],[-1,0],[0,0],[0,1],[0,0],[0,0],[-1,0],[0,0],[0,0],[-1,0],[0,0],[0,0],[0,0],[0,0],[-1,0],[0,0],[0,0],[0,0],[0,1],[0,0],[0,0],[-1,0],[0,0],[0,0],[0,1],[0,0],[0,0],[0,0],[0,0],[0,1],[0,0],[0,0],[0,0],[0,0],[0,0],[0,0],[-1,0],[0,1],[0,0],[0,0],[0,0],[0,0],[0,0],[-1,0],[1,0],[-1,1],[0,0],[0,0],[0,0],[-1,0],[0,0],[0,1],[0,0],[0,0],[0,1],[0,0],[0,0],[0,0],[0,0],[0,1],[0,0],[1,0],[0,0],[0,0],[0,1],[0,0],[1,0],[0,0],[0,0],[0,0],[0,0],[0,0],[1,0],[0,0],[0,0],[0,0],[0,0],[1,0],[0,0],[0,0],[0,0],[1,0],[0,1],[0,0],[0,0],[0,0],[0,0],[1,0],[0,0],[0,1],[0,0],[0,0],[0,0],[0,0],[0,0],[0,1],[0,1],[1,0],[0,0],[0,0],[0,0],[0,1],[0,0],[-1,0],[0,0],[0,0],[0,1],[-1,0],[0,0],[0,0],[-1,0],[0,1],[0,0],[0,0],[0,1],[-1,0],[0,0],[-1,1],[0,0],[0,0],[0,0],[0,0],[0,1],[-1,0],[0,0],[0,0],[0,0],[-1,0],[0,0],[0,0],[0,0],[-1,0],[0,0],[0,0],[0,0],[-1,0],[0,0],[0,0],[0,0],[0,0],[0,0],[0,0],[-1,0],[0,0],[0,0],[0,1],[-1,0],[0,0],[0,0],[0,0],[-1,1],[0,0],[0,0],[0,0],[0,1],[0,0],[0,0],[0,0],[0,0],[0,1],[0,0],[0,0],[0,1],[0,0],[0,1],[0,0],[0,0],[0,0],[0,1],[-1,0],[0,0],[0,1],[0,0],[0,0],[-1,1],[0,0],[0,0],[0,1],[0,0],[-1,0],[0,0],[-1,0],[0,1],[0,0],[0,1],[0,0],[0,0],[-1,0],[0,0],[0,0],[0,0],[-1,0],[0,0],[0,0],[0,0],[0,0],[-1,1],[0,0],[0,0],[0,0],[-1,1],[0,1],[0,0],[0,0],[-1,1],[0,0],[0,1],[0,0],[0,0],[0,1],[-1,0],[0,0],[0,0],[0,1],[1,1],[-1,0],[0,0],[0,0],[0,1],[0,0],[0,0],[0,1],[0,1],[0,0],[0,0],[0,1],[0,0],[0,0],[1,1],[0,0],[0,0],[0,1],[0,0],[1,1],[0,0],[0,1],[0,0],[0,0],[0,0],[0,1],[0,0],[0,0],[-1,1],[0,0],[0,0],[-1,0],[0,1],[0,0],[0,0],[0,0],[0,1],[0,0],[0,1],[0,0],[0,0],[-1,0],[0,1],[0,0],[-1,-1],[-1,0],[0,-1],[-1,0],[0,-1],[-1,0],[0,0],[0,0],[0,-1],[-1,0],[0,0],[-1,0],[0,0],[0,-1],[-1,0],[0,0],[0,0],[-1,1],[0,0],[0,0],[0,0],[0,1],[0,0],[0,0],[0,1],[0,0],[0,0],[0,1],[0,0],[0,0],[-1,0],[0,0],[0,1],[0,0],[0,0],[0,0],[1,1],[0,0],[0,0],[0,0],[0,1],[0,0],[0,0],[0,1],[-1,0],[0,0],[0,0],[-1,1],[0,0],[0,0],[0,0],[0,0],[0,0],[0,0],[-1,0],[0,0],[0,0],[0,1],[0,0],[-1,0],[0,0],[0,0],[-1,0],[0,0],[0,0],[0,1],[0,0],[-1,0],[0,0],[0,-1],[0,0],[0,0],[0,0],[0,-1],[0,0],[0,-1],[0,0],[1,0],[0,0],[0,0],[-1,-1],[1,0],[0,0],[0,0],[0,-1],[0,0],[0,0],[0,-1],[-1,0],[0,0],[0,-1],[1,0],[0,0],[0,0],[0,0],[0,0],[-1,-1],[0,0],[0,0],[0,0],[0,0],[0,-1],[0,0],[0,0],[0,0],[0,-1],[0,0],[0,0],[0,0],[0,0],[-1,-1],[0,0],[0,0],[-1,0],[0,0],[0,-1],[0,0],[0,0],[0,-1],[0,0],[0,0],[0,-1],[0,0],[0,0],[0,-1],[0,0],[0,-1],[0,0],[0,0],[0,0],[0,0],[-1,-1],[0,0],[0,0],[0,-1],[0,0],[0,0],[0,0],[-1,-1],[0,0],[0,0],[0,0],[0,-1],[1,0],[0,0],[0,-1],[0,-1],[1,0],[0,0],[0,0],[0,0],[1,-1],[0,0],[0,0],[0,-1],[-1,0],[0,-1],[0,0],[-1,0],[0,0],[0,-1],[0,0],[-1,0],[0,1],[0,0],[-1,0],[0,0],[0,0],[-1,0],[0,0],[0,0],[0,0],[0,0],[0,0],[-1,-1],[0,0],[0,0],[0,0],[0,0],[0,-1],[0,-1],[0,0],[0,0],[0,0],[-1,-1],[0,0],[0,0],[0,-1],[0,0],[-1,0],[0,0],[0,-1],[0,0],[0,0],[0,-1],[0,0],[0,-1],[0,0],[0,-1],[0,0],[0,-1],[0,0],[1,-1],[0,0],[0,-1],[0,0],[0,-1],[0,0],[1,-1],[0,-1],[0,0],[0,-1],[0,0],[0,0],[0,-1],[0,0],[0,-2],[0,-1],[-1,0],[0,-1],[0,0],[0,0],[0,-1],[0,0],[0,0],[0,0],[1,-1],[1,0],[0,0],[0,-1],[0,-1],[1,-1],[0,0],[1,0],[0,-1],[1,-1],[0,-1],[1,0],[0,0],[1,0],[0,0],[0,-1],[0,0],[1,0],[0,-1],[0,-1],[1,0],[1,-1],[0,-1],[0,0],[0,-1],[1,-1],[0,-1],[1,-1],[1,-2],[1,-1],[0,-1],[0,0],[0,-1],[0,0],[1,0],[0,0],[1,0],[0,0],[1,0],[0,0],[0,0],[2,0],[0,0],[1,0],[0,0],[0,0],[0,0],[0,0],[1,0],[0,0],[0,0],[0,0],[1,-1],[0,0],[0,0],[1,-1],[0,0],[1,0],[0,-1],[1,0],[0,0],[1,0],[0,0],[0,-1],[1,-1],[0,0],[0,0],[1,-1],[0,0],[0,-1],[1,0],[0,0],[0,-1],[0,0],[0,0],[1,0],[0,0],[0,-1],[0,0],[0,0],[0,0],[0,0],[1,0],[0,0],[0,0],[1,0],[0,0],[0,0],[1,1],[0,0],[0,0],[0,0],[0,1],[0,0],[0,0],[1,0],[0,0],[0,0],[0,0],[1,1],[0,0],[0,0],[0,0],[1,0],[0,0],[0,0],[1,0],[0,0],[0,0],[1,0],[0,0],[0,0],[1,0],[0,0],[0,0],[0,0],[1,1],[0,0],[0,-1],[0,0],[0,0],[1,0],[0,0],[390,0],[0,0],[1,0],[0,1],[0,0],[0,0],[0,0],[-1,0],[0,1],[1,0],[0,0],[0,0],[0,1],[0,0],[0,0],[0,0],[0,1],[0,0],[0,0],[-1,1],[1,0],[-1,0],[0,1],[1,0],[0,0],[-1,0],[0,0],[0,0],[0,0],[0,0],[0,0],[0,1],[0,0],[0,0],[0,0],[0,0],[-1,0],[0,0],[0,0],[0,0],[0,1],[0,0],[0,0]],[[891,400],[0,0],[0,0],[0,1],[0,-1],[0,0],[0,0],[0,0],[0,0]],[[887,401],[0,0],[0,1],[0,0],[0,0],[0,0],[0,0],[0,0],[0,-1],[0,0],[0,0],[0,0],[0,0]],[[134,377],[1,1],[0,0],[0,0],[0,0],[0,0],[-1,1],[0,0],[-1,1],[0,0],[0,0],[0,0],[0,0],[-1,0],[0,1],[0,0],[0,0],[-1,0],[0,0],[0,0],[-1,-1],[0,0],[0,0],[-1,0],[0,0],[0,0],[0,1],[0,0],[0,0],[0,1],[0,1],[0,0],[0,0],[0,0],[0,0],[0,0],[-1,0],[0,1],[1,0],[0,0],[0,1],[1,0],[0,1],[-1,0],[0,0],[-2,1],[-1,0],[-1,1],[0,0],[-1,0],[0,1],[-3,0],[-1,0],[-1,-1],[-2,-1],[0,0],[-1,-1],[-1,1],[0,-1],[-1,0],[-1,-1],[-1,0],[0,1],[-2,0],[0,0],[-1,1],[-3,0],[-2,0],[0,0],[0,-1],[0,0],[0,0],[1,0],[0,0],[0,0],[0,0],[1,0],[-1,-1],[0,0],[0,0],[0,-1],[0,0],[0,-1],[0,0],[1,0],[0,0],[0,-1],[2,-1],[1,-1],[1,0],[2,-2],[1,-1],[1,0],[1,-1],[1,0],[0,0],[1,0],[0,0],[1,0],[0,0],[1,0],[1,0],[1,-1],[1,0],[0,0],[1,0],[0,1],[0,0],[1,-1],[0,1],[2,0],[2,0],[2,1],[1,0],[1,0],[1,0],[1,0],[0,0]],[[98,453],[0,0],[0,-1],[1,-1],[0,0],[1,-1],[0,-1],[0,0],[0,-1],[0,0],[0,0],[0,-1],[0,0],[0,0],[1,0],[0,-1],[-1,0],[1,-1],[0,0],[0,0],[-1,-1],[0,0],[0,0],[-1,-1],[0,0],[-1,0],[0,0],[-1,0],[0,-1],[0,0],[0,0],[-1,0],[0,0],[0,0],[-1,-1],[0,0],[0,0],[0,-1],[0,0],[0,0],[0,0],[-1,-1],[0,0],[0,0],[0,0],[0,0],[-1,0],[0,1],[0,0],[0,-1],[0,0],[-1,-1],[0,0],[0,-1],[0,0],[0,0],[-1,0],[0,0],[0,0],[0,0],[-1,0],[0,0],[0,-1],[0,0],[0,0],[-1,0],[0,-1],[0,0],[0,0],[0,0],[0,-1],[0,-1],[0,0],[0,-1],[0,0],[0,-1],[0,0],[0,-1],[0,0],[0,0],[1,-1],[0,-1],[0,0],[1,0],[0,0],[0,0],[0,0],[0,0],[1,-3],[0,0],[0,-1],[0,0],[-1,0],[0,-1],[-1,0],[0,-1],[0,-1],[0,0],[0,0],[0,-1],[0,0],[1,0],[0,-1],[0,-1],[0,0],[0,-1],[0,-1],[0,-1],[0,0],[1,0],[0,-1],[1,0],[1,-1],[0,0],[0,0],[1,0],[0,0],[1,-1],[0,0],[1,0],[0,0],[0,0],[1,0],[0,1],[-1,0],[0,0],[0,0],[-1,1],[0,0],[0,1],[0,0],[0,1],[-1,0],[-1,1],[0,0],[0,1],[0,0],[-1,1],[0,0],[0,0],[0,0],[0,0],[1,0],[0,0],[0,0],[1,0],[0,1],[1,0],[0,0],[0,0],[1,0],[0,0],[0,1],[1,0],[-1,0],[0,0],[0,0],[0,1],[0,0],[1,0],[0,0],[1,0],[0,1],[0,1],[0,2],[0,3],[0,1],[0,0],[0,0],[0,1],[1,1],[1,1],[1,1],[1,2],[0,0],[0,0],[1,0],[0,0],[0,1],[0,0],[0,0],[0,0],[0,0],[-1,0],[0,1],[0,0],[-1,0],[0,0],[0,0],[0,0],[-1,0],[0,1],[0,0],[0,0],[0,0],[0,1],[1,0],[0,0],[0,0],[0,0],[0,0],[1,0],[0,0],[1,0],[0,0],[0,0],[0,1],[0,0],[0,1],[0,0],[-1,-1],[0,0],[-1,0],[0,1],[0,0],[0,0],[0,0],[0,0],[0,0],[1,0],[0,0],[1,0],[0,0],[0,1],[0,1],[1,0],[0,0],[0,1],[1,-1],[0,0],[0,0],[1,1],[0,0],[0,0],[0,0],[0,1],[-1,0],[1,0],[0,1],[1,1],[0,0],[1,0],[1,2],[0,1],[2,1],[0,0],[0,0],[-1,0],[0,0],[0,0],[-1,0],[0,0],[0,0],[1,1],[0,0],[1,1],[-1,0],[0,0],[0,0],[0,0],[-1,0],[0,0],[-1,1],[0,0],[0,0],[0,1],[-1,0],[0,-1],[0,0],[-1,0],[0,0],[-1,0],[0,-1],[0,2],[0,0],[1,1],[-1,0],[0,0],[-1,0],[0,-1],[0,0],[0,0],[0,0],[0,1],[0,1],[0,0],[0,0],[0,0],[0,1],[-1,0],[0,0],[0,0],[-1,1],[0,1],[0,0],[0,1],[-1,0],[0,0],[0,0],[0,0],[-1,0],[0,-1],[0,0],[0,-1],[0,-1],[0,-1],[0,-1],[0,0],[0,0],[0,-1],[-1,1],[-1,1],[-1,0],[0,0],[0,0],[0,-1],[0,0],[0,-1],[0,-1],[0,0],[0,-1],[1,0],[0,0],[0,-1],[-1,0],[0,0]],[[110,389],[0,-1],[0,0],[1,0],[0,1],[0,0],[0,0],[-1,0]],[[129,376],[0,0],[0,-1],[1,1],[0,0],[0,0],[0,0],[-1,0]],[[135,376],[-1,0],[0,0],[0,0],[0,0],[0,0],[0,-1],[1,0],[0,0],[0,0],[0,1],[0,0],[0,0],[0,0]],[[113,454],[-1,0],[1,0],[0,0],[0,0],[0,1],[0,0],[0,-1],[0,0],[0,0]],[[117,376],[0,0],[0,0],[0,0],[0,0],[0,0],[0,0]],[[97,421],[0,0],[1,0],[1,0],[0,1],[0,0],[0,0],[-1,0],[0,-1],[-1,0]],[[98,454],[0,0],[0,-1],[0,0],[0,0],[0,0],[0,1],[0,0]],[[779,567],[0,0],[0,-1],[0,0],[0,0],[0,0],[0,0],[0,0],[1,0],[0,0],[0,0],[0,0],[1,0],[0,0],[0,0],[0,0],[1,0],[0,1],[0,0],[0,0],[0,-1],[0,0],[0,0],[0,1],[0,0],[0,0],[0,0],[0,1],[0,0],[0,0],[1,0],[0,0],[0,0],[0,0],[0,0],[0,0],[0,0],[1,0],[0,0],[0,0],[0,0],[0,1],[0,0],[0,0],[0,0],[0,0],[1,1],[0,0],[0,0],[0,0],[0,1],[0,0],[-1,-1],[0,0],[-1,0],[-1,-1],[-1,0],[-1,0],[0,-1],[-1,0],[0,-1],[0,0]],[[196,413],[-1,0],[0,1],[-1,0],[0,0],[-1,0],[0,0],[0,0],[-1,0],[0,0],[0,0],[0,0],[0,1],[0,0],[0,0],[0,0],[0,0],[0,0],[0,0],[0,0],[-1,0],[0,0],[0,0],[0,-1],[-1,0],[0,0],[-2,0],[0,1],[0,1],[-1,0],[0,0],[0,0],[0,1],[0,0],[0,1],[0,0],[0,1],[-1,0],[0,0],[0,0],[-1,1],[0,-1],[0,0],[0,0],[0,0],[0,-1],[0,0],[0,1],[-1,0],[0,0],[0,0],[0,0],[-1,0],[0,1],[0,0],[0,0],[0,0],[-1,0],[0,-1],[0,0],[0,0],[0,0],[-1,-1],[0,0],[1,-1],[0,-1],[0,0],[0,0],[0,0],[0,0],[0,0],[-1,0],[0,-1],[0,0],[0,0],[0,0],[0,0],[-1,1],[-1,0],[0,1],[-1,0],[0,0],[-1,1],[0,1],[0,0],[-1,0],[0,-1],[0,0],[0,0],[0,0],[-1,0],[0,0],[0,1],[-1,0],[0,0],[0,0],[-1,0],[0,0],[0,0],[-1,0],[0,1],[-1,0],[0,0],[-1,0],[-1,1],[0,0],[-1,0],[0,0],[0,0],[-1,0],[0,0],[0,0],[-1,0],[0,0],[0,0],[0,0],[-1,0],[1,1],[0,0],[0,0],[-1,0],[0,0],[0,0],[-1,1],[0,0],[-1,0],[0,0],[0,0],[0,0],[0,0],[-1,0],[0,-1],[0,0],[0,0],[0,0],[-1,0],[0,1],[-1,0],[0,0],[0,0],[-1,0],[0,0],[0,0],[0,0],[0,-1],[-1,0],[0,0],[0,0],[0,0],[-1,0],[0,0],[0,-1],[0,0],[0,0],[0,0],[0,-1],[0,0],[0,0],[0,0],[0,-1],[-1,0],[0,0],[1,0],[0,0],[0,-1],[0,0],[1,0],[0,0],[0,0],[0,0],[0,-1],[0,0],[0,0],[0,-1],[0,0],[0,0],[0,-1],[0,0],[0,0],[-1,0],[-1,0],[0,0],[0,-1],[1,0],[0,0],[0,0],[1,-1],[0,0],[0,-1],[0,0],[0,0],[1,0],[0,0],[0,0],[0,0],[0,1],[0,0],[0,1],[1,0],[0,0],[1,0],[0,0],[0,1],[1,0],[0,0],[1,0],[0,0],[0,0],[0,1],[1,0],[0,0],[0,0],[0,0],[1,-1],[0,0],[0,0],[0,0],[0,1],[1,-1],[0,0],[1,-1],[0,0],[1,0],[0,0],[1,0],[1,0],[1,1],[1,0],[0,0],[1,0],[0,0],[1,-1],[0,0],[1,0],[1,0],[1,0],[0,-1],[0,0],[1,-1],[0,0],[0,0],[0,-1],[0,0],[0,0],[0,0],[0,0],[0,0],[0,-1],[0,0],[-1,0],[0,-1],[0,0],[0,0],[0,-1],[0,0],[0,0],[0,0],[0,0],[0,0],[1,0],[0,0],[0,-1],[0,0],[1,0],[0,0],[0,-1],[0,0],[0,0],[0,-1],[0,0],[0,0],[0,0],[0,-1],[0,0],[0,0],[0,-1],[-1,-1],[0,0],[0,-1],[0,0],[1,0],[0,0],[1,1],[0,0],[1,1],[0,0],[0,0],[1,0],[0,0],[0,0],[0,0],[0,0],[1,1],[0,0],[1,1],[0,0],[1,0],[0,0],[1,0],[0,0],[0,0],[1,0],[0,-1],[0,0],[0,0],[0,0],[0,-1],[0,0],[1,0],[0,0],[1,0],[0,1],[0,0],[0,0],[1,0],[0,0],[0,0],[1,0],[0,0],[0,-1],[0,0],[0,0],[0,0],[0,0],[0,0],[0,0],[1,0],[0,1],[0,0],[0,1],[0,0],[0,0],[0,0],[0,0],[0,0],[1,0],[0,0],[0,1],[0,0],[0,0],[1,0],[0,1],[0,0],[0,0],[0,1],[0,0],[0,1],[-1,-1],[0,0],[0,0],[0,0],[0,0],[-1,0],[0,0],[0,1],[0,0],[0,0],[0,1],[0,0],[0,0],[0,0],[0,0],[0,0],[0,0],[0,0],[0,0],[1,0],[0,1],[0,0],[1,0],[0,0],[0,0],[1,0],[0,0],[1,0],[0,0],[0,0],[0,0],[0,0],[0,0],[1,1],[0,0],[0,0],[0,0],[0,0],[-1,0],[0,1],[0,0],[0,0],[0,0]],[[745,461],[0,0],[0,0],[0,-1],[-1,0],[1,-1],[0,0],[0,0],[-1,0],[0,0],[1,0],[0,0],[-1,0],[0,-1],[0,0],[0,0],[0,0],[0,0],[-1,0],[0,0],[0,0],[0,0],[0,-1],[0,0],[0,0],[0,0],[0,0],[0,0],[-1,0],[0,0],[0,0],[0,0],[0,-1],[0,0],[0,0],[-1,-1],[0,0],[0,0],[0,1],[0,0],[0,0],[0,0],[0,1],[0,0],[0,0],[0,1],[0,0],[0,0],[0,0],[0,0],[0,0],[0,1],[-1,0],[0,0],[1,0],[0,0],[0,0],[-1,1],[0,0],[0,0],[0,0],[0,0],[0,0],[-1,0],[0,1],[1,0],[0,0],[0,0],[0,-1],[0,0],[0,1],[1,0],[-1,0],[1,0],[0,0],[0,0],[0,0],[0,1],[0,0],[0,0],[0,0],[0,1],[0,0],[0,0],[0,0],[0,1],[0,0],[0,0],[0,1],[0,0],[0,0],[-1,-1],[-1,0],[0,0],[0,0],[0,-1],[-1,0],[0,0],[0,0],[0,0],[0,0],[-1,0],[0,0],[0,0],[0,0],[0,0],[0,0],[0,1],[0,0],[0,0],[0,0],[-1,0],[0,-1],[0,0],[-1,0],[0,0],[0,0],[0,-1],[0,0],[0,0],[0,0],[-1,-1],[0,-1],[0,0],[0,-1],[0,0],[0,0],[1,0],[-1,-1],[0,-1],[0,0],[0,0],[0,0],[0,0],[-1,0],[-1,0],[0,0],[0,0],[-1,-1],[0,0],[0,0],[0,0],[0,0],[0,0],[0,-1],[0,-1],[0,0],[0,-1],[0,-1],[0,-1],[0,0],[-1,0],[0,0],[0,0],[0,-1],[-1,-1],[0,0],[0,-1],[0,0],[0,0],[0,-1],[0,0],[-1,0],[0,-1],[0,0],[0,0],[0,-1],[0,-1],[0,0],[-1,0],[0,-1],[0,0],[0,0],[0,-1],[0,0],[0,0],[0,0],[0,-1],[0,0],[1,0],[0,0],[0,-1],[0,0],[-1,0],[0,-1],[1,0],[0,-1],[0,0],[0,0],[0,0],[0,0],[1,1],[0,0],[0,0],[1,0],[0,1],[0,0],[1,0],[1,1],[0,0],[1,1],[0,0],[0,0],[0,0],[1,0],[1,0],[0,1],[0,0],[0,0],[1,1],[0,0],[0,1],[0,0],[0,0],[1,0],[0,1],[0,0],[1,-1],[0,0],[0,1],[1,0],[0,0],[0,0],[0,0],[0,0],[0,0],[0,1],[0,0],[1,0],[0,1],[0,0],[-1,0],[0,0],[0,0],[0,0],[1,1],[0,0],[0,1],[0,0],[0,0],[0,0],[0,0],[1,0],[0,0],[0,0],[0,0],[0,1],[1,0],[0,0],[1,1],[0,0],[0,0],[0,0],[0,0],[1,0],[0,0],[0,0],[0,0],[0,0],[1,0],[0,0],[0,0],[0,0],[0,0],[0,0],[0,1],[1,0],[0,0],[0,0],[0,1],[0,0],[0,0],[1,1],[0,0],[0,0],[0,1],[0,0],[1,0],[0,0],[0,0],[-1,0],[0,1],[0,0],[1,0],[0,0],[0,1],[0,0],[-1,0],[0,0],[0,0],[0,0],[0,0],[0,0],[0,1],[0,0],[0,0],[0,0],[0,0],[1,0],[0,1],[0,0],[0,0],[0,0],[0,1],[0,0],[0,0],[0,0],[0,0],[0,1],[0,0],[0,0],[0,0],[0,0],[0,1],[1,0],[0,1],[0,0],[0,0],[0,0],[0,1],[0,0],[0,0],[-1,0],[0,0],[0,0],[0,0],[0,0],[0,0],[0,0],[-1,0],[0,0],[0,0],[0,0],[0,0],[-1,-1],[0,0],[0,-1],[0,0],[0,-1],[0,0],[1,0],[-1,0],[0,0],[0,0],[0,0],[0,-1],[-1,0],[0,0],[0,0]],[[746,460],[0,0],[0,0],[-1,0],[1,0],[0,0],[-1,1],[0,0],[0,0],[1,0],[0,0],[0,-1],[0,0],[0,0],[0,0],[0,0],[0,0],[0,0],[0,0]],[[745,458],[0,0],[0,0],[0,0],[0,0],[0,1],[1,-1],[0,0],[-1,0]],[[747,461],[0,0],[0,0],[0,1],[0,0],[0,0],[0,0],[0,0],[0,0],[0,-1],[0,0]],[[800,526],[0,0],[0,0],[0,0],[-1,1],[0,0],[0,0],[0,0],[0,0],[0,-1],[-1,0],[1,0],[0,0],[0,0],[1,0],[0,0]],[[804,525],[0,1],[0,1],[0,0],[0,1],[0,0],[0,0],[-1,1],[0,0],[-1,1],[0,0],[0,1],[0,1],[0,0],[-1,-1],[-1,0],[0,0],[-1,-1],[0,0],[0,0],[0,0],[-1,0],[0,-1],[0,0],[0,-1],[0,0],[0,0],[0,-1],[1,0],[0,0],[1,0],[0,-1],[0,0],[0,1],[0,0],[0,0],[1,1],[0,0],[0,0],[0,-1],[0,0],[0,0],[0,0],[0,0],[1,0],[1,-1],[0,0],[0,0],[1,-1],[0,0],[0,0]],[[739,524],[0,0],[0,0],[0,0],[-1,0],[0,0],[0,0],[0,0],[0,0],[1,0],[0,0],[0,0]],[[738,523],[1,1],[-1,0],[0,-1],[0,0],[0,0],[0,0]],[[736,517],[0,0],[0,0],[0,0],[0,0],[0,0],[0,0],[0,0]],[[737,463],[1,1],[0,0],[0,0],[0,0],[1,0],[0,0],[0,0],[0,0],[0,1],[0,0],[0,0],[1,0],[0,1],[1,0],[0,0],[0,1],[1,0],[0,0],[0,0],[0,0],[0,1],[1,0],[0,0],[1,0],[0,0],[0,0],[1,0],[0,0],[0,0],[0,0],[1,0],[0,0],[0,0],[0,1],[0,0],[0,1],[0,0],[-1,0],[0,0],[0,0],[0,0],[-1,0],[0,0],[0,0],[0,1],[0,0],[0,0],[0,0],[0,1],[1,0],[0,1],[0,0],[0,1],[0,0],[0,0],[0,0],[0,1],[-1,0],[0,0],[-1,0],[0,0],[-1,1],[0,0],[0,1],[1,0],[-1,0],[0,0],[-1,0],[0,0],[-1,1],[0,0],[-1,0],[0,0],[0,0],[0,0],[0,1],[0,0],[0,0],[-1,0],[0,1],[0,0],[0,1],[-1,0],[0,0],[0,1],[0,0],[0,0],[0,0],[0,1],[1,0],[0,0],[0,0],[0,1],[0,0],[0,1],[0,0],[0,1],[0,0],[0,1],[1,0],[0,1],[0,1],[0,0],[0,1],[1,0],[-1,0],[0,1],[0,0],[-1,0],[0,1],[0,0],[-1,1],[0,0],[0,0],[0,0],[-1,1],[0,0],[0,1],[0,0],[0,0],[0,1],[-1,0],[0,1],[0,0],[0,1],[0,0],[-1,0],[0,1],[0,0],[0,1],[0,0],[-1,1],[0,0],[0,0],[1,1],[0,0],[0,0],[0,1],[1,1],[0,0],[0,0],[0,1],[1,0],[0,1],[0,0],[0,1],[0,0],[1,1],[1,0],[0,-1],[1,0],[1,0],[1,0],[1,0],[1,0],[1,0],[1,-1],[1,0],[1,0],[0,0],[1,0],[1,0],[1,0],[1,0],[0,0],[0,0],[0,0],[0,1],[0,0],[0,0],[0,0],[0,1],[0,0],[-1,0],[0,0],[0,1],[-1,0],[0,0],[0,0],[0,1],[-1,0],[0,1],[0,0],[0,1],[0,0],[0,0],[0,1],[0,0],[1,1],[0,1],[0,0],[0,0],[1,1],[0,0],[0,0],[-1,0],[0,0],[0,0],[-1,0],[0,0],[-1,0],[0,0],[-1,0],[0,0],[0,1],[0,0],[1,0],[-1,0],[0,1],[0,0],[0,0],[0,0],[0,0],[0,0],[0,1],[-1,0],[0,0],[0,0],[0,1],[0,0],[0,0],[0,0],[-1,0],[0,0],[0,0],[0,0],[-1,1],[0,0],[-1,0],[-1,1],[0,0],[0,0],[0,1],[0,0],[0,0],[0,0],[-1,0],[0,0],[0,0],[0,0],[0,-1],[0,0],[0,-1],[0,0],[0,0],[0,-1],[0,0],[0,0],[0,0],[0,0],[0,0],[0,0],[-1,1],[0,0],[0,0],[-1,0],[0,0],[0,0],[0,0],[-1,0],[0,0],[0,-1],[0,0],[-1,0],[0,-1],[0,-1],[0,-1],[0,0],[0,-1],[0,0],[0,-1],[0,1],[0,1],[-1,0],[0,0],[-1,-1],[-1,0],[-1,0],[0,0],[0,0],[-1,0],[0,0],[0,0],[-1,1],[0,0],[0,0],[0,1],[0,0],[0,0],[0,0],[0,0],[1,1],[0,0],[0,0],[-1,0],[0,1],[0,0],[0,0],[0,0],[0,1],[0,1],[0,0],[1,1],[0,0],[0,0],[0,0],[0,1],[0,0],[0,0],[1,0],[0,1],[0,0],[0,0],[0,1],[0,0],[0,0],[1,0],[0,0],[0,0],[0,1],[0,0],[0,0],[0,0],[0,1],[0,0],[-1,1],[0,0],[0,0],[0,0],[0,0],[0,0],[0,0],[0,0],[0,-1],[0,0],[0,0],[0,0],[0,0],[0,0],[-1,0],[-1,0],[0,1],[-1,0],[0,0],[-1,1],[0,0],[0,0],[0,1],[0,0],[0,1],[0,0],[0,0],[0,1],[-1,0],[0,0],[0,0],[-1,0],[0,0],[0,0],[0,1],[-1,0],[0,0],[-1,0],[-1,0],[0,-1],[0,0],[-1,0],[0,0],[0,0],[0,1],[0,0],[-1,0],[-1,0],[0,-1],[-1,0],[0,0],[0,0],[-1,0],[0,0],[0,0],[0,-1],[0,0],[-1,0],[0,0],[0,0],[1,-1],[0,0],[1,-1],[0,0],[0,0],[0,0],[0,-1],[0,0],[0,0],[0,0],[-1,0],[0,0],[0,0],[-1,0],[0,0],[-1,0],[0,0],[0,0],[0,0],[0,0],[0,-1],[-1,0],[0,0],[0,-1],[-1,0],[0,0],[0,-1],[0,0],[0,0],[-1,-1],[0,0],[0,0],[-1,0],[0,0],[0,-1],[-1,0],[1,0],[0,0],[0,-1],[0,0],[0,0],[0,0],[0,0],[0,0],[0,-1],[0,0],[0,0],[-1,-1],[0,0],[0,-1],[1,0],[0,0],[0,0],[0,0],[0,0],[0,-1],[0,0],[0,0],[0,0],[0,0],[0,-1],[0,0],[0,0],[0,0],[0,-1],[1,0],[0,0],[0,-1],[0,0],[0,0],[1,-1],[0,0],[0,0],[1,0],[0,0],[0,-1],[0,0],[0,0],[0,0],[0,0],[-1,0],[0,0],[0,0],[0,1],[-1,-1],[0,0],[0,0],[1,0],[0,-1],[0,0],[1,-1],[0,0],[0,-1],[0,0],[-1,0],[0,0],[0,0],[0,-1],[-1,0],[0,0],[0,0],[0,-1],[0,0],[-1,0],[0,-1],[0,0],[1,0],[0,-1],[0,0],[0,0],[-1,0],[0,0],[0,-1],[0,0],[0,0],[0,0],[0,0],[0,-1],[0,0],[0,-1],[1,0],[0,0],[0,-1],[0,0],[0,0],[0,-1],[0,0],[0,0],[0,0],[1,0],[-1,-1],[0,0],[0,0],[-1,0],[0,0],[0,0],[0,0],[0,-1],[0,0],[0,0],[0,-1],[0,0],[0,-1],[0,0],[-1,-1],[0,0],[-1,0],[0,0],[-1,0],[0,1],[0,0],[0,1],[0,0],[0,0],[0,1],[0,0],[-1,0],[0,1],[0,0],[0,0],[0,1],[-1,0],[0,-1],[0,0],[0,0],[-1,-1],[0,0],[0,0],[0,0],[-1,0],[0,0],[-1,0],[0,0],[0,0],[0,0],[-1,0],[0,0],[0,0],[0,-1],[0,0],[0,-1],[0,0],[0,0],[0,0],[-1,0],[0,0],[0,0],[0,0],[0,1],[0,0],[0,0],[0,1],[0,0],[0,0],[-1,0],[0,0],[0,0],[0,0],[0,-1],[0,0],[0,0],[-1,0],[0,0],[0,1],[1,0],[0,0],[0,0],[-1,1],[0,0],[0,0],[0,-1],[0,0],[-1,1],[0,0],[0,-1],[0,0],[0,0],[0,-1],[0,0],[0,0],[-1,-1],[0,-1],[0,0],[0,0],[0,-1],[-1,0],[0,0],[0,0],[0,-1],[0,0],[0,0],[0,0],[0,0],[-1,-1],[0,0],[0,0],[0,0],[0,-1],[0,0],[0,0],[0,-1],[-1,0],[0,0],[0,0],[0,0],[0,0],[0,0],[0,-1],[-1,0],[0,0],[0,0],[0,0],[0,-1],[0,0],[0,0],[-1,-1],[0,-1],[0,0],[-1,-1],[0,0],[0,-1],[-1,0],[0,0],[0,0],[0,-1],[0,0],[0,0],[0,0],[-1,1],[0,-1],[0,0],[0,0],[-1,0],[0,-1],[0,0],[0,0],[0,-1],[0,-1],[0,0],[0,0],[0,-1],[0,0],[0,0],[0,0],[-1,0],[0,0],[0,-1],[0,0],[1,0],[0,-1],[1,0],[0,-1],[1,0],[0,0],[0,0],[1,0],[0,0],[0,-1],[0,0],[-1,-1],[0,0],[0,0],[0,0],[0,0],[0,-1],[0,0],[0,0],[1,0],[0,0],[0,0],[0,-1],[0,0],[0,0],[-1,0],[0,0],[0,0],[0,0],[0,0],[0,0],[0,-1],[0,0],[0,0],[0,-1],[0,0],[0,0],[0,0],[0,0],[0,0],[0,0],[0,0],[0,0],[1,0],[0,0],[1,0],[0,0],[0,0],[0,0],[0,0],[0,0],[-1,-1],[0,0],[0,0],[0,-1],[0,0],[0,0],[0,0],[0,0],[0,0],[0,0],[0,0],[-1,-1],[0,0],[-1,0],[0,0],[0,0],[0,-1],[0,0],[-1,0],[0,0],[0,0],[0,0],[0,0],[-1,-1],[0,0],[-1,0],[0,-1],[0,0],[0,0],[0,0],[-1,0],[1,-1],[1,0],[0,0],[0,1],[0,0],[0,0],[0,0],[0,0],[1,-1],[0,0],[0,-1],[0,-1],[1,-1],[0,0],[0,-1],[0,0],[1,-1],[1,-1],[0,-1],[1,-1],[1,-1],[1,-1],[0,0],[1,-1],[0,-1],[1,0],[0,-1],[0,0],[0,1],[0,-1],[-1,0],[0,0],[0,0],[0,0],[0,0],[-1,0],[0,0],[0,0],[0,0],[0,0],[0,0],[-1,0],[0,0],[0,0],[0,-1],[0,0],[0,0],[0,0],[0,0],[0,0],[1,0],[0,0],[0,-1],[0,0],[0,0],[0,0],[0,0],[0,-1],[0,0],[0,0],[1,0],[-1,0],[0,0],[0,-1],[0,0],[0,-1],[0,0],[-1,0],[0,0],[0,0],[0,0],[0,-1],[-1,0],[0,0],[0,0],[0,0],[0,-1],[0,0],[0,0],[0,-1],[0,0],[0,0],[0,-1],[0,0],[0,0],[1,-1],[0,0],[0,0],[0,0],[0,-1],[0,0],[0,-1],[0,0],[0,0],[0,0],[0,0],[1,0],[0,-1],[0,0],[0,0],[0,0],[0,-1],[0,0],[0,0],[0,-1],[0,0],[0,0],[0,0],[0,-1],[0,0],[-1,0],[0,0],[0,0],[-1,0],[0,0],[0,0],[0,-1],[0,0],[0,0],[1,0],[0,0],[0,0],[0,0],[0,-1],[0,0],[0,0],[0,-1],[0,0],[0,0],[1,0],[0,0],[0,0],[0,1],[0,0],[0,0],[1,0],[0,0],[0,0],[1,-1],[0,0],[0,0],[1,1],[0,0],[0,0],[0,0],[1,1],[0,0],[0,0],[1,0],[0,0],[0,0],[1,0],[0,-1],[1,0],[0,0],[1,-1],[0,0],[0,0],[0,0],[1,0],[0,0],[0,0],[0,1],[1,0],[0,0],[1,0],[0,0],[0,1],[-1,0],[0,0],[0,0],[0,0],[1,1],[0,0],[0,0],[0,1],[0,0],[0,0],[0,1],[0,0],[0,1],[0,0],[1,0],[0,0],[0,0],[0,0],[2,0],[1,0],[1,0],[0,0],[1,-1],[1,0],[0,0],[0,0],[0,0],[0,0],[0,-1],[0,0],[0,0],[1,0],[0,0],[0,0],[1,0],[0,0],[0,0],[-1,1],[0,0],[1,0],[0,0],[0,0],[0,1],[0,0],[0,0],[0,0],[0,1],[1,0],[0,1],[0,0],[1,0],[0,1],[0,0],[0,0],[1,1],[0,0],[0,0],[1,0],[0,0],[0,0],[0,0],[0,0],[-1,-1],[0,0],[0,0],[0,-1],[1,0],[0,1],[0,0],[0,0],[0,0],[1,-1],[0,0],[0,0],[1,0],[0,0],[0,0],[0,-1],[0,0],[1,-1],[0,0],[1,0],[0,0],[0,0],[0,-1],[1,0],[0,0],[0,0],[0,0],[0,1],[0,0],[1,0],[0,0],[0,0],[0,0],[0,0],[0,-1],[0,0],[0,1],[1,0],[0,0],[0,0],[0,0],[1,0],[0,-1],[0,0],[1,0],[0,0],[0,0],[0,1],[-1,0],[0,1],[1,0],[0,0],[0,1],[0,0],[-1,0],[0,0],[0,1],[0,0],[0,0],[0,0],[0,1],[0,0],[0,0],[0,1],[1,0],[0,0],[0,1],[0,1],[0,0],[0,0],[0,1],[1,0],[0,0],[0,1],[0,0],[0,0],[0,1],[0,0],[1,1],[0,1],[0,0],[0,0],[1,0],[0,0],[0,1],[0,1],[0,1],[0,0],[0,1],[0,1],[0,0],[0,0],[0,0],[0,0],[0,0],[1,1],[0,0],[0,0],[1,0],[1,0],[0,0],[0,0],[0,0],[0,0],[0,1],[1,1],[-1,0],[0,0],[0,0],[0,1],[0,0],[0,1],[1,1],[0,0],[0,0],[0,0],[0,1],[0,0],[0,0],[1,0],[0,0],[0,1],[1,0],[0,0],[0,0],[0,0],[0,-1]],[[786,569],[1,-1],[0,0],[0,0],[1,-1],[0,0],[0,0],[0,0],[0,-2],[0,-1],[-1,0],[0,-1],[0,-1],[-1,-1],[0,-1],[-1,-1],[0,0],[1,-1],[0,0],[1,0],[1,0],[0,0],[1,0],[0,0],[0,-1],[0,0],[1,1],[0,0],[0,0],[0,1],[1,1],[0,1],[0,1],[0,1],[1,1],[0,1],[0,0],[1,-1],[1,0],[1,-1],[0,0],[1,-1],[0,0],[1,1],[0,0],[0,0],[0,1],[1,0],[0,0],[0,1],[0,1],[0,0],[0,1],[1,0],[1,1],[0,0],[1,1],[0,0],[0,1],[-1,1],[0,1],[0,0],[0,1],[-1,0],[0,0],[-1,0],[0,-1],[-1,0],[0,0],[-1,0],[0,0],[-1,0],[0,0],[-1,-1],[0,0],[0,0],[-1,0],[0,0],[-1,0],[0,0],[0,0],[-1,-1],[0,0],[0,0],[-1,0],[-1,0],[0,0],[-1,0],[0,0],[-1,0],[0,-1],[0,0],[0,0],[-1,0],[0,0]],[[226,533],[0,-1],[0,0],[0,0],[1,0],[0,0],[-1,1],[0,0]],[[233,548],[0,0],[0,0],[0,0],[0,0],[0,0],[0,0],[0,0],[1,0],[0,0],[1,1],[0,0],[-1,0],[0,0],[0,0],[0,0],[-1,0],[0,-1]],[[219,538],[-1,-1],[0,0],[0,0],[1,0],[0,0],[0,0],[0,0],[1,1],[0,0],[-1,-1],[0,1]],[[203,522],[0,0],[0,0],[0,0],[1,0],[-1,0],[0,0],[0,0]],[[203,523],[0,0],[1,0],[0,0],[0,1],[1,0],[0,0],[0,0],[0,0],[-1,0],[0,0],[-1,-1]],[[211,521],[0,0],[0,0],[0,0],[0,0],[0,0],[0,0],[1,0],[0,0],[0,0],[0,0],[-1,0],[0,0]],[[219,519],[0,0],[0,0],[1,0],[-1,0],[0,0],[0,0]],[[220,519],[-1,0],[1,0],[0,0],[0,0],[1,0],[0,0],[0,1],[0,0],[0,0],[0,0],[-1,0],[0,-1],[0,0]],[[214,516],[-1,0],[0,1],[0,0],[0,0],[0,0],[0,0],[0,0],[0,0],[0,0],[0,-1],[0,0],[0,0],[1,0]],[[212,522],[0,0],[0,0],[0,0],[0,0],[0,0],[0,0],[0,0]],[[263,555],[-1,0],[1,0],[0,0],[0,0],[0,0],[0,0],[0,0]],[[262,556],[0,0],[0,-1],[0,0],[0,1],[0,0],[0,0],[0,0],[0,0]],[[250,551],[0,0],[0,0],[0,0],[0,0],[0,0],[0,1],[0,-1],[0,0]],[[219,536],[0,0],[0,0],[0,-1],[0,0],[0,0],[0,0],[1,1],[-1,0],[0,0]],[[220,552],[0,0],[0,0],[0,0],[1,0],[0,0],[-1,0]],[[214,518],[0,0],[0,0],[0,0],[0,0],[1,0],[0,0],[-1,0],[0,0],[0,0],[0,0],[0,0]],[[215,519],[0,0],[0,0],[0,0],[0,0],[1,0],[0,0],[0,1],[-1,-1],[0,0]],[[217,520],[0,0],[0,0],[0,0],[1,0],[-1,0],[0,0]],[[218,530],[0,0],[0,-1],[0,0],[0,1],[0,0],[0,0],[0,0]],[[217,529],[0,0],[0,0],[0,0],[0,0],[0,0],[0,0],[0,-1],[0,0],[0,0],[0,1]],[[209,520],[0,-1],[0,1],[0,0],[0,0],[0,0]],[[188,564],[0,0],[1,-1],[0,0],[0,1],[-1,0],[0,0]],[[259,563],[0,1],[0,0],[0,0],[-1,1],[0,1],[0,0],[0,0],[0,0],[1,1],[1,1],[0,0],[0,0],[-1,0],[0,-1],[-1,0],[-1,0],[0,0],[0,0],[-1,1],[0,0],[0,0],[0,0],[0,1],[0,0],[0,0],[0,0],[0,0],[0,0],[-1,0],[0,-1],[0,0],[0,0],[0,0],[0,-1],[0,0],[-1,0],[0,0],[0,-1],[0,0],[0,-1],[0,0],[0,-1],[-1,0],[-1,-1],[0,0],[-1,0],[0,0],[0,0],[-1,0],[0,-1],[0,0],[0,0],[0,-1],[1,-1],[1,-1],[0,-1],[0,-1],[-1,-1],[0,0],[0,-1],[1,0],[0,0],[0,-1],[0,0],[-1,0],[0,0],[0,0],[0,0],[0,0],[-1,0],[0,0],[0,1],[0,0],[0,0],[-1,1],[0,0],[0,0],[0,0],[0,0],[0,0],[0,-1],[0,0],[0,0],[-1,-1],[0,0],[0,0],[-1,0],[0,-1],[0,0],[0,0],[0,0],[1,0],[0,0],[1,0],[0,0],[1,0],[0,0],[0,0],[0,-1],[1,0],[0,0],[1,0],[0,0],[0,1],[0,0],[0,0],[1,0],[0,1],[0,0],[1,0],[0,0],[0,0],[1,0],[0,0],[0,0],[-1,1],[0,0],[0,0],[0,1],[0,0],[0,0],[1,1],[0,0],[1,0],[0,0],[1,0],[0,0],[1,0],[1,0],[0,0],[0,0],[1,0],[1,0],[1,0],[0,0],[1,0],[0,0],[0,0],[0,0],[0,0],[0,0],[0,0],[1,1],[-1,0],[0,0],[0,0],[-1,1],[-1,1],[-1,0],[0,1],[-1,1],[0,0],[0,1],[0,0],[0,0]],[[216,525],[0,0],[0,1],[0,0],[0,0],[0,0],[0,1],[0,0],[0,0],[0,0],[-1,-1],[0,0],[0,1],[0,0],[-1,0],[0,0],[0,0],[0,0],[0,0],[0,0],[-1,1],[0,0],[0,0],[-1,-1],[0,-1],[-1,0],[0,0],[-1,0],[0,0],[-1,0],[0,0],[-1,0],[-1,-1],[0,0],[1,-1],[0,0],[-1,0],[0,0],[-1,-1],[0,0],[0,0],[0,0],[0,0],[0,0],[1,0],[0,0],[1,0],[0,0],[0,0],[0,0],[0,0],[1,0],[0,0],[0,0],[0,0],[0,0],[-1,-1],[0,0],[0,0],[-1,0],[0,1],[0,0],[0,-1],[0,-1],[0,0],[0,0],[1,0],[0,0],[0,0],[0,1],[0,0],[1,-1],[0,0],[0,0],[0,0],[1,0],[0,0],[0,0],[1,1],[0,0],[0,0],[1,1],[0,0],[0,0],[1,-1],[0,1],[0,0],[1,-1],[0,0],[1,0],[0,0],[0,0],[-1,-1],[0,0],[0,0],[-1,0],[0,1],[0,0],[0,0],[0,0],[0,0],[0,0],[0,0],[0,0],[0,-1],[0,0],[0,0],[0,0],[0,-1],[-1,0],[1,0],[0,0],[0,0],[1,0],[0,0],[0,0],[0,0],[0,0],[0,0],[-1,1],[0,0],[1,0],[0,0],[0,-1],[1,0],[0,0],[1,0],[0,0],[0,0],[-1,0],[1,1],[0,-1],[0,0],[0,1],[0,0],[0,0],[0,1],[0,0],[0,0],[1,0],[0,1],[0,0],[0,0],[1,0],[0,1],[0,0],[-1,0],[0,0],[0,1],[-1,0]],[[218,536],[0,0],[0,1],[0,0],[-1,0],[0,0],[0,0],[0,0],[-1,-1],[0,0],[0,-1],[-1,0],[0,0],[-1,0],[1,0],[0,-1],[0,0],[1,-1],[-1,0],[0,-1],[-1,0],[0,-1],[0,0],[0,0],[-1,0],[0,0],[0,-1],[0,0],[0,0],[0,0],[0,0],[0,0],[0,-1],[1,0],[0,0],[0,0],[0,0],[0,0],[1,0],[0,0],[0,0],[0,0],[0,0],[0,0],[0,0],[0,-1],[0,0],[0,0],[0,1],[1,0],[0,1],[0,0],[1,0],[0,0],[0,0],[1,0],[0,1],[0,0],[0,0],[-1,0],[0,1],[0,0],[0,0],[0,0],[0,1],[1,0],[0,0],[0,0],[0,0],[0,0],[0,0],[1,1],[0,0],[0,1],[0,0],[-1,1]],[[247,557],[0,0],[0,0],[0,0],[-1,0],[-1,0],[0,0],[-1,0],[0,1],[0,0],[-1,1],[-1,0],[0,0],[-1,0],[0,0],[0,0],[0,0],[-1,0],[0,0],[-1,0],[-1,0],[0,0],[0,0],[0,0],[0,0],[0,0],[0,0],[-1,-1],[0,0],[0,0],[0,0],[-1,0],[0,0],[-1,0],[0,0],[0,-1],[0,0],[0,0],[-1,0],[0,-1],[0,0],[-1,1],[0,0],[-1,0],[-2,0],[0,0],[-1,0],[0,-1],[0,0],[0,0],[-1,0],[-1,0],[0,0],[0,0],[0,0],[-1,0],[0,0],[-1,0],[0,1],[0,0],[-1,-1],[0,0],[0,0],[-1,-1],[0,0],[0,0],[-1,0],[0,0],[0,0],[0,-1],[-1,0],[0,0],[0,0],[0,-1],[1,1],[0,0],[1,0],[0,0],[0,0],[0,0],[1,0],[0,0],[0,0],[0,0],[0,0],[0,0],[0,-1],[0,0],[0,0],[0,0],[0,0],[-1,0],[0,0],[0,0],[0,0],[-1,0],[0,0],[0,0],[1,0],[0,-1],[0,0],[0,0],[-1,-1],[0,0],[0,0],[-1,0],[0,0],[-1,0],[0,0],[0,0],[0,-1],[0,0],[0,0],[1,0],[0,0],[1,1],[0,-1],[0,0],[0,-1],[0,0],[-1,0],[0,0],[0,0],[-1,-1],[0,0],[0,0],[0,-1],[0,0],[0,-1],[0,-1],[0,0],[0,0],[0,0],[0,0],[0,0],[0,0],[0,0],[0,-1],[1,0],[0,0],[0,0],[-1,0],[0,0],[0,0],[1,0],[0,0],[0,0],[0,0],[1,0],[0,0],[-1,-1],[0,0],[-1,0],[0,0],[0,0],[-1,1],[0,0],[0,0],[0,0],[0,0],[-1,-1],[0,-1],[0,0],[-2,-1],[0,0],[-1,-1],[1,-1],[0,0],[0,0],[1,0],[0,-1],[0,0],[1,0],[1,0],[0,0],[0,1],[0,0],[0,0],[1,0],[0,0],[0,0],[0,-1],[0,0],[0,0],[0,-1],[0,0],[0,-1],[0,0],[0,0],[0,-1],[0,0],[0,0],[0,-1],[-1,0],[0,-1],[0,0],[0,0],[0,0],[0,-1],[0,0],[0,0],[0,-1],[0,-1],[0,0],[0,0],[0,-1],[0,0],[0,0],[-1,-1],[-1,0],[0,0],[0,0],[1,-1],[0,0],[0,-1],[0,0],[0,0],[0,-1],[0,0],[0,0],[0,-1],[0,0],[1,0],[0,0],[0,0],[0,1],[0,0],[0,0],[0,1],[1,0],[0,0],[0,1],[0,0],[1,0],[0,1],[0,0],[0,1],[1,0],[0,0],[1,1],[0,0],[0,0],[1,1],[0,1],[0,0],[-1,1],[0,0],[0,0],[0,0],[0,1],[0,0],[0,1],[1,0],[0,1],[0,0],[0,1],[0,1],[0,1],[0,0],[0,0],[0,0],[0,0],[-1,0],[0,1],[0,0],[1,0],[0,1],[0,0],[0,0],[1,0],[0,0],[1,0],[0,1],[0,0],[1,0],[1,1],[0,0],[1,0],[1,0],[1,1],[0,0],[0,1],[0,0],[0,0],[0,0],[-1,0],[0,-1],[0,0],[0,0],[0,0],[-1,0],[0,0],[0,0],[0,0],[-1,1],[0,0],[0,0],[0,0],[1,1],[0,0],[1,1],[0,1],[0,0],[0,0],[1,1],[0,0],[1,1],[0,0],[1,0],[0,0],[0,1],[1,1],[0,0],[1,0],[0,0],[0,0],[1,0],[0,0],[1,1],[0,0],[1,0],[0,0],[1,0],[0,0],[0,0],[0,0],[0,0],[1,0],[0,0],[1,0],[0,0],[0,0],[0,0],[0,-1],[0,0],[0,1],[0,0],[1,0],[0,0],[1,0],[0,0],[0,0],[1,0],[0,0],[0,0],[0,0],[0,0],[0,1],[1,0],[0,0],[0,0],[0,0],[0,0],[1,0],[0,0],[0,0],[0,0],[0,0],[0,1],[0,0],[0,0],[-1,0],[0,0],[0,0],[0,0],[0,1],[0,0],[0,0],[0,0],[0,1],[1,0],[0,0],[0,0],[1,0],[0,-1],[-1,0],[0,0],[0,-1],[1,0],[0,1],[0,0],[1,0],[-1,0],[0,0],[0,1]],[[182,497],[-1,0],[0,0],[0,-1],[1,0],[0,0],[0,1],[0,0],[0,0],[0,0],[0,0]],[[181,495],[0,0],[0,0],[0,0],[0,0],[0,0],[1,0],[0,0],[-1,1],[0,0],[0,-1]],[[182,501],[0,0],[0,0],[1,0],[0,0],[0,0],[-1,0],[0,0]],[[189,513],[0,-1],[0,0],[0,0],[-1,0],[0,-1],[0,0],[0,0],[0,0],[-1,0],[0,0],[0,0],[0,0],[0,0],[0,-1],[0,0],[0,0],[1,1],[0,0],[0,0],[0,0],[1,0],[0,1],[0,-1],[0,0],[0,0],[0,1],[0,0],[0,0],[0,0],[0,0],[1,1],[0,0],[0,0],[-1,0],[0,0]],[[193,516],[0,0],[0,-1],[1,0],[0,1],[0,0],[-1,0],[0,0],[0,0]],[[195,518],[0,-1],[0,0],[0,0],[0,0],[0,0],[0,0],[1,0],[0,1],[0,0],[0,0],[0,0],[0,0],[0,1],[0,0],[0,0],[0,-1],[-1,0],[0,0],[0,0],[0,0],[0,0]],[[195,517],[-1,0],[1,0],[0,0],[0,0],[0,0],[0,0]],[[214,554],[0,0],[0,0],[0,0],[0,0],[0,0],[0,0],[0,0]],[[784,568],[0,0],[0,0],[0,0],[0,0],[1,0],[0,0],[0,0],[0,0],[0,0],[1,0],[0,0],[0,1],[0,0],[0,0],[1,0],[0,0],[0,0],[0,1],[1,0],[0,0],[-1,0],[0,0],[0,0],[0,0],[0,1],[0,0],[1,0],[0,1],[0,0],[1,0],[0,0],[0,0],[1,0],[0,0],[0,0],[0,0],[0,0],[0,-1],[0,0],[0,0],[0,0],[0,1],[1,0],[0,0],[0,0],[1,0],[0,0],[0,0],[-1,-1],[0,0],[0,-1],[1,1],[0,0],[0,0],[1,0],[0,0],[1,0],[0,0],[0,0],[1,1],[0,0],[1,0],[0,0],[1,0],[0,0],[1,0],[0,1],[1,0],[0,0],[0,0],[-1,0],[-1,0],[-1,1],[-1,0],[0,0],[0,0],[-1,0],[-1,0],[-1,1],[0,-1],[-1,0],[0,-1],[0,0],[0,1],[0,0],[-2,-1],[-1,-1],[-1,0],[-1,-1],[-1,0],[0,0],[0,-1],[0,0],[0,0],[0,0],[-1,-1],[0,0],[0,0],[0,0],[0,0],[0,-1],[0,0],[0,0]],[[770,546],[0,0],[0,-1],[-1,0],[0,0],[0,0],[0,-1],[0,0],[0,0],[0,-1],[0,0],[1,0],[0,-1],[0,0],[0,0],[0,-1],[-1,0],[0,0],[1,0],[0,0],[0,-1],[0,0],[1,0],[0,0],[0,0],[0,0],[0,0],[-1,0],[0,-1],[0,0],[0,0],[0,0],[0,0],[0,0],[0,0],[0,0],[1,-1],[1,0],[0,0],[0,0],[0,0],[0,0],[1,0],[0,0],[0,0],[0,-1],[0,0],[0,0],[0,0],[1,0],[1,0],[0,0],[0,-1],[0,0],[0,0],[0,0],[0,-1],[0,0],[0,-1],[0,0],[1,0],[0,0],[0,0],[0,1],[1,0],[0,0],[0,0],[0,-1],[0,0],[1,0],[0,0],[0,0],[0,0],[0,1],[1,1],[1,0],[0,0],[0,0],[0,0],[0,0],[0,0],[1,0],[0,0],[0,0],[1,0],[0,0],[0,0],[1,0],[0,0],[0,0],[1,-1],[0,0],[0,0],[0,0],[0,0],[0,0],[0,0],[1,0],[0,-1],[0,0],[1,0],[0,0],[0,0],[0,0],[1,0],[0,0],[0,-1],[0,0],[0,-1],[1,0],[0,-1],[1,-1],[0,0],[0,0],[0,0],[0,-1],[1,0],[0,0],[1,-1],[0,0],[1,0],[1,0],[1,0],[0,0],[0,0],[0,-1],[1,0],[1,0],[1,0],[0,0],[0,0],[0,-1],[0,0],[0,0],[0,0],[0,0],[1,0],[0,0],[0,0],[0,0],[0,-1],[0,0],[1,0],[0,1],[-1,1],[0,0],[0,0],[0,0],[0,1],[0,0],[0,0],[0,1],[0,0],[0,1],[1,0],[0,0],[0,0],[0,0],[1,1],[0,0],[1,0],[1,1],[0,0],[0,1],[0,1],[0,2],[0,1],[0,2],[0,0],[-1,1],[-1,1],[-1,1],[-1,1],[-1,1],[0,1],[-1,1],[-1,1],[-1,1],[0,1],[-1,0],[0,1],[-1,1],[0,1],[-1,1],[0,0],[-1,2],[0,1],[0,1],[0,1],[-1,-1],[0,0],[0,1],[0,0],[-1,0],[0,0],[-1,0],[-1,0],[0,0],[-1,1],[-1,-1],[0,-1],[-1,-1],[0,-1],[-1,-1],[0,-1],[-1,-1],[0,-1],[0,0],[-1,0],[-1,-1],[0,0],[-1,0],[-1,0],[0,0],[-1,0],[0,0],[0,0],[-1,0],[0,0],[-1,0],[0,0],[-1,0],[0,0],[0,0],[0,-1],[-1,0],[0,-1],[0,0],[-1,-1],[0,0],[-1,-1],[0,0],[0,0]],[[808,497],[1,0],[0,0],[0,1],[0,0],[0,0],[0,0],[1,1],[0,0],[0,1],[0,0],[0,0],[0,0],[0,0],[-1,-1],[0,-1],[0,0],[-1,0],[0,0],[0,0],[0,-1],[0,0],[0,-1],[0,1]],[[768,510],[-1,-1],[0,0],[0,-1],[0,0],[0,0],[0,-1],[0,0],[-1,0],[-1,0],[0,-1],[-1,0],[0,0],[0,-1],[0,-1],[0,0],[0,-1],[0,0],[0,0],[0,0],[-1,0],[0,0],[0,-1],[0,0],[0,0],[0,-1],[0,0],[0,-1],[0,0],[0,0],[0,0],[0,0],[0,0],[0,0],[1,-1],[0,0],[0,0],[0,-1],[0,0],[0,-1],[0,0],[0,-1],[0,0],[0,0],[0,0],[0,0],[0,-1],[0,0],[0,0],[0,-1],[0,-1],[0,0],[0,0],[0,0],[1,0],[0,0],[0,-1],[0,0],[1,0],[0,-1],[0,-1],[0,0],[1,-1],[0,0],[0,-1],[0,-1],[0,0],[0,0],[1,-1],[0,0],[1,0],[0,0],[0,0],[0,0],[0,0],[1,0],[0,0],[0,0],[0,0],[1,0],[0,-1],[0,0],[0,0],[0,0],[1,1],[0,0],[0,0],[0,0],[0,0],[0,0],[1,-1],[0,1],[0,0],[0,0],[1,0],[0,0],[0,0],[0,0],[1,0],[0,0],[0,0],[0,0],[0,0],[0,0],[0,0],[0,0],[1,0],[0,0],[0,0],[0,1],[1,0],[1,0],[0,0],[1,-1],[0,0],[0,0],[0,-1],[0,0],[0,0],[0,0],[1,0],[0,0],[1,1],[0,0],[0,0],[1,-1],[1,0],[1,-1],[0,0],[1,0],[1,0],[0,0],[0,0],[1,0],[0,0],[0,-1],[0,-1],[0,-1],[0,-1],[1,0],[1,0],[0,0],[1,0],[1,1],[1,1],[1,0],[1,0],[1,-1],[0,-1],[0,0],[0,0],[1,-1],[1,0],[0,0],[1,-1],[0,0],[0,-1],[0,0],[0,-1],[0,0],[1,-1],[-1,-1],[0,0],[0,0],[1,0],[0,0],[1,0],[1,-1],[1,0],[0,0],[0,0],[0,0],[0,0],[0,0],[0,0],[0,-1],[0,0],[0,0],[0,-1],[0,0],[1,1],[0,0],[1,-1],[0,0],[0,1],[0,-1],[0,0],[1,1],[0,1],[0,0],[0,0],[0,1],[1,0],[0,0],[0,0],[0,0],[0,0],[0,1],[1,0],[0,1],[0,0],[1,0],[0,0],[1,0],[0,0],[0,0],[0,0],[1,0],[0,0],[1,0],[1,0],[0,0],[0,0],[0,0],[0,1],[0,1],[0,1],[0,1],[-1,0],[0,0],[1,0],[0,2],[0,0],[0,0],[0,1],[0,1],[0,1],[0,0],[0,1],[0,1],[0,1],[0,1],[0,0],[0,1],[0,0],[0,0],[0,2],[0,0],[-1,0],[0,1],[-1,0],[-1,0],[-1,1],[0,0],[-1,0],[0,1],[0,0],[0,1],[0,1],[0,0],[1,1],[0,1],[0,0],[1,0],[0,0],[0,1],[0,0],[1,1],[0,1],[1,0],[-1,1],[0,1],[0,0],[0,1],[0,1],[0,0],[-1,1],[0,0],[0,1],[-1,2],[0,0],[-1,0],[0,0],[0,1],[-1,1],[0,1],[0,0],[0,1],[0,0],[-1,1],[0,0],[-1,1],[0,0],[-1,0],[0,0],[-1,1],[0,0],[0,0],[0,0],[-1,0],[0,0],[0,1],[-1,-1],[0,1],[0,0],[-1,1],[-1,0],[0,0],[0,1],[-1,0],[0,0],[1,2],[0,0],[-1,1],[0,1],[0,0],[0,-1],[0,0],[0,0],[0,0],[-1,0],[0,0],[0,1],[0,0],[1,0],[0,0],[0,0],[1,0],[0,0],[0,0],[0,1],[0,0],[0,0],[0,0],[0,1],[0,0],[0,0],[0,0],[-1,0],[0,0],[0,0],[0,0],[0,0],[0,1],[0,0],[0,0],[-1,0],[-1,0],[-1,0],[0,1],[0,0],[0,0],[-1,0],[-1,0],[-1,0],[0,0],[-1,1],[0,0],[-1,0],[0,1],[0,0],[0,0],[0,0],[-1,1],[0,1],[-1,0],[0,1],[0,0],[0,1],[0,0],[-1,0],[0,0],[0,0],[0,0],[-1,0],[0,0],[0,1],[-1,0],[0,0],[0,0],[0,0],[0,0],[0,0],[0,0],[-1,1],[0,0],[0,0],[-1,0],[0,0],[0,0],[-1,0],[0,0],[0,0],[-1,0],[0,0],[0,0],[0,0],[0,0],[0,0],[-1,0],[-1,-1],[0,-1],[0,0],[0,0],[0,0],[-1,0],[0,0],[0,1],[0,0],[0,0],[-1,0],[0,-1],[0,0],[0,0],[-1,0],[0,0],[0,1],[0,0],[0,1],[0,0],[0,0],[0,0],[0,1],[0,0],[-1,0],[-1,0],[0,0],[0,0],[0,0],[0,1],[0,0],[0,0],[-1,0],[0,0],[0,0],[0,0],[0,0],[-1,0],[-1,1],[0,0],[0,0],[0,0],[0,0],[0,0],[0,0],[-1,0],[0,0],[0,0],[0,0],[-1,0],[0,0],[0,0],[0,0],[0,0],[0,0],[-1,1],[0,0],[0,0],[0,0],[0,0],[0,0],[-1,0],[0,0],[0,0],[0,0],[-1,0],[0,0],[0,0],[0,0],[0,0],[0,0],[0,0],[0,0],[-1,0],[0,0],[-1,0],[0,0],[0,1],[0,0],[0,0],[0,0],[-1,0],[0,0],[0,0],[0,0],[0,0],[0,0],[-1,0],[0,0],[0,0],[0,0],[0,-1],[0,0],[0,0],[-1,0],[0,0],[0,-1],[0,0],[0,0],[0,0],[0,0],[1,-1],[0,0],[1,0],[0,0],[0,-1],[0,0],[0,0],[0,0],[1,0],[0,-1],[0,-1],[0,0],[0,-1],[0,0],[0,-1],[0,0],[-1,0],[0,-1],[0,0],[0,0],[-1,-1],[0,0],[0,-1],[-1,0],[0,0],[0,-1],[0,0],[0,-1],[1,0],[0,0],[0,0],[0,0],[0,0],[1,0],[0,0],[0,0],[0,0],[0,0],[0,0],[0,0],[1,0],[0,0],[0,1],[0,0],[0,0],[0,0],[0,0],[1,-1],[0,0],[0,0],[0,0],[0,-1],[0,0],[1,0],[0,0],[0,-1],[0,0],[0,0],[1,0],[0,0],[1,0],[0,-1],[1,0],[0,0],[0,-1],[0,0],[0,-1],[0,-1],[0,0],[0,0],[1,-1],[0,0],[1,-1],[1,-1],[0,-1],[0,-2],[0,-1],[-1,-4],[-1,-1],[0,0],[0,0],[1,0],[0,0],[0,0],[0,-1],[-1,0],[0,0],[0,0],[-1,1],[0,0]],[[118,356],[-2,0],[0,0],[-1,1],[0,0],[-1,-1],[-1,0],[0,-1],[1,0],[0,0],[1,0],[1,-1],[0,0],[0,0],[1,0],[2,0],[-1,0],[0,1],[1,0],[0,0],[-1,1]],[[99,356],[1,0],[1,-1],[0,0],[0,0],[2,0],[0,0],[1,1],[0,1],[0,0],[-1,0],[-1,0],[0,0],[-1,0],[0,0],[0,0],[-1,0],[0,0],[-1,0],[0,-1]],[[34,433],[-1,-1],[0,1],[0,0],[0,-2],[0,0],[0,0],[0,-1],[1,-1],[0,0],[0,0],[0,0],[0,1],[0,0],[1,0],[1,0],[0,1],[1,1],[0,1],[-1,1],[0,0],[0,0],[-1,0],[-1,-1]],[[38,427],[0,1],[-1,0],[-1,0],[0,0],[0,0],[0,-2],[0,0],[-1,-1],[0,0],[0,0],[0,0],[0,0],[0,0],[0,0],[1,0],[0,0],[0,0],[1,-1],[1,0],[0,-1],[0,0],[0,-1],[1,0],[0,0],[0,0],[1,0],[0,0],[-1,1],[0,1],[0,1],[0,0],[0,1],[0,0],[0,1],[-1,0]],[[86,389],[0,0],[0,1],[-1,0],[-1,-1],[-2,0],[-1,3],[-1,-1],[0,0],[0,0],[-1,-1],[0,0],[0,0],[-1,0],[0,0],[1,-1],[0,0],[0,0],[0,0],[1,0],[0,-1],[0,0],[1,-1],[0,0],[1,0],[1,0],[0,0],[0,0],[1,0],[0,0],[1,0],[0,-1],[0,0],[0,-1],[1,0],[0,0],[0,-1],[1,0],[0,1],[0,0],[0,1],[0,0],[0,0],[1,0],[0,0],[0,1],[0,0],[-1,0],[0,0],[0,1],[0,0],[1,0],[0,1],[-1,0],[0,0],[0,0],[-1,0]],[[49,473],[-1,0],[0,0],[0,-1],[0,0],[0,0],[0,0],[0,0],[0,0],[0,0],[-1,-1],[-1,0],[0,0],[0,0],[0,0],[0,1],[-1,0],[0,0],[0,0],[0,-1],[0,0],[0,0],[0,0],[0,-1],[-1,0],[0,0],[0,0],[0,-1],[0,0],[0,0],[1,0],[0,0],[0,0],[0,0],[1,0],[0,1],[0,0],[0,0],[1,0],[0,0],[1,0],[0,1],[1,0],[1,1],[0,0],[0,0],[0,0],[-1,1]],[[46,469],[0,0],[-1,0],[0,-1],[1,0],[0,0],[0,0],[0,-1],[0,0],[1,1],[0,0],[1,0],[0,0],[1,0],[0,1],[0,1],[0,0],[0,0],[-1,0],[-1,-1],[-1,0]],[[108,409],[0,-1],[0,0],[0,1],[0,0],[0,0],[1,0],[0,-1],[0,0],[1,0],[0,0],[0,1],[0,0],[0,0],[-1,1],[0,0],[-1,0],[0,-1]],[[76,398],[0,-1],[-1,0],[0,0],[0,0],[0,-1],[1,0],[0,0],[0,0],[0,0],[0,-1],[0,0],[0,-1],[0,1],[1,0],[0,0],[0,0],[1,0],[0,0],[0,0],[0,0],[1,1],[0,1],[0,0],[-1,1],[0,0],[-1,0],[-1,0]],[[65,538],[-1,1],[0,0],[0,1],[0,0],[0,0],[-1,1],[0,1],[-1,0],[0,1],[0,0],[0,-1],[0,0],[0,-1],[0,0],[0,-1],[1,0],[1,0],[-1,-1],[1,0],[0,-1],[0,0],[0,0],[0,0],[1,0]],[[60,538],[-1,2],[1,1],[-1,1],[0,1],[0,2],[0,0],[0,1],[-1,-1],[0,-1],[0,-1],[0,0],[0,-1],[0,0],[1,-1],[0,-1],[0,-2],[1,0],[0,0]],[[69,515],[-1,1],[0,0],[0,1],[0,0],[-1,0],[0,0],[0,0],[0,0],[0,-1],[0,0],[0,0],[0,-1],[0,0],[1,0],[0,-1],[0,0],[0,0],[0,0],[-1,0],[0,1],[0,0],[0,0],[0,0],[-1,-1],[1,0],[0,0],[0,0],[0,-1],[0,0],[0,0],[1,-1],[0,0],[0,0],[0,0],[0,0],[0,1],[0,0],[0,0],[1,1],[0,0],[0,1]],[[80,504],[0,-1],[0,0],[1,0],[1,0],[0,1],[0,0],[0,1],[0,0],[-1,0],[-1,-1],[0,0]],[[61,500],[0,0],[0,0],[0,-1],[0,-1],[0,-1],[0,0],[1,0],[0,0],[1,0],[0,1],[0,0],[0,1],[0,0],[-1,1],[0,0],[-1,0]],[[58,489],[0,0],[1,0],[0,0],[1,0],[0,-1],[1,1],[0,0],[0,0],[0,0],[-1,0],[-1,0],[-1,0]],[[62,489],[-1,2],[0,0],[0,-2],[0,-1],[0,-1],[0,-1],[1,0],[0,0],[0,0],[0,1],[0,1],[0,1]],[[63,484],[0,1],[0,0],[0,0],[0,0],[0,0],[-1,0],[0,1],[0,0],[0,0],[0,0],[0,-1],[0,-1],[0,-1],[0,-1],[0,0],[0,-1],[1,0],[0,0],[0,0],[1,1],[-1,1],[0,1]],[[26,515],[0,0],[0,-1],[0,0],[0,0],[1,0],[0,0],[1,0],[0,0],[0,0],[1,1],[0,0],[0,0],[1,1],[0,0],[0,0],[0,0],[1,0],[0,0],[0,1],[0,0],[-1,0],[0,0],[-1,0],[-1,0],[0,-1],[-1,0],[0,0],[0,-1],[-1,0],[0,0],[0,0]],[[30,490],[0,0],[-1,0],[0,-1],[0,0],[0,-1],[0,0],[0,-1],[0,-1],[0,0],[0,0],[0,-1],[0,-1],[0,0],[0,0],[1,1],[0,0],[0,1],[0,1],[0,1],[0,0],[1,1],[-1,1],[0,0]],[[29,477],[-1,0],[1,1],[0,0],[-1,1],[0,1],[0,0],[-1,0],[0,0],[0,-4],[0,0],[1,0],[0,0],[0,0],[1,1],[0,0],[0,0]],[[62,515],[0,0],[0,-1],[0,0],[1,0],[0,0],[0,0],[1,0],[0,0],[0,1],[0,0],[0,1],[0,0],[-1,0],[-1,-1]],[[137,359],[-1,1],[0,1],[0,1],[-1,0],[0,0],[0,2],[-1,0],[0,0],[0,0],[-1,0],[-1,1],[0,0],[-1,0],[0,0],[-2,0],[0,0],[-1,0],[0,0],[-1,1],[-1,0],[0,0],[0,0],[-1,0],[0,0],[-1,1],[-2,2],[-1,0],[-1,1],[-1,0],[0,0],[-1,0],[-1,0],[-1,0],[0,1],[-1,0],[0,0],[-1,0],[0,0],[-1,1],[0,0],[1,0],[0,0],[0,0],[1,0],[0,1],[0,0],[-1,0],[-1,1],[0,0],[-1,0],[-1,0],[0,0],[-1,1],[0,0],[0,0],[-1,1],[-1,0],[-1,0],[0,0],[-1,0],[0,0],[-1,1],[0,0],[-1,0],[0,2],[-1,0],[0,0],[-1,0],[0,0],[0,-2],[0,-1],[0,1],[-1,1],[1,1],[0,0],[0,1],[0,0],[0,1],[-1,0],[0,0],[-1,1],[-1,0],[0,0],[0,-1],[0,0],[-1,-1],[0,-1],[0,0],[-1,0],[0,0],[0,0],[0,0],[-1,0],[-1,0],[0,0],[-1,1],[0,0],[-1,1],[0,1],[0,0],[-1,0],[0,0],[-1,0],[0,0],[-1,0],[-1,0],[-1,0],[0,0],[-1,0],[0,1],[-1,0],[0,0],[0,-1],[0,0],[-1,-1],[0,0],[0,0],[-1,0],[0,0],[0,0],[1,1],[0,1],[0,0],[0,0],[-1,1],[0,1],[0,0],[-1,1],[-2,0],[-2,1],[0,0],[0,0],[0,-1],[-1,-1],[0,0],[-1,0],[0,0],[-1,0],[0,0],[0,0],[-1,-1],[-1,0],[-2,-1],[0,0],[-1,0],[-1,-1],[-3,-1],[0,0],[-1,-1],[0,0],[1,0],[0,-1],[0,0],[0,0],[1,0],[0,-1],[0,-1],[0,0],[0,0],[0,-1],[2,-1],[0,0],[-1,0],[-1,0],[0,0],[0,-1],[0,0],[1,0],[1,0],[1,-1],[0,0],[1,0],[2,-1],[0,0],[2,-2],[0,0],[1,0],[0,0],[2,-1],[2,-2],[1,0],[2,0],[0,0],[2,-1],[1,-1],[1,0],[1,0],[1,0],[0,-1],[1,0],[0,0],[2,-1],[1,0],[0,0],[1,1],[4,-1],[1,0],[1,1],[1,0],[1,-1],[1,0],[0,0],[1,0],[1,0],[1,-1],[0,0],[1,-1],[1,0],[0,0],[1,0],[1,0],[2,0],[2,1],[1,0],[1,-1],[1,0],[2,-1],[0,0],[1,-1],[0,0],[0,-1],[1,1],[1,0],[1,0],[0,0],[1,-1],[0,0],[1,0],[1,0],[1,0],[1,0],[0,-1],[1,-1],[1,0],[1,0],[0,0],[2,-1],[2,-1],[1,0],[0,0],[1,0],[2,0],[0,0],[0,1],[0,0],[1,0],[0,0],[0,0],[0,1],[-1,0],[0,1],[0,0],[-1,0],[-1,1],[0,0],[-1,0],[0,1]],[[28,467],[-1,-1],[0,0],[0,-1],[0,0],[0,-1],[0,0],[0,-1],[0,-1],[0,-1],[0,0],[0,-1],[0,0],[1,0],[0,-1],[-1,0],[0,-1],[0,0],[0,-1],[0,0],[0,0],[1,-1],[1,-1],[0,-2],[0,-1],[0,0],[0,-1],[0,0],[1,0],[0,0],[0,0],[1,0],[0,0],[0,0],[0,0],[0,0],[0,1],[0,1],[1,0],[0,1],[0,0],[0,1],[0,0],[0,0],[-1,1],[0,0],[0,1],[0,1],[-1,0],[0,1],[-1,0],[0,1],[0,0],[0,0],[0,1],[0,0],[0,0],[0,1],[0,0],[0,1],[0,0],[0,0],[-1,1],[0,1],[0,0],[0,0],[0,1],[1,0],[0,0],[0,0],[0,1],[0,1],[1,0],[0,-1],[0,1],[0,0],[0,0],[0,1],[-1,0],[0,-1],[0,0],[0,0],[-1,-1],[0,1],[0,-1],[0,0]],[[26,451],[0,0],[-1,1],[0,0],[-1,0],[0,0],[0,1],[0,0],[0,0],[-1,1],[0,0],[-1,0],[0,1],[-1,0],[0,0],[0,-1],[-1,0],[0,-1],[0,-1],[1,0],[0,-1],[0,0],[1,-1],[0,0],[1,0],[0,-1],[1,-1],[0,0],[0,-1],[0,0],[1,-2],[0,0],[1,0],[0,0],[0,0],[1,0],[0,0],[0,1],[0,1],[0,1],[-1,1],[0,1],[0,0],[0,1],[0,0],[0,0]],[[34,442],[0,1],[0,0],[0,0],[0,1],[0,0],[0,0],[-1,1],[0,0],[0,0],[0,0],[0,0],[0,1],[0,0],[0,0],[-1,1],[0,0],[-1,0],[0,0],[0,0],[0,0],[0,0],[0,-1],[0,0],[0,0],[0,0],[0,-1],[0,0],[0,0],[0,0],[-1,0],[0,0],[0,0],[1,0],[0,-1],[0,-1],[0,0],[0,0],[0,0],[1,0],[-1,-1],[0,0],[0,-1],[0,0],[0,-1],[0,-1],[0,0],[0,-1],[0,-1],[0,0],[0,-1],[0,0],[0,0],[0,-1],[0,-1],[0,0],[1,0],[0,0],[0,0],[1,0],[1,0],[0,0],[0,0],[0,1],[0,0],[1,1],[0,0],[0,1],[-1,0],[0,1],[0,1],[0,0],[-1,0],[0,0],[0,0],[-1,1],[0,0],[0,0],[0,1],[0,1],[0,0],[1,0],[0,-1],[0,0],[0,0],[0,0],[1,-1],[1,0],[0,0],[0,0],[0,1],[0,0],[0,1],[0,0],[-1,0],[0,0]],[[77,485],[-1,-1],[-1,0],[0,0],[0,-1],[-1,0],[0,0],[0,-1],[0,0],[0,-1],[0,-2],[0,0],[0,-1],[0,-1],[0,0],[1,0],[0,-1],[0,0],[0,-1],[1,-3],[0,-1],[0,-1],[0,-1],[1,0],[0,-1],[0,0],[0,-2],[0,-1],[0,-1],[1,0],[0,-1],[-1,0],[0,-1],[0,0],[-1,-1],[0,0],[-1,-1],[0,0],[-1,0],[-1,0],[0,0],[-1,0],[-1,1],[0,0],[-1,1],[0,0],[-1,0],[-1,0],[0,1],[0,0],[0,1],[-1,0],[1,1],[0,0],[1,1],[1,1],[0,0],[0,1],[0,0],[0,0],[-1,0],[0,1],[0,0],[0,1],[0,0],[1,1],[0,0],[0,1],[-1,1],[0,1],[0,0],[1,0],[0,0],[0,0],[0,1],[0,1],[0,0],[-1,1],[0,0],[0,0],[-1,0],[0,-1],[0,0],[0,0],[0,-1],[1,0],[-1,-1],[0,0],[0,0],[0,-1],[-1,0],[0,-1],[-1,-1],[0,-1],[0,0],[-1,-2],[0,0],[0,-1],[-1,0],[0,0],[1,-1],[0,0],[0,-1],[-1,0],[0,1],[0,0],[-1,0],[0,1],[0,0],[0,0],[-1,1],[-1,0],[-1,0],[0,0],[-1,1],[-1,0],[0,0],[0,0],[-1,1],[0,0],[0,-1],[-1,0],[0,0],[-1,0],[0,0],[0,0],[0,0],[-1,0],[0,0],[0,1],[-1,0],[0,0],[0,0],[0,0],[-1,0],[0,1],[0,0],[0,0],[0,0],[0,0],[0,0],[-1,0],[0,0],[-1,0],[1,0],[0,-1],[0,0],[-1,0],[0,0],[1,0],[0,-1],[-1,-1],[0,-1],[0,0],[0,0],[-1,0],[0,-1],[0,0],[0,-1],[0,-1],[1,0],[0,0],[1,0],[1,0],[0,0],[1,1],[0,0],[0,0],[1,0],[0,-1],[0,-1],[3,-1],[0,0],[0,0],[0,0],[1,1],[0,0],[1,0],[1,0],[1,0],[0,0],[0,-1],[0,0],[0,-1],[0,0],[0,-2],[-1,0],[0,0],[-1,0],[0,0],[-1,0],[-2,0],[0,0],[0,0],[-2,-1],[-1,0],[-2,0],[0,0],[-1,-1],[-1,0],[0,0],[-2,0],[0,0],[-1,0],[1,0],[0,-1],[0,0],[0,-1],[0,0],[0,-1],[0,0],[-1,0],[0,-1],[1,0],[1,-1],[0,0],[1,0],[0,0],[1,0],[1,1],[1,0],[0,0],[1,1],[0,0],[2,0],[1,0],[1,0],[0,0],[0,0],[1,0],[0,0],[0,0],[0,0],[1,0],[0,-1],[0,-1],[0,-1],[0,0],[1,0],[1,0],[0,0],[1,1],[0,0],[1,-1],[0,1],[0,0],[0,0],[0,0],[0,1],[1,0],[0,1],[1,0],[1,0],[0,1],[0,0],[1,0],[1,0],[0,0],[1,0],[0,1],[1,0],[1,1],[1,1],[0,0],[0,1],[-1,0],[1,0],[0,0],[1,0],[2,0],[1,0],[-1,0],[1,1],[0,0],[1,0],[0,0],[1,0],[0,1],[0,0],[1,0],[0,1],[0,0],[1,0],[0,1],[0,0],[0,0],[0,0],[-1,0],[0,1],[0,0],[0,0],[1,1],[0,0],[0,0],[0,0],[1,1],[0,0],[0,0],[0,1],[0,0],[0,0],[0,1],[0,0],[-1,0],[0,1],[0,0],[0,0],[-1,0],[0,0],[0,2],[0,1],[-1,1],[0,1],[0,0],[-1,1],[0,0],[0,0],[1,1],[0,0],[0,0],[-1,1],[-1,3],[0,1],[1,1],[1,1],[0,1],[0,0],[1,0],[0,1],[0,0],[0,0],[0,1],[1,0],[0,0],[0,1],[0,0],[-1,1],[0,-1],[-1,0],[0,0],[-1,-1],[0,0],[0,-1]],[[62,388],[-1,0],[0,1],[0,0],[-1,1],[0,0],[0,1],[-1,1],[0,0],[0,0],[0,0],[0,1],[-1,0],[0,0],[0,0],[-2,0],[0,1],[0,0],[-1,1],[0,0],[-1,2],[0,0],[0,1],[0,0],[-1,1],[0,1],[0,1],[0,0],[0,1],[-1,0],[0,0],[0,0],[0,1],[1,0],[0,1],[1,0],[0,1],[0,0],[0,0],[0,0],[0,1],[0,0],[-2,1],[0,0],[0,1],[0,0],[0,0],[0,1],[0,0],[-1,0],[0,1],[-1,1],[0,0],[0,0],[-1,1],[0,1],[0,1],[-1,0],[-1,0],[0,0],[0,0],[0,0],[-1,0],[-1,0],[-1,1],[0,1],[-1,2],[0,1],[0,1],[0,1],[0,0],[-1,1],[0,0],[-1,0],[-1,0],[-1,0],[0,-1],[-1,0],[-1,0],[0,1],[-1,0],[0,0],[0,0],[0,-1],[1,0],[0,0],[0,-1],[0,0],[1,-1],[1,-2],[2,-2],[0,0],[0,-1],[0,-1],[0,0],[0,-1],[0,0],[1,-2],[0,-1],[1,-3],[1,-1],[0,-1],[1,-2],[0,-1],[3,-2],[0,-1],[2,-3],[0,0],[1,-1],[0,-1],[0,-1],[0,-1],[0,0],[0,0],[0,-1],[0,-1],[1,-1],[1,-1],[0,0],[1,0],[0,-1],[1,-1],[0,-1],[1,-2],[1,-1],[0,0],[0,0],[1,0],[0,0],[0,1],[0,0],[2,-2],[1,-1],[0,0],[0,-1],[0,-1],[0,0],[1,0],[0,-1],[0,0],[0,0],[0,0],[0,0],[1,0],[0,1],[-1,0],[0,0],[0,0],[0,0],[0,1],[0,0],[1,1],[0,0],[0,0],[0,0],[1,1],[1,1],[0,0],[0,1],[0,0],[-1,1],[0,0],[0,1],[-1,1],[0,0],[0,1],[0,0],[0,0],[0,1],[0,0],[-1,1],[0,0]],[[98,413],[0,-1],[-1,0],[0,0],[0,0],[-1,0],[0,0],[-1,1],[0,0],[-1,0],[0,0],[0,0],[-1,1],[-1,0],[0,1],[-1,0],[0,0],[0,1],[0,1],[0,1],[0,0],[0,1],[0,1],[-1,0],[0,0],[0,1],[0,0],[0,0],[0,1],[0,1],[1,0],[0,1],[1,0],[0,0],[0,1],[0,0],[-1,3],[0,0],[0,0],[0,0],[0,0],[-1,0],[0,0],[0,1],[-1,1],[0,0],[0,0],[0,1],[0,0],[0,1],[0,0],[0,1],[0,0],[0,1],[0,1],[0,0],[0,0],[0,0],[0,1],[1,0],[0,0],[0,0],[0,1],[0,0],[1,0],[0,0],[0,0],[0,0],[1,0],[0,0],[0,0],[0,1],[0,0],[1,1],[0,0],[0,1],[0,0],[0,-1],[1,0],[0,0],[0,0],[0,0],[0,0],[1,1],[0,0],[0,0],[0,0],[0,1],[0,0],[0,0],[1,1],[0,0],[0,0],[1,0],[0,0],[0,0],[0,1],[1,0],[0,0],[1,0],[0,0],[1,1],[0,0],[0,0],[1,1],[0,0],[0,0],[-1,1],[1,0],[0,1],[-1,0],[0,0],[0,0],[0,1],[0,0],[0,0],[0,1],[0,0],[0,1],[-1,1],[0,0],[-1,1],[0,1],[0,0],[0,0],[0,-1],[0,0],[-1,1],[0,-1],[0,1],[-1,0],[0,0],[0,0],[0,0],[0,0],[0,-1],[0,0],[0,0],[0,0],[0,0],[0,-1],[0,-1],[0,0],[0,0],[0,0],[-1,1],[0,0],[-1,0],[0,0],[0,0],[-1,0],[0,1],[0,0],[0,0],[-1,0],[0,-1],[0,1],[0,0],[0,0],[0,0],[0,0],[-1,0],[0,0],[0,0],[-1,1],[-1,0],[0,0],[0,0],[-1,0],[0,-1],[0,0],[0,0],[0,0],[0,0],[-1,0],[0,0],[-1,1],[-1,0],[-1,1],[-1,1],[-1,1],[0,0],[-1,0],[0,0],[0,-1],[0,-1],[0,-1],[1,-1],[0,0],[1,0],[0,-1],[0,0],[-1,0],[0,0],[0,0],[0,0],[-1,-1],[0,0],[-1,-1],[-1,-1],[-2,0],[0,-1],[-2,1],[0,-1],[-1,1],[0,-1],[0,0],[0,-1],[0,0],[-1,-1],[0,0],[0,-1],[0,0],[0,-1],[0,0],[0,0],[1,0],[-1,0],[0,0],[0,0],[0,0],[-1,0],[0,-1],[0,0],[0,0],[-1,-1],[0,0],[0,0],[0,-1],[0,0],[0,0],[0,0],[-1,1],[0,-1],[0,1],[-1,-1],[0,0],[0,0],[-1,0],[0,1],[0,0],[-1,-1],[0,0],[0,0],[0,0],[0,-1],[0,0],[-1,0],[0,0],[0,0],[-1,0],[0,0],[0,-1],[0,0],[0,0],[0,0],[-1,0],[0,0],[0,0],[0,0],[-1,-1],[0,0],[-1,-1],[0,0],[0,0],[-1,-4],[-1,-3],[1,0],[0,-1],[2,1],[1,0],[1,0],[-1,-1],[0,0],[1,0],[0,0],[0,0],[1,0],[-1,0],[0,-1],[0,0],[0,0],[1,0],[0,0],[-1,-1],[0,-1],[0,0],[1,-1],[0,0],[1,1],[0,0],[0,-1],[0,0],[0,-1],[0,0],[0,0],[2,-1],[-1,-1],[-1,-1],[0,-1],[1,-1],[0,0],[0,-1],[-1,-1],[0,-1],[1,0],[0,0],[0,0],[1,0],[1,1],[0,0],[1,0],[0,-1],[0,0],[0,0],[0,-1],[0,0],[0,-1],[0,-1],[0,-1],[1,0],[0,0],[0,0],[0,0],[0,0],[0,-1],[0,0],[0,0],[1,0],[0,-1],[0,-1],[0,0],[0,0],[0,0],[1,0],[3,0],[1,1],[0,0],[1,-1],[0,0],[1,1],[0,0],[1,0],[1,0],[0,0],[1,0],[0,0],[1,-1],[1,-1],[0,0],[0,-1],[0,0],[0,1],[1,0],[0,0],[0,0],[0,0],[1,-1],[0,0],[0,0],[1,1],[0,0],[1,0],[0,0],[0,1],[0,0],[0,0],[1,-1],[0,0],[1,0],[0,0],[1,0],[1,0],[1,0],[1,1],[0,0],[0,1],[0,0],[0,0],[0,0],[0,-1],[1,1],[0,0],[1,1],[0,0],[1,1],[0,0],[0,2]],[[74,500],[0,0],[0,0],[0,0],[1,1],[0,0],[0,0],[0,1],[1,0],[0,0],[0,0],[1,0],[0,1],[0,1],[0,1],[0,0],[0,0],[-1,0],[-1,0],[0,-1],[-1,0],[0,-1],[0,-1],[0,0],[-1,0],[0,1],[-1,1],[0,0],[0,0],[-1,0],[0,0],[0,1],[0,0],[-1,0],[1,-2],[1,0],[0,-1],[0,0],[0,-1],[0,0],[0,-1],[0,0],[-1,0],[0,0],[0,0],[-1,0],[-1,0],[-2,1],[-1,0],[0,1],[-1,0],[0,-1],[1,0],[0,-1],[0,0],[2,0],[0,0],[0,-1],[1,0],[0,0],[1,0],[0,0],[1,0],[0,0],[1,0],[0,0],[0,-1],[1,0],[0,1],[1,0],[0,0],[0,0],[1,0],[1,-1],[0,0],[1,1],[1,0],[0,0],[1,0],[0,1],[1,0],[1,1],[0,0],[0,1],[0,0],[-1,0],[0,-1],[-1,0],[0,0],[0,0],[-1,0],[0,0],[-1,0],[-1,0],[0,0],[0,-1],[-1,-1],[0,0],[0,0],[-1,0],[0,1]],[[54,508],[0,1],[0,1],[0,1],[-1,0],[0,1],[-1,1],[0,0],[-1,0],[0,0],[0,0],[-1,1],[0,0],[-1,-1],[0,-1],[1,-1],[0,0],[1,-2],[0,0],[0,0],[1,0],[0,-2],[0,0],[0,0],[0,0],[-1,0],[0,0],[1,-1],[0,-1],[0,0],[0,-1],[0,0],[1,0],[0,0],[0,0],[0,-1],[0,0],[-1,0],[0,-1],[0,0],[0,0],[0,-1],[0,0],[1,-1],[0,0],[0,0],[1,0],[-1,-1],[0,0],[0,0],[0,0],[-1,0],[0,-1],[0,0],[0,0],[1,0],[0,0],[0,0],[2,2],[0,0],[0,2],[0,1],[0,1],[0,0],[0,1],[-1,0],[0,0],[0,0],[0,1],[1,0],[0,1],[0,0],[0,0],[0,0],[-1,1]],[[55,493],[-1,1],[0,0],[-1,0],[0,0],[0,0],[0,1],[-1,0],[-1,0],[0,-1],[0,0],[0,-1],[0,0],[0,-1],[0,0],[0,0],[0,-1],[1,-1],[0,-1],[0,0],[1,0],[0,0],[1,0],[1,0],[0,0],[0,0],[0,1],[0,0],[0,1],[0,2],[0,0]],[[24,479],[-1,0],[0,0],[0,0],[1,1],[-1,0],[0,0],[0,0],[-1,0],[1,-1],[-1,0],[0,0],[0,0],[0,0],[-1,0],[0,0],[-1,0],[0,-1],[-1,0],[0,-1],[-1,-1],[0,0],[-1,-1],[0,-1],[0,0],[0,-2],[0,0],[0,-1],[0,-1],[0,0],[1,0],[0,1],[0,0],[0,0],[1,-1],[0,0],[1,1],[1,0],[0,0],[1,1],[0,1],[0,0],[0,1],[0,0],[0,0],[0,0],[0,1],[0,0],[0,0],[0,1],[1,0],[0,0],[0,1],[0,0],[0,0],[1,2],[0,0]],[[38,534],[0,0],[-1,0],[0,0],[0,0],[-1,0],[0,0],[-1,0],[0,0],[0,0],[0,0],[0,0],[-1,-1],[1,-1],[0,0],[0,0],[0,-1],[1,0],[0,0],[0,0],[0,0],[0,1],[1,0],[0,0],[1,-1],[0,0],[0,0],[0,1],[1,1],[0,0],[0,0],[1,0],[-1,0],[0,1],[0,0],[0,0],[0,0],[-1,0]],[[34,533],[0,0],[-1,0],[0,-1],[-1,0],[0,0],[-1,-1],[1,-1],[0,0],[2,1],[0,0],[0,0],[0,0],[0,0],[1,0],[0,0],[0,0],[0,0],[0,1],[-1,0],[0,1]],[[24,555],[-1,-1],[0,-2],[0,-1],[0,-1],[0,0],[1,0],[2,1],[1,1],[1,0],[0,1],[1,1],[0,1],[0,1],[0,0],[-1,1],[0,0],[-1,1],[-1,-1],[-1,-1],[-1,-1],[0,0]],[[55,567],[0,0],[0,0],[-1,0],[-1,0],[-1,0],[-1,0],[-1,0],[-1,0],[-1,0],[-1,0],[-1,0],[-2,1],[-1,0],[-1,0],[-1,0],[-1,0],[-1,0],[-1,0],[-1,0],[-1,0],[-1,0],[0,0],[-1,0],[-1,0],[-1,0],[0,0],[-1,0],[-1,0],[-1,0],[-1,1],[-1,0],[-1,0],[-2,0],[-1,0],[-1,0],[-1,0],[-1,0],[0,0],[0,0],[0,-1],[1,-1],[1,0],[0,-1],[2,-2],[1,-1],[0,0],[0,0],[0,0],[1,1],[0,-1],[-1,0],[0,-1],[0,-1],[0,0],[0,-1],[0,-1],[0,0],[0,0],[1,0],[-1,0],[0,-1],[-1,-1],[0,0],[0,0],[1,0],[0,0],[0,0],[1,0],[0,1],[1,0],[1,0],[0,0],[0,0],[0,-1],[0,0],[1,0],[0,0],[0,-1],[1,0],[0,0],[0,1],[0,0],[0,1],[0,0],[0,0],[0,0],[0,0],[0,-1],[1,-1],[0,-1],[1,0],[0,1],[0,1],[0,-1],[1,0],[0,0],[0,-1],[1,0],[1,-1],[1,0],[1,-1],[0,1],[0,0],[0,-1],[1,0],[0,0],[0,1],[0,-1],[0,0],[0,-1],[0,0],[0,0],[0,0],[1,0],[0,0],[1,0],[0,-1],[0,0],[0,0],[0,0],[0,-1],[2,-2],[0,0],[0,0],[0,-1],[0,0],[0,0],[0,-1],[0,0],[0,0],[0,0],[1,-2],[0,-1],[1,-1],[0,-1],[0,0],[1,-2],[0,-1],[0,-1],[0,0],[0,0],[1,-3],[1,0],[0,0],[0,0],[0,1],[1,-1],[0,0],[-1,0],[0,-1],[0,0],[1,-1],[0,0],[0,-1],[0,0],[0,0],[0,0],[0,0],[0,-1],[0,0],[1,0],[0,0],[0,-1],[1,0],[0,0],[1,0],[0,0],[1,0],[0,1],[0,-1],[0,0],[0,0],[0,0],[-1,0],[-1,-1],[0,0],[0,0],[-1,0],[0,-1],[-1,0],[0,0],[0,0],[-1,-1],[0,0],[0,-1],[0,0],[0,0],[0,-1],[1,0],[0,0],[1,0],[1,0],[1,0],[0,0],[1,-1],[1,-1],[0,-1],[0,0],[0,-1],[1,0],[0,0],[0,0],[1,1],[-1,1],[0,1],[0,0],[0,1],[1,1],[0,0],[1,1],[0,0],[0,1],[-1,0],[0,1],[0,0],[0,1],[0,0],[0,0],[0,0],[1,1],[0,0],[0,0],[0,0],[0,-1],[1,1],[0,0],[0,0],[0,0],[0,-1],[0,-1],[0,-1],[0,0],[0,-2],[0,0],[0,-2],[0,0],[0,-1],[0,0],[0,-1],[1,0],[0,0],[0,-1],[0,0],[2,0],[0,0],[0,-1],[1,0],[0,-2],[0,-1],[0,0],[0,0],[0,-1],[0,0],[1,0],[0,0],[0,1],[0,0],[1,0],[0,1],[1,0],[0,0],[0,0],[0,0],[1,1],[0,2],[0,0],[0,0],[1,1],[0,0],[0,0],[0,2],[0,0],[0,1],[0,1],[0,1],[-1,1],[-1,1],[0,1],[0,1],[0,1],[0,0],[0,0],[-1,0],[0,0],[-1,0],[0,1],[-1,0],[0,0],[-1,0],[0,0],[0,-1],[-1,0],[0,0],[-1,0],[-1,0],[0,0],[-1,1],[-2,0],[-1,1],[1,0],[1,0],[0,0],[0,0],[0,1],[0,0],[-1,0],[-1,0],[0,0],[0,1],[0,0],[-1,0],[-1,0],[0,0],[0,1],[0,0],[-1,1],[0,1],[1,0],[0,1],[0,0],[1,1],[1,1],[1,0],[0,0],[1,1],[0,0],[0,1],[1,0],[0,0],[0,1],[1,1],[0,2],[1,0],[0,0],[0,0],[0,0],[1,0],[0,1],[1,1],[0,1],[0,1],[0,0],[0,1],[-1,3],[0,0],[-1,1],[0,0],[0,1],[0,0],[-1,1],[0,1],[-1,2],[0,0],[0,2],[0,0],[0,0],[0,0],[0,2],[0,0],[0,1],[-1,0],[0,1]],[[23,557],[0,0],[0,-2],[1,0],[0,0],[0,1],[0,0],[0,0],[1,1],[-1,0],[-1,0]],[[112,376],[0,0],[-1,0],[0,0],[0,-1],[0,0],[0,-1],[0,0],[1,0],[0,0],[0,1],[0,0],[0,1],[0,0]],[[106,377],[0,0],[0,0],[0,0],[1,0],[0,0],[1,0],[0,0],[0,0],[-1,0],[0,1],[0,0],[-1,0],[0,-1],[0,0]],[[108,378],[-1,0],[0,0],[1,0],[0,-1],[0,0],[1,-1],[0,0],[0,0],[0,0],[0,1],[-1,1],[0,0]],[[103,379],[0,0],[0,0],[1,-1],[0,0],[1,-1],[0,0],[0,0],[0,0],[1,0],[0,1],[0,0],[0,0],[-1,1],[0,0],[-1,0],[0,1],[-1,-1]],[[104,380],[0,0],[0,0],[0,0],[0,0],[1,-1],[0,0],[0,0],[0,0],[1,0],[0,0],[-1,1],[0,0],[-1,0]],[[102,380],[0,0],[0,0],[1,0],[0,0],[0,0],[-1,0],[0,0]],[[102,381],[0,0],[1,0],[0,0],[0,0],[0,0],[0,1],[-1,0],[0,-1]],[[104,385],[-1,0],[0,0],[0,0],[0,0],[0,0],[0,-1],[0,0],[0,0],[0,0],[0,1],[0,0],[1,0]],[[103,388],[-1,-1],[0,1],[0,0],[-1,-1],[0,0],[0,0],[0,0],[0,-1],[0,0],[1,1],[0,-1],[0,1],[0,0],[0,-1],[0,0],[1,0],[0,0],[0,0],[0,1],[0,0],[0,1]],[[96,386],[0,0],[0,0],[-1,1],[0,0],[0,0],[0,0],[0,-1],[0,0],[1,0],[0,-1],[0,-1],[0,0],[1,1],[0,0],[0,1],[0,0],[0,0],[-1,0],[0,0]],[[96,384],[-1,0],[0,1],[0,-1],[-1,0],[0,0],[1,-1],[-1,0],[1,0],[0,0],[1,0],[0,0],[0,1],[-1,0],[1,0]],[[97,381],[0,-1],[0,-1],[1,1],[0,0],[0,0],[-1,1],[0,0],[0,0]],[[83,408],[-1,-1],[1,0],[0,0],[1,0],[0,0],[0,1],[-1,0],[0,0],[0,0],[0,0],[0,0]],[[46,420],[0,0],[0,-1],[0,0],[0,-1],[0,-1],[1,-1],[0,0],[-1,0],[1,0],[0,-2],[1,0],[0,1],[1,0],[-1,1],[-1,5],[0,1],[-1,0],[0,-1],[0,-1]],[[62,536],[0,-1],[0,0],[1,0],[0,0],[0,0],[0,1],[0,0],[0,0],[-1,0]],[[68,496],[0,0],[0,0],[0,0],[1,0],[0,0],[0,1],[0,0],[-1,0],[0,-1]],[[68,498],[0,1],[-1,-1],[-1,0],[0,1],[0,0],[0,0],[0,0],[0,0],[-1,0],[1,-1],[0,0],[0,0],[0,0],[0,-1],[0,0],[1,0],[0,0],[1,0],[0,0],[0,0],[0,0],[0,0],[0,1],[0,0],[0,0],[0,0]],[[37,524],[0,0],[1,0],[0,0],[1,1],[1,0],[0,1],[0,0],[-1,-1],[-1,0],[-1,-1]],[[37,524],[0,-1],[0,0],[0,0],[0,0],[1,0],[1,0],[0,0],[0,0],[0,0],[-1,1],[-1,0]],[[51,500],[0,0],[-1,0],[0,-1],[1,1],[0,-1],[0,0],[0,0],[-1,0],[1,-1],[0,0],[0,0],[0,1],[0,0],[1,1],[0,0],[-1,0],[0,0],[0,0],[0,0]],[[90,497],[0,-1],[0,0],[1,0],[0,1],[0,0],[1,0],[0,-1],[0,0],[1,1],[0,0],[-1,0],[0,0],[-1,0],[0,0],[-1,0]],[[88,491],[0,0],[0,-1],[1,0],[0,0],[0,0],[0,0],[1,0],[-1,0],[0,0],[-1,1],[0,0]],[[24,512],[0,0],[1,0],[1,1],[-1,1],[0,0],[0,-1],[0,0],[-1,-1]],[[27,507],[-1,-1],[0,0],[1,-1],[1,0],[0,0],[0,1],[0,1],[-1,0],[0,0]],[[27,495],[0,1],[0,1],[-1,0],[0,-1],[0,-1],[1,0],[0,0]],[[60,512],[0,0],[0,0],[-1,0],[0,0],[0,0],[0,0],[0,0],[0,0],[0,-1],[-1,0],[0,0],[1,-1],[0,-1],[0,0],[1,0],[0,1],[0,1],[0,0],[0,1],[0,0]],[[75,364],[0,-1],[1,0],[0,0],[0,0],[0,0],[-1,1],[0,0],[0,0]],[[90,359],[-1,0],[1,0],[0,0],[1,0],[0,0],[0,0],[1,0],[0,0],[0,0],[-1,1],[0,0],[-1,0],[0,-1],[0,0]],[[93,359],[-1,0],[1,-1],[0,0],[1,0],[0,0],[0,0],[0,1],[0,0],[-1,0],[0,0]],[[95,358],[0,0],[1,0],[0,-1],[1,0],[0,0],[0,1],[0,0],[0,0],[0,0],[-1,0],[0,0],[-1,0]],[[107,356],[0,-1],[0,0],[0,0],[1,1],[0,0],[0,0],[2,0],[-1,0],[0,1],[-1,0],[0,0],[-1,-1],[0,0]],[[124,353],[0,0],[1,0],[0,-1],[1,0],[0,-1],[1,0],[0,0],[1,0],[0,0],[0,0],[0,0],[0,1],[-1,0],[0,0],[0,0],[-1,0],[-1,1],[0,0],[-1,0],[0,0]],[[46,466],[0,0],[0,-1],[1,0],[0,0],[0,0],[0,0],[1,0],[0,1],[0,0],[-1,0],[0,0],[0,0],[-1,0]],[[67,476],[0,0],[-1,-1],[0,0],[0,1],[0,1],[0,0],[0,0],[0,0],[-1,0],[0,-1],[0,0],[0,0],[0,0],[0,-1],[0,0],[0,0],[0,0],[0,0],[0,0],[1,0],[0,0],[-1,-1],[0,0],[0,-1],[1,0],[1,0],[0,1],[0,0],[0,1],[0,1]],[[72,469],[0,0],[-1,0],[0,0],[0,0],[1,0],[-1,-1],[0,0],[1,0],[0,1],[0,0],[0,0]],[[42,457],[0,0],[0,0],[1,0],[0,0],[1,0],[1,0],[0,0],[0,0],[-1,0],[-2,0]],[[45,429],[0,-1],[0,0],[0,0],[0,0],[0,1],[0,0],[0,0],[0,0],[0,1],[0,-1],[0,0]],[[60,437],[-1,-1],[0,0],[1,0],[1,0],[1,0],[0,1],[1,0],[0,1],[0,0],[-1,0],[0,0],[0,0],[0,0],[-1,0],[-1,0],[0,-1],[0,0]],[[14,466],[0,-1],[0,0],[1,0],[0,1],[0,1],[1,0],[0,1],[0,1],[0,0],[0,0],[0,0],[0,0],[-1,0],[0,-1],[0,0],[-1,-2],[0,0]],[[28,476],[0,-1],[-1,0],[0,0],[0,-1],[0,0],[1,0],[0,0],[0,0],[0,0],[0,1],[0,0],[1,1],[0,0],[0,0],[-1,0],[0,0]],[[29,474],[-1,-1],[0,-1],[0,0],[0,0],[0,0],[-1,0],[0,0],[0,-1],[0,0],[0,0],[0,0],[1,-1],[0,0],[0,0],[0,0],[0,1],[1,0],[0,0],[0,0],[0,0],[0,0],[0,1],[0,0],[0,0],[0,1],[0,0],[0,1],[0,0]],[[29,470],[-1,0],[1,-1],[0,0],[0,0],[0,0],[0,1],[0,0],[0,0]],[[33,534],[0,0],[1,-1],[0,1],[0,0],[-1,0]],[[104,382],[0,0],[0,-1],[0,0],[0,1],[1,0],[-1,0],[0,0]],[[102,383],[0,0],[0,0],[1,0],[0,0],[-1,0],[0,0]],[[102,385],[0,0],[0,0],[0,0],[0,0],[0,0],[0,0],[0,0],[0,0]],[[97,386],[0,0],[0,0],[0,0],[0,0],[1,-1],[0,1],[-1,0],[0,0]],[[109,399],[-1,0],[1,-1],[0,0],[0,1],[0,0],[0,0]],[[108,396],[0,0],[0,0],[1,0],[0,0],[0,0],[0,0],[0,0],[0,0],[0,0],[0,0],[0,0],[-1,0],[0,0]],[[103,410],[0,0],[0,0],[1,0],[0,1],[-1,-1]],[[82,404],[0,-1],[0,0],[0,0],[0,1],[0,0]],[[78,394],[0,0],[0,0],[0,0],[0,0],[0,0],[0,0],[0,0]],[[78,391],[0,0],[0,0],[1,0],[0,-1],[0,1],[0,0],[0,0],[-1,0]],[[45,423],[0,0],[0,0],[0,0],[1,0],[0,0],[-1,0],[0,0]],[[55,416],[-1,0],[1,0],[0,0],[0,0],[0,0],[0,0],[0,0]],[[63,376],[0,0],[0,0],[0,0],[1,0],[0,0],[0,0],[-1,0],[0,0]],[[121,356],[0,0],[1,0],[0,0],[0,0],[0,0],[0,0],[-1,0],[0,0]],[[141,356],[0,0],[1,0],[0,-1],[0,1],[0,0],[0,0],[0,0],[-1,0]],[[64,477],[0,0],[0,-1],[1,1],[0,0],[0,0],[0,0],[-1,0],[0,0],[0,0]],[[52,473],[-1,0],[0,-1],[1,0],[0,0],[0,0],[0,0],[0,1],[0,0],[0,0]],[[62,478],[0,0],[0,0],[1,0],[0,0],[-1,0]],[[64,475],[-1,-1],[0,0],[1,0],[0,0],[0,1],[0,0]],[[30,449],[0,-1],[0,0],[1,0],[0,0],[0,1],[1,0],[0,0],[0,0],[0,0],[-1,0],[0,0],[0,0],[0,0],[0,0],[0,0],[-1,0],[0,0]],[[33,447],[0,0],[1,0],[0,0],[0,0],[0,0],[0,0],[-1,0],[0,0],[0,0]],[[35,427],[-1,0],[1,0],[0,0],[0,0],[0,0],[0,1],[0,-1]],[[98,453],[0,1],[0,0],[-1,0],[0,0],[0,-1],[1,0],[0,0]],[[94,452],[0,0],[0,0],[0,0],[1,0],[0,0],[-1,0],[0,0]],[[41,476],[0,0],[0,0],[0,0],[1,0],[-1,0],[0,0]],[[45,474],[0,0],[0,0],[0,0],[0,0],[0,0],[0,0],[0,0]],[[38,458],[0,-1],[0,0],[0,0],[0,0],[0,1],[0,0]],[[34,439],[0,-1],[1,0],[0,0],[0,0],[0,0],[1,1],[-1,0],[0,0],[-1,0]],[[62,439],[-1,-1],[1,0],[0,0],[0,1],[0,0]],[[74,498],[0,0],[0,-1],[0,0],[0,0],[0,1],[0,0],[0,0]],[[57,533],[0,-1],[0,0],[1,0],[0,0],[0,1],[-1,0],[0,0]],[[46,528],[0,0],[0,0],[0,-1],[1,0],[-1,0],[0,1]],[[65,515],[-1,0],[0,0],[0,-3],[0,1],[0,0],[1,0],[0,0],[0,0],[0,0],[0,0],[0,1],[0,0],[0,0],[0,0],[0,1]],[[66,514],[0,-1],[0,0],[1,0],[0,0],[0,0],[0,1],[0,0],[-1,0],[0,0]],[[68,508],[0,0],[1,0],[0,-1],[0,0],[-1,1],[0,0]],[[70,498],[0,0],[0,0],[0,-1],[1,1],[0,0],[-1,0],[0,0]],[[73,498],[0,0],[0,0],[1,0],[0,0],[0,0],[0,0],[0,0],[-1,0]],[[66,497],[0,-1],[0,0],[0,0],[1,0],[0,0],[-1,1],[0,0]],[[51,503],[0,0],[0,-1],[0,0],[0,0],[0,0],[1,0],[-1,0],[0,0],[0,1]],[[51,502],[0,-1],[0,0],[0,0],[0,1],[0,0]],[[90,496],[-1,0],[1,0],[0,0],[0,0],[0,0],[0,0]],[[89,497],[0,0],[0,-1],[0,0],[0,0],[0,1],[0,0],[0,0],[0,0]],[[84,489],[0,0],[1,0],[0,0],[0,0],[0,0],[0,0],[-1,0]],[[30,519],[0,0],[0,-1],[0,0],[1,0],[0,0],[0,0],[0,0],[-1,1]],[[32,501],[-1,-1],[1,0],[0,0],[0,0],[0,0],[0,1],[0,0],[0,0],[0,0]],[[30,493],[0,0],[0,0],[0,0],[0,1],[0,0],[0,0],[0,-1]],[[17,469],[0,0],[1,0],[0,0],[0,1],[0,0],[0,0],[0,-1],[-1,0]],[[17,460],[0,0],[0,-1],[1,0],[0,1],[0,0],[0,1],[0,0],[-1,0],[0,-1]],[[34,534],[0,0],[0,0],[0,1],[1,0],[0,0],[-1,-1]],[[32,534],[0,0],[0,-1],[0,0],[1,1],[0,0],[0,0],[0,0],[-1,0]],[[55,499],[-1,0],[0,-1],[0,0],[1,1],[0,0]],[[53,497],[0,0],[0,-1],[0,0],[0,0],[0,1],[0,0]],[[28,468],[-1,0],[1,0],[0,0],[0,0],[0,1],[0,0],[0,0],[0,0],[0,0],[0,-1]],[[811,450],[0,0],[0,0],[-1,0],[0,-1],[0,0],[0,0],[-1,0],[0,0],[0,0],[-1,0],[0,0],[1,0],[0,-1],[-1,0],[0,0],[0,0],[0,-1],[0,0],[0,-1],[0,0],[0,0],[0,-1],[0,0],[0,-1],[0,0],[-1,0],[0,0],[0,-1],[-1,0],[0,0],[0,-1],[0,0],[1,0],[0,0],[0,0],[-1,0],[0,-1],[0,0],[0,0],[0,0],[0,0],[-1,0],[0,0],[0,0],[0,0],[0,0],[0,0],[0,0],[-1,0],[0,0],[0,1],[-1,0],[0,1],[-1,0],[0,0],[-1,1],[0,0],[0,0],[0,0],[0,0],[0,0],[0,1],[0,0],[0,1],[-1,0],[0,0],[-1,0],[0,0],[-1,1],[0,0],[0,0],[0,0],[0,1],[0,0],[0,1],[0,0],[0,0],[0,0],[-1,0],[0,0],[-1,0],[0,0],[0,0],[0,0],[-1,0],[-1,-1],[-1,0],[0,0],[0,0],[-1,0],[0,0],[0,-1],[0,0],[0,0],[1,-1],[0,0],[0,0],[0,0],[0,0],[-1,-1],[0,-1],[-1,-1],[0,0],[0,-1],[-1,1],[0,-1],[-1,0],[0,0],[-1,0],[-1,0],[0,0],[-1,-1],[-1,-1],[0,0],[-1,0],[-1,0],[0,0],[-1,0],[-1,0],[0,0],[0,-1],[-1,0],[0,0],[0,0],[-1,0],[0,0],[0,0],[0,0],[-1,0],[-1,-1],[0,0],[0,0],[-1,0],[0,0],[0,0],[-1,0],[0,0],[0,0],[0,0],[-1,0],[0,0],[-1,1],[0,0],[0,0],[-1,0],[0,-1],[-1,0],[0,-1],[0,0],[-1,0],[0,0],[0,0],[0,0],[0,1],[0,0],[0,1],[0,0],[0,1],[0,0],[-1,0],[0,0],[0,0],[0,0],[1,1],[-1,0],[0,0],[0,0],[0,0],[0,0],[0,1],[0,0],[-1,0],[0,1],[0,0],[0,0],[0,0],[-1,-1],[0,0],[0,1],[0,0],[0,0],[0,0],[0,0],[-1,0],[0,0],[0,0],[-1,0],[0,0],[0,0],[0,0],[0,0],[0,1],[0,0],[0,0],[0,0],[0,0],[0,0],[-1,0],[0,0],[0,1],[0,0],[0,0],[0,0],[-1,0],[0,0],[0,-1],[-1,0],[0,0],[0,-1],[0,0],[0,-1],[0,0],[0,-1],[0,0],[0,0],[0,-1],[0,-1],[-1,0],[0,0],[0,0],[-1,-1],[0,0],[0,-1],[0,0],[-1,0],[0,-1],[0,0],[0,0],[0,0],[-1,0],[0,0],[0,0],[0,0],[-1,0],[0,-1],[-1,0],[0,0],[-1,-1],[0,0],[0,0],[0,0],[0,0],[0,0],[0,0],[0,0],[0,-1],[0,0],[1,0],[0,0],[0,0],[1,-1],[0,0],[1,-1],[0,0],[0,0],[0,-1],[0,0],[0,-1],[0,0],[0,0],[0,0],[0,0],[1,0],[0,0],[0,0],[0,0],[1,0],[0,0],[1,-1],[0,0],[0,0],[0,0],[1,-1],[0,0],[0,0],[0,0],[0,0],[0,-1],[0,0],[1,0],[0,0],[0,0],[0,0],[0,0],[0,0],[1,-1],[0,0],[0,0],[0,0],[0,0],[1,0],[0,0],[0,1],[0,0],[0,0],[0,1],[0,0],[0,0],[0,0],[0,0],[0,0],[0,1],[0,0],[0,0],[1,0],[0,-1],[0,0],[0,0],[0,0],[1,-1],[0,0],[0,0],[0,0],[1,0],[0,0],[0,-1],[0,0],[0,0],[1,0],[0,0],[0,0],[0,0],[0,0],[0,-1],[0,0],[0,0],[0,0],[0,0],[0,0],[0,0],[0,-1],[0,0],[0,-1],[0,0],[0,0],[1,0],[-1,-1],[0,0],[0,0],[0,-1],[0,0],[0,0],[0,0],[0,-1],[0,0],[1,0],[0,0],[0,0],[0,0],[0,-1],[0,0],[0,-1],[0,0],[0,0],[0,-1],[0,0],[0,0],[0,0],[0,0],[1,0],[0,0],[0,0],[1,1],[0,0],[1,0],[1,0],[0,0],[1,0],[0,0],[0,0],[1,0],[0,0],[1,0],[0,-1],[0,0],[0,0],[0,-1],[0,0],[0,0],[0,0],[0,0],[0,-1],[0,0],[0,0],[0,0],[0,-1],[0,0],[0,-1],[0,0],[0,0],[0,-1],[0,0],[0,-1],[1,-1],[0,0],[-1,0],[0,0],[0,0],[0,0],[0,-1],[0,-1],[0,0],[0,-1],[0,0],[0,0],[0,0],[0,-1],[0,-1],[0,0],[0,-1],[0,0],[0,0],[-1,0],[0,0],[0,-1],[0,0],[0,0],[0,-1],[-1,0],[0,0],[0,-1],[0,-1],[0,0],[0,0],[1,0],[0,-1],[0,-1],[0,0],[0,0],[0,0],[0,-1],[0,0],[0,0],[0,0],[0,0],[0,-1],[-1,0],[0,0],[0,0],[0,-1],[1,0],[0,0],[0,0],[-1,-1],[0,0],[0,-1],[0,0],[0,0],[0,-1],[0,0],[0,-1],[-1,0],[0,0],[0,-1],[0,0],[0,0],[-1,-1],[0,0],[0,0],[0,-1],[0,0],[0,-1],[-1,0],[0,0],[0,0],[-1,1],[0,0],[-1,0],[0,1],[0,0],[-1,0],[-1,1],[0,0],[-1,0],[0,0],[0,0],[0,0],[0,0],[0,0],[0,0],[-1,0],[0,-1],[0,0],[0,0],[-1,0],[0,0],[0,-1],[0,0],[1,0],[0,0],[0,0],[1,-1],[0,0],[1,0],[0,-1],[0,0],[0,1],[0,0],[1,0],[0,-1],[0,0],[0,0],[0,0],[0,-1],[0,0],[-1,-1],[0,0],[0,0],[0,-1],[0,0],[0,0],[0,0],[0,0],[0,0],[0,-1],[0,0],[-536,0],[0,1],[0,0],[0,0],[0,0],[0,1],[-1,0],[0,0],[0,1],[0,0],[-1,1],[0,1],[0,0],[0,0],[0,0],[-1,1],[0,0],[0,0],[0,0],[0,0],[0,1],[0,0],[0,0],[1,0],[0,0],[0,0],[0,0],[0,0],[1,0],[0,1],[0,0],[0,-1],[0,0],[1,0],[0,0],[0,-1],[1,1],[0,0],[0,0],[0,0],[0,0],[0,1],[-1,0],[0,0],[0,1],[0,0],[0,0],[0,0],[0,0],[0,0],[0,1],[0,0],[0,0],[0,1],[0,0],[0,0],[0,0],[0,0],[0,0],[0,0],[0,1],[1,1],[0,0],[0,0],[0,1],[0,0],[0,0],[0,1],[0,1],[0,0],[0,1],[0,0],[0,0],[0,0],[0,1],[0,0],[0,1],[0,0],[0,1],[0,0],[0,0],[0,0],[-1,0],[0,0],[0,1],[-1,0],[0,0],[0,0],[0,0],[0,1],[0,0],[0,0],[1,0],[0,1],[0,1],[0,0],[-1,0],[0,0],[0,0],[0,0],[-1,1],[0,0],[0,0],[0,-1],[0,0],[0,0],[0,0],[-1,-1],[0,1],[1,0],[-1,1],[0,0],[0,0],[0,0],[-1,0],[0,-1],[0,-1],[0,0],[0,0],[-1,0],[0,0],[0,0],[0,0],[0,0],[0,0],[0,1],[0,0],[-1,0],[0,1],[0,0],[0,0],[0,1],[-1,0],[0,0],[0,0],[0,0],[-1,0],[0,0],[0,0],[0,-1],[0,0],[0,0],[0,-1],[0,0],[0,0],[-1,-1],[0,0],[0,0],[-1,0],[-1,0],[0,0],[1,0],[0,0],[1,0],[0,-1],[0,0],[0,-1],[0,0],[0,-1],[0,0],[0,-1],[0,0],[0,0],[0,-2],[0,0],[0,-1],[0,0],[0,0],[-1,-1],[0,0],[-1,0],[0,0],[0,0],[0,0],[0,0],[-1,-1],[0,0],[0,0],[0,0],[0,-1],[-1,0],[0,-1],[0,0],[0,0],[0,-1],[0,0],[0,0],[-1,0],[0,1],[0,0],[0,0],[-1,-1],[0,0],[0,-1],[-1,0],[0,-1],[0,0],[-1,-1],[0,0],[0,-1],[0,0],[0,0],[0,0],[1,-1],[0,0],[0,0],[0,0],[0,-1],[0,0],[1,0],[0,0],[0,0],[-1,0],[-1,0],[0,-1],[-1,0],[-1,-1],[0,0],[0,0],[0,0],[0,0],[0,-1],[0,0],[0,0],[-1,0],[0,0],[0,-1],[0,0],[-1,0],[-1,0],[0,0],[0,0],[0,-1],[0,0],[0,0],[0,0],[0,-1],[0,0],[1,0],[0,0],[0,0],[0,0],[0,0],[-1,0],[0,-1],[1,0],[1,1],[1,0],[0,0],[0,0],[1,1],[0,0],[0,0],[1,0],[1,0],[0,0],[1,0],[0,1],[0,-1],[1,0],[0,0],[0,0],[0,0],[0,0],[0,-1],[-1,0],[0,0],[0,0],[0,-1],[-1,0],[0,0],[0,0],[0,-1],[0,0],[0,0],[0,0],[1,0],[0,0],[0,0],[0,0],[0,0],[0,0],[0,-1],[0,0],[0,0],[1,1],[1,0],[0,0],[1,0],[0,1],[0,0],[0,1],[0,0],[0,0],[0,0],[0,0],[0,1],[0,0],[0,0],[0,0],[0,0],[0,1],[0,0],[0,0],[0,0],[0,0],[0,1],[0,0],[0,0],[0,0],[1,1],[0,0],[0,0],[1,0],[0,0],[-1,1],[0,0],[0,0],[0,0],[0,0],[1,0],[1,-1],[0,0],[1,-1],[0,-1],[0,0],[0,0],[1,-1],[0,-1],[1,-1],[0,0],[0,0],[0,-1],[1,0],[0,0],[546,0],[0,0],[0,0],[0,0],[0,1],[-1,0],[-1,1],[0,0],[-1,1],[0,0],[0,0],[0,0],[1,0],[0,0],[0,0],[0,0],[0,0],[0,1],[0,0],[0,0],[0,1],[0,0],[0,0],[0,0],[0,0],[0,0],[0,0],[0,0],[0,0],[0,0],[0,0],[1,0],[0,1],[0,0],[0,0],[-1,0],[0,1],[0,0],[0,0],[0,1],[1,0],[0,-1],[0,0],[0,0],[0,0],[0,0],[0,0],[0,0],[1,0],[0,0],[1,0],[0,0],[0,0],[0,0],[0,0],[0,-1],[0,0],[1,-1],[0,0],[0,0],[-1,-1],[0,0],[1,0],[0,0],[0,-1],[0,0],[0,0],[0,0],[0,0],[1,1],[0,0],[0,0],[0,0],[1,0],[0,0],[0,0],[0,1],[1,0],[0,0],[1,0],[0,0],[0,-1],[0,0],[0,0],[0,0],[0,-1],[0,0],[0,0],[0,-1],[0,0],[0,0],[0,0],[1,-1],[0,0],[1,0],[0,0],[0,0],[0,0],[1,0],[0,-1],[0,0],[0,0],[0,0],[0,-1],[0,0],[0,0],[1,0],[0,-1],[1,0],[0,0],[0,0],[0,0],[1,-1],[0,-1],[1,0],[0,0],[1,0],[0,0],[0,0],[0,-1],[1,0],[0,0],[0,1],[0,0],[0,0],[0,0],[0,0],[0,0],[0,1],[-1,0],[0,0],[0,0],[0,0],[0,1],[1,-1],[0,0],[0,0],[1,0],[0,1],[0,0],[0,0],[0,0],[0,0],[0,1],[0,0],[-1,0],[-1,0],[0,1],[0,0],[0,0],[1,0],[0,0],[0,0],[0,-1],[0,0],[0,0],[1,0],[1,0],[0,1],[2,1],[0,0],[1,1],[0,0],[1,0],[0,-1],[1,-1],[0,0],[1,0],[0,0],[1,0],[0,0],[0,0],[1,1],[0,0],[1,0],[0,0],[0,0],[0,0],[0,0],[0,0],[1,0],[1,1],[1,1],[0,0],[0,0],[-1,0],[0,1],[0,0],[0,0],[1,0],[1,0],[0,0],[0,0],[-1,0],[0,0],[0,-1],[1,1],[2,1],[0,0],[1,0],[0,0],[1,0],[2,1],[1,0],[1,1],[1,0],[1,0],[1,1],[1,0],[1,1],[1,1],[1,0],[0,0],[0,0],[0,-1],[1,0],[0,0],[0,0],[1,0],[0,0],[1,2],[1,0],[0,1],[0,0],[1,0],[1,0],[1,0],[0,0],[0,0],[0,1],[0,0],[0,0],[0,0],[0,1],[0,0],[1,1],[0,0],[2,0],[1,0],[1,-1],[1,-1],[1,0],[0,0],[0,0],[1,0],[0,0],[1,-1],[0,0],[1,-1],[0,0],[0,0],[0,0],[0,1],[0,0],[1,0],[0,-1],[0,0],[3,-1],[1,0],[1,0],[0,0],[1,0],[2,0],[0,0],[1,-1],[0,0],[0,0],[0,0],[0,0],[1,-1],[1,0],[2,-1],[0,0],[1,1],[0,0],[0,0],[0,1],[0,0],[1,0],[0,0],[2,0],[1,0],[1,0],[0,0],[0,-1],[0,0],[0,-1],[0,0],[0,0],[0,1],[0,1],[2,2],[1,0],[0,0],[1,0],[1,0],[1,0],[1,1],[1,0],[0,1],[0,1],[0,1],[-1,0],[-1,3],[0,0],[-1,1],[0,0],[0,0],[0,0],[0,0],[-1,1],[-1,0],[-1,1],[0,0],[0,0],[1,-1],[1,0],[0,0],[-1,0],[-1,1],[0,0],[0,0],[0,1],[-1,0],[0,0],[0,0],[-1,1],[-1,1],[-1,1],[-1,1],[0,0],[-1,1],[0,1],[-1,0],[0,1],[0,0],[-2,2],[-1,1],[0,0],[-1,0],[-1,1],[-1,0],[0,1],[-1,0],[0,1],[-1,0],[0,0],[-1,1],[0,0],[0,0],[-1,1],[0,0],[0,1],[0,0],[-1,1],[-1,0],[0,1],[0,-1],[0,1],[-1,0],[0,0],[0,0],[0,0],[0,1],[-1,0],[0,1],[-1,0],[-1,1],[-2,2],[-2,0],[0,1],[-1,0],[-1,1],[0,0],[-1,0],[-1,1],[0,0],[0,0],[0,0],[-1,0],[-1,0],[0,0],[1,1],[0,0],[0,0],[-1,0],[0,0],[0,0],[-1,0],[0,0],[0,1],[0,0],[0,0],[0,0],[-1,0],[0,1],[0,0],[-1,0],[-3,0],[0,0],[-1,0],[0,1],[-1,0],[0,0],[0,0],[0,0],[0,1],[-1,0],[0,0],[0,0],[0,0],[0,0],[-1,0],[0,-1],[-1,0],[1,0],[0,1],[0,1],[0,0],[-1,0],[0,-1],[0,1],[0,0],[0,0],[-1,0],[0,0],[0,-1],[0,1],[0,0],[0,1],[0,0],[1,1],[0,0],[0,-1],[0,0],[0,0],[1,0],[0,1],[0,0],[1,0],[0,-1],[0,0],[0,0],[0,0],[0,0],[2,0],[0,0],[2,1],[0,1],[1,1],[0,1],[0,0],[0,1],[0,2],[0,0],[-1,2],[-1,1],[0,1],[-1,0],[0,1],[-1,1],[0,0],[0,0],[0,-1],[0,0],[0,0],[0,0],[-1,-1],[0,-1],[0,0],[0,0],[-1,-1],[0,0],[0,0],[-1,-1],[-1,0],[0,0],[0,0],[-1,0],[0,0],[1,0],[0,0],[0,0],[0,1],[0,0],[0,0],[1,1],[1,0],[0,1],[0,1],[-1,2],[0,1],[0,1],[-1,0],[0,0],[-1,0],[-1,-1],[1,1],[0,0],[0,0],[1,1],[0,0],[-1,0],[0,0]],[[149,352],[0,0],[1,0],[0,-1],[1,1],[0,0],[0,1],[0,0],[-1,-1],[-1,0]],[[152,353],[-1,-1],[1,0],[0,0],[0,0],[0,0],[0,1]],[[156,352],[0,0],[0,0],[1,0],[0,0],[0,0],[-1,0]],[[154,353],[0,-1],[1,0],[0,0],[0,0],[0,1],[0,0],[-1,0],[0,0]],[[155,353],[0,0],[0,0],[0,0],[0,0],[0,0],[0,0],[1,0],[-1,1],[0,-1],[0,0]],[[161,353],[0,-1],[0,0],[0,1],[0,0],[0,0],[0,0],[0,0],[0,0]],[[167,355],[0,0],[0,-1],[1,0],[0,1],[0,0],[1,0],[-1,1],[0,-1],[0,0],[-1,0]],[[170,357],[0,0],[0,0],[0,0],[1,0],[-1,0],[0,0],[0,0]],[[171,358],[0,0],[0,0],[1,0],[0,0],[0,0],[0,0],[0,0],[1,0],[0,1],[0,0],[0,0],[0,0],[0,1],[0,0],[1,0],[0,0],[1,0],[0,0],[0,0],[0,1],[1,0],[0,0],[0,0],[0,0],[1,1],[0,0],[1,1],[0,0],[0,0],[-1,0],[0,0],[0,0],[0,0],[-1,0],[0,0],[0,-1],[0,0],[0,0],[0,-1],[-1,1],[-1,-1],[0,0],[0,-1],[-1,0],[0,0],[0,-1],[-1,0],[0,0],[0,0],[0,0],[0,0],[-1,-1],[0,0],[0,0]],[[172,360],[-1,0],[1,0],[0,0],[0,0],[0,0]],[[176,361],[0,-1],[0,1],[0,0],[0,0],[0,0],[0,0]],[[857,416],[0,0],[0,0],[0,0],[0,0],[0,0],[0,0],[0,0],[0,0]],[[869,410],[0,0],[1,0],[0,0],[-1,0],[0,0],[0,0],[0,0],[0,0],[0,0],[0,0],[0,0],[0,0]],[[754,543],[0,0],[0,0],[0,0],[0,0],[0,0],[0,0],[0,1],[0,0],[0,0],[0,0],[-1,0],[0,0],[0,1],[0,0],[0,0],[-1,0],[1,0],[0,0],[0,0],[0,1],[0,0],[0,0],[0,0],[0,0],[0,1],[0,0],[0,1],[0,0],[0,0],[0,0],[0,0],[-1,0],[0,0],[-1,0],[0,0],[-1,0],[-1,0],[-1,0],[0,1],[-1,0],[0,1],[0,0],[-1,1],[0,0],[-1,1],[0,1],[0,0],[-1,-1],[0,0],[1,0],[0,-1],[0,0],[0,-1],[0,0],[0,-1],[0,0],[1,-1],[0,0],[0,-1],[0,0],[0,0],[0,-1],[0,0],[0,-1],[0,0],[0,0],[0,-1],[1,0],[0,0],[0,0],[0,-1],[1,-1],[0,0],[0,0],[0,0],[0,0],[0,0],[0,0],[1,0],[0,0],[0,-1],[0,0],[-1,0],[0,0],[0,-1],[0,0],[0,-1],[0,0],[0,0],[0,0],[0,0],[0,0],[0,-1],[0,0],[0,0],[0,0],[1,-1],[0,0],[0,-1],[0,0],[0,0],[0,0],[1,0],[0,0],[0,0],[0,0],[1,-1],[0,0],[0,0],[0,0],[0,0],[0,-1],[0,0],[0,0],[0,0],[1,0],[0,0],[0,0],[0,1],[0,0],[0,0],[0,0],[0,0],[0,-1],[1,0],[0,0],[0,0],[0,-1],[1,0],[0,0],[0,0],[0,1],[0,0],[0,0],[0,0],[0,0],[0,1],[0,0],[0,0],[0,0],[0,1],[0,0],[0,0],[-1,0],[0,1],[0,0],[0,0],[1,1],[0,0],[0,1],[0,0],[0,0],[0,0],[0,0],[0,1],[0,0],[0,1],[0,0],[0,0],[0,1],[0,0],[0,1],[0,0]],[[776,578],[0,0],[0,0],[0,-1],[0,0],[0,0],[0,0],[0,-1],[0,0],[0,0],[0,0],[0,-1],[0,0],[1,0],[0,0],[-1,0],[1,0],[0,0],[0,0],[0,-1],[0,0],[-1,0],[0,0],[0,0],[1,0],[0,0],[0,0],[0,0],[0,0],[0,0],[0,0],[0,1],[0,0],[1,1],[0,0],[0,0],[0,1],[0,0],[0,0],[0,0],[0,0],[0,0],[0,0],[0,1],[0,0],[0,0],[-1,1],[0,0],[0,0],[-1,0],[0,0],[0,0],[0,0],[0,-1],[0,0],[0,0]],[[186,474],[0,0],[0,0],[0,0],[0,0],[0,0],[0,0],[0,0],[0,0]],[[211,493],[0,-1],[1,0],[0,-1],[1,0],[0,0],[0,0],[0,1],[-1,0],[0,0],[0,0],[0,1],[-1,0],[0,0]],[[205,493],[0,0],[0,0],[0,-1],[1,0],[0,0],[0,1],[-1,0],[0,0],[0,0]],[[204,493],[0,0],[0,-1],[0,0],[0,0],[0,0],[0,1],[0,0]],[[205,494],[-1,-1],[1,0],[0,0],[0,0],[0,1],[0,0]],[[188,481],[0,0],[0,0],[1,0],[0,0],[0,0],[0,0],[0,0],[0,0],[0,0],[0,0],[0,0],[0,0],[0,0],[-1,0]],[[180,442],[-1,0],[0,0],[0,0],[0,0],[0,0],[0,0],[0,-1],[0,0],[0,0],[1,0],[0,1]],[[198,488],[0,0],[0,0],[0,0],[1,0],[-1,0],[0,0],[0,0]],[[183,456],[0,0],[0,-1],[0,0],[0,0],[1,0],[0,0],[-1,1],[0,0]],[[179,451],[0,0],[0,0],[0,0],[0,0],[1,0],[0,1],[0,0],[0,0],[-1,0],[0,0],[0,-1]],[[179,451],[0,0],[0,-1],[1,1],[0,0],[-1,0]],[[184,433],[0,0],[1,0],[0,0],[0,-1],[0,0],[0,0],[0,-1],[1,0],[0,0],[1,-1],[0,0],[0,0],[0,0],[0,0],[0,0],[1,0],[0,-1],[0,0],[0,0],[0,0],[0,0],[1,0],[0,0],[0,0],[0,0],[1,0],[0,0],[0,1],[0,0],[0,0],[1,0],[0,1],[0,-1],[1,0],[0,0],[0,-1],[0,0],[0,0],[0,0],[0,0],[0,-1],[1,0],[-1,0],[0,0],[1,0],[0,-1],[0,0],[1,0],[0,0],[0,0],[0,0],[1,-1],[0,0],[0,0],[0,0],[0,-1],[0,0],[0,-1],[0,0],[-1,0],[0,0],[0,-1],[0,0],[0,0],[0,0],[0,0],[0,-1],[0,0],[0,0],[0,-1],[0,0],[0,0],[0,0],[0,-1],[0,0],[0,0],[0,0],[1,-1],[0,0],[0,0],[0,0],[0,0],[0,0],[0,-1],[0,0],[0,0],[0,0],[0,0],[0,-1],[0,0],[0,0],[0,0],[0,0],[0,-1],[0,0],[0,0],[1,0],[0,0],[1,-1],[0,0],[0,0],[0,0],[-1,0],[0,-1],[0,0],[0,0],[0,-1],[0,0],[0,0],[0,0],[0,-1],[1,0],[0,0],[0,0],[0,0],[0,0],[-1,-1],[0,0],[0,0],[0,0],[0,0],[0,0],[-1,0],[0,0],[-1,0],[0,0],[0,0],[-1,0],[0,0],[0,-1],[-1,0],[0,0],[0,0],[0,0],[0,0],[0,0],[0,0],[0,0],[0,0],[0,-1],[0,0],[0,0],[0,-1],[0,0],[1,0],[0,0],[0,0],[0,0],[0,0],[1,1],[0,-1],[0,1],[1,0],[0,0],[0,0],[0,0],[0,-1],[0,0],[0,-1],[0,-1],[0,0],[0,0],[0,0],[0,-1],[0,0],[0,0],[1,0],[0,0],[0,0],[0,0],[0,0],[1,0],[0,0],[0,0],[1,0],[0,0],[0,0],[1,-1],[0,-1],[0,0],[0,0],[0,0],[0,-1],[1,1],[0,0],[0,0],[1,1],[0,0],[0,0],[1,0],[0,1],[0,0],[0,0],[0,0],[1,0],[0,0],[0,-1],[0,0],[1,-1],[0,1],[1,0],[0,0],[0,0],[0,0],[1,0],[0,0],[0,0],[1,0],[0,0],[0,0],[0,1],[0,0],[1,0],[0,0],[0,-1],[0,0],[0,0],[0,-1],[0,0],[1,-1],[0,-1],[-1,0],[0,-1],[1,0],[0,0],[0,0],[0,1],[1,0],[0,0],[0,0],[1,0],[0,0],[0,0],[0,0],[1,1],[0,0],[0,0],[0,0],[0,0],[1,1],[0,0],[0,0],[0,1],[0,0],[0,0],[0,0],[0,1],[1,0],[0,0],[0,0],[0,1],[0,0],[0,0],[0,1],[0,0],[0,0],[0,0],[1,0],[0,0],[0,0],[0,1],[0,0],[1,0],[0,0],[1,1],[0,0],[1,0],[0,0],[1,0],[0,1],[0,0],[1,0],[1,0],[0,0],[0,0],[0,0],[0,-1],[0,0],[0,0],[0,0],[0,0],[1,0],[1,0],[0,0],[1,0],[0,0],[0,0],[0,0],[1,0],[0,0],[0,0],[0,0],[0,0],[0,0],[1,0],[0,-1],[0,0],[0,0],[0,0],[-1,0],[0,-1],[0,0],[0,0],[1,0],[0,-1],[0,0],[0,0],[0,-1],[1,0],[0,0],[0,-1],[0,0],[0,0],[0,0],[0,0],[0,0],[1,0],[0,0],[0,0],[0,1],[0,1],[1,0],[0,0],[0,0],[0,0],[1,-1],[-1,0],[0,-1],[1,1],[0,0],[0,0],[0,0],[0,1],[0,0],[0,0],[1,-1],[0,0],[0,0],[0,0],[1,0],[0,0],[0,-1],[0,-1],[-1,0],[0,0],[0,0],[0,-1],[0,0],[0,0],[0,0],[1,0],[0,-1],[0,0],[1,0],[0,0],[0,0],[0,0],[0,-1],[0,0],[0,-1],[0,0],[0,-1],[0,0],[0,0],[0,0],[0,-1],[0,0],[0,-1],[0,-1],[0,0],[0,0],[0,-1],[0,0],[0,0],[-1,-1],[0,-1],[0,0],[0,0],[0,0],[0,0],[0,0],[0,0],[0,-1],[0,0],[0,0],[0,-1],[0,0],[0,0],[0,0],[0,0],[0,0],[0,-1],[0,0],[1,0],[0,-1],[0,0],[0,0],[1,0],[0,0],[0,0],[0,0],[1,0],[0,0],[0,-1],[0,0],[0,0],[0,0],[0,-1],[0,0],[1,0],[0,0],[0,-1],[0,0],[1,0],[0,0],[0,0],[0,0],[0,0],[0,0],[1,-1],[524,0],[0,0],[1,1],[0,0],[0,0],[1,0],[0,0],[0,0],[1,0],[1,0],[0,0],[1,0],[0,1],[1,-1],[0,1],[-1,0],[0,0],[-1,1],[0,0],[0,0],[-1,0],[0,0],[0,1],[0,0],[1,0],[0,0],[0,0],[0,1],[1,0],[0,0],[0,0],[0,0],[0,0],[0,1],[0,0],[1,0],[0,0],[0,1],[0,0],[1,1],[0,0],[0,1],[0,0],[0,0],[0,1],[0,0],[0,0],[0,0],[0,0],[1,0],[0,0],[0,1],[0,0],[0,0],[0,1],[0,0],[0,0],[0,0],[0,0],[1,0],[0,0],[-1,0],[0,1],[0,0],[0,1],[0,0],[1,1],[0,0],[-1,1],[0,0],[0,0],[0,0],[0,0],[0,0],[0,1],[0,0],[0,0],[0,0],[0,0],[0,0],[0,1],[0,1],[0,0],[0,0],[0,1],[-1,0],[0,0],[0,1],[0,0],[1,0],[0,1],[0,0],[0,0],[-1,1],[0,1],[0,0],[0,0],[0,1],[0,1],[0,1],[0,1],[0,0],[0,0],[-1,0],[0,1],[0,0],[1,1],[0,1],[1,0],[1,0],[0,0],[0,0],[-1,1],[0,0],[0,0],[0,1],[0,0],[0,0],[0,1],[0,0],[0,1],[0,0],[0,0],[0,0],[-1,0],[0,0],[0,1],[0,0],[0,0],[0,0],[0,1],[0,0],[0,0],[1,1],[-1,0],[0,0],[0,0],[0,1],[0,0],[0,1],[0,0],[0,0],[0,0],[0,0],[0,0],[0,0],[0,1],[0,0],[0,0],[0,0],[0,0],[-1,0],[0,0],[0,0],[0,1],[0,0],[-1,0],[0,0],[0,0],[0,0],[-1,1],[0,0],[0,0],[0,0],[0,1],[-1,0],[0,0],[0,0],[0,-1],[0,0],[0,0],[0,0],[0,0],[0,0],[0,-1],[0,0],[0,0],[0,-1],[0,0],[-1,0],[0,0],[0,0],[0,0],[0,0],[-1,1],[0,0],[0,0],[0,0],[0,0],[0,0],[-1,0],[0,0],[0,1],[0,0],[0,0],[0,0],[0,0],[-1,1],[0,0],[0,0],[0,0],[-1,1],[0,0],[-1,0],[0,0],[0,0],[0,0],[-1,0],[0,0],[0,0],[0,0],[0,0],[0,1],[0,0],[0,1],[0,0],[0,0],[-1,1],[0,0],[-1,1],[0,0],[0,0],[-1,0],[0,0],[0,1],[0,0],[0,0],[0,0],[0,0],[0,0],[0,0],[0,0],[1,1],[0,0],[0,0],[0,1],[0,0],[0,1],[0,1],[0,0],[0,0],[0,0],[-1,1],[0,0],[1,0],[0,0],[0,1],[0,0],[0,0],[-1,0],[1,0],[0,1],[-1,0],[0,0],[0,0],[0,0],[-1,0],[0,0],[0,0],[-1,1],[0,0],[0,0],[0,0],[0,1],[0,0],[0,0],[0,1],[0,0],[0,0],[0,1],[0,0],[0,0],[0,0],[0,1],[0,0],[0,0],[0,0],[0,0],[0,0],[0,1],[0,0],[0,-1],[-1,0],[0,0],[0,0],[0,0],[0,0],[0,-1],[0,0],[0,0],[0,0],[-1,0],[0,0],[0,1],[0,0],[0,0],[0,0],[-1,0],[0,0],[0,0],[0,0],[-1,1],[0,0],[0,0],[-1,0],[0,0],[0,0],[0,1],[0,0],[0,1],[0,1],[0,0],[0,0],[0,0],[0,0],[0,0],[0,1],[0,0],[0,0],[-1,0],[0,0],[0,0],[0,0],[0,0],[0,0],[0,0],[0,1],[-1,0],[0,0],[0,0],[-1,0],[0,0],[0,0],[0,0],[0,0],[-1,0],[0,0],[0,0],[0,0],[0,0],[-1,0],[0,0],[0,0],[0,0],[0,0],[-1,-1],[0,0],[-1,0],[0,-1],[0,0],[0,0],[0,0],[-1,0],[0,0],[0,0],[0,0],[0,0],[0,-1],[0,0],[-1,-1],[0,0],[0,0],[0,0],[1,0],[0,0],[0,-1],[-1,0],[0,0],[0,-1],[0,0],[0,0],[0,0],[0,0],[0,0],[-1,0],[0,-1],[0,0],[-1,1],[0,0],[0,-1],[-1,0],[0,0],[0,0],[0,-1],[0,0],[-1,-1],[0,0],[0,0],[0,-1],[-1,0],[-1,0],[0,0],[0,0],[0,0],[-1,-1],[0,0],[-1,-1],[-1,0],[0,0],[0,-1],[-1,0],[0,0],[0,0],[-1,-1],[0,0],[0,0],[0,0],[0,0],[0,0],[0,0],[-1,0],[0,0],[0,1],[-1,0],[0,0],[0,0],[0,0],[-1,0],[0,-1],[0,0],[0,1],[0,0],[0,0],[0,0],[0,0],[-1,0],[0,0],[0,-1],[0,0],[0,0],[0,0],[-1,0],[0,1],[0,0],[0,0],[-1,0],[0,0],[-1,1],[0,0],[0,1],[0,0],[0,0],[-1,0],[0,0],[0,0],[-1,1],[0,0],[0,0],[0,0],[0,-1],[-1,0],[0,1],[0,0],[0,0],[1,1],[0,0],[0,0],[0,0],[0,0],[-1,0],[0,0],[0,0],[-1,-1],[0,0],[0,0],[0,-1],[-1,0],[0,0],[0,-1],[-1,0],[0,-1],[0,0],[0,0],[0,0],[0,-1],[0,0],[0,0],[-1,0],[0,0],[1,-1],[0,0],[0,0],[-1,0],[0,0],[0,0],[-1,0],[0,0],[0,0],[0,1],[0,0],[0,0],[0,0],[0,0],[-1,0],[-1,1],[0,0],[-1,0],[-1,0],[-2,0],[0,0],[0,0],[0,0],[-1,0],[0,0],[0,-1],[0,0],[0,-1],[0,0],[0,0],[0,-1],[0,0],[0,0],[-1,-1],[0,0],[0,0],[0,0],[1,0],[0,-1],[0,0],[-1,0],[0,0],[-1,0],[0,-1],[0,0],[0,0],[-1,0],[0,0],[0,0],[0,0],[-1,1],[0,0],[-1,0],[0,1],[-1,0],[0,0],[0,0],[-1,0],[0,0],[0,0],[-1,-1],[0,0],[0,0],[0,0],[-1,-1],[0,0],[0,0],[-1,1],[0,0],[0,0],[-1,0],[0,0],[0,0],[0,-1],[0,0],[0,0],[-1,0],[0,-1],[0,0],[0,0],[0,0],[0,0],[0,0],[0,0],[0,0],[0,-1],[0,0],[0,0],[0,0],[1,0],[0,0],[0,0],[0,0],[0,0],[0,-1],[0,0],[0,0],[0,0],[0,0],[0,0],[1,0],[0,0],[-1,0],[0,-1],[1,0],[-1,0],[1,-1],[0,0],[0,0],[0,-1],[0,0],[0,0],[0,0],[0,-1],[0,0],[0,0],[-1,0],[0,-1],[1,0],[0,0],[0,0],[0,0],[0,-1],[-1,0],[0,0],[-390,0],[0,0],[-1,0],[0,0],[0,0],[0,1],[0,0],[-1,-1],[0,0],[0,0],[0,0],[-1,0],[0,0],[0,0],[-1,0],[0,0],[0,0],[-1,0],[0,0],[0,0],[-1,0],[0,0],[0,0],[0,0],[-1,-1],[0,0],[0,0],[0,0],[-1,0],[0,0],[0,0],[0,-1],[0,0],[0,0],[0,0],[-1,-1],[0,0],[0,0],[-1,0],[0,0],[0,0],[-1,0],[0,0],[0,0],[0,0],[0,0],[0,1],[0,0],[-1,0],[0,0],[0,0],[0,1],[0,0],[-1,0],[0,1],[0,0],[-1,1],[0,0],[0,0],[-1,1],[0,1],[0,0],[-1,0],[0,0],[-1,0],[0,1],[-1,0],[0,0],[-1,1],[0,0],[0,0],[-1,1],[0,0],[0,0],[0,0],[-1,0],[0,0],[0,0],[0,0],[0,0],[-1,0],[0,0],[-2,0],[0,0],[0,0],[-1,0],[0,0],[-1,0],[0,0],[-1,0],[0,0],[0,1],[0,0],[0,1],[-1,1],[-1,2],[-1,1],[0,1],[-1,1],[0,1],[0,0],[0,1],[-1,1],[-1,0],[0,1],[0,1],[-1,0],[0,0],[0,1],[0,0],[-1,0],[0,0],[-1,0],[0,1],[-1,1],[0,1],[-1,0],[0,0],[-1,1],[0,1],[0,1],[0,0],[-1,0],[-1,1],[0,0],[0,0],[0,0],[0,1],[0,0],[0,0],[0,1],[1,0],[0,1],[0,2],[0,0],[0,1],[0,0],[0,0],[0,1],[0,0],[0,1],[-1,1],[0,0],[0,1],[0,0],[0,1],[0,0],[-1,1],[0,0],[0,1],[0,0],[0,1],[0,0],[0,1],[0,0],[0,1],[0,0],[0,0],[0,1],[0,0],[1,0],[0,0],[0,1],[0,0],[0,0],[1,1],[0,0],[0,0],[0,0],[0,1],[0,1],[0,0],[0,0],[0,0],[0,0],[1,1],[0,0],[0,0],[0,0],[0,0],[0,0],[1,0],[0,0],[0,0],[1,0],[0,0],[0,-1],[1,0],[0,0],[0,1],[0,0],[1,0],[0,0],[0,1],[1,0],[0,1],[0,0],[0,0],[-1,1],[0,0],[0,0],[0,0],[-1,0],[0,1],[0,1],[0,0],[-1,0],[0,1],[0,0],[0,0],[0,0],[1,1],[0,0],[0,0],[0,0],[0,1],[0,0],[0,0],[1,1],[0,0],[0,0],[0,0],[0,0],[0,1],[0,0],[0,1],[0,0],[0,0],[0,1],[0,0],[0,0],[0,1],[0,0],[0,0],[0,1],[0,0],[1,0],[0,0],[0,0],[1,1],[0,0],[0,0],[0,0],[0,0],[0,1],[0,0],[0,0],[0,0],[0,1],[0,0],[0,0],[0,0],[0,0],[1,1],[0,0],[0,0],[0,0],[0,0],[-1,0],[0,1],[0,0],[1,0],[0,1],[0,0],[0,0],[0,1],[0,0],[0,0],[-1,0],[1,1],[0,0],[0,0],[-1,0],[0,0],[0,1],[0,0],[0,1],[0,0],[0,0],[0,0],[0,1],[0,0],[1,0],[0,0],[0,-1],[0,0],[0,0],[1,0],[0,0],[0,0],[1,0],[0,0],[0,-1],[0,0],[0,0],[1,0],[0,0],[0,0],[0,0],[0,0],[0,0],[0,0],[1,-1],[0,0],[0,0],[1,0],[0,-1],[0,0],[0,0],[0,-1],[0,0],[0,0],[0,0],[-1,-1],[0,0],[0,0],[0,0],[0,-1],[0,0],[1,0],[0,0],[0,0],[0,-1],[0,0],[0,0],[0,-1],[0,0],[0,0],[0,-1],[0,0],[0,0],[0,0],[1,-1],[0,0],[0,0],[1,0],[0,1],[0,0],[1,0],[0,0],[1,0],[0,1],[0,0],[0,0],[1,0],[0,1],[1,0],[0,1],[1,0],[1,1],[-1,0],[0,0],[0,1],[0,1],[-1,0],[0,0],[0,0],[0,1],[1,1],[0,1],[0,1],[0,0],[0,0],[1,1],[0,0],[0,0],[1,-1],[0,0],[0,1],[0,0],[0,0],[1,0],[0,0],[0,1],[0,0],[1,0],[0,0],[0,0],[1,1],[0,0],[0,0],[1,1],[0,0],[1,1],[0,0],[1,1],[0,0],[1,0],[0,0],[0,0],[1,0],[0,-1],[0,0],[0,0],[0,-1],[0,0],[1,1],[0,0],[0,0],[1,1],[0,1],[0,1],[0,1],[1,1],[0,0],[-1,0],[0,1],[0,0],[0,1],[0,0],[0,1],[0,0],[0,0],[0,0],[0,0],[0,0],[0,1],[0,0],[-1,1],[0,0],[0,0],[0,0],[0,0],[0,1],[-1,0],[0,0],[0,0],[0,1],[0,0],[0,0],[0,1],[0,0],[0,0],[0,0],[-1,0],[0,0],[0,0],[0,0],[0,0],[0,1],[0,0],[-1,0],[0,0],[0,0],[0,0],[0,0],[0,0],[0,0],[0,0],[0,0],[-1,0],[0,0],[0,0],[0,0],[0,0],[0,0],[-1,0],[0,0],[0,0],[0,0],[0,1],[-1,0],[0,0],[-1,0],[0,0],[0,0],[-1,0],[0,0],[0,0],[0,0],[0,0],[0,0],[-1,0],[0,0],[0,0],[0,0],[0,0],[-1,0],[-1,1],[0,0],[0,0],[-1,0],[0,0],[0,0],[0,0],[0,0],[-1,0],[0,0],[0,1],[-1,-1],[0,0],[-1,0],[0,0],[0,1],[0,0],[0,0],[-1,0],[0,0],[0,1],[0,1],[0,0],[0,0],[0,0],[0,0],[0,0],[-1,1],[0,0],[0,0],[0,0],[0,0],[0,1],[0,0],[0,0],[0,0],[0,0],[0,0],[0,0],[0,0],[0,1],[-1,0],[-1,1],[0,0],[0,0],[0,1],[-1,0],[0,0],[0,0],[0,0],[-1,0],[0,0],[0,0],[0,0],[-1,0],[0,0],[-1,0],[0,0],[0,1],[-1,0],[0,0],[0,0],[0,0],[0,1],[0,0],[0,0],[0,1],[0,1],[0,0],[0,1],[0,0],[1,0],[0,0],[0,0],[0,1],[0,0],[0,1],[0,0],[0,0],[1,1],[0,0],[0,0],[0,1],[0,1],[0,0],[0,0],[0,0],[0,1],[0,0],[0,0],[-1,-1],[0,0],[0,0],[0,0],[-1,0],[0,1],[0,0],[0,0],[-1,0],[0,-1],[0,0],[0,0],[0,0],[0,0],[0,-1],[-1,0],[0,0],[0,0],[0,0],[0,0],[-1,0],[0,0],[0,0],[0,0],[0,0],[-1,0],[0,0],[-1,0],[0,-1],[0,0],[-1,0],[0,0],[0,0],[0,0],[0,0],[0,0],[0,0],[-1,0],[0,0],[0,0],[0,-1],[0,0],[0,0],[-1,0],[0,0],[0,0],[0,0],[0,0],[-1,0],[0,0],[0,0],[0,-1],[-1,0],[0,0],[0,0],[-1,0],[0,0],[0,-1],[0,0],[1,0],[0,0],[0,-1],[0,0],[0,-1],[0,0],[0,0],[0,0],[1,0],[0,-1],[-1,0],[0,0],[0,0],[0,0],[-1,-1],[0,0],[0,0],[0,0],[0,-1],[0,0],[0,0],[0,0],[-1,0],[0,0],[0,0],[-1,0],[-1,1],[-1,-1],[-1,0],[0,0],[0,0],[-1,0],[0,0],[0,0],[0,0],[0,0],[0,0],[-1,0],[0,0],[0,0],[0,0],[0,0],[-1,0],[0,0],[0,0],[0,-1],[0,0],[0,0],[0,0],[0,-1],[0,0],[0,0],[0,0],[-1,0],[0,0],[0,0],[0,0],[0,0],[0,0],[0,0],[0,0],[0,0],[0,-1],[1,0],[0,0],[0,0],[0,0],[1,0],[0,0],[0,0],[0,0],[0,0],[0,-1],[0,0],[-1,0],[0,0],[0,0],[-1,0],[0,0],[0,0],[0,-1],[0,0],[-1,0],[0,0],[0,0],[1,0],[0,0],[0,0],[-1,-1],[0,0],[0,0],[0,0],[0,0],[0,0],[-1,-1],[0,0],[0,0],[0,0],[0,-1],[0,0],[0,-1],[0,0],[0,0],[0,0],[0,0],[0,0],[0,0],[-1,0],[0,0],[0,0],[0,0],[-1,0],[0,0],[0,0],[0,0],[0,0],[0,0],[0,-1],[0,0],[0,-1],[0,0],[0,0],[0,0],[1,-1],[0,0],[0,0],[0,0],[0,0],[0,0],[1,0],[0,-1],[0,0],[0,0],[-1,0],[1,0],[0,0],[-1,0],[0,-1],[0,0],[0,0],[-1,0],[0,0],[0,0],[0,0],[0,-1],[-1,0],[0,0],[0,0],[0,-1],[0,0],[0,0],[-1,0],[0,-1],[0,0],[0,0],[0,0],[0,0],[0,0],[0,-1],[0,0],[0,0],[-1,-1],[0,0],[0,0],[0,0],[0,0],[0,0],[0,-1],[0,0],[-1,-1],[0,0],[0,0],[0,0],[-1,0],[0,-1],[0,-1],[0,0],[0,0],[0,-1],[0,0],[0,0],[0,-1],[0,0],[0,0],[0,-1],[0,0],[-1,-2],[0,0],[-1,0],[0,-1],[0,0],[0,0],[0,0],[0,0],[0,-1],[0,0],[0,0],[0,0],[-1,0],[0,0],[0,-1],[0,0],[0,0],[0,-1],[1,0],[0,0],[0,1],[0,0],[0,1],[1,0],[0,0],[0,1],[0,0],[0,0],[1,-1],[0,-1],[0,0],[0,0],[0,0],[0,0],[1,1],[0,0],[0,0],[0,0],[0,0],[0,0],[1,1],[0,0],[0,1],[1,1],[0,0],[1,0],[0,0],[0,0],[0,0],[1,-1],[1,0],[0,0],[-1,0],[0,0],[0,-1],[0,0],[1,-1],[-1,0],[0,-1],[0,0],[0,0],[0,0],[-2,-2],[0,0],[0,-2],[0,0],[-1,-1],[0,0],[-1,-1],[0,0],[-1,-1],[0,0],[0,0],[0,0],[0,-1],[0,0],[0,0],[0,-1],[1,0],[0,-1],[0,0],[0,-1],[-1,0],[-1,-1],[0,0],[-1,0],[0,1],[-1,0],[-1,2],[0,0],[0,1],[0,0],[-1,0],[0,0],[0,0],[0,0],[-1,0],[0,0],[0,0],[0,0],[-1,0],[0,0],[-1,0],[0,0],[0,1],[0,1],[0,0],[0,0],[1,0],[0,1],[0,1],[0,0],[1,0],[0,0],[0,0],[0,2],[-1,0],[0,1],[0,0],[-1,1],[0,0],[0,1],[0,0],[0,0],[0,0],[0,0],[0,1],[-1,0],[0,1],[0,0],[0,0],[0,0],[-1,0],[0,0],[0,-1],[0,0],[0,0],[-1,0],[0,0],[0,0],[0,0],[0,-1],[0,0],[1,0],[0,0],[0,0],[0,0],[-1,-1],[0,-1],[0,-1],[0,0],[0,-1],[0,0],[0,0],[0,0],[0,0],[0,0],[-1,0],[0,0],[1,0],[-1,-1],[0,0],[-1,0],[0,0],[0,0],[0,-1],[0,0],[0,0],[1,0],[0,0],[0,0],[0,0],[0,-1],[0,0],[-1,0],[0,1],[0,0],[0,-1],[0,0],[-1,0],[0,0],[0,-1],[0,0],[0,0],[0,0],[-1,-1],[0,0],[0,-1],[-1,0],[0,0],[-1,-1],[0,0],[0,1],[-1,0],[0,0],[-1,1],[0,1],[-1,0],[0,0],[0,1],[-1,0],[-1,0],[0,0],[-1,0],[-1,0],[-1,0],[-1,0],[0,0],[0,0],[-1,1],[-1,0],[0,1],[0,0],[-1,0],[0,0],[0,0],[0,0],[-1,1],[0,0],[0,0],[-1,0],[0,0],[0,-1],[1,-1],[0,0],[0,0],[0,-1],[1,0],[0,-1],[1,0],[-1,-2],[0,0],[0,0],[0,0],[0,0],[0,1],[0,1],[0,0],[0,0],[-1,0],[0,1],[0,0],[-1,1],[0,0],[-1,1],[-1,0],[0,0],[-1,0],[0,0],[0,0],[0,-1],[0,0],[-1,-1],[0,-1],[0,0],[0,0],[-1,-1],[1,0],[0,-1],[-1,-1],[0,0],[0,0],[0,0],[0,1],[0,0],[0,1],[0,1],[0,1],[0,0],[0,0],[0,0],[-2,1],[0,1],[0,0],[0,0],[0,0],[-1,0],[0,-1],[0,-1],[0,0],[0,1],[0,0],[0,1],[0,0],[-1,0],[-1,-1],[0,0],[0,0],[0,0],[0,0],[1,-1],[-1,0],[0,0],[0,0],[0,0],[-1,0],[0,0],[0,0],[0,0],[0,0],[-1,0],[0,0],[0,-1],[0,1],[-1,0],[0,0],[0,-1],[0,0],[0,-1],[0,0],[0,0],[0,0],[0,0],[-1,-1],[0,0],[0,0],[0,-1],[0,0],[0,1],[0,0],[-1,-1],[0,0],[0,0],[-1,0],[0,0],[0,0],[-1,-1],[0,0],[0,0],[0,-1],[-1,-1],[0,0],[-1,0],[0,0],[0,0],[0,-1],[0,0],[0,0],[1,0],[0,0],[0,0],[0,0],[0,0],[0,0],[0,0],[0,-1],[0,0],[0,0],[-1,0],[0,1],[0,0],[-1,0],[0,0],[0,0],[0,0],[0,0],[0,-1],[-1,0],[0,-1],[0,0],[0,0],[0,0],[1,-1],[-1,1],[0,0],[0,0],[0,0],[0,1],[-1,0],[0,0],[0,-1],[-1,0],[0,0],[-1,0],[0,0],[0,0],[1,0],[0,-1],[0,0],[0,0],[0,0],[0,0],[-1,0],[0,0],[0,0],[0,-1],[0,0],[0,0],[-1,0],[0,-1],[0,0],[0,0],[0,-1],[0,0],[0,1],[-1,0],[0,-1],[0,0],[0,-1],[0,0],[0,0],[0,-1],[0,0],[0,0],[0,-1],[0,0],[0,0],[0,0],[0,0],[-1,1],[0,0],[0,0],[-1,-1],[0,0],[0,-1],[0,0],[0,0],[0,0],[0,-1],[0,0],[-1,0],[0,0],[0,0],[0,0],[0,0],[0,0],[0,-1],[0,0],[0,0],[0,0],[0,-1],[0,0],[0,0],[-1,-1],[0,0],[0,0],[0,0],[0,0],[0,0],[0,-1],[0,0],[-1,0],[0,0],[0,-1],[0,0],[0,0],[0,0],[0,-1],[0,0],[0,-1],[0,0],[0,-1],[0,0],[0,0],[0,0],[0,-1],[0,0],[1,0],[-1,-1],[0,0],[0,0],[0,-1],[0,0],[0,0],[1,0],[0,0],[0,-1],[-1,0],[0,0],[0,0],[0,0],[0,0],[0,-1],[0,0],[0,0],[0,0],[1,-1],[0,0],[0,0],[-1,0],[0,0],[1,0],[0,-1],[1,0],[0,0],[0,0],[1,0],[0,0],[0,0],[0,0],[0,0],[0,-1],[0,0],[0,0],[0,0],[0,0],[0,0],[-1,0],[0,0],[0,0],[-1,0],[-1,0],[0,0],[0,0],[0,0],[0,0],[0,0],[0,0],[0,0],[0,0],[0,0],[0,-1],[0,0],[0,0],[-1,0],[1,-1],[0,0],[0,0],[-1,0],[0,-1],[0,0],[0,0],[0,0],[0,-1],[0,0],[0,0],[0,0],[1,-1],[0,0],[0,0],[0,0],[0,0],[0,0],[-1,0],[0,0],[0,0],[0,-1],[1,0],[0,0],[0,0],[0,-1],[-1,0],[0,0],[1,0],[-1,-1],[0,0],[0,0],[0,-1],[0,0],[0,-1],[0,0],[0,0],[1,0],[0,0],[-1,-1],[0,0],[0,0],[0,-1],[0,0],[0,-1],[0,0],[1,0],[0,0],[-1,0],[0,0],[0,0],[0,-1],[-1,0],[0,0],[0,0],[-1,0],[0,0],[0,0],[0,0],[-1,1],[0,-1],[0,0],[0,0],[-1,0],[1,-1],[0,-1],[0,0],[0,0],[0,0],[0,0],[1,0],[0,0],[0,0],[0,0],[1,0],[0,0],[0,0],[1,0],[0,0],[0,0],[1,0],[0,1],[0,0],[0,0],[1,1],[0,-1],[0,0],[0,0],[0,0],[1,0],[0,-1],[0,0],[-1,0],[0,0],[0,-1],[0,0],[0,0],[1,-1],[0,0],[0,1],[0,0],[0,-1],[0,0],[1,0],[0,-1],[0,0],[0,0],[0,0],[1,0],[0,0],[0,0],[0,0],[0,0],[-1,0],[0,0],[0,-1],[0,0],[0,0],[0,0],[1,0],[-1,0],[0,-1],[0,0],[0,0],[0,-1]],[[175,442],[-1,0],[0,0],[0,0],[-1,0],[0,0],[0,0],[-1,-2],[0,0],[0,0],[-1,0],[0,0],[0,0],[-1,-1],[0,0],[0,0],[0,0],[0,-1],[0,0],[0,0],[0,-1],[-1,0],[0,0],[0,0],[0,0],[0,-1],[0,0],[0,0],[0,-1],[0,0],[0,0],[0,-1],[1,0],[0,0],[0,-1],[1,0],[0,-1],[1,0],[1,0],[0,0],[1,1],[0,0],[1,0],[0,1],[0,0],[0,1],[0,0],[1,1],[0,0],[0,0],[0,0],[0,0],[0,0],[0,1],[0,0],[0,0],[0,1],[0,1],[0,0],[0,1],[0,0],[-1,0],[0,0],[0,0],[0,1],[0,0],[0,0],[0,0],[0,0],[0,1],[0,0],[0,0],[0,0],[0,0]],[[150,398],[0,0],[0,0],[0,0],[0,0],[0,0],[0,1],[0,-1]],[[147,399],[0,-1],[0,0],[0,0],[0,1]],[[157,422],[0,0],[0,0],[-1,-1],[0,0],[0,0],[-1,-1],[0,0],[0,0],[-1,0],[0,1],[-1,0],[-1,0],[0,0],[-1,-1],[-1,-1],[0,0],[-1,0],[0,0],[-1,0],[0,0],[-1,0],[0,-1],[0,0],[0,0],[1,0],[0,-1],[0,0],[-1,-1],[0,0],[0,-1],[0,0],[0,-1],[0,0],[0,-1],[0,0],[-1,0],[0,0],[0,0],[0,0],[0,-1],[1,0],[0,-1],[0,0],[0,0],[0,0],[0,0],[0,0],[-1,-1],[0,0],[0,0],[-1,0],[0,0],[-1,1],[0,0],[0,0],[-1,0],[0,0],[0,-1],[0,0],[0,0],[0,-1],[0,0],[1,0],[0,0],[0,0],[0,-1],[0,0],[1,0],[0,0],[-1,-1],[0,0],[1,0],[0,-1],[0,0],[0,0],[-1,0],[0,0],[0,-1],[0,0],[0,0],[0,0],[0,-1],[0,-1],[0,0],[0,0],[0,0],[1,-1],[0,-1],[1,0],[0,0],[-1,0],[0,-1],[1,-1],[0,0],[0,0],[0,1],[0,0],[1,1],[1,0],[0,-1],[0,0],[0,0],[0,-1],[0,0],[0,0],[0,-1],[1,0],[0,1],[1,0],[0,0],[1,0],[1,0],[0,0],[0,0],[0,0],[0,0],[2,0],[0,0],[1,0],[0,0],[0,0],[1,0],[0,0],[1,0],[1,0],[0,0],[1,0],[0,0],[1,0],[0,0],[0,1],[0,0],[0,1],[0,-1],[1,1],[0,1],[0,0],[1,0],[0,1],[0,0],[0,1],[0,1],[0,0],[0,1],[0,0],[-1,0],[0,1],[0,0],[0,0],[0,1],[0,0],[-1,1],[0,1],[0,1],[0,0],[-1,0],[0,0],[0,0],[0,0],[0,0],[0,1],[0,0],[0,0],[0,0],[0,0],[-1,0],[0,0],[0,0],[0,1],[0,0],[-1,1],[0,0],[0,0],[-1,0],[0,1],[0,0],[1,0],[1,0],[0,0],[0,0],[0,1],[0,0],[0,0],[0,1],[0,0],[0,0],[0,1],[0,0],[0,0],[0,0],[-1,0],[0,0],[0,1],[0,0],[-1,0],[0,0],[1,0],[0,1],[0,0],[0,0],[0,0],[0,1],[0,0],[0,0],[0,0],[0,1],[0,0]],[[191,403],[0,-1],[1,0],[0,0],[0,0],[0,-1],[0,0],[0,0],[0,0],[0,-1],[0,0],[0,0],[-1,0],[0,0],[0,0],[0,0],[0,-1],[0,0],[1,0],[0,0],[0,0],[0,-1],[0,0],[-1,0],[0,0],[0,-1],[0,0],[0,0],[0,0],[0,-1],[0,0],[0,-1],[1,0],[0,0],[0,-1],[0,0],[0,0],[0,0],[0,-1],[-1,0],[0,-1],[-1,0],[0,0],[0,-1],[-2,0],[0,0],[0,0],[0,0],[0,-1],[0,0],[0,0],[1,0],[0,-1],[0,0],[-1,0],[0,1],[-1,0],[0,0],[0,0],[0,0],[-1,0],[0,0],[-1,-1],[0,0],[0,0],[0,0],[-1,1],[-1,0],[-1,0],[0,0],[-1,0],[-1,0],[0,0],[-1,0],[0,0],[0,0],[-1,0],[0,0],[0,1],[0,0],[0,0],[-1,0],[0,0],[0,-1],[0,-1],[-1,0],[0,0],[-1,-1],[-1,0],[0,0],[0,0],[0,0],[0,-1],[0,0],[0,-1],[0,0],[0,0],[-1,0],[0,0],[-1,0],[-1,0],[0,0],[-1,0],[-1,0],[-1,1],[0,0],[-1,0],[0,0],[-1,0],[0,0],[-1,-1],[-1,0],[0,0],[0,0],[-1,0],[0,0],[-1,0],[0,0],[0,0],[-1,0],[0,0],[0,0],[-1,0],[0,0],[-1,0],[-1,-1],[0,0],[0,0],[-1,0],[0,0],[0,-1],[0,0],[-1,-2],[-1,-1],[0,0],[0,-1],[0,0],[0,0],[-1,0],[0,-1],[0,0],[-1,0],[0,0],[0,-1],[0,0],[0,0],[0,0],[1,0],[1,1],[1,0],[0,0],[0,1],[0,0],[1,0],[0,1],[1,0],[0,0],[0,0],[1,1],[0,0],[0,0],[0,0],[0,0],[0,0],[0,-1],[1,0],[0,1],[0,0],[0,0],[1,0],[0,0],[0,1],[0,-1],[1,0],[0,0],[0,1],[0,0],[1,0],[0,0],[1,0],[0,1],[1,0],[0,0],[1,0],[1,0],[1,0],[1,0],[0,0],[0,0],[-1,-1],[0,0],[1,0],[1,0],[0,1],[1,0],[1,0],[1,0],[0,0],[-1,1],[1,-1],[0,0],[1,0],[1,1],[0,0],[1,0],[2,1],[1,-1],[0,1],[0,0],[1,1],[0,0],[0,0],[0,0],[0,0],[1,-1],[0,0],[1,0],[0,0],[1,0],[0,0],[0,0],[1,0],[0,0],[1,0],[0,-1],[0,0],[0,0],[-1,0],[0,0],[-1,-1],[0,0],[0,0],[-1,-1],[0,-1],[1,0],[0,0],[0,0],[0,0],[1,0],[0,0],[0,0],[-1,0],[0,0],[0,0],[-1,-1],[0,0],[1,0],[0,-1],[-1,0],[0,0],[1,-1],[-1,0],[0,-1],[0,0],[0,-1],[0,0],[0,-1],[0,1],[1,0],[0,0],[0,0],[-1,-1],[0,0],[1,0],[0,-1],[0,0],[1,0],[0,1],[0,0],[0,0],[0,-1],[0,0],[0,0],[0,-1],[0,0],[0,1],[0,0],[1,0],[0,1],[1,0],[0,0],[0,-1],[-1,0],[0,0],[0,0],[0,-1],[0,0],[0,-1],[0,0],[0,0],[2,1],[0,0],[0,1],[1,0],[0,1],[1,0],[0,0],[0,1],[1,0],[1,1],[0,0],[2,0],[1,0],[1,0],[0,0],[0,1],[1,-1],[0,0],[1,1],[1,0],[0,0],[-1,0],[0,-1],[0,0],[0,0],[-1,0],[1,-1],[0,0],[1,0],[1,0],[0,0],[0,1],[-1,0],[0,0],[0,0],[0,1],[0,0],[1,0],[0,0],[0,0],[0,0],[1,0],[0,0],[0,0],[0,-1],[1,1],[0,0],[0,0],[1,-1],[0,0],[0,0],[0,0],[0,-1],[0,0],[-1,0],[1,0],[1,0],[0,0],[0,0],[0,0],[0,0],[1,1],[0,0],[0,0],[-1,-1],[0,0],[0,-1],[1,0],[0,1],[0,0],[0,0],[0,0],[0,0],[1,0],[0,0],[0,0],[-1,-1],[1,0],[1,0],[1,0],[0,0],[0,0],[0,0],[1,0],[0,0],[0,0],[1,1],[0,0],[0,0],[0,0],[0,0],[-1,1],[0,0],[0,0],[0,0],[0,0],[0,0],[1,0],[0,1],[1,0],[0,0],[0,1],[1,0],[0,0],[0,0],[0,0],[0,0],[-1,0],[0,0],[0,1],[0,0],[0,0],[0,0],[0,1],[0,0],[0,0],[1,0],[1,0],[0,0],[0,1],[0,0],[1,0],[0,0],[0,0],[0,1],[0,0],[0,0],[0,0],[0,0],[1,1],[1,0],[0,1],[1,0],[1,0],[0,0],[0,0],[-1,0],[0,0],[0,1],[0,0],[0,0],[0,0],[-1,1],[0,0],[0,0],[0,0],[0,1],[0,0],[1,1],[0,0],[0,1],[1,0],[0,1],[0,0],[1,1],[0,0],[0,0],[0,-1],[1,0],[0,0],[0,0],[0,1],[0,0],[0,0],[0,1],[1,0],[0,1],[0,0],[0,0],[0,0],[1,1],[0,0],[0,0],[0,0],[0,0],[1,0],[0,0],[1,1],[0,0],[0,0],[0,1],[0,0],[0,2],[0,0],[0,0],[0,1],[0,0],[0,1],[0,0],[0,1],[0,0],[0,1],[-1,0],[0,0],[-1,0],[0,0],[1,0],[1,0],[0,0],[0,0],[1,1],[0,0],[0,0],[0,1],[0,0],[0,0],[0,1],[0,0],[0,0],[1,0],[0,0],[0,0],[0,0],[0,1],[1,0],[0,0],[0,0],[0,0],[0,1],[-1,0],[0,0],[0,0],[0,0],[0,0],[0,0],[-1,0],[0,0],[0,0],[0,0],[-1,0],[0,0],[-1,0],[-1,0],[0,0],[0,0],[0,0],[0,0],[0,1],[0,0],[0,0],[0,0],[-1,0],[-1,0],[0,0],[0,-1],[-1,0],[0,0],[-1,0],[0,0],[-1,-1],[0,0],[-1,0],[0,0],[0,-1],[0,0],[0,0],[-1,0],[0,0],[0,0],[0,0],[0,-1],[0,0],[0,0],[0,-1],[0,0],[0,0],[-1,0],[0,-1],[0,0],[0,0],[0,0],[0,-1],[0,0],[0,0],[-1,-1],[0,0],[0,0],[0,0],[0,0],[-1,-1],[0,0],[0,0],[0,0],[-1,0],[0,0],[0,0],[-1,0],[0,-1],[0,0],[0,0],[-1,0],[0,1],[1,0],[0,1],[-1,1],[0,0],[0,1],[0,0],[0,0],[0,1],[0,0],[-1,0],[0,0],[0,-1],[0,0],[0,0],[-1,0],[0,0],[0,0],[-1,0],[0,0],[0,0],[0,0],[-1,0],[0,-1],[-1,1],[0,0],[0,1],[0,0],[-1,0],[0,0],[0,0],[0,0],[0,-1],[-1,0],[0,0],[0,0],[-1,-1],[0,0],[0,0],[-1,-1],[0,1],[0,0],[0,0],[0,0],[0,1],[-1,1],[0,0],[0,0],[-1,0],[0,0],[0,0],[-1,0],[0,0],[0,0],[0,0],[0,0],[-1,0],[0,0],[0,0],[0,1],[0,0],[0,0],[0,0],[0,1],[0,1],[0,0],[0,1],[0,0],[0,0],[0,0],[-1,0],[0,-1],[0,0],[0,-1],[0,0],[0,0],[0,-1],[-1,0],[0,0],[0,0],[0,-1],[0,0],[-1,0],[0,0],[0,0],[0,0],[0,0],[0,0],[0,-1],[0,0],[0,-1],[-1,0],[0,0]],[[157,378],[-1,0],[0,0],[0,0],[0,0],[1,0],[0,0],[0,0],[0,0],[0,0],[0,0]],[[153,376],[0,0],[0,0],[0,0],[0,0],[0,1],[0,0],[0,-1],[0,0]],[[159,379],[0,0],[0,0],[0,0],[1,0],[0,1],[0,0],[0,0],[0,0],[0,0],[-1,0],[0,-1]],[[160,381],[0,0],[1,0],[0,0],[0,0],[-1,1],[0,0],[0,-1]],[[160,381],[-1,0],[0,-1],[0,0],[1,0],[0,0],[0,0],[0,1],[0,0]],[[163,382],[0,0],[0,0],[0,0],[-1,0],[0,-1],[1,0],[0,1],[1,0],[0,0],[0,0],[-1,0]],[[162,380],[0,0],[0,0],[0,0],[1,0],[0,0],[0,0],[0,0],[0,0],[0,0],[-1,0],[0,0],[0,0]],[[184,374],[0,-1],[0,1],[1,0],[0,0],[0,1],[0,0],[-1,-1],[0,0]],[[179,386],[0,0],[1,0],[0,0],[1,0],[0,0],[-1,0],[0,0],[0,0],[0,0],[-1,0]],[[196,376],[0,0],[1,0],[0,0],[0,1],[0,0],[-1,0],[0,0],[0,-1]],[[201,378],[-1,0],[1,0],[0,0],[0,0],[0,0]],[[199,378],[0,1],[0,0],[-1,0],[0,0],[0,0],[0,0],[0,-1],[0,0],[1,0],[0,0],[0,0],[0,0],[0,0]],[[156,380],[1,-1],[0,0],[0,0],[0,1],[-1,0]],[[160,379],[0,0],[0,0],[1,0],[0,0],[-1,0],[0,0]],[[163,380],[0,0],[0,0],[0,0],[0,0],[0,0],[0,0],[0,0],[0,0]],[[166,383],[-1,-1],[0,0],[1,0],[0,1],[0,0],[0,0],[0,0],[0,0]],[[183,375],[0,0],[0,-1],[0,0],[0,1],[0,0],[0,0]],[[202,377],[0,-1],[0,0],[1,0],[0,1],[0,0],[-1,0]],[[104,442],[0,0],[-1,0],[0,0],[-1,0],[0,0],[0,0],[0,0],[0,0],[0,0],[0,-1],[1,0],[0,0],[1,1],[0,0],[0,0]],[[104,442],[0,-1],[0,0],[0,-1],[0,0],[0,0],[-1,0],[0,0],[-1,0],[0,0],[0,0],[0,0],[0,0],[-1,0],[0,-1],[0,0],[0,0],[0,0],[0,-1],[1,0],[0,0],[0,0],[0,0],[1,0],[0,0],[0,-1],[1,0],[0,0],[0,0],[0,0],[0,1],[0,1],[0,0],[0,1],[1,0],[0,1],[0,1],[0,0],[0,0],[-1,0]],[[233,388],[0,0],[0,0],[0,0],[-1,-1],[0,1],[0,0],[-1,0],[0,0],[0,1],[0,0],[0,-1],[-1,0],[0,0],[0,0],[0,0],[0,0],[-1,0],[0,0],[0,0],[0,-1],[0,0],[0,0],[0,0],[0,0],[1,-1],[0,0],[0,0],[0,0],[0,-1],[1,-1],[0,0],[0,-1],[0,0],[1,0],[0,-1],[0,0],[0,0],[0,0],[0,-1],[536,0],[0,0],[0,1],[0,0],[0,0],[0,0],[0,0],[0,0],[0,1],[0,0],[0,0],[1,1],[0,0],[0,1],[0,0],[0,0],[0,0],[0,1],[-1,0],[0,0],[0,-1],[0,0],[-1,1],[0,-1],[-1,0],[0,0],[-1,0],[-1,0],[0,0],[0,0],[-1,0],[0,0],[0,0],[-1,-1],[0,0],[-524,0],[-1,1],[0,0],[0,0],[0,0],[0,0],[0,0],[-1,0],[0,0],[0,1],[0,0],[-1,0],[0,0],[0,1],[0,0],[0,0],[0,0],[0,1],[0,0],[-1,0],[0,0],[0,0],[0,0],[-1,0],[0,0]],[[786,374],[0,0],[-1,0],[0,1],[-1,1],[0,0],[0,0],[0,0],[-1,0],[0,1],[-1,0],[0,0],[0,0],[0,1],[0,0],[0,0],[0,0],[0,1],[-1,0],[0,0],[0,0],[0,0],[-1,0],[0,0],[-1,1],[0,0],[0,0],[0,0],[0,1],[0,0],[0,0],[0,1],[0,0],[0,0],[0,0],[0,1],[0,0],[-1,0],[0,0],[-1,0],[0,-1],[0,0],[0,0],[-1,0],[0,0],[0,0],[0,0],[-1,-1],[0,0],[0,0],[0,0],[0,0],[0,1],[0,0],[-1,0],[0,0],[1,1],[0,0],[0,0],[-1,1],[0,0],[0,1],[0,0],[0,0],[0,0],[0,0],[-1,0],[0,0],[-1,0],[0,0],[0,0],[0,0],[0,0],[0,0],[0,0],[0,1],[-1,0],[0,-1],[0,0],[0,0],[0,-1],[1,0],[0,0],[0,0],[0,-1],[-1,0],[0,0],[0,0],[0,0],[0,0],[0,0],[0,0],[0,0],[0,0],[0,0],[0,0],[0,-1],[0,0],[0,0],[0,-1],[0,0],[0,0],[0,0],[0,0],[-1,0],[0,0],[0,0],[0,0],[1,-1],[0,0],[1,-1],[1,0],[0,-1],[0,0],[0,0],[0,0],[-546,0],[0,0],[-1,0],[0,1],[0,0],[0,0],[-1,1],[0,1],[-1,1],[0,0],[0,0],[0,1],[-1,1],[0,0],[-1,1],[-1,0],[0,0],[0,0],[0,0],[0,0],[1,-1],[0,0],[-1,0],[0,0],[0,0],[-1,-1],[0,0],[0,0],[0,0],[0,-1],[0,0],[0,0],[0,0],[0,0],[0,-1],[0,0],[0,0],[0,0],[0,0],[0,-1],[0,0],[0,0],[0,0],[0,0],[0,-1],[0,0],[0,-1],[-1,0],[0,0],[-1,0],[-1,-1],[0,0],[0,0],[0,1],[0,0],[0,0],[0,0],[0,0],[0,0],[-1,0],[0,0],[0,0],[0,0],[0,1],[0,0],[0,0],[1,0],[0,1],[0,0],[0,0],[1,0],[0,1],[0,0],[0,0],[0,0],[0,0],[-1,0],[0,1],[0,-1],[-1,0],[0,0],[-1,0],[-1,0],[0,0],[0,0],[-1,-1],[0,0],[0,0],[-1,0],[-1,-1],[-1,0],[0,0],[-1,0],[0,-1],[-1,0],[0,0],[0,0],[0,0],[0,0],[0,0],[1,-1],[0,0],[0,0],[0,0],[0,0],[-1,-1],[0,0],[0,0],[-1,0],[0,0],[0,0],[0,0],[0,0],[0,0],[1,0],[1,0],[1,0],[0,1],[1,0],[1,0],[1,0],[0,1],[0,0],[0,0],[0,-1],[1,0],[0,0],[1,0],[1,0],[0,1],[0,-1],[0,0],[-1,-1],[0,0],[1,-1],[1,0],[1,0],[0,0],[1,1],[1,0],[0,0],[0,0],[0,0],[0,0],[0,0],[0,0],[0,-1],[0,0],[0,0],[-1,0],[0,0],[0,0],[-1,0],[0,0],[0,0],[0,-1],[0,0],[0,0],[0,0],[-1,0],[0,0],[0,0],[0,0],[-1,0],[0,0],[0,0],[-1,-1],[0,0],[0,0],[0,-1],[0,-1],[-1,0],[1,0],[0,0],[0,0],[0,0],[0,0],[1,1],[0,-1],[0,0],[568,0],[0,0],[0,0],[0,1],[-1,0],[0,0],[1,0],[0,0],[0,-1],[1,0],[0,0],[1,1],[0,0],[0,0],[0,0],[-1,0],[-1,1],[1,0],[0,-1],[1,0],[0,0],[1,0],[0,0],[0,1],[0,0],[0,0],[-1,1],[0,0]],[[214,375],[0,-1],[1,1],[0,0],[-1,0],[0,0]],[[214,377],[0,0],[0,-1],[0,0],[1,1],[0,0],[0,0],[-1,0],[0,0],[0,0]],[[214,373],[1,0],[0,0],[0,1],[1,0],[0,0],[1,0],[0,0],[0,0],[1,0],[-1,1],[0,0],[0,0],[0,0],[-1,0],[0,0],[-1,-1],[-1,0],[0,-1]],[[211,377],[0,-1],[0,0],[1,1],[0,0],[0,0],[-1,0],[0,0]],[[210,376],[0,0],[0,0],[0,0],[1,0],[0,1],[0,0],[0,0],[-1,-1],[0,0]],[[218,375],[0,0],[0,0],[0,0],[0,0],[0,0],[0,0]],[[815,517],[0,0],[0,0],[-1,0],[0,0],[-1,0],[0,0],[0,0],[0,0],[0,0],[1,0],[0,0],[1,0]],[[760,539],[0,0],[0,0],[0,-1],[0,0],[0,0],[0,0],[0,0],[0,0],[0,-1],[0,0],[0,0],[1,0],[0,0],[0,-1],[-1,0],[0,0],[1,0],[0,0],[0,0],[0,0],[0,0],[1,-1],[0,0],[0,0],[1,0],[0,0],[0,0],[0,0],[0,1],[0,1],[-1,0],[0,0],[0,0],[0,0],[0,1],[0,0],[-1,0],[0,0],[-1,1],[0,0]],[[765,526],[0,0],[0,1],[0,0],[-1,0],[0,0],[0,1],[0,0],[0,0],[0,0],[-1,1],[0,0],[0,0],[0,0],[0,0],[0,-1],[0,0],[-1,0],[0,0],[0,0],[0,0],[0,0],[0,0],[0,0],[-1,0],[0,0],[0,0],[0,0],[0,0],[-1,0],[0,1],[0,0],[0,1],[0,0],[1,0],[0,1],[0,0],[1,1],[0,0],[0,0],[0,1],[1,0],[0,0],[0,0],[-1,0],[0,0],[0,1],[0,0],[0,0],[0,-1],[0,0],[0,0],[-1,0],[0,1],[0,0],[0,0],[0,0],[0,0],[0,-1],[0,0],[-1,0],[0,1],[0,0],[0,1],[0,0],[0,0],[-1,0],[0,1],[0,0],[0,0],[0,0],[0,0],[0,0],[0,-1],[0,0],[0,0],[-1,0],[0,0],[0,0],[-1,1],[0,0],[0,1],[-1,0],[0,0],[0,0],[0,-1],[-1,0],[0,0],[0,1],[0,0],[0,0],[0,0],[0,0],[0,1],[0,0],[-1,0],[0,0],[0,0],[0,0],[0,0],[0,0],[0,0],[0,0],[-1,-1],[0,0],[0,0],[0,-1],[1,0],[0,0],[0,0],[0,-1],[0,0],[0,0],[0,0],[0,-1],[0,0],[0,0],[0,0],[0,0],[0,-1],[0,0],[0,0],[-1,0],[0,1],[0,0],[0,0],[-1,0],[0,1],[0,0],[0,0],[0,0],[0,0],[0,-1],[0,0],[0,0],[-1,0],[0,0],[0,0],[1,0],[0,-1],[0,0],[-1,0],[0,0],[1,0],[0,-1],[0,0],[0,0],[0,0],[1,0],[0,0],[0,-1],[1,0],[0,0],[0,-1],[0,0],[0,0],[-1,-1],[0,0],[0,0],[-1,-1],[0,0],[0,0],[-1,0],[0,0],[0,-1],[1,0],[1,-1],[0,0],[1,0],[0,0],[0,-1],[1,0],[0,-1],[1,0],[0,0],[0,-1],[0,0],[0,0],[0,-1],[0,0],[0,0],[1,0],[0,1],[0,0],[0,1],[0,0],[0,0],[1,0],[1,1],[1,0],[0,0],[1,0],[0,0],[0,0],[0,0],[1,0],[0,0],[0,0],[0,0],[0,0],[0,1],[0,0],[0,0],[1,0],[0,0],[2,0]],[[756,536],[0,0],[0,0],[0,1],[0,0],[0,0],[0,0],[0,-1]],[[755,538],[0,0],[0,0],[0,0],[0,0],[-1,0],[1,0],[0,0],[0,0]],[[760,539],[0,0],[-1,0],[0,1],[0,0],[0,1],[0,0],[0,0],[0,1],[-1,0],[0,0],[0,0],[0,0],[-1,0],[0,0],[0,0],[0,0],[0,0],[-1,0],[0,0],[0,0],[-1,0],[0,0],[0,1],[0,0],[-1,0],[0,0],[0,-1],[0,0],[0,-1],[0,0],[0,0],[0,-1],[0,0],[0,-1],[0,0],[0,0],[0,0],[0,0],[0,-1],[0,0],[0,0],[0,0],[0,0],[0,0],[0,0],[0,0],[0,0],[1,0],[0,0],[0,-1],[0,0],[0,0],[0,0],[0,0],[0,-1],[0,0],[1,0],[0,1],[0,0],[0,0],[1,0],[0,-1],[0,0],[1,-1],[0,0],[0,0],[1,0],[0,0],[0,0],[0,1],[0,0],[0,0],[0,0],[0,0],[0,0],[0,-1],[1,0],[0,0],[0,0],[0,-1],[0,0],[0,-1],[1,0],[0,0],[0,1],[0,0],[0,0],[0,0],[0,0],[0,-1],[1,0],[0,0],[0,0],[0,1],[0,0],[0,0],[0,-1],[0,0],[1,0],[0,0],[0,1],[0,0],[0,1],[0,0],[0,0],[-1,0],[0,0],[0,0],[-1,1],[0,0],[0,0],[0,0],[0,0],[-1,0],[0,0],[1,0],[0,1],[0,0],[-1,0],[0,0],[0,0],[0,1],[0,0],[0,0],[0,0],[0,0],[0,0],[0,1]],[[755,538],[0,0],[0,0],[-1,0],[1,0],[0,0],[0,0],[0,0],[0,0]],[[756,536],[0,1],[0,0],[0,0],[0,0],[0,-1],[0,0],[0,0]],[[760,471],[0,-1],[0,-1],[0,0],[0,-1],[0,0],[-1,0],[1,0],[0,-1],[-1,0],[0,0],[1,0],[0,0],[0,-1],[0,0],[0,0],[0,-1],[0,0],[0,0],[-1,0],[0,0],[0,-1],[0,0],[-1,0],[0,0],[0,0],[0,0],[0,0],[0,0],[0,0],[0,-1],[0,0],[0,0],[0,-1],[0,0],[0,0],[0,0],[0,0],[0,0],[-1,0],[0,0],[0,0],[-1,0],[0,-1],[0,0],[0,0],[0,-1],[0,0],[0,0],[-1,0],[0,0],[0,0],[-1,0],[0,0],[0,0],[0,0],[-1,0],[0,0],[-1,-1],[0,0],[0,-1],[0,0],[0,-1],[1,0],[0,0],[0,0],[0,0],[0,-1],[0,0],[0,0],[0,0],[1,0],[0,0],[1,0],[1,0],[0,0],[1,-1],[0,0],[1,0],[0,-1],[0,0],[0,0],[-1,0],[-1,-1],[0,0],[-1,-1],[0,0],[-1,-1],[-1,0],[0,-1],[0,0],[0,0],[0,-1],[0,0],[0,0],[0,0],[0,0],[0,0],[0,0],[1,0],[-1,0],[0,-1],[0,0],[0,0],[-1,0],[0,0],[0,-1],[0,0],[0,0],[0,-1],[0,0],[0,0],[0,0],[0,-1],[0,1],[0,0],[0,0],[0,0],[0,0],[1,0],[0,1],[0,0],[0,-1],[0,0],[0,0],[1,0],[0,1],[1,0],[0,1],[0,0],[0,0],[0,0],[0,1],[1,1],[0,1],[0,0],[0,1],[0,0],[1,0],[0,0],[0,1],[0,0],[0,0],[1,0],[0,1],[1,0],[0,0],[0,0],[0,0],[0,1],[1,0],[0,0],[1,0],[0,0],[0,-1],[0,0],[0,0],[1,0],[0,-1],[0,0],[0,0],[1,0],[0,0],[0,0],[0,0],[0,0],[0,0],[0,0],[1,0],[0,0],[0,0],[0,0],[1,0],[0,0],[0,0],[1,1],[0,0],[0,0],[1,0],[0,0],[0,0],[0,-1],[0,0],[1,0],[0,0],[0,0],[1,1],[0,0],[0,1],[0,0],[0,0],[0,1],[1,1],[0,0],[1,-1],[0,-1],[0,0],[1,0],[0,0],[1,0],[0,0],[0,1],[1,0],[0,1],[1,0],[0,0],[0,0],[1,0],[0,0],[0,0],[1,0],[1,-1],[1,0],[0,0],[1,1],[0,0],[0,0],[0,1],[-1,0],[0,0],[0,0],[1,1],[0,0],[0,0],[0,1],[0,0],[0,0],[1,1],[0,0],[0,0],[1,0],[0,0],[0,0],[0,-1],[0,1],[0,0],[1,0],[0,1],[0,0],[0,1],[0,0],[0,0],[0,1],[1,0],[0,0],[0,0],[1,0],[0,0],[0,0],[1,0],[1,0],[0,0],[1,0],[0,0],[0,0],[1,0],[0,0],[0,0],[0,0],[1,1],[0,1],[1,0],[0,1],[0,0],[1,1],[0,0],[0,1],[0,0],[0,1],[0,0],[1,1],[0,0],[0,0],[0,0],[0,2],[1,3],[0,1],[0,1],[0,2],[0,1],[-1,1],[-1,0],[-1,-1],[-1,-1],[-1,0],[0,0],[-1,0],[-1,0],[0,1],[0,1],[0,1],[0,1],[0,0],[-1,0],[0,0],[0,0],[-1,0],[-1,0],[0,0],[-1,1],[-1,0],[-1,1],[0,0],[0,0],[-1,-1],[0,0],[-1,0],[0,0],[0,0],[0,0],[0,1],[0,0],[0,0],[-1,1],[0,0],[-1,0],[-1,0],[0,-1],[0,0],[0,0],[-1,0],[0,0],[0,0],[0,0],[0,0],[0,0],[0,0],[0,0],[-1,0],[0,0],[0,0],[0,0],[-1,0],[0,0],[0,0],[0,-1],[-1,1],[0,0],[0,0],[0,0],[0,0],[0,0],[-1,-1],[0,0],[0,0],[0,0],[0,1],[-1,-1],[1,0],[0,0],[0,0],[0,-1],[0,0],[0,0],[0,-1],[0,0],[0,0],[0,-1],[0,0],[1,0],[0,0],[-1,0],[0,-1],[0,0],[0,0],[0,0],[0,0],[-1,-1],[0,0],[0,0],[-1,0],[0,0],[0,0],[0,0],[0,0],[-1,0],[0,0],[0,0],[0,-1],[0,0],[-1,-1],[0,0],[0,-1],[0,0],[0,0],[0,0],[0,0],[-1,0],[0,-1],[-1,0],[0,0],[0,0],[-1,0],[-1,0],[-1,0],[0,0],[0,-1],[0,0],[-1,-1],[0,0],[0,0],[-1,0],[0,-1],[0,0],[0,0],[0,0],[0,-1],[0,-1],[0,0],[0,0]]],"transform":{"scale":[1,1],"translate":[0,0]}}
