{"type":"Topology","objects":{"countries":{"type":"GeometryCollection","geometries":[{"id":"AF","type":"MultiPolygon","arcs":[[[0]],[[1]],[[2]],[[3]],[[4]],[[5]],[[6]],[[7]],[[8]],[[9]],[[10]],[[11]],[[12]],[[13]],[[14]],[[15]],[[16]],[[17]],[[18]],[[19]],[[20]],[[21]],[[22]],[[23]],[[24]],[[25]],[[26]],[[27]],[[28]],[[29]],[[30]],[[31]],[[32]],[[33]],[[34]],[[35]],[[36]],[[37]],[[38]],[[39]],[[40]],[[41]],[[42]],[[43]],[[44]],[[45]],[[46]],[[47]],[[48]],[[49]],[[50]],[[51]],[[52]],[[53]],[[54]],[[55]],[[56]],[[57]],[[58]]]},{"id":"AN","type":"MultiPolygon","arcs":[[[59]],[[60]],[[61]],[[62]],[[63]],[[64]],[[65]],[[66]],[[67]],[[68]],[[69]],[[70]],[[71]],[[72]],[[73]],[[74]],[[75]],[[76]],[[77]],[[78]],[[79]],[[80]],[[81]],[[82]],[[83]],[[84]],[[85]],[[86]],[[87]],[[88]],[[89]],[[90]],[[91]],[[92]],[[93]],[[94]],[[95]],[[96]],[[97]],[[98]],[[99]],[[100]],[[101]],[[102]],[[103]],[[104]],[[105]],[[106]],[[107]],[[108]],[[109]],[[110]],[[111]],[[112]],[[113]],[[114]],[[115]],[[116]],[[117]],[[118]],[[119]],[[120]],[[121]],[[122]]]},{"id":"AS","type":"MultiPolygon","arcs":[[[123]],[[124]],[[125]],[[126]],[[127]],[[128]],[[129]],[[130]],[[131]],[[132]],[[133]],[[134]],[[135]],[[136]],[[137]],[[138]],[[139]],[[140]],[[141],[142]],[[143]],[[144]],[[145]],[[146]],[[147]],[[148]],[[149]],[[150]],[[151]],[[152]],[[153],[154]],[[155]],[[156]],[[157]],[[158]],[[159]],[[160]],[[161]],[[162]],[[163]],[[164]],[[165]],[[166]],[[167]],[[168]],[[169]],[[170]],[[171]],[[172]],[[173]],[[174]],[[175]],[[176]],[[177]],[[178]],[[179]],[[180]],[[181]],[[182]],[[183]],[[184]],[[185]],[[186]],[[187]],[[188]],[[189]],[[190]],[[191]],[[192]],[[193]],[[194]],[[195]],[[196]],[[197]],[[198]],[[199]],[[200]],[[201]],[[202]],[[203]],[[204]],[[205]],[[206]],[[207]],[[208]],[[209]],[[210]],[[211]],[[212]],[[213]],[[214]],[[215]],[[216]],[[217]],[[218]],[[219]],[[220]],[[221]],[[222]],[[223]],[[224]],[[225]],[[226]],[[227]],[[228]],[[229]],[[230]],[[231]],[[232]],[[233]],[[234]],[[235]],[[236]],[[237]],[[238]],[[239]],[[240]],[[241]],[[242]],[[243]],[[244]],[[245]],[[246]],[[247]],[[248]],[[249]],[[250]],[[251]],[[252]],[[253]],[[254]],[[255]],[[256]],[[257]],[[258]],[[259]],[[260]],[[261]],[[262]],[[263]],[[264]],[[265]],[[266]],[[267]],[[268]],[[269]],[[270]],[[271]],[[272]],[[273]],[[274]],[[275]],[[276]],[[277]],[[278]],[[279]],[[280]],[[281]],[[282]],[[283]],[[284]],[[285]],[[286]],[[287]],[[288]],[[289]],[[290]],[[291]],[[292]],[[293]],[[294]],[[295]],[[296]],[[297]],[[298]],[[299]],[[300]],[[301]],[[302]],[[303]],[[304]],[[305]],[[306]],[[307]],[[308]],[[309]],[[310]],[[311]],[[312]],[[313]],[[314]],[[315]],[[316]]]},{"id":"EU","type":"MultiPolygon","arcs":[[[317]],[[318]],[[319]],[[320]],[[321]],[[322]],[[323]],[[324]],[[325]],[[326]],[[327]],[[328]],[[329]],[[330]],[[331]],[[332]],[[333]],[[334]],[[335]],[[336]],[[337]],[[338]],[[339]],[[340]],[[341]],[[342]],[[343]],[[344]],[[345]],[[346]],[[347]],[[348]],[[349]],[[350]],[[351]],[[352]],[[353]],[[354]],[[355]],[[356]],[[357]],[[358]],[[359]],[[360]],[[361]],[[362]],[[363]],[[364]],[[365]],[[366]],[[367]],[[368]],[[369]],[[370]],[[371]],[[372]],[[373]],[[374]],[[375]],[[376]],[[377]],[[378]],[[379]],[[380]],[[381]],[[382]],[[383]],[[384]],[[385]],[[386]],[[387]],[[388]],[[389]],[[390]],[[391]],[[392]],[[393]],[[394]],[[395]],[[396]],[[397]],[[398]],[[399]],[[400]],[[401]],[[402]],[[403]],[[404]],[[405]],[[406]],[[407]],[[408]],[[409]],[[410]],[[411]],[[412]]]},{"id":"NA","type":"MultiPolygon","arcs":[[[413]],[[414]],[[415]],[[416]],[[417]],[[418]],[[419]],[[420]],[[421]],[[422]],[[423]],[[424]],[[425]],[[426]],[[427]],[[428]],[[429]],[[430]],[[431]],[[432]],[[433]],[[434]],[[435]],[[436]],[[437]],[[438]],[[439]],[[440]],[[441]],[[442]],[[443]],[[444]],[[445]],[[446]],[[447]],[[448]],[[449]],[[450]],[[451]],[[452]],[[453]],[[454]],[[455]],[[456]],[[457]],[[458]],[[459]],[[460]],[[461]],[[462]],[[463]],[[464]],[[465]],[[466]],[[467]],[[468]],[[469]],[[470]],[[471]],[[472]],[[473]],[[474]],[[475]],[[476]],[[477]],[[478]],[[479]],[[480]],[[481]],[[482]],[[483]],[[484]],[[485]],[[486]],[[487]],[[488]],[[489]],[[490]],[[491]],[[492]],[[493]],[[494]],[[495]],[[496]],[[497]],[[498]],[[499]],[[500]],[[501]],[[502]],[[503]],[[504]],[[505]],[[506]],[[507]],[[508]],[[509]],[[510]],[[511]],[[512]],[[513]],[[514]],[[515]],[[516]],[[517]],[[518]],[[519]],[[520]],[[521]],[[522]],[[523]],[[524]],[[525]],[[526]],[[527]],[[528]],[[529]],[[530]],[[531]],[[532]],[[533]],[[534]],[[535]],[[536]],[[537]],[[538]],[[539]],[[540]],[[541]],[[542]],[[543]],[[544]],[[545]],[[546]],[[547]],[[548]],[[549]],[[550]],[[551]],[[552]],[[553]]]},{"id":"OC","type":"MultiPolygon","arcs":[[[554]],[[555]],[[556]],[[557]],[[558]],[[559]],[[560]],[[561]],[[562]],[[563]],[[564]],[[565]],[[566]],[[567]],[[568]],[[569]],[[570]],[[571]],[[572]],[[573]],[[574]],[[575]],[[576]],[[577]],[[578]],[[579]],[[580]],[[581]],[[582]],[[583]],[[584]],[[585]],[[586]],[[587]],[[588]],[[589]],[[590]],[[591]],[[592]]]},{"id":"SA","type":"MultiPolygon","arcs":[[[593]],[[594]],[[595]],[[596]],[[597]],[[598]],[[599]],[[600]],[[601]],[[602]],[[603]],[[604]],[[605]],[[606]],[[607]],[[608]],[[609]],[[610]],[[611]],[[612]],[[613]],[[614]],[[615]],[[616]],[[617]],[[618]],[[619]],[[620]],[[621]],[[622]],[[623]],[[624]],[[625]],[[626]],[[627]],[[628]],[[629]],[[630]],[[631]],[[632]],[[633]],[[634]]]}]}},"arcs":[[[586,301],[-1,0],[0,0],[0,0],[-1,0],[-1,0],[0,0],[-1,0],[-1,0],[-1,0],[0,0],[0,0],[0,0],[0,-1],[-1,0],[0,0],[0,0],[0,0],[0,0],[0,0],[0,0],[0,0],[0,0],[-1,-1],[-1,0],[0,0],[0,0],[-1,0],[0,0],[0,-1],[0,0],[0,0],[0,-1],[0,0],[0,0],[0,0],[0,-1],[0,0],[0,0],[0,0],[-1,0],[0,0],[0,0],[0,-1],[-1,0],[0,0],[0,0],[0,0],[-1,0],[-1,-1],[0,0],[0,0],[-1,-1],[0,-1],[0,0],[0,0],[0,0],[-1,-1],[0,0],[0,0],[0,-1],[0,0],[-1,0],[0,0],[0,-1],[0,0],[0,0],[0,0],[0,0],[1,0],[0,0],[0,0],[0,0],[1,0],[0,0],[0,0],[1,0],[1,0],[0,0],[1,0],[0,0],[1,-1],[1,-1],[0,0],[0,-1],[1,0],[1,0],[1,-1],[0,0],[0,0],[0,-1],[0,0],[0,0],[0,0],[0,0],[1,-1],[1,0],[0,0],[1,0],[1,0],[0,0],[0,0],[0,1],[0,0],[1,0],[1,0],[0,0],[1,0],[0,0],[1,0],[0,1],[1,0],[1,0],[0,1],[0,0],[1,0],[0,0],[0,0],[0,0],[0,0],[0,1],[0,0],[0,1],[0,1],[0,1],[0,0],[0,0],[0,0],[0,0],[0,1],[0,0],[0,0],[0,0],[0,0],[-1,1],[0,0],[0,0],[0,0],[1,0],[0,0],[0,0],[0,1],[0,0],[0,0],[0,1],[0,0],[0,0],[0,0],[0,1],[0,0],[0,0],[0,1],[-1,0],[0,1],[0,0],[0,0],[0,0],[0,0],[-1,1],[1,0],[0,0],[-1,0],[0,1],[0,0],[-1,1],[0,0],[-1,1],[0,0],[0,0]],[[583,283],[0,0],[-1,0],[-1,0],[0,0],[-1,0],[-1,1],[0,0],[0,0],[0,0],[0,0],[0,1],[0,0],[0,0],[-1,1],[-1,0],[-1,0],[0,1],[0,0],[-1,1],[-1,1],[0,0],[-1,0],[0,0],[-1,0],[-1,0],[0,0],[0,0],[-1,0],[0,0],[0,0],[0,0],[-1,0],[0,-1],[-1,0],[0,0],[0,0],[-2,0],[0,0],[0,0],[-1,0],[-1,0],[0,0],[-1,0],[0,-1],[-1,0],[0,-1],[-1,0],[0,0],[0,0],[0,0],[-1,-1],[0,-1],[0,-1],[0,-1],[0,-1],[0,0],[0,-1],[0,-1],[0,-1],[0,-1],[0,-1],[0,0],[1,0],[0,0],[1,0],[1,0],[1,0],[1,0],[0,0],[0,0],[1,0],[0,0],[-1,-1],[0,0],[0,0],[0,-1],[1,0],[0,0],[-1,-1],[1,0],[0,0],[0,-1],[0,0],[0,0],[0,0],[0,-1],[0,0],[0,0],[0,0],[0,0],[0,-1],[0,0],[0,0],[0,0],[0,0],[0,0],[0,0],[0,0],[1,1],[0,0],[0,0],[0,0],[0,0],[0,0],[0,0],[0,0],[1,0],[0,0],[0,0],[1,0],[0,0],[0,0],[0,0],[0,0],[0,0],[0,0],[0,1],[0,0],[0,0],[1,0],[0,0],[0,0],[1,0],[0,1],[0,0],[0,0],[1,0],[0,0],[1,0],[0,0],[0,0],[1,0],[0,0],[0,0],[0,-1],[0,0],[0,0],[0,0],[0,0],[0,0],[0,0],[1,1],[0,0],[0,0],[0,1],[1,0],[0,0],[0,0],[1,0],[0,0],[1,0],[0,0],[0,1],[0,0],[0,0],[0,0],[0,0],[0,0],[1,0],[0,1],[0,0],[0,0],[0,1],[0,0],[1,0],[0,0],[0,0],[0,0],[1,-1],[0,0],[0,0],[0,1],[0,0],[0,0],[0,0],[0,0],[0,0],[0,0],[0,-1],[0,0],[0,-1],[0,0],[0,-1],[0,0],[0,-1],[0,0],[0,1],[0,0],[0,0],[0,0],[0,0],[0,0],[0,0],[-1,0],[0,0],[0,0],[-1,0],[0,0],[0,-1],[0,0],[-1,0],[0,0],[0,-1],[0,0],[0,0],[0,0],[0,0],[0,-1],[0,0],[0,-1],[0,0],[0,-1],[0,0],[0,0],[0,-1],[0,0],[0,-1],[0,0],[0,0],[0,-1],[0,0],[0,-1],[0,0],[0,0],[0,0],[1,0],[0,-1],[0,0],[0,0],[0,0],[0,-1],[0,0],[1,0],[1,0],[0,0],[1,0],[1,0],[1,0],[0,0],[0,0],[0,0],[0,0],[1,1],[0,0],[0,0],[1,0],[0,0],[0,0],[0,0],[0,0],[1,1],[0,0],[0,0],[0,-1],[0,1],[0,0],[0,0],[0,0],[1,0],[0,0],[0,0],[0,0],[1,0],[0,0],[0,1],[1,0],[0,0],[0,0],[0,0],[0,0],[0,0],[0,0],[0,0],[0,1],[0,0],[0,-1],[1,0],[0,0],[0,1],[0,0],[0,0],[0,0],[0,0],[0,1],[0,0],[1,0],[0,0],[0,0],[0,1],[0,0],[0,0],[0,0],[-1,1],[0,0],[0,0],[0,0],[0,0],[0,0],[0,0],[0,0],[0,1],[0,0],[0,0],[0,0],[0,1],[0,0],[0,0],[0,0],[0,0],[0,1],[0,0],[0,1],[0,0],[1,0],[0,0],[0,0],[-1,0],[0,0],[0,0],[-1,1],[0,0],[0,0],[0,0],[0,0],[0,1],[0,0],[0,0],[0,0],[0,0],[0,1],[0,0],[0,0],[0,0],[-1,0],[0,0],[1,0],[0,1],[0,0],[0,0],[0,0],[0,0],[0,0],[0,0],[0,0],[0,0],[0,0],[0,1],[0,-1],[0,0],[1,0],[0,0],[-1,1],[0,0],[-1,0],[-1,0],[0,0],[0,0],[-1,1],[0,0],[-1,0],[0,0],[0,0],[-1,0],[0,0],[-1,1],[-1,0],[0,0],[0,0],[0,0],[0,0],[0,1],[0,0],[0,0],[0,1],[0,0]],[[593,243],[-1,0],[0,0],[-1,0],[0,0],[-1,0],[0,0],[-1,0],[0,0],[-1,0],[0,0],[0,0],[-1,0],[0,0],[-1,0],[0,0],[-1,0],[0,0],[-1,0],[0,0],[0,0],[0,0],[0,0],[0,0],[-1,0],[0,0],[0,0],[0,0],[0,0],[0,0],[0,0],[0,1],[-1,0],[0,0],[0,0],[0,0],[0,0],[0,0],[0,0],[0,0],[-1,0],[0,0],[0,0],[0,-1],[0,0],[0,0],[0,-1],[0,0],[0,0],[0,-1],[0,-1],[0,0],[0,0],[0,0],[0,0],[0,-1],[1,0],[0,0],[0,-1],[0,0],[0,0],[0,0],[1,0],[0,-1],[0,0],[0,0],[0,0],[2,-1],[0,-1],[0,0],[0,-1],[0,0],[0,0],[0,0],[0,0],[0,0],[0,0],[0,0],[0,0],[0,0],[-1,0],[0,-1],[0,0],[0,0],[0,-1],[0,0],[0,0],[0,0],[0,0],[0,0],[0,0],[0,-1],[0,0],[0,0],[0,0],[0,0],[0,-1],[1,0],[0,0],[0,0],[0,0],[1,0],[0,0],[0,0],[0,0],[1,0],[0,0],[0,0],[0,0],[1,0],[0,1],[0,0],[0,0],[0,-1],[0,0],[0,0],[1,0],[0,0],[0,0],[1,0],[0,0],[1,0],[0,0],[1,0],[0,0],[0,0],[0,-1],[1,0],[0,1],[0,0],[0,0],[0,0],[1,0],[0,0],[0,0],[0,0],[0,1],[0,0],[0,1],[0,0],[1,0],[0,0],[0,0],[0,1],[0,0],[0,0],[0,0],[0,0],[0,1],[0,0],[1,1],[0,0],[0,0],[0,0],[0,1],[0,0],[-1,0],[0,0],[0,0],[0,0],[0,1],[0,0],[0,0],[0,0],[0,0],[0,0],[-1,0],[0,0],[0,1],[0,0],[0,0],[-1,1],[0,0],[0,0],[0,0],[0,1],[0,0],[0,1],[0,1],[0,1]],[[531,149],[0,1],[0,0],[0,0],[0,1],[0,0],[1,0],[0,0],[-1,1],[0,0],[0,0],[-1,0],[0,0],[-1,1],[0,0],[0,0],[0,0],[0,0],[0,0],[-1,1],[0,0],[0,0],[0,0],[0,0],[0,1],[0,0],[0,1],[0,0],[0,0],[0,0],[-1,1],[0,0],[0,0],[0,0],[-1,0],[0,1],[0,-1],[0,-1],[0,0],[-1,-1],[0,-1],[0,0],[0,-1],[0,0],[0,-1],[-1,0],[0,0],[-1,0],[0,-1],[0,0],[-1,-1],[0,0],[0,0],[0,-1],[-1,0],[0,0],[0,0],[0,-1],[0,0],[0,0],[-1,-1],[1,0],[0,0],[0,0],[0,-1],[1,0],[0,0],[0,0],[0,-1],[1,0],[0,0],[0,0],[0,-1],[0,0],[0,0],[0,-1],[0,0],[0,0],[0,0],[0,-1],[0,0],[0,0],[0,-1],[0,0],[0,0],[0,0],[-1,-1],[0,0],[0,0],[1,0],[0,0],[0,0],[1,-1],[0,0],[-1,0],[1,0],[1,0],[0,0],[1,-1],[1,0],[0,0],[0,0],[0,0],[0,1],[0,0],[0,-1],[0,0],[0,0],[1,0],[0,0],[0,1],[0,0],[0,1],[0,0],[1,0],[0,-1],[0,0],[1,0],[0,0],[0,0],[0,0],[0,0],[0,1],[0,0],[-1,1],[0,0],[0,0],[0,0],[0,1],[0,0],[0,0],[0,0],[1,1],[0,0],[0,0],[0,1],[0,0],[0,0],[0,1],[-1,0],[0,1],[-1,0],[0,0],[0,1],[-1,0],[0,0],[1,1],[0,0],[1,0],[0,0],[0,0],[0,1],[1,0],[0,0],[0,-1],[0,0],[0,1],[1,0],[0,0],[0,0],[0,0],[0,0],[0,0],[0,0],[0,0]],[[502,210],[0,0],[0,1],[0,0],[0,1],[0,0],[0,0],[1,0],[0,1],[1,0],[0,0],[0,1],[0,0],[0,0],[0,1],[0,0],[0,0],[0,0],[0,1],[0,1],[0,1],[0,0],[0,1],[0,1],[0,1],[0,0],[0,0],[0,1],[0,0],[0,0],[0,0],[0,0],[1,1],[0,0],[-1,0],[0,0],[0,0],[-1,1],[0,-1],[0,0],[0,0],[0,0],[0,0],[0,0],[-1,0],[0,0],[0,0],[0,-1],[0,0],[0,0],[0,0],[0,0],[0,0],[-1,-1],[0,0],[0,0],[0,0],[1,0],[0,0],[0,0],[0,-1],[0,0],[0,0],[-1,0],[0,0],[0,0],[0,0],[1,-1],[0,-1],[0,0],[0,0],[0,-1],[0,0],[0,0],[-1,0],[0,0],[0,-1],[0,0],[0,0],[0,0],[0,0],[0,0],[0,-1],[0,0],[0,0],[0,-1],[0,0],[0,0],[0,0],[0,0],[0,0],[0,0],[0,0],[0,0],[0,0],[0,0],[0,0],[0,0],[0,0],[0,0],[0,0],[0,0],[0,0],[0,0],[0,-1],[0,0],[0,0],[0,-1],[0,0],[0,0],[0,0],[0,0],[-1,0],[0,-1],[0,0],[0,0],[0,0],[0,0],[0,0],[0,-1],[0,0],[0,0],[0,0],[0,0],[1,0],[0,0],[0,0],[1,0],[0,0],[0,0]],[[608,257],[0,1],[0,0],[0,0],[0,0],[0,0],[0,0],[0,0],[-1,-1],[0,0],[0,0],[0,0],[0,-1],[0,0],[0,0],[1,0],[0,0],[0,1],[0,0],[0,0]],[[609,254],[0,0],[0,0],[0,0],[0,1],[0,0],[0,0],[0,0],[-1,0],[0,0],[1,-1],[-1,0],[1,0],[0,0]],[[590,266],[0,0],[0,0],[-1,0],[0,-1],[0,0],[-1,0],[0,0],[0,0],[0,0],[-1,0],[0,0],[0,0],[0,0],[0,-1],[0,1],[0,0],[0,0],[-1,-1],[0,0],[0,0],[0,0],[0,0],[-1,0],[0,0],[0,0],[-1,-1],[0,0],[0,0],[0,0],[0,-1],[0,0],[0,-1],[-1,0],[0,0],[0,-1],[0,0],[0,-1],[-1,0],[0,0],[0,0],[-1,-1],[0,0],[0,0],[0,-1],[0,0],[0,0],[0,-1],[0,0],[0,0],[0,0],[0,-1],[0,0],[0,0],[-1,-1],[0,0],[0,0],[0,-1],[0,0],[0,-1],[0,0],[1,0],[0,0],[1,0],[0,-1],[1,0],[0,0],[0,-1],[0,0],[0,0],[0,0],[0,0],[1,0],[0,-1],[0,0],[0,0],[0,0],[0,0],[0,0],[0,0],[0,0],[0,-1],[0,0],[0,0],[0,0],[-1,0],[0,0],[0,0],[0,0],[0,0],[0,0],[0,0],[0,-1],[0,0],[0,0],[0,0],[1,0],[0,0],[0,0],[0,0],[0,0],[0,0],[0,0],[0,-1],[0,0],[0,0],[0,0],[0,-1],[0,0],[0,-1],[0,0],[0,0],[0,0],[-1,-1],[0,0],[0,0],[0,0],[0,0],[1,0],[0,0],[0,0],[0,0],[0,0],[0,0],[1,0],[0,0],[1,0],[0,0],[1,0],[0,0],[1,0],[0,0],[0,0],[1,0],[0,0],[1,0],[0,0],[1,0],[0,0],[1,0],[0,0],[1,0],[0,0],[0,0],[0,0],[1,0],[0,1],[1,0],[1,0],[0,1],[1,0],[0,0],[1,1],[1,0],[0,0],[1,1],[0,0],[1,0],[0,1],[1,0],[1,0],[0,0],[0,1],[0,0],[0,0],[0,0],[0,0],[0,1],[0,0],[0,0],[0,0],[0,0],[0,0],[0,0],[0,0],[1,0],[0,1],[0,0],[1,0],[0,1],[1,0],[0,0],[0,1],[1,0],[0,0],[0,0],[0,0],[0,1],[0,0],[0,0],[0,0],[0,1],[-1,1],[0,0],[0,1],[0,0],[0,0],[1,1],[0,0],[0,0],[0,0],[0,1],[1,0],[0,0],[0,1],[0,0],[0,0],[-1,1],[0,0],[1,0],[0,1],[0,0],[0,1],[-1,0],[0,0],[1,1],[0,0],[0,1],[0,0],[0,0],[0,1],[1,0],[0,1],[0,0],[0,0],[0,1],[0,0],[0,0],[0,0],[1,0],[0,0],[0,0],[0,0],[1,1],[0,0],[0,0],[-1,0],[0,0],[-1,1],[0,0],[0,0],[-1,0],[0,0],[-1,1],[0,0],[0,0],[-1,0],[0,0],[-1,0],[0,0],[-1,0],[0,0],[0,0],[0,0],[-1,0],[0,1],[0,0],[0,0],[-1,0],[0,0],[-1,0],[0,0],[0,0],[0,0],[0,0],[-1,0],[0,0],[-1,0],[0,0],[0,0],[0,0],[-1,-1],[0,0],[0,1],[-1,0],[0,0],[0,0],[0,0],[0,0],[-1,0],[0,0],[0,0],[-1,0],[0,-1],[0,0],[0,0],[0,0],[0,0],[0,0],[0,0],[0,0],[0,-1],[0,0],[0,0],[0,0],[0,0],[0,-1],[0,0],[0,0],[0,0],[-1,0],[0,0],[1,-1],[-1,0],[0,0],[0,0],[0,-1],[0,0],[0,0],[-1,-1],[0,0],[0,0],[0,0],[0,0],[0,1],[0,0],[0,0],[0,0],[-1,-1],[0,0],[0,0],[-1,0],[0,0],[0,0],[0,0],[0,0],[-1,0],[0,0],[0,0]],[[587,311],[0,0],[1,0],[0,1],[0,0],[0,0],[0,0],[0,0],[0,1],[0,1],[0,-1],[0,0],[-1,0],[0,1],[0,0],[0,1],[0,0],[-1,0],[-1,0],[0,-1],[0,0],[-1,-1],[0,0],[0,0],[0,0],[0,-1],[0,0],[1,0],[0,0],[0,-1],[0,0],[1,0],[0,0],[0,0],[0,0],[1,0],[0,0],[0,0]],[[593,229],[-1,0],[0,1],[0,0],[0,0],[-1,0],[0,0],[-1,0],[0,0],[-1,0],[0,0],[0,0],[-1,0],[0,0],[0,0],[0,1],[0,0],[0,0],[0,-1],[-1,0],[0,0],[0,0],[0,0],[-1,0],[0,0],[0,0],[0,0],[-1,0],[0,0],[0,0],[0,0],[-1,0],[0,1],[0,0],[0,-1],[0,0],[0,0],[0,0],[0,0],[0,0],[0,0],[-1,0],[0,0],[0,0],[0,-1],[-1,0],[0,0],[0,-1],[-1,0],[0,0],[0,-1],[0,1],[-1,0],[0,0],[0,0],[-1,0],[0,0],[0,0],[-1,0],[0,0],[0,0],[0,0],[-1,0],[0,0],[0,0],[0,0],[0,0],[-1,0],[0,0],[0,0],[0,-1],[0,0],[0,0],[0,0],[-1,0],[0,-1],[0,0],[0,0],[0,0],[-1,-1],[0,0],[0,0],[0,0],[0,0],[0,-1],[0,0],[-1,0],[0,0],[0,0],[-1,0],[0,-1],[0,0],[0,0],[0,0],[0,0],[0,-1],[0,0],[0,0],[-1,-1],[0,0],[0,0],[-1,-1],[-1,0],[0,0],[0,0],[0,0],[0,-1],[0,0],[0,0],[-1,-1],[0,0],[0,0],[-1,0],[0,0],[-1,0],[0,-1],[0,0],[0,0],[0,0],[0,-1],[0,0],[0,0],[0,0],[1,0],[0,0],[0,0],[0,-1],[0,0],[0,0],[0,0],[0,0],[1,-1],[0,0],[0,0],[0,0],[0,-1],[0,0],[0,0],[0,0],[0,0],[0,-1],[0,0],[1,0],[0,0],[0,0],[0,0],[2,0],[0,0],[0,0],[0,0],[0,0],[0,0],[0,0],[0,1],[0,0],[1,0],[1,1],[0,0],[0,0],[1,0],[0,0],[2,0],[0,0],[0,0],[1,1],[0,0],[2,0],[0,0],[0,-1],[0,0],[0,0],[0,0],[1,0],[0,0],[1,-1],[0,0],[0,0],[0,0],[0,0],[0,0],[1,-1],[0,0],[1,1],[1,1],[0,0],[0,0],[0,0],[0,0],[0,0],[0,-1],[1,0],[0,0],[0,0],[2,-1],[0,0],[0,0],[0,0],[0,-1],[0,0],[2,-1],[0,0],[0,0],[-1,-1],[0,0],[0,0],[0,0],[0,-1],[0,0],[0,0],[0,0],[0,-1],[1,0],[0,0],[0,0],[0,0],[0,0],[0,0],[0,0],[0,0],[0,0],[0,0],[0,0],[0,0],[0,0],[0,0],[2,0],[0,0],[0,1],[0,0],[0,0],[0,0],[-1,0],[0,0],[0,0],[0,0],[0,0],[0,0],[1,3],[0,0],[0,0],[0,0],[0,0],[0,0],[0,0],[0,0],[0,0],[0,0],[0,0],[2,1],[0,0],[0,1],[0,0],[0,0],[0,0],[0,0],[0,0],[0,0],[0,0],[0,0],[0,0],[0,0],[0,1],[0,0],[0,0],[0,0],[0,0],[0,0],[0,0],[0,0],[0,0],[0,0],[0,0],[0,0],[0,1],[0,0],[0,1],[0,0],[0,1],[0,0],[0,0],[0,0],[-1,0],[0,0],[0,0],[-1,0],[0,0],[0,0],[0,1],[-1,0],[0,0],[0,1],[0,0],[0,0],[1,0],[0,0],[1,0],[0,0],[0,0],[1,1],[0,0],[0,0],[0,0],[0,0],[0,1],[1,0],[0,0],[0,1],[1,0],[0,0],[0,0],[0,1],[0,0],[1,1],[0,0],[0,0],[0,1],[0,0],[0,0],[0,0],[0,1],[-1,0],[0,1],[-1,1],[-1,0],[0,1]],[[593,214],[0,0],[0,0],[0,0],[0,0],[0,0],[0,0],[0,0],[0,0],[0,0],[0,0],[0,-1],[0,0],[0,0],[0,0],[0,0],[0,0],[0,0],[0,0],[0,0],[0,0],[0,0],[0,-1],[0,0],[-2,-1],[0,0],[0,0],[0,0],[0,0],[0,0],[0,0],[0,0],[0,0],[0,0],[0,0],[-1,-3],[0,0],[0,0],[0,0],[0,0],[0,0],[1,0],[0,0],[0,0],[0,0],[0,-1],[0,0],[-2,0],[0,0],[0,0],[0,0],[0,0],[0,0],[0,0],[0,0],[0,0],[0,0],[0,0],[0,0],[0,0],[0,0],[-1,0],[0,1],[0,0],[0,0],[0,0],[0,1],[0,0],[0,0],[0,0],[1,1],[0,0],[0,0],[-2,1],[0,0],[0,1],[0,0],[0,0],[0,0],[-2,1],[0,0],[0,0],[-1,0],[0,1],[0,0],[0,0],[0,0],[0,0],[0,0],[-1,-1],[-1,-1],[0,0],[-1,1],[0,0],[0,0],[0,0],[0,0],[0,0],[-1,1],[0,0],[-1,0],[0,0],[0,0],[0,0],[0,1],[0,0],[-2,0],[0,0],[-1,-1],[0,0],[0,0],[-2,0],[0,0],[-1,0],[0,0],[0,0],[-1,-1],[-1,0],[0,0],[0,-1],[0,0],[0,0],[0,0],[0,0],[0,0],[0,0],[-2,0],[0,0],[0,0],[0,0],[-1,0],[0,0],[0,1],[0,0],[0,0],[0,0],[0,0],[0,1],[0,0],[0,0],[0,0],[-1,1],[0,0],[0,0],[0,0],[0,0],[0,1],[0,0],[0,0],[-1,0],[0,0],[0,0],[0,0],[0,0],[-1,0],[0,0],[-1,0],[0,0],[0,0],[0,0],[0,0],[0,-1],[0,0],[0,0],[1,0],[0,-1],[0,0],[0,-1],[-1,0],[0,-1],[0,0],[0,0],[-1,-1],[0,0],[-1,-1],[1,0],[0,0],[0,-1],[0,0],[-1,0],[0,0],[0,0],[0,0],[0,0],[0,0],[0,-1],[0,-1],[0,0],[-1,0],[0,0],[0,0],[0,0],[0,-1],[0,0],[0,0],[0,-1],[-1,0],[0,1],[0,0],[0,-1],[0,0],[0,0],[0,0],[0,0],[0,-1],[1,0],[0,0],[0,0],[0,0],[0,-1],[0,0],[0,0],[-1,0],[0,-1],[0,0],[1,0],[0,0],[0,0],[0,0],[0,0],[1,0],[0,-1],[0,0],[-1,0],[0,0],[0,0],[0,0],[0,0],[0,-1],[0,0],[0,0],[1,0],[0,0],[0,0],[0,0],[0,0],[0,-1],[0,0],[0,0],[0,0],[1,0],[0,0],[0,-1],[0,0],[0,-1],[0,0],[1,0],[0,0],[1,0],[0,0],[0,0],[1,0],[0,0],[0,0],[0,0],[0,-2],[0,-1],[0,-1],[0,-1],[0,-1],[0,-2],[0,-1],[0,-1],[0,0],[0,-1],[0,0],[0,0],[0,0],[1,0],[1,0],[0,0],[0,0],[0,0],[0,-1],[0,0],[0,-1],[0,-1],[0,-2],[0,-1],[1,0],[1,0],[1,0],[1,0],[2,0],[1,0],[1,0],[1,0],[1,0],[1,0],[1,0],[1,0],[1,0],[1,0],[1,0],[1,0],[0,0],[0,0],[1,0],[0,-1],[0,1],[0,0],[0,0],[0,0],[0,0],[1,0],[1,0],[1,0],[1,0],[1,0],[1,0],[1,0],[1,0],[0,0],[1,0],[1,0],[1,0],[1,0],[1,0],[1,0],[1,0],[0,1],[0,0],[0,1],[1,0],[0,0],[0,1],[0,0],[0,0],[0,-1],[0,1],[0,0],[0,0],[0,1],[0,0],[0,1],[0,1],[0,1],[0,1],[0,1],[1,0],[0,0],[0,0],[1,0],[0,1],[0,0],[0,0],[1,0],[0,0],[0,0],[0,1],[1,0],[-1,0],[0,0],[0,1],[0,0],[0,0],[0,0],[0,0],[0,0],[0,0],[-1,0],[0,0],[0,0],[0,0],[0,0],[0,0],[0,0],[-1,0],[0,0],[0,0],[0,1],[0,0],[0,0],[0,0],[0,0],[-1,0],[0,1],[0,0],[0,0],[0,0],[-1,0],[0,0],[0,0],[0,0],[0,0],[0,0],[0,1],[0,0],[0,1],[0,0],[0,0],[-1,1],[0,0],[0,1],[0,0],[0,1],[0,0],[0,1],[0,0],[0,1],[0,1],[0,0],[-1,1],[0,0],[0,0],[0,1],[0,0],[0,0],[0,1],[0,0],[0,0],[0,0],[-1,0],[0,0],[0,1],[0,0],[-1,0],[0,1],[0,0],[-1,0],[0,1],[0,0],[0,0],[0,1],[0,0],[0,1],[-1,0],[0,0],[0,1],[0,0],[0,0],[0,0],[0,-1],[-1,0],[0,1],[0,0],[0,0],[0,0],[0,1],[0,0],[0,0],[-1,1],[0,0],[0,1],[0,0],[0,0]],[[580,301],[0,0],[1,0],[1,0],[1,0],[0,0],[1,0],[1,0],[0,0],[0,0],[1,0],[0,1],[0,0],[0,0],[0,1],[0,0],[0,1],[0,0],[0,0],[0,1],[1,0],[0,0],[0,0],[0,0],[0,1],[0,0],[0,1],[0,0],[0,0],[0,1],[0,0],[0,1],[0,0],[0,0],[0,1],[0,1],[0,0],[0,0],[0,0],[0,0],[-1,0],[0,0],[0,0],[0,0],[-1,0],[0,0],[0,1],[0,0],[-1,0],[0,0],[0,1],[0,0],[0,0],[0,0],[1,1],[0,0],[0,1],[1,0],[1,0],[0,0],[0,-1],[0,0],[0,-1],[1,0],[0,0],[0,1],[0,0],[0,0],[1,0],[0,0],[1,0],[0,0],[0,0],[-1,1],[0,1],[0,1],[-1,1],[0,0],[0,1],[-1,0],[0,0],[0,0],[-1,1],[-1,1],[0,1],[-1,0],[0,1],[-1,1],[0,1],[-1,1],[0,0],[-1,0],[0,1],[-1,1],[-1,0],[-1,1],[-1,1],[-1,1],[0,0],[-1,0],[-1,1],[-1,0],[-1,0],[-1,0],[0,0],[-1,1],[0,0],[0,0],[0,0],[-1,0],[-1,0],[0,0],[0,1],[-1,0],[-1,-1],[-1,0],[-1,0],[0,0],[0,0],[-1,0],[-1,0],[0,0],[-1,0],[0,0],[-1,1],[-1,0],[-1,0],[0,0],[0,0],[-1,0],[0,0],[0,0],[-1,0],[0,0],[-1,1],[-1,0],[0,0],[0,0],[-1,0],[0,0],[0,0],[0,-1],[0,0],[0,0],[-1,0],[0,0],[0,0],[0,0],[-1,0],[0,0],[0,0],[0,0],[0,-1],[0,0],[0,0],[0,0],[0,0],[0,0],[-1,1],[0,0],[0,0],[0,0],[0,-1],[0,0],[0,0],[0,0],[0,-1],[0,0],[0,0],[0,-1],[-1,0],[0,0],[0,-1],[0,0],[0,0],[0,0],[0,0],[0,0],[1,0],[0,-1],[0,0],[0,-1],[0,0],[0,-1],[0,0],[-1,-1],[-1,-1],[-1,-2],[0,-1],[-1,-1],[0,-2],[-1,-1],[0,0],[0,0],[0,0],[1,0],[0,0],[0,0],[0,0],[0,0],[0,-1],[0,0],[0,0],[0,0],[1,0],[0,0],[0,0],[0,0],[0,0],[0,0],[0,0],[1,1],[0,0],[-1,0],[0,0],[1,0],[0,0],[0,1],[0,0],[0,0],[1,0],[0,0],[0,0],[1,0],[1,0],[0,0],[1,0],[0,0],[1,0],[0,0],[0,0],[0,0],[0,0],[0,0],[0,-1],[1,0],[0,0],[1,0],[0,0],[0,-2],[0,-1],[0,-1],[0,-1],[0,-2],[0,-1],[0,-1],[0,-1],[0,0],[1,1],[0,0],[0,0],[0,1],[1,1],[0,0],[0,0],[0,0],[0,1],[0,0],[0,0],[0,0],[-1,0],[0,1],[0,0],[1,0],[0,1],[0,-1],[0,0],[1,1],[1,0],[0,0],[0,0],[0,0],[0,-1],[1,0],[0,0],[0,0],[0,0],[0,0],[1,-1],[0,0],[1,0],[0,0],[0,-1],[0,0],[0,-1],[0,0],[1,0],[0,0],[0,-1],[0,0],[0,0],[1,0],[0,0],[0,0],[1,1],[0,0],[0,0],[1,0],[0,0],[0,0],[1,1],[0,0],[0,0],[1,0],[0,0],[0,0],[1,0],[0,0],[0,0],[1,-1],[0,0],[0,0],[0,0],[0,-1],[0,0],[1,-1],[0,0],[0,0],[0,0],[0,0],[1,-1],[0,0],[0,0],[1,0],[0,0],[0,-1],[1,-1],[0,0],[0,0],[0,-1],[0,0],[0,0],[1,0],[0,0],[0,0],[0,0],[0,0],[1,0],[0,0],[0,0],[0,-1],[0,0],[0,0],[0,0],[0,0],[1,0],[0,-1],[1,0],[0,0],[0,0],[1,0],[0,-1],[0,0],[1,0],[0,0]],[[614,245],[0,0],[-1,-1],[0,0],[0,0],[-1,-1],[0,0],[0,-1],[0,-1],[0,-2],[0,-3],[0,-2],[0,-1],[0,-1],[0,0],[0,0],[1,-1],[1,-1],[0,0],[0,-1],[1,0],[0,0],[0,0],[1,0],[1,-1],[0,0],[0,0],[0,0],[1,0],[0,-1],[0,0],[1,0],[0,0],[1,0],[0,0],[0,0],[0,0],[1,0],[1,0],[1,0],[0,0],[0,-1],[1,-1],[1,0],[1,-1],[0,-1],[1,-1],[1,0],[0,-1],[1,-1],[1,0],[0,-1],[1,-1],[1,0],[0,-1],[0,-1],[1,0],[0,-1],[1,-1],[0,0],[0,-1],[0,0],[0,-1],[0,-1],[0,-1],[0,-1],[0,0],[1,0],[1,0],[1,0],[1,-1],[0,0],[0,0],[1,-1],[1,1],[0,0],[0,0],[0,0],[0,1],[0,0],[0,1],[0,1],[0,0],[0,0],[0,0],[0,1],[-1,0],[1,0],[0,0],[0,-1],[0,0],[0,0],[0,1],[0,0],[0,0],[0,0],[0,0],[-1,0],[0,0],[0,0],[0,1],[0,1],[0,0],[0,1],[-1,0],[0,1],[0,1],[-1,0],[0,1],[-1,0],[0,1],[0,1],[-1,0],[0,1],[0,1],[-1,1],[0,0],[-1,2],[-1,2],[-1,1],[-1,1],[-2,2],[-2,2],[-1,1],[-2,1],[-2,1],[-1,1],[-1,1],[0,0],[-2,3],[0,0],[-1,0],[0,0],[0,1],[-1,0],[0,1],[0,0],[0,0],[-1,0],[0,0],[0,1],[0,0],[0,1]],[[634,209],[0,1],[0,1],[0,1],[0,1],[0,0],[0,1],[0,0],[-1,1],[0,1],[-1,0],[0,1],[0,1],[-1,0],[-1,0],[-1,0],[-1,0],[0,0],[-1,0],[0,0],[-2,-1],[0,0],[-1,0],[-1,-1],[-1,0],[-1,0],[-1,0],[0,0],[0,-1],[-1,0],[0,0],[0,0],[0,-1],[-1,0],[0,-1],[0,0],[0,0],[0,0],[-1,-1],[0,0],[0,0],[0,0],[0,-1],[0,0],[0,0],[0,0],[0,0],[0,0],[0,-1],[0,0],[0,0],[1,0],[0,-1],[0,0],[1,0],[0,1],[1,1],[1,0],[0,1],[0,0],[2,0],[1,-1],[1,0],[0,0],[1,0],[0,0],[1,0],[0,0],[1,-1],[1,0],[1,0],[0,0],[0,0],[1,0],[1,-1],[1,0],[0,0],[1,0],[0,0]],[[472,217],[0,0],[0,0],[0,1],[0,0],[-1,0],[0,0],[0,1],[0,0],[0,0],[-1,1],[0,0],[0,0],[-1,0],[0,0],[0,1],[0,0],[0,0],[-1,0],[0,0],[-1,0],[-1,-1],[0,0],[0,0],[0,0],[0,-1],[0,0],[0,0],[0,0],[-1,0],[0,0],[0,0],[0,0],[0,-1],[0,0],[-1,0],[0,0],[0,-1],[0,0],[0,0],[0,0],[0,0],[0,0],[0,0],[1,0],[0,0],[0,0],[0,0],[-1,0],[0,0],[0,0],[0,-1],[0,0],[0,0],[0,0],[0,0],[0,0],[0,0],[0,-1],[0,0],[0,0],[0,0],[0,0],[0,0],[0,0],[1,0],[0,0],[0,0],[0,-1],[0,0],[0,0],[1,0],[0,0],[0,0],[0,-1],[0,0],[0,0],[0,0],[1,0],[0,0],[0,0],[1,0],[1,0],[0,0],[0,0],[0,0],[1,0],[0,0],[0,1],[0,0],[1,1],[0,0],[0,0],[0,0],[0,0],[0,0],[0,0],[0,0],[0,0],[0,1],[0,0],[0,0],[0,0],[0,0],[0,1],[0,0],[0,0],[0,0],[0,0],[0,0],[0,0],[0,0],[0,0],[1,0],[0,0],[0,0]],[[466,200],[1,0],[0,0],[0,1],[0,0],[0,0],[0,0],[0,0],[0,1],[0,0],[0,0],[0,0],[0,0],[0,0],[0,1],[0,0],[0,0],[0,0],[0,1],[1,0],[0,0],[0,0],[0,0],[0,0],[0,0],[0,0],[0,0],[0,0],[0,0],[1,0],[0,1],[0,0],[0,0],[0,0],[0,0],[0,1],[0,0],[0,0],[0,0],[0,0],[0,0],[-1,0],[0,0],[0,0],[-1,0],[0,0],[-1,0],[0,0],[0,0],[0,0],[0,0],[-1,0],[0,0],[0,0],[0,0],[0,0],[0,0],[-1,0],[0,0],[0,0],[0,0],[0,0],[0,0],[0,0],[0,0],[-1,0],[0,0],[-1,0],[0,0],[-1,0],[-1,0],[-1,0],[-1,0],[0,0],[-1,0],[0,0],[-1,0],[0,0],[-1,0],[0,0],[0,0],[-1,0],[0,0],[0,0],[0,0],[0,0],[0,0],[1,0],[0,0],[0,0],[0,0],[0,0],[0,0],[0,-1],[0,0],[-1,1],[0,0],[0,0],[0,0],[0,0],[0,-1],[0,0],[0,0],[0,-1],[0,0],[0,0],[1,0],[1,0],[0,0],[1,0],[0,0],[0,0],[0,0],[1,0],[0,0],[0,-1],[0,0],[0,0],[1,0],[0,0],[0,0],[0,0],[0,0],[1,1],[0,0],[1,0],[0,0],[1,0],[0,0],[0,0],[0,-1],[0,0],[-1,0],[0,0],[0,0],[0,0],[0,0],[-1,0],[0,0],[0,0],[0,0],[-1,-1],[0,0],[0,0],[-1,0],[0,1],[0,0],[-1,0],[-1,0],[-1,0],[0,0],[0,0],[-1,0],[0,-1],[0,0],[0,0],[1,0],[0,0],[-1,0],[0,0],[0,0],[0,0],[0,-1],[0,0],[-1,0],[0,-1],[0,0],[0,0],[-1,0],[0,0],[0,0],[0,0],[1,-1],[1,-1],[1,-1],[0,0],[0,0],[0,-1],[0,0],[0,0],[0,0],[0,-1],[1,0],[0,0],[0,0],[0,0],[0,0],[1,0],[0,0],[1,0],[0,0],[0,0],[1,0],[0,0],[0,0],[0,0],[0,0],[0,0],[0,0],[0,0],[1,0],[0,0],[1,0],[1,0],[0,1],[0,0],[0,0],[0,0],[0,0],[0,0],[1,0],[0,0],[0,0],[0,0],[0,0],[0,0],[0,0],[0,0],[0,0],[1,1],[0,0],[0,0],[0,0],[0,1],[0,0],[0,0],[0,0],[0,0],[0,0],[1,0],[0,0],[0,0],[0,0],[0,1],[0,0],[0,0],[0,0],[0,0],[1,0],[0,0],[0,0],[0,1],[0,0]],[[518,240],[0,0],[0,0],[0,0],[0,0],[0,-1],[0,0],[0,0],[0,0],[0,0],[0,1],[0,0]],[[581,244],[0,0],[1,0],[0,0],[0,0],[0,0],[0,0],[0,0],[0,0],[0,0],[1,0],[0,-1],[0,0],[0,0],[0,0],[0,0],[0,0],[0,0],[0,0],[0,0],[1,1],[0,0],[0,0],[0,0],[0,1],[0,0],[0,1],[0,0],[0,0],[0,0],[0,1],[0,0],[0,0],[0,0],[0,0],[0,0],[0,0],[-1,0],[0,0],[0,-1],[0,1],[0,0],[0,0],[-1,0],[0,0],[0,0],[0,0],[0,0],[0,0],[0,0],[0,1],[-1,0],[0,0],[0,0],[0,0],[-1,0],[0,0],[0,-1],[0,0],[0,0],[-1,0],[0,0],[0,1],[0,-1],[0,0],[0,0],[0,0],[0,0],[0,0],[0,-1],[1,0],[0,0],[0,0],[0,0],[0,-1],[0,0],[0,0],[0,0],[0,-1],[0,0],[1,0],[0,0],[0,0]],[[537,203],[1,0],[0,1],[0,0],[1,2],[0,0],[0,0],[0,0],[0,0],[0,0],[0,0],[1,1],[0,0],[0,0],[0,0],[0,0],[0,0],[0,1],[0,0],[0,0],[0,1],[0,0],[0,0],[-1,0],[0,0],[0,0],[-1,0],[0,1],[0,0],[-1,0],[0,1],[0,1],[0,0],[-1,1],[0,0],[0,0],[0,0],[0,1],[0,0],[0,0],[0,0],[-1,0],[0,1],[0,0],[0,1],[0,0],[0,0],[0,0],[0,0],[-1,1],[0,0],[0,0],[-1,1],[0,0],[0,0],[0,1],[0,0],[0,0],[-1,1],[0,0],[0,0],[0,0],[0,1],[0,0],[0,0],[0,0],[0,0],[0,0],[0,1],[0,0],[-1,0],[0,0],[0,0],[0,1],[-1,0],[0,0],[0,-1],[0,0],[0,0],[0,0],[0,-1],[-1,0],[0,0],[0,0],[0,0],[0,0],[0,0],[-1,0],[0,0],[0,0],[0,0],[0,0],[0,0],[-1,0],[0,1],[0,0],[0,0],[0,0],[-1,0],[0,0],[0,1],[0,0],[0,0],[-1,0],[0,1],[0,0],[-1,0],[0,1],[0,0],[0,1],[0,0],[0,1],[-1,0],[0,0],[0,0],[0,0],[0,0],[0,0],[0,0],[0,0],[0,0],[0,0],[0,1],[-1,0],[-1,0],[0,0],[0,0],[0,-1],[0,0],[0,1],[-1,0],[0,0],[0,0],[0,-1],[-1,0],[0,0],[1,1],[0,0],[-1,0],[0,0],[0,0],[0,0],[0,-1],[0,0],[-1,0],[1,0],[0,1],[0,0],[0,0],[-1,0],[0,0],[0,0],[0,0],[0,0],[0,0],[0,0],[0,0],[0,0],[-1,0],[0,0],[0,0],[0,0],[0,0],[0,0],[0,0],[0,0],[0,0],[-1,0],[0,0],[0,0],[-1,-1],[0,0],[0,0],[0,0],[0,-1],[0,0],[0,0],[0,0],[0,0],[0,0],[0,0],[0,0],[0,0],[0,-1],[0,0],[0,0],[0,0],[-1,0],[0,0],[0,0],[0,0],[1,0],[0,0],[0,0],[0,0],[0,0],[0,0],[-1,0],[0,0],[0,0],[0,0],[0,0],[0,-1],[0,0],[-1,0],[0,-1],[-1,0],[-1,0],[-1,0],[-1,0],[1,0],[0,-1],[0,0],[0,0],[0,0],[-1,0],[0,1],[-1,0],[-1,0],[0,0],[0,-1],[1,0],[0,0],[0,0],[-1,-1],[0,0],[1,0],[0,0],[0,0],[0,-1],[0,0],[0,0],[0,0],[0,0],[-1,-1],[0,0],[0,0],[0,0],[0,-1],[0,0],[0,-1],[0,0],[0,0],[0,-1],[1,-1],[0,0],[0,0],[1,0],[0,0],[0,-1],[0,0],[0,0],[0,0],[0,-1],[0,0],[0,0],[1,0],[0,0],[0,0],[0,-1],[0,0],[0,0],[0,0],[0,0],[0,0],[0,0],[0,0],[0,0],[0,-1],[0,0],[0,0],[0,0],[0,-1],[0,0],[0,0],[0,0],[0,0],[0,-1],[0,0],[0,-1],[0,0],[0,0],[0,0],[0,0],[0,0],[0,0],[0,0],[0,-1],[0,0],[0,0],[0,-1],[0,0],[0,0],[1,-1],[0,0],[0,-1],[0,-1],[0,0],[1,0],[0,0],[0,0],[1,0],[0,0],[0,0],[1,0],[0,0],[1,-1],[0,0],[0,0],[1,1],[1,0],[0,0],[0,0],[0,0],[1,0],[0,1],[0,0],[1,0],[0,1],[0,0],[0,0],[0,0],[0,0],[1,-1],[0,0],[0,0],[1,0],[0,0],[1,0],[0,0],[1,0],[1,1],[0,0],[1,0],[1,0],[1,-1],[0,0],[1,0],[0,0],[1,0],[1,0],[1,0],[0,0],[1,0],[1,0],[0,0],[1,0],[0,0],[0,0],[1,0],[0,0],[0,-1],[1,0],[0,0],[0,0],[1,0],[0,0]],[[537,203],[0,0],[-1,0],[0,0],[0,0],[-1,0],[0,1],[0,0],[-1,0],[0,0],[0,0],[-1,0],[0,0],[-1,0],[-1,0],[0,0],[-1,0],[-1,0],[-1,0],[0,0],[-1,0],[0,0],[-1,1],[-1,0],[-1,0],[0,0],[-1,-1],[-1,0],[0,0],[-1,0],[0,0],[-1,0],[0,0],[0,0],[-1,1],[0,0],[0,0],[0,0],[0,0],[0,-1],[-1,0],[0,0],[0,-1],[-1,0],[0,0],[0,0],[0,0],[-1,0],[-1,-1],[0,0],[0,0],[-1,1],[0,0],[-1,0],[0,0],[0,0],[-1,0],[0,0],[0,0],[-1,0],[0,0],[0,1],[0,1],[0,0],[-1,1],[0,0],[0,0],[0,1],[0,0],[0,0],[0,1],[0,0],[0,0],[0,0],[0,0],[0,0],[0,0],[0,0],[-1,0],[0,0],[0,0],[0,-1],[0,0],[-1,-1],[0,0],[0,0],[-1,0],[0,1],[0,0],[0,0],[0,0],[-1,0],[0,0],[1,0],[0,1],[-1,0],[0,-1],[0,0],[0,0],[0,-1],[0,0],[0,0],[0,0],[0,0],[0,0],[0,0],[0,0],[0,-1],[0,0],[0,0],[-1,0],[0,1],[0,0],[0,0],[-1,0],[0,0],[0,-1],[-1,0],[0,0],[0,0],[0,-1],[0,0],[0,0],[0,0],[0,0],[0,0],[0,0],[0,-1],[0,0],[0,0],[-1,0],[0,0],[0,0],[0,0],[0,0],[0,0],[-1,-1],[0,0],[0,0],[0,0],[0,-1],[0,0],[0,0],[-1,0],[1,-1],[0,0],[0,0],[0,-1],[0,0],[0,0],[0,0],[1,0],[1,0],[0,0],[0,0],[1,-1],[0,0],[1,0],[1,0],[1,0],[0,0],[1,0],[0,0],[0,0],[0,0],[1,0],[1,0],[0,0],[0,-1],[0,0],[1,0],[0,0],[0,0],[0,0],[0,0],[0,-1],[0,0],[0,-1],[0,0],[0,-1],[0,0],[1,0],[0,-1],[0,-1],[0,-1],[0,0],[0,-1],[0,-1],[0,-1],[0,0],[0,0],[1,0],[1,-1],[1,0],[1,0],[0,0],[1,-1],[0,0],[1,-1],[0,0],[1,-1],[1,0],[0,-1],[1,0],[2,-1],[1,-1],[2,-1],[1,-1],[1,-1],[2,0],[1,-1],[2,-1],[1,0],[1,1],[2,0],[0,0],[1,1],[1,0],[0,0],[0,0],[1,0],[1,-1],[0,2],[0,1],[0,1],[1,0],[0,0],[0,1],[1,1],[-1,0],[1,0],[0,1],[1,0],[0,1],[0,0],[-1,1],[0,0],[0,1],[0,1],[0,1],[0,1],[0,1],[-1,2],[0,1],[0,1],[-2,1],[-1,1],[0,1],[-1,1],[-1,1],[0,1],[0,0],[0,1],[0,1]],[[564,288],[0,0],[1,0],[1,0],[0,0],[0,0],[2,0],[0,0],[0,0],[1,0],[0,1],[0,0],[-1,0],[0,0],[-1,1],[0,-1],[0,0],[0,0],[-1,0],[0,1],[0,0],[-1,0],[0,0],[0,1],[0,0],[0,0],[-1,0],[0,-1],[0,0],[0,-1],[0,0],[-1,0],[0,0],[-1,1],[-1,0],[-1,0],[-1,0],[-1,0],[-1,0],[0,1],[0,1],[0,1],[0,1],[0,1],[0,1],[0,1],[0,2],[0,1],[0,0],[0,0],[0,0],[-1,0],[-1,0],[0,0],[0,1],[0,1],[0,1],[0,0],[0,1],[0,1],[0,1],[0,0],[0,1],[0,1],[0,0],[0,1],[0,1],[0,1],[0,2],[0,1],[0,1],[0,1],[0,2],[0,0],[-1,0],[0,0],[-1,0],[0,1],[0,0],[0,0],[0,0],[0,0],[0,0],[-1,0],[0,0],[-1,0],[0,0],[-1,0],[-1,0],[0,0],[0,0],[-1,0],[0,0],[0,0],[0,-1],[0,0],[-1,0],[0,0],[1,0],[0,0],[-1,-1],[0,0],[0,0],[0,0],[0,0],[0,0],[0,0],[-1,0],[0,0],[0,0],[0,0],[0,1],[0,0],[0,0],[0,0],[0,0],[-1,0],[0,0],[0,0],[0,0],[-1,-1],[-1,0],[0,0],[-1,-2],[0,0],[0,-1],[-1,-1],[0,0],[0,0],[0,0],[0,-1],[0,0],[0,-1],[0,-1],[0,0],[0,-1],[0,0],[0,0],[-1,-1],[0,-1],[0,-1],[0,0],[0,-1],[0,-1],[0,0],[-1,-1],[0,0],[0,0],[1,0],[0,0],[0,0],[0,-1],[0,0],[-1,-1],[-1,-1],[0,-1],[0,0],[-1,-2],[-1,-1],[0,-1],[0,0],[-2,-3],[0,-1],[-1,0],[0,0],[0,-1],[-1,-1],[0,0],[0,-1],[0,-1],[1,0],[0,0],[0,0],[0,0],[1,0],[0,0],[0,0],[1,0],[0,0],[0,0],[0,0],[1,0],[0,0],[0,0],[1,0],[0,0],[0,0],[0,0],[1,0],[0,1],[0,0],[0,0],[0,0],[1,0],[0,0],[1,0],[1,0],[1,0],[1,0],[1,0],[1,0],[1,0],[1,0],[1,0],[1,0],[1,0],[0,0],[0,0],[0,0],[1,0],[0,0],[0,1],[0,0],[1,0],[0,0],[0,0],[1,0],[1,0],[0,0],[1,0],[1,0],[0,0],[0,0],[1,0],[0,0],[1,0],[0,0],[0,0],[1,0],[0,0],[1,0],[1,0],[1,0],[1,0],[1,-1]],[[586,301],[0,0],[0,0],[1,-1],[0,0],[1,-1],[0,0],[0,-1],[1,0],[0,0],[-1,0],[1,-1],[0,0],[0,0],[0,0],[0,0],[0,-1],[1,0],[0,-1],[0,0],[0,0],[0,-1],[0,0],[0,0],[0,0],[0,-1],[0,0],[0,0],[0,-1],[0,0],[0,0],[-1,0],[0,0],[0,0],[0,0],[1,-1],[0,0],[0,0],[0,0],[0,0],[0,-1],[0,0],[0,0],[0,0],[0,0],[0,-1],[0,-1],[0,-1],[0,0],[0,-1],[0,0],[0,0],[0,0],[0,0],[-1,0],[0,0],[0,-1],[-1,0],[-1,0],[0,-1],[-1,0],[0,0],[-1,0],[0,0],[-1,0],[-1,0],[0,0],[0,-1],[0,0],[0,0],[0,-1],[0,0],[0,0],[0,-1],[0,0],[0,0],[0,0],[0,0],[1,0],[1,-1],[0,0],[1,0],[0,0],[0,0],[1,0],[0,0],[1,-1],[0,0],[0,0],[1,0],[1,0],[0,0],[1,-1],[0,1],[0,0],[1,1],[0,0],[0,0],[0,0],[0,0],[1,0],[0,0],[0,0],[1,0],[0,0],[0,0],[0,0],[0,0],[0,1],[0,0],[0,1],[0,0],[0,0],[0,1],[0,0],[0,0],[0,0],[0,1],[0,0],[0,0],[0,0],[0,0],[0,0],[0,1],[0,0],[0,0],[1,0],[0,0],[0,1],[1,0],[0,0],[0,0],[0,1],[0,0],[0,0],[0,0],[0,0],[0,0],[0,0],[0,0],[0,-1],[0,0],[0,-1],[0,0],[0,0],[0,0],[0,0],[1,-1],[0,0],[0,0],[1,0],[0,0],[0,0],[0,-1],[0,-1],[0,0],[0,-1],[0,0],[0,0],[0,-1],[0,0],[-1,-1],[0,0],[-1,-1],[0,-1],[-1,0],[0,0],[0,0],[0,0],[-1,0],[0,-1],[0,0],[0,-1],[0,0],[0,0],[0,-1],[0,0],[0,-1],[0,0],[0,0],[0,0],[0,0],[1,-1],[0,0],[0,0],[0,0],[1,0],[0,0],[1,0],[0,0],[0,0],[0,0],[0,0],[1,0],[0,-1],[0,0],[1,1],[0,0],[0,0],[0,0],[1,0],[0,0],[1,0],[0,0],[0,0],[0,0],[0,0],[1,0],[0,0],[1,0],[0,0],[0,0],[0,-1],[1,0],[0,0],[0,0],[0,0],[1,0],[0,0],[1,0],[0,0],[1,0],[0,0],[0,0],[1,-1],[0,0],[1,0],[0,0],[0,0],[1,-1],[0,0],[1,0],[0,0],[0,0],[0,0],[0,1],[0,0],[0,0],[0,0],[0,0],[0,0],[0,1],[-1,0],[0,0],[1,0],[0,1],[0,1],[0,0],[0,0],[0,0],[0,1],[0,0],[0,0],[0,0],[0,1],[0,0],[0,0],[0,0],[0,1],[0,0],[0,0],[0,0],[0,0],[0,0],[0,1],[0,0],[0,0],[0,0],[0,0],[0,1],[0,1],[0,0],[0,0],[0,0],[0,0],[0,1],[0,0],[0,0],[0,0],[0,0],[1,0],[0,0],[0,0],[0,0],[0,0],[0,1],[-1,0],[0,0],[0,0],[0,0],[0,0],[0,0],[0,1],[0,0],[0,0],[-1,1],[0,1],[0,0],[0,0],[0,0],[-1,1],[0,0],[0,0],[0,0],[0,0],[-1,0],[-1,1],[0,0],[0,1],[-1,0],[0,0],[0,0],[0,0],[0,0],[0,0],[-1,0],[-1,0],[0,0],[0,1],[-1,0],[0,0],[-1,1],[-1,0],[0,0],[0,0],[0,1],[0,0],[-1,0],[0,1],[0,0],[0,0],[0,0],[-1,1],[0,-1],[0,1],[0,0],[0,0],[-1,0],[0,0],[-1,1],[0,0],[-1,1],[-1,0],[0,0],[0,0],[0,0],[0,0],[0,0],[0,1],[0,0],[0,1],[0,0],[0,0],[0,1],[1,0],[0,1],[0,1],[0,0],[0,1],[1,0],[0,1],[0,0],[0,1],[0,-1],[0,0],[0,0],[0,0],[0,0],[0,0],[0,0],[0,0],[0,0],[0,1],[0,0],[0,1],[0,1],[0,1],[0,0],[0,0],[0,0],[0,0],[0,0],[0,0],[0,1],[0,0],[-1,1],[0,0],[0,1],[-1,0],[-3,1],[0,0],[-1,0],[-1,1],[0,0],[-1,1],[0,0],[0,0],[0,0],[0,1],[1,0],[0,0],[0,0],[0,0],[0,-1],[0,0],[0,1],[0,2],[0,0],[0,0],[-1,0],[0,0],[-1,0],[0,0],[0,0],[0,-1],[0,-1],[0,0],[0,0],[0,0],[0,0],[0,-1],[-1,0],[0,0],[0,0],[0,0],[0,-1],[0,-1],[0,0],[0,0],[0,-1],[0,0],[0,-1],[0,0],[0,0],[0,-1],[0,0],[0,-1],[0,0],[0,0],[0,0],[-1,0],[0,-1],[0,0],[0,0],[0,-1],[0,0],[0,-1],[0,0],[0,0],[0,-1]],[[494,144],[0,0],[0,1],[1,0],[0,0],[0,0],[0,0],[0,1],[0,0],[0,0],[0,0],[0,0],[0,0],[0,1],[0,0],[0,1],[0,0],[0,0],[1,0],[-1,1],[1,0],[0,1],[0,0],[0,1],[0,0],[0,0],[1,0],[0,0],[0,0],[0,1],[0,0],[0,0],[0,0],[0,0],[0,0],[-1,0],[0,0],[-1,0],[-1,0],[0,0],[-1,0],[0,0],[0,0],[-1,0],[0,1],[0,0],[0,0],[0,0],[0,0],[-1,1],[-1,0],[0,0],[0,0],[0,0],[-1,0],[0,0],[1,0],[0,0],[0,0],[0,1],[0,0],[0,0],[0,0],[0,0],[0,0],[0,0],[0,0],[0,0],[0,1],[0,0],[-1,0],[0,0],[0,0],[-1,0],[0,0],[-1,1],[0,0],[-1,0],[0,0],[0,1],[0,0],[-1,0],[0,0],[-1,1],[0,0],[-1,0],[0,0],[0,0],[-1,0],[0,0],[0,0],[0,0],[0,0],[0,0],[0,0],[0,0],[0,0],[0,0],[-1,0],[0,0],[-1,0],[0,0],[0,0],[0,1],[0,0],[0,0],[-1,0],[0,0],[-1,0],[0,1],[-1,0],[0,0],[0,0],[0,1],[-1,0],[0,0],[0,0],[0,0],[0,1],[0,0],[0,1],[0,1],[0,0],[0,0],[0,0],[0,0],[0,0],[0,0],[0,0],[0,1],[0,0],[0,0],[0,0],[0,0],[0,0],[-1,0],[0,0],[0,0],[0,0],[-1,0],[0,0],[0,0],[0,0],[0,1],[-1,0],[0,0],[0,0],[0,0],[0,0],[-1,0],[0,0],[0,0],[0,0],[0,0],[-1,-1],[0,0],[0,0],[0,0],[-1,0],[0,0],[0,0],[0,1],[-1,0],[0,0],[0,0],[0,0],[0,0],[0,0],[0,1],[0,0],[0,0],[-1,0],[0,0],[0,0],[0,1],[0,0],[0,0],[0,0],[0,0],[-1,0],[0,0],[0,0],[0,0],[0,0],[0,0],[0,1],[0,0],[0,0],[0,0],[0,1],[-1,0],[0,1],[0,0],[0,0],[0,0],[0,0],[0,1],[-1,0],[0,0],[0,0],[0,0],[0,0],[-1,0],[0,0],[0,1],[0,0],[0,0],[0,1],[0,0],[-1,0],[0,0],[0,0],[0,0],[-1,0],[0,0],[0,0],[0,1],[0,0],[0,0],[0,0],[-1,1],[0,0],[0,1],[0,0],[0,0],[0,1],[0,0],[0,0],[0,0],[0,1],[0,0],[0,0],[-1,0],[0,0],[0,0],[0,0],[0,1],[0,0],[0,0],[0,0],[0,0],[-1,1],[0,0],[0,0],[-1,0],[0,0],[-1,-1],[0,0],[-1,0],[0,0],[0,0],[-1,0],[-1,0],[0,1],[0,0],[0,-2],[0,0],[0,-1],[1,0],[0,-1],[0,0],[1,-1],[0,0],[0,0],[0,0],[0,-1],[0,0],[1,-1],[0,0],[0,0],[0,0],[0,0],[-1,0],[0,0],[1,0],[0,0],[0,-1],[1,-1],[1,0],[0,0],[0,-1],[0,-1],[1,0],[0,-1],[0,0],[0,-1],[0,0],[1,-1],[0,0],[0,0],[1,0],[1,-1],[0,0],[0,0],[0,-1],[1,-1],[0,0],[0,0],[0,-1],[1,0],[0,0],[1,0],[1,-1],[1,0],[1,0],[0,-1],[1,0],[1,-1],[0,0],[1,-1],[1,-1],[0,0],[0,-1],[1,0],[0,-1],[0,0],[-1,0],[0,-1],[0,0],[0,0],[0,-1],[0,-1],[1,-1],[0,-1],[1,0],[0,-1],[0,0],[1,-1],[1,-1],[0,0],[0,0],[2,-1],[1,0],[1,-1],[1,0],[1,-2],[1,-2],[0,-1],[0,0],[1,0],[0,0],[0,0],[1,0],[-1,0],[0,0],[1,1],[0,0],[1,1],[0,0],[1,0],[1,0],[1,0],[0,0],[0,0],[1,0],[0,0],[1,0],[0,-1],[0,1],[0,0],[0,0],[0,0],[0,0],[1,0],[0,0],[0,0],[1,0]],[[476,165],[0,0],[0,1],[0,0],[0,1],[0,0],[0,1],[0,0],[0,1],[0,0],[0,0],[-1,0],[0,0],[-1,0],[0,0],[-1,0],[0,0],[-1,0],[0,0],[-1,0],[0,0],[-1,0],[0,0],[-1,0],[0,0],[-1,0],[0,0],[-1,0],[0,0],[0,1],[0,0],[0,1],[0,0],[0,0],[0,1],[0,0],[0,0],[0,1],[0,0],[0,1],[0,0],[0,0],[0,1],[0,0],[0,0],[0,1],[0,0],[0,0],[0,0],[-1,0],[0,1],[0,0],[-1,0],[0,0],[-1,0],[0,1],[0,0],[0,0],[0,0],[0,1],[0,0],[0,0],[0,0],[0,1],[0,0],[0,0],[0,1],[0,0],[0,0],[0,1],[0,0],[-1,0],[0,0],[-1,0],[0,0],[-1,0],[-1,0],[0,0],[-1,0],[-1,0],[0,0],[-1,0],[-1,0],[0,0],[-1,0],[0,0],[-1,0],[0,0],[0,0],[-1,1],[0,0],[0,0],[0,0],[1,-1],[0,0],[0,0],[0,-1],[1,0],[1,0],[0,0],[0,0],[1,0],[0,0],[1,1],[0,0],[1,0],[0,0],[0,0],[1,-1],[0,0],[0,0],[0,0],[0,0],[0,-1],[0,0],[0,0],[0,0],[1,0],[0,0],[0,0],[0,-1],[0,0],[0,0],[0,0],[0,-1],[0,0],[0,0],[0,-1],[0,0],[1,-1],[0,0],[0,0],[0,0],[0,-1],[0,0],[0,0],[1,0],[0,0],[0,0],[0,0],[1,0],[0,0],[0,-1],[0,0],[0,0],[0,-1],[0,0],[1,0],[0,0],[0,0],[0,0],[0,0],[1,0],[0,-1],[0,0],[0,0],[0,0],[0,0],[0,-1],[1,0],[0,-1],[0,0],[0,0],[0,0],[0,-1],[0,0],[0,0],[0,0],[0,0],[0,0],[1,0],[0,0],[0,0],[0,0],[0,0],[0,-1],[0,0],[0,0],[1,0],[0,0],[0,0],[0,-1],[0,0],[0,0],[0,0],[0,0],[0,0],[1,0],[0,-1],[0,0],[0,0],[1,0],[0,0],[0,0],[0,0],[1,1],[0,0],[0,0],[0,0],[0,0],[1,0],[0,0],[0,0],[0,0],[0,0],[1,0],[0,-1],[0,0],[0,0],[0,0],[1,0],[0,0],[0,0],[0,0],[1,0],[0,0],[0,0],[0,0],[0,0],[0,0],[0,-1],[0,0],[0,0],[0,0],[0,0],[0,0],[0,0],[0,0]],[[658,296],[-1,0],[0,0],[0,0],[0,0],[0,0],[0,0],[0,-1],[0,0],[0,0],[0,0],[0,0],[1,0],[0,0],[0,0],[0,1],[0,0],[0,0],[0,0]],[[466,200],[0,0],[0,-1],[0,0],[0,0],[-1,0],[0,0],[0,0],[0,0],[0,0],[0,-1],[0,0],[0,0],[0,0],[-1,0],[0,0],[0,0],[0,0],[0,0],[0,0],[0,-1],[0,0],[0,0],[0,0],[-1,-1],[0,0],[0,0],[0,0],[0,0],[0,0],[0,0],[0,0],[0,0],[-1,0],[0,0],[0,0],[0,0],[0,0],[0,0],[0,-1],[-1,0],[-1,0],[0,0],[-1,0],[0,0],[0,0],[0,0],[0,0],[0,0],[0,0],[0,0],[-1,0],[0,0],[0,0],[-1,0],[0,0],[-1,0],[0,0],[0,0],[0,0],[0,0],[-1,0],[0,1],[0,0],[0,0],[0,0],[0,1],[0,0],[0,-1],[0,-1],[0,0],[0,-1],[1,-1],[0,-1],[0,-1],[0,-1],[0,0],[0,-1],[0,-1],[-1,0],[0,-1],[0,0],[0,0],[0,0],[0,0],[0,0],[0,-1],[1,-1],[0,0],[0,0],[-1,-1],[0,0],[0,0],[0,0],[0,0],[0,0],[0,0],[-1,-1],[0,0],[0,-1],[0,1],[0,0],[-1,0],[0,0],[0,0],[1,-1],[0,0],[0,0],[1,0],[0,0],[1,0],[0,0],[1,0],[1,0],[0,0],[1,0],[1,0],[0,0],[1,0],[1,0],[0,0],[1,0],[0,0],[1,0],[0,0],[0,-1],[0,0],[0,0],[0,-1],[0,0],[0,0],[0,-1],[0,0],[0,0],[0,0],[0,-1],[0,0],[0,0],[0,0],[0,-1],[1,0],[0,0],[1,0],[0,0],[0,-1],[1,0],[0,0],[0,0],[0,0],[0,-1],[0,0],[0,0],[0,-1],[0,0],[0,0],[0,-1],[0,0],[0,-1],[0,0],[0,0],[0,-1],[0,0],[0,0],[0,-1],[0,0],[0,-1],[0,0],[1,0],[0,0],[1,0],[0,0],[1,0],[0,0],[1,0],[0,0],[1,0],[0,0],[1,0],[0,0],[1,0],[0,0],[1,0],[0,0],[1,0],[0,0],[0,0],[0,-1],[0,0],[0,-1],[0,0],[0,-1],[0,0],[1,0],[0,0],[1,0],[0,1],[1,0],[0,0],[1,1],[0,0],[1,0],[0,1],[1,0],[0,0],[1,1],[0,0],[1,0],[0,0],[1,1],[1,0],[0,0],[1,1],[-1,0],[-1,0],[-1,0],[-1,0],[-1,0],[0,0],[0,1],[0,1],[0,1],[0,0],[0,1],[1,1],[0,0],[0,1],[0,1],[0,0],[0,1],[0,1],[0,0],[0,1],[0,1],[0,0],[0,1],[0,1],[1,0],[0,1],[0,1],[0,0],[0,1],[0,1],[0,0],[0,1],[0,1],[0,0],[0,1],[0,1],[0,1],[1,0],[0,1],[0,0],[0,1],[0,0],[0,1],[0,1],[-1,0],[0,0],[-1,0],[0,0],[-1,0],[0,0],[-1,0],[-1,0],[0,0],[-1,0],[0,0],[-1,0],[0,0],[-1,0],[0,0],[-1,0],[-1,0],[0,0],[0,0],[-1,0],[0,-1],[0,0],[0,0],[0,1],[0,0],[0,0],[0,0],[-1,0],[0,0],[-1,0],[0,0],[0,0],[0,0],[-1,0],[0,0],[0,0],[0,0],[-1,0],[0,1],[0,0],[0,0],[-1,-1],[0,0],[0,-1],[0,0],[-1,1],[0,0],[0,0],[0,0],[0,0],[0,1],[0,0],[-1,0],[0,1],[0,0],[0,0],[-1,0]],[[469,206],[0,0],[0,0],[0,0],[0,0],[0,-1],[0,0],[0,0],[0,0],[0,0],[0,-1],[-1,0],[0,0],[0,0],[0,0],[0,0],[0,0],[0,0],[0,0],[0,0],[0,0],[-1,0],[0,-1],[0,0],[0,0],[0,0],[0,-1],[0,0],[0,0],[0,0],[0,0],[0,0],[0,-1],[0,0],[0,0],[0,0],[0,0],[0,-1],[0,0],[-1,0],[1,0],[0,0],[0,0],[0,-1],[1,0],[0,0],[0,-1],[0,0],[0,0],[0,0],[0,0],[1,-1],[0,0],[0,1],[0,0],[1,1],[0,0],[0,0],[0,-1],[1,0],[0,0],[0,0],[0,0],[1,0],[0,0],[0,0],[0,0],[1,0],[0,0],[1,0],[0,0],[0,0],[0,0],[0,-1],[0,0],[0,0],[0,1],[1,0],[0,0],[0,0],[1,0],[1,0],[0,0],[1,0],[0,0],[1,0],[0,0],[1,0],[0,0],[1,0],[1,0],[0,0],[1,0],[0,0],[1,0],[0,0],[1,0],[0,-1],[0,-1],[0,0],[0,-1],[0,0],[0,-1],[-1,0],[0,-1],[0,-1],[0,-1],[0,0],[0,-1],[0,-1],[0,0],[0,-1],[0,-1],[0,0],[0,-1],[0,-1],[-1,0],[0,-1],[0,-1],[0,0],[0,-1],[0,-1],[0,0],[0,-1],[0,-1],[0,0],[0,-1],[0,-1],[0,0],[-1,-1],[0,-1],[0,0],[0,-1],[0,-1],[0,-1],[0,0],[1,0],[1,0],[1,0],[1,0],[1,0],[1,0],[0,1],[1,0],[1,1],[1,1],[1,0],[1,1],[1,0],[1,1],[1,1],[0,0],[1,1],[1,0],[1,1],[1,0],[1,1],[1,1],[1,0],[0,0],[0,1],[0,0],[0,0],[0,0],[0,0],[1,1],[0,0],[0,0],[1,0],[0,0],[0,1],[0,0],[0,0],[1,0],[0,0],[1,0],[0,0],[0,1],[1,0],[0,0],[0,0],[1,0],[0,0],[0,0],[0,0],[0,1],[0,0],[0,0],[0,0],[0,0],[0,0],[0,0],[0,1],[-1,0],[1,0],[0,0],[0,0],[0,0],[0,0],[0,0],[0,0],[1,0],[1,0],[1,0],[0,0],[0,1],[0,1],[0,1],[0,0],[0,1],[0,1],[0,1],[-1,0],[0,0],[0,1],[0,0],[0,1],[0,0],[0,1],[0,0],[0,0],[0,0],[0,0],[-1,0],[0,0],[0,1],[0,0],[-1,0],[-1,0],[0,0],[0,0],[0,0],[-1,0],[0,0],[-1,0],[-1,0],[-1,0],[0,0],[-1,1],[0,0],[0,0],[-1,0],[-1,0],[0,0],[0,0],[0,0],[-1,0],[-1,0],[0,0],[0,0],[0,0],[0,0],[-1,0],[0,0],[0,0],[-1,1],[0,0],[0,0],[-1,0],[-1,0],[0,1],[0,0],[0,0],[0,0],[-1,0],[0,0],[-1,0],[0,0],[0,0],[-1,1],[0,0],[0,0],[0,1],[0,0],[0,0],[0,0],[0,0],[-1,0],[0,0],[0,0],[0,1],[0,0],[0,0],[0,0],[-1,0],[0,0],[-1,0],[0,0],[0,0],[0,0],[0,0],[-1,0],[0,0],[0,0],[0,1],[0,0],[0,0],[0,1],[0,0],[0,0],[0,0],[0,0],[0,1],[0,0],[-1,0],[0,0],[0,0],[0,0],[-1,0],[0,0],[0,1],[0,0],[0,0],[0,0],[0,0],[0,0],[0,1],[0,0],[0,0],[0,1],[-1,0],[0,0],[0,0],[0,0],[0,1],[0,0],[0,0],[0,1],[0,0],[0,0],[-1,0],[0,0],[0,0],[0,0],[0,0],[0,0],[0,0],[-1,0],[0,0],[0,0],[0,0],[0,0],[0,0],[0,0],[0,0],[0,-1],[0,0],[0,0],[0,0],[0,0],[-1,0],[0,0],[0,0],[0,0],[0,0],[0,0],[0,0],[0,0],[0,0],[0,0],[0,0],[0,1],[0,0],[0,0],[-1,0],[0,0],[0,0],[0,0],[0,0],[0,0],[0,0],[0,0],[0,0],[0,0],[0,0],[-1,0],[0,0],[0,0],[0,0],[0,0],[0,0],[-1,0],[0,0],[0,0],[0,0],[0,0],[-1,0],[0,0],[0,0],[0,0],[0,0],[0,0],[0,0],[-1,0],[0,-1],[0,0],[0,0],[0,-1],[0,0],[0,0],[0,0],[0,0],[0,0],[-1,0],[0,0],[0,0],[0,0],[1,0],[0,-1],[0,0],[0,0],[0,0],[0,0],[0,0],[0,0],[0,0],[-1,0],[0,0],[0,-1],[0,0],[0,0],[0,0],[0,0],[0,0],[0,-1],[0,0],[-1,-1],[0,0],[0,0],[0,0],[0,0],[-1,0],[0,0],[0,0],[0,0],[0,0],[0,1],[0,0],[0,0],[0,0],[0,0],[0,0],[-1,0],[0,0],[0,0],[0,0],[-1,0],[0,0],[0,0],[0,0],[-1,0],[0,0],[0,1],[0,0],[0,0],[0,0],[0,0],[0,0],[-1,-1],[0,0],[0,0],[0,0],[0,0],[0,0],[-1,0],[0,0],[0,0],[0,0],[0,0],[0,0],[0,0],[0,-1],[0,0],[0,0]],[[591,278],[0,0],[-1,0],[0,0],[0,1],[0,-1],[0,0],[0,0],[0,0],[0,0],[0,0],[0,0],[0,0],[0,0],[0,0],[0,-1],[-1,0],[0,0],[1,0],[0,0],[0,0],[0,0],[0,-1],[0,0],[0,0],[0,0],[0,0],[0,-1],[0,0],[0,0],[0,0],[0,0],[1,-1],[0,0],[0,0],[1,0],[0,0],[0,0],[-1,0],[0,0],[0,-1],[0,0],[0,-1],[0,0],[0,0],[0,0],[0,0],[0,-1],[0,0],[0,0],[0,0],[0,-1],[0,0],[0,0],[0,0],[0,0],[0,0],[0,0],[0,0],[1,-1],[0,0],[0,0],[0,0],[0,-1],[0,0],[0,0],[-1,0],[0,0],[0,-1],[0,0],[0,0],[0,0],[0,0],[0,-1],[0,0],[-1,0],[0,1],[0,0],[0,-1],[0,0],[0,0],[0,0],[0,0],[0,0],[0,0],[0,0],[1,0],[0,0],[0,0],[0,0],[0,0],[1,0],[0,0],[0,0],[1,1],[0,0],[0,0],[0,0],[0,-1],[0,0],[0,0],[0,0],[0,0],[1,1],[0,0],[0,0],[0,1],[0,0],[0,0],[1,0],[-1,1],[0,0],[1,0],[0,0],[0,0],[0,0],[0,1],[0,0],[0,0],[0,0],[0,0],[0,1],[0,0],[0,0],[0,0],[0,0],[0,0],[0,0],[0,0],[0,1],[1,0],[0,0],[-1,0],[0,0],[0,0],[0,0],[-1,1],[0,0],[0,0],[0,0],[0,0],[0,1],[0,0],[0,1],[0,0],[0,0],[0,1],[0,0],[0,1],[1,0],[0,0],[0,0],[0,0],[1,0],[0,1],[1,1],[0,0],[1,1],[0,0],[0,1],[0,0],[0,0],[0,1],[0,0],[0,1],[0,1],[0,0],[0,0],[-1,0],[0,0],[0,0],[-1,1],[0,0],[0,0],[0,0],[0,0],[0,1],[0,0],[0,1],[0,0],[0,0],[0,0],[0,0],[0,0],[0,0],[0,0],[0,-1],[0,0],[0,0],[-1,0],[0,-1],[0,0],[-1,0],[0,0],[0,0],[0,-1],[0,0],[0,0],[0,0],[0,0],[0,0],[0,-1],[0,0],[0,0],[0,0],[0,-1],[0,0],[0,0],[0,-1],[0,0],[0,-1],[0,0],[0,0],[0,0],[0,0],[-1,0],[0,0],[0,0],[-1,0],[0,0],[0,0],[0,0],[0,0],[-1,-1],[0,0],[0,-1]],[[635,274],[1,0],[0,1],[0,0],[0,1],[0,0],[1,0],[0,1],[0,2],[0,1],[0,0],[1,1],[0,1],[0,0],[0,1],[-1,1],[0,0],[0,0],[0,0],[0,0],[0,-1],[-1,0],[0,-1],[0,0],[0,0],[0,1],[0,0],[0,0],[0,0],[0,1],[0,0],[0,0],[0,0],[0,1],[0,0],[0,1],[0,0],[0,0],[0,0],[0,0],[0,0],[0,0],[-1,1],[0,0],[0,1],[0,0],[0,1],[0,1],[0,1],[-1,1],[0,0],[0,2],[-1,1],[0,0],[0,1],[-1,1],[0,2],[0,1],[-1,1],[0,1],[0,0],[0,1],[-1,1],[0,1],[0,0],[0,0],[0,1],[-1,0],[0,1],[0,0],[0,0],[0,1],[0,0],[-1,1],[0,0],[-1,0],[0,0],[-1,0],[0,0],[-1,1],[0,0],[-1,0],[0,0],[-1,0],[-1,-1],[0,0],[0,0],[-1,0],[0,0],[0,0],[-1,0],[0,-1],[0,0],[0,0],[0,0],[0,0],[0,-1],[-1,0],[0,0],[0,-1],[0,0],[0,-1],[0,0],[1,-1],[-1,0],[0,0],[0,0],[0,-1],[0,0],[0,-1],[-1,0],[0,-1],[0,0],[0,-1],[0,0],[0,0],[0,0],[1,0],[0,-1],[0,0],[0,0],[0,-1],[0,0],[1,0],[0,0],[0,-1],[0,0],[1,-1],[0,0],[0,-1],[0,0],[0,0],[0,-1],[1,0],[-1,-1],[0,0],[0,-1],[0,0],[0,0],[0,-1],[0,0],[0,0],[-1,-1],[0,-1],[0,0],[0,0],[0,-1],[0,0],[1,-2],[0,0],[0,-1],[0,0],[0,0],[1,-1],[0,0],[1,0],[0,0],[0,0],[0,0],[1,0],[0,0],[0,0],[0,0],[0,0],[0,0],[1,0],[0,0],[0,0],[0,-1],[0,0],[0,0],[1,0],[0,0],[0,0],[1,1],[0,0],[0,0],[0,0],[0,-1],[0,0],[0,0],[0,0],[0,0],[1,-1],[0,0],[0,0],[0,0],[1,0],[0,0],[0,0],[0,0],[0,0],[0,0],[0,0],[0,0],[0,0],[0,-1],[0,0],[0,0],[0,0],[1,-1],[0,0],[0,1],[0,0],[0,0],[0,0],[0,0],[0,0],[0,0],[0,0],[0,-1],[0,0],[1,0],[0,0],[0,0],[0,0],[0,-1],[0,0],[0,-1],[0,0],[0,0],[0,0],[0,0],[0,0],[0,0],[0,-1],[0,0],[0,0],[1,1],[0,0],[0,-1],[0,0],[1,0],[0,0],[0,-1],[1,0],[0,-1],[0,0],[0,0],[-1,-1],[0,0],[1,0],[0,0],[0,0],[0,-1],[1,0],[0,0],[0,0],[0,1],[0,0],[0,0]],[[526,158],[0,-1],[1,0],[0,0],[0,0],[0,0],[1,-1],[0,0],[0,0],[0,0],[0,-1],[0,0],[0,-1],[0,0],[0,0],[0,0],[0,0],[1,-1],[0,0],[0,0],[0,0],[0,0],[0,0],[1,-1],[0,0],[1,0],[0,0],[0,0],[1,-1],[0,0],[-1,0],[0,0],[0,-1],[0,0],[0,0],[0,-1],[1,1],[0,0],[2,0],[0,0],[1,1],[1,-1],[0,0],[1,0],[0,1],[1,0],[1,0],[0,0],[0,0],[1,0],[1,1],[1,0],[0,0],[0,1],[0,0],[0,1],[1,0],[0,0],[0,0],[1,1],[1,0],[1,0],[1,0],[2,1],[0,0],[1,0],[1,1],[1,0],[0,0],[1,0],[1,0],[0,0],[1,-1],[0,0],[0,-1],[0,0],[0,0],[0,-1],[0,0],[-1,-1],[1,0],[0,-1],[0,0],[1,0],[0,-1],[2,0],[0,0],[1,0],[0,-1],[0,0],[1,0],[1,0],[0,0],[1,1],[0,0],[1,0],[0,0],[0,0],[0,1],[0,0],[1,0],[1,0],[0,0],[1,1],[0,0],[1,0],[0,0],[1,0],[0,0],[0,0],[1,0],[0,1],[0,0],[-1,0],[0,0],[0,0],[0,1],[0,0],[0,0],[0,1],[0,0],[0,0],[0,1],[0,0],[0,0],[0,1],[0,0],[0,0],[0,1],[0,0],[0,1],[0,0],[0,0],[0,1],[0,1],[0,0],[0,1],[0,0],[0,1],[0,1],[0,0],[0,1],[0,1],[0,0],[0,1],[0,0],[0,1],[0,1],[0,0],[0,1],[0,0],[0,1],[0,1],[0,0],[0,1],[0,1],[0,0],[0,1],[0,0],[0,1],[0,1],[0,0],[0,1],[0,0],[0,1],[0,1],[0,2],[0,1],[0,1],[0,0],[0,1],[0,0],[0,0],[0,0],[-1,0],[-1,0],[0,0],[0,0],[0,0],[0,1],[0,0],[-2,-1],[-1,0],[-1,-1],[-2,-1],[-1,0],[-1,-1],[-2,-1],[-1,0],[-1,-1],[-2,-1],[-1,0],[-1,-1],[-1,-1],[-2,0],[-1,-1],[-1,0],[-1,-1],[-1,1],[-1,0],[-1,0],[-1,1],[-1,0],[0,0],[0,0],[-1,0],[-1,-1],[0,0],[-2,0],[-1,-1],[-1,0],[-1,-1],[0,0],[0,-1],[0,0],[-1,0],[-1,-1],[-1,0],[0,0],[-1,0],[0,0],[0,0],[0,0],[0,-1],[-1,0],[0,-1],[0,0],[0,-1],[-1,-1],[0,0],[0,0],[0,-1],[0,0],[0,0],[1,0],[0,-1],[0,0],[0,0],[0,-1],[0,0],[0,-1],[0,0],[0,-1],[0,0],[0,-2],[0,-1],[0,0],[0,-1],[0,0],[-1,-1],[0,0],[0,0],[0,-1],[-1,0],[1,0],[0,0]],[[469,221],[0,0],[0,0],[0,-1],[0,0],[1,0],[0,0],[0,0],[1,-1],[0,0],[0,0],[0,-1],[0,0],[1,0],[0,0],[0,-1],[0,0],[0,0],[0,0],[0,0],[0,0],[0,0],[0,0],[1,0],[0,0],[0,0],[0,0],[0,0],[0,0],[1,0],[0,0],[0,0],[0,0],[0,0],[0,0],[0,1],[0,0],[0,0],[0,0],[0,0],[0,0],[0,0],[0,1],[0,0],[0,0],[0,0],[0,0],[0,0],[0,1],[0,0],[0,0],[0,0],[0,0],[0,0],[1,0],[0,0],[0,0],[0,0],[0,0],[0,0],[0,0],[1,0],[0,0],[0,0],[0,0],[0,0],[0,0],[0,0],[0,0],[0,-1],[0,0],[0,0],[0,0],[1,0],[0,0],[0,0],[0,1],[0,0],[0,0],[0,0],[0,1],[0,0],[0,0],[0,0],[0,1],[0,0],[-1,0],[1,0],[0,0],[0,1],[0,0],[0,0],[0,0],[0,0],[1,0],[0,0],[0,0],[0,0],[0,0],[1,0],[0,1],[0,0],[0,0],[0,0],[0,0],[0,0],[1,0],[0,0],[0,0],[0,1],[0,0],[0,0],[0,0],[0,1],[0,0],[0,0],[-1,0],[0,0],[0,0],[0,1],[0,0],[0,1],[0,0],[0,0],[0,0],[-1,0],[-1,0],[-2,-2],[-1,0],[0,-1],[-2,-1],[0,-1],[-1,0],[0,0],[0,0],[-1,-1],[0,0],[-1,0],[0,-1]],[[579,322],[-1,1],[0,0],[0,0],[0,0],[0,0],[0,0],[-1,0],[0,0],[0,0],[0,1],[0,0],[0,0],[0,0],[-1,0],[0,0],[0,0],[-1,-1],[0,0],[0,0],[0,0],[0,0],[0,0],[0,0],[0,0],[0,0],[0,0],[0,-1],[-1,0],[0,0],[0,0],[0,-1],[0,0],[0,0],[0,0],[0,0],[1,0],[0,0],[0,-1],[0,0],[0,0],[0,0],[0,0],[1,0],[0,-1],[0,0],[0,0],[1,0],[0,0],[1,-1],[0,0],[0,0],[0,0],[0,0],[1,1],[0,0],[0,0],[0,0],[0,0],[1,1],[0,0],[0,0],[0,0],[0,0],[0,0],[0,0],[0,1],[0,0],[0,0],[0,0],[0,0],[0,1],[0,0],[-1,0],[0,0],[0,0],[0,0]],[[593,243],[0,-1],[0,-1],[0,-1],[0,0],[0,-1],[0,0],[0,0],[0,0],[1,-1],[0,0],[0,0],[0,-1],[0,0],[1,0],[0,0],[0,0],[0,0],[0,0],[0,0],[0,-1],[0,0],[0,0],[0,0],[1,0],[0,0],[0,-1],[0,0],[0,0],[0,0],[-1,-1],[0,0],[0,-1],[0,0],[0,0],[0,0],[0,0],[0,-1],[0,0],[0,0],[-1,0],[0,0],[0,-1],[0,0],[0,-1],[0,0],[0,0],[0,0],[-1,0],[0,0],[0,0],[0,0],[0,-1],[0,-1],[1,0],[1,-1],[0,-1],[1,0],[0,-1],[0,0],[0,0],[0,0],[1,1],[0,-1],[0,0],[0,0],[1,1],[0,0],[0,0],[0,0],[0,0],[0,1],[0,0],[0,0],[0,1],[0,0],[0,0],[1,0],[0,0],[1,0],[1,0],[0,0],[0,0],[1,1],[0,0],[1,0],[0,1],[1,0],[0,0],[0,0],[1,0],[1,0],[0,0],[1,1],[0,0],[0,0],[1,0],[0,0],[0,-1],[1,0],[0,0],[0,-1],[1,0],[1,0],[0,-1],[1,1],[0,0],[0,0],[0,0],[1,0],[0,0],[0,0],[0,0],[1,0],[0,0],[0,1],[0,0],[-1,1],[-1,1],[0,0],[0,0],[0,1],[0,1],[0,2],[0,3],[0,2],[0,1],[0,1],[0,0],[1,1],[0,0],[0,0],[1,1],[0,0],[-1,0],[0,0],[-1,1],[0,0],[0,-1],[0,1],[0,0],[0,0],[0,0],[0,0],[0,0],[0,0],[0,1],[0,0],[-1,0],[-1,0],[0,0],[0,1],[0,0],[0,0],[0,1],[0,0],[-1,0],[0,1],[0,0],[0,0],[0,1],[0,0],[0,0],[0,0],[-1,0],[0,0],[0,1],[0,0],[0,1],[-1,0],[0,0],[0,0],[0,0],[0,0],[-1,0],[0,-1],[0,0],[-1,0],[0,-1],[-1,0],[0,0],[0,-1],[-1,0],[0,0],[0,0],[0,0],[0,0],[0,0],[0,0],[0,0],[0,-1],[0,0],[0,0],[0,0],[0,0],[0,-1],[0,0],[-1,0],[-1,0],[0,-1],[-1,0],[0,0],[-1,-1],[0,0],[-1,0],[-1,-1],[0,0],[-1,0],[0,-1],[-1,0],[-1,0],[0,-1],[-1,0],[0,0],[0,0],[0,0]],[[454,206],[0,0],[1,0],[0,0],[0,0],[1,0],[0,0],[1,0],[0,0],[1,0],[0,0],[1,0],[1,0],[1,0],[1,0],[0,0],[0,0],[1,0],[0,0],[0,1],[-1,0],[0,0],[0,0],[0,0],[0,0],[0,0],[0,0],[0,0],[0,0],[0,0],[0,0],[0,1],[0,0],[0,0],[-1,0],[0,0],[0,0],[-1,1],[0,0],[0,0],[0,0],[0,0],[-1,1],[0,0],[0,0],[0,0],[0,0],[0,0],[0,0],[-1,0],[0,0],[0,0],[0,0],[0,0],[0,-1],[0,0],[0,0],[0,0],[0,0],[0,0],[0,0],[0,0],[0,0],[1,0],[0,-1],[0,0],[-1,0],[0,0],[0,0],[0,0],[0,0],[0,0],[0,0],[0,0],[0,0],[1,0],[0,0],[0,0],[0,-1],[0,0],[-1,1],[0,0],[0,0],[-1,0],[0,0],[-1,0],[1,0],[-1,0],[0,-1],[0,1],[0,-1],[-1,0],[0,0],[1,0],[0,0],[-1,0],[0,0],[-1,-1]],[[472,217],[0,0],[0,0],[-1,0],[0,0],[0,0],[0,0],[0,0],[0,0],[0,0],[0,0],[0,0],[0,-1],[0,0],[0,0],[0,0],[0,0],[0,-1],[0,0],[0,0],[0,0],[0,0],[0,0],[0,0],[0,0],[0,0],[-1,-1],[0,0],[0,-1],[0,0],[-1,0],[0,0],[0,0],[0,0],[-1,0],[-1,0],[0,0],[0,0],[-1,0],[0,0],[0,0],[0,0],[0,1],[0,0],[0,0],[-1,0],[0,0],[0,0],[0,1],[0,0],[0,0],[-1,0],[0,0],[0,0],[0,0],[0,0],[0,0],[0,0],[0,0],[0,0],[0,0],[-1,0],[0,0],[0,-1],[0,0],[0,0],[0,0],[0,-1],[0,0],[0,0],[0,0],[-1,0],[0,0],[0,0],[0,0],[0,0],[0,-1],[0,0],[-1,0],[0,0],[-1,-1],[0,0],[0,0],[0,0],[0,0],[0,0],[0,-1],[0,0],[-1,0],[0,0],[0,0],[0,1],[0,0],[0,0],[0,-1],[0,0],[0,0],[1,-1],[0,0],[0,0],[0,0],[0,0],[1,-1],[0,0],[0,0],[1,0],[0,0],[0,0],[0,-1],[0,0],[0,0],[0,0],[0,0],[0,0],[0,0],[0,0],[0,0],[0,0],[0,0],[1,0],[0,-1],[0,0],[-1,0],[0,0],[1,0],[0,0],[1,0],[0,0],[0,0],[0,0],[0,0],[0,0],[0,0],[0,0],[1,0],[0,0],[0,0],[0,0],[0,0],[0,0],[1,0],[0,0],[0,0],[0,0],[0,0],[1,0],[0,0],[1,0],[0,0],[0,0],[1,0],[0,0],[0,0],[0,0],[0,1],[0,0],[0,0],[0,0],[0,0],[0,0],[0,0],[1,0],[0,0],[0,0],[0,0],[0,0],[0,0],[1,1],[0,0],[0,0],[0,0],[0,0],[0,0],[0,-1],[0,0],[1,0],[0,0],[0,0],[0,0],[1,0],[0,0],[0,0],[0,0],[1,0],[0,0],[0,0],[0,0],[0,0],[0,0],[0,-1],[0,0],[0,0],[0,0],[0,0],[1,0],[0,0],[0,0],[0,0],[0,0],[1,1],[0,0],[0,1],[0,0],[0,0],[0,0],[0,0],[0,0],[0,1],[0,0],[1,0],[0,0],[0,0],[0,0],[0,0],[0,0],[0,0],[0,0],[0,1],[-1,0],[0,0],[0,0],[0,0],[1,0],[0,0],[0,0],[0,0],[0,0],[0,0],[0,1],[0,0],[0,0],[0,1],[1,0],[0,0],[0,0],[0,0],[0,0],[0,0],[0,1],[0,0],[0,0],[0,0],[0,1],[0,0],[0,0],[0,0],[0,0],[0,0],[0,1],[0,0],[1,0],[0,0],[0,0],[-1,1],[0,0],[0,0],[0,0],[1,0],[0,1],[0,0],[0,0],[0,0],[0,0],[0,0],[0,0],[-1,0],[0,0],[0,0],[0,0],[0,0],[-1,0],[0,0],[0,1],[1,0],[0,0],[0,0],[0,0],[0,0],[0,0],[0,0],[0,0],[0,1],[0,0],[0,0],[0,0],[0,1],[-1,-1],[0,0],[0,1],[0,-1],[0,0],[0,0],[-1,0],[0,0],[0,0],[0,0],[0,1],[0,0],[0,0],[0,0],[0,0],[0,0],[0,0],[0,0],[-1,0],[0,0],[0,0],[0,0],[0,0],[0,0],[0,0],[-1,0],[0,0],[0,0],[0,0],[0,0],[0,0],[0,-1],[0,0],[0,0],[0,0],[0,0],[0,0],[0,-1],[0,0],[0,0],[0,0],[0,0],[0,0],[0,0],[0,-1],[0,0],[0,0],[0,0],[0,0],[0,0],[-1,0],[0,0],[0,0],[0,0],[0,0],[0,0],[-1,0],[0,0],[0,0],[0,0],[0,0],[0,0]],[[500,210],[0,0],[0,0],[0,0],[0,1],[0,0],[0,0],[0,0],[0,0],[0,0],[0,1],[1,0],[0,0],[0,0],[0,0],[0,0],[0,1],[0,0],[0,0],[0,1],[0,0],[0,0],[0,0],[0,0],[0,0],[0,0],[0,0],[0,0],[0,0],[0,0],[0,0],[0,0],[0,0],[0,0],[0,0],[0,0],[0,0],[0,0],[0,1],[0,0],[0,0],[0,1],[0,0],[0,0],[0,0],[0,0],[0,0],[0,1],[0,0],[1,0],[0,0],[0,0],[0,1],[0,0],[0,0],[0,1],[-1,1],[0,0],[0,0],[0,0],[1,0],[0,0],[0,0],[0,1],[0,0],[0,0],[-1,0],[0,0],[0,0],[0,0],[1,1],[0,0],[0,0],[0,0],[0,0],[0,0],[0,1],[0,0],[0,0],[1,0],[0,0],[0,0],[0,0],[0,0],[0,0],[0,1],[0,0],[0,0],[0,0],[0,0],[-1,0],[0,0],[-1,0],[-1,1],[-1,0],[0,0],[-1,1],[0,0],[-1,0],[-1,0],[0,1],[-1,0],[0,0],[-1,0],[0,0],[-1,0],[0,-1],[-1,0],[0,0],[-1,0],[1,0],[0,0],[0,0],[0,0],[0,0],[0,0],[0,0],[0,0],[0,0],[0,-1],[0,0],[0,0],[0,0],[0,0],[0,0],[0,-1],[0,0],[0,0],[-1,-1],[0,0],[0,-1],[0,0],[0,0],[0,0],[0,0],[0,-1],[1,0],[0,0],[0,-1],[0,0],[0,0],[0,-1],[0,0],[0,0],[0,0],[0,-1],[1,0],[0,0],[0,0],[0,0],[0,0],[0,0],[0,0],[0,0],[0,-1],[0,-1],[0,0],[0,0],[0,0],[0,0],[-1,-1],[0,0],[1,0],[0,0],[0,0],[0,0],[0,-1],[0,0],[0,0],[-1,0],[0,0],[0,-1],[0,0],[0,0],[0,-1],[0,0],[0,0],[0,0],[0,0],[0,0],[0,0],[0,0],[0,-1],[0,0],[0,0],[0,-1],[0,0],[0,0],[0,0],[1,0],[1,0],[1,0],[1,0],[0,0],[0,0],[1,0],[0,0],[0,0],[1,0],[0,0],[0,0],[0,0],[0,0],[0,0],[1,0],[0,0],[0,0],[0,0],[0,0],[0,0],[0,0],[0,0],[1,0]],[[455,203],[0,0],[1,0],[1,0],[1,0],[0,0],[0,-1],[1,0],[0,0],[0,0],[1,1],[0,0],[0,0],[0,0],[1,0],[0,0],[0,0],[0,0],[0,0],[1,0],[0,0],[0,1],[0,0],[0,0],[-1,0],[0,0],[-1,0],[0,0],[-1,-1],[0,0],[0,0],[0,0],[0,0],[-1,0],[0,0],[0,0],[0,1],[0,0],[-1,0],[0,0],[0,0],[0,0],[-1,0],[0,0],[-1,0],[-1,0],[0,0],[0,0],[0,0],[0,0],[0,-1],[0,0],[1,0],[0,1],[0,0],[0,0],[1,0],[0,0],[0,0],[0,0],[0,0],[1,-1],[0,0],[1,0],[0,0],[0,0],[-1,0],[0,0],[-1,0],[-1,1],[0,0],[0,-1],[0,0]],[[536,234],[0,0],[0,1],[0,0],[0,1],[0,0],[0,0],[0,0],[0,1],[0,0],[0,0],[0,0],[1,0],[0,0],[1,-1],[0,0],[0,0],[1,0],[0,1],[0,0],[0,0],[0,0],[0,1],[0,0],[0,0],[0,0],[0,0],[0,0],[0,1],[0,0],[0,0],[-1,0],[0,0],[0,0],[0,0],[0,1],[0,0],[0,0],[0,1],[0,0],[0,0],[1,0],[0,0],[0,0],[0,0],[0,1],[1,0],[0,0],[-1,0],[0,1],[0,0],[0,1],[1,0],[-1,0],[0,1],[0,0],[0,0],[0,0],[0,0],[0,1],[0,0],[0,0],[0,0],[0,0],[0,0],[0,0],[0,1],[0,0],[0,0],[-1,0],[0,0],[0,0],[0,0],[0,0],[0,-1],[0,0],[0,0],[-1,0],[0,0],[0,1],[0,0],[-1,0],[0,-1],[-1,0],[0,0],[0,-1],[0,0],[0,0],[-1,0],[0,0],[0,0],[0,1],[0,0],[0,0],[0,0],[0,0],[0,0],[0,1],[-1,0],[0,0],[0,0],[0,0],[-1,0],[0,0],[0,0],[0,0],[0,0],[0,0],[0,0],[0,1],[0,0],[0,0],[0,0],[0,0],[0,0],[0,0],[0,1],[0,0],[0,0],[0,0],[0,0],[1,0],[0,0],[-1,1],[0,0],[0,0],[0,0],[0,0],[0,0],[0,0],[0,0],[0,0],[0,0],[0,0],[-1,0],[0,0],[0,0],[0,0],[-1,1],[0,0],[0,-1],[0,0],[-1,-1],[0,0],[-1,-1],[-1,0],[0,-1],[0,0],[0,0],[0,0],[0,0],[0,0],[0,0],[0,0],[0,0],[-1,0],[0,0],[0,-1],[0,0],[0,0],[0,0],[0,0],[-1,-1],[1,0],[0,1],[0,-1],[0,0],[0,0],[-1,0],[0,0],[0,0],[0,-1],[0,0],[0,0],[0,1],[1,0],[0,0],[0,0],[0,-1],[0,0],[0,0],[0,0],[-1,0],[0,0],[1,0],[-1,0],[0,0],[0,0],[0,0],[0,0],[-1,-1],[0,0],[0,0],[0,0],[0,-1],[0,0],[0,0],[0,0],[1,0],[0,0],[0,0],[0,0],[0,-1],[1,-1],[-1,0],[0,-1],[1,0],[0,0],[0,0],[0,1],[0,0],[0,0],[1,0],[0,0],[0,0],[0,0],[0,0],[0,0],[-1,-1],[0,0],[0,0],[-1,0],[1,-1],[0,0],[0,0],[0,1],[0,0],[0,0],[0,-1],[0,0],[0,-1],[0,0],[0,0],[0,0],[1,0],[0,0],[0,0],[0,0],[0,0],[0,1],[0,0],[0,-1],[0,0],[1,0],[0,0],[1,0],[1,0],[0,0],[1,0],[0,0],[0,0],[0,-1],[0,-1],[0,0],[0,-1],[0,0],[0,0],[0,0],[1,0],[1,0],[0,0],[0,0],[1,0],[0,0],[0,0],[1,0],[0,0],[1,0],[0,0],[0,0],[0,0]],[[596,225],[0,0],[0,0],[0,0],[0,-1],[0,0],[0,0],[-1,-1],[0,0],[0,-1],[0,0],[0,0],[-1,0],[0,-1],[0,0],[-1,0],[0,-1],[0,0],[0,0],[0,0],[0,0],[-1,-1],[0,0],[0,0],[-1,0],[0,0],[-1,0],[0,0],[0,0],[0,-1],[0,0],[1,0],[0,-1],[0,0],[0,0],[1,0],[0,0],[0,0],[1,0],[0,0],[0,0],[0,0],[0,-1],[0,0],[0,-1],[0,0],[0,-1],[0,0],[0,0],[0,0],[0,-1],[0,0],[1,-1],[0,0],[0,0],[0,-1],[0,0],[0,0],[0,0],[0,-1],[1,0],[0,1],[0,0],[0,0],[0,0],[0,-1],[0,0],[1,0],[0,-1],[0,0],[0,-1],[0,0],[0,0],[0,-1],[1,0],[0,0],[0,-1],[1,0],[0,0],[0,-1],[0,0],[1,0],[0,0],[0,0],[0,0],[0,-1],[0,0],[0,0],[0,-1],[0,0],[0,0],[1,-1],[0,0],[0,-1],[0,0],[0,0],[1,0],[0,0],[0,0],[0,0],[0,0],[0,0],[1,0],[0,0],[0,0],[1,0],[0,1],[0,-1],[0,0],[0,0],[0,-1],[1,0],[0,0],[0,0],[0,0],[0,0],[0,0],[0,0],[1,1],[0,0],[0,0],[1,0],[1,-1],[0,0],[0,0],[0,0],[0,0],[0,1],[0,0],[1,0],[0,-1],[0,0],[1,1],[0,0],[0,0],[1,0],[0,0],[0,0],[0,0],[1,0],[0,1],[1,0],[0,0],[0,1],[1,0],[1,1],[0,0],[0,1],[1,0],[0,0],[0,0],[0,1],[1,0],[0,0],[0,0],[-1,1],[0,1],[0,0],[-1,0],[0,0],[0,0],[0,1],[0,1],[0,0],[0,0],[1,0],[0,0],[0,0],[1,0],[0,0],[0,0],[1,0],[0,0],[0,0],[0,0],[0,0],[0,0],[0,0],[0,1],[0,0],[0,0],[0,0],[0,0],[0,0],[0,1],[0,0],[0,0],[0,0],[1,1],[0,0],[0,0],[0,0],[0,1],[1,0],[0,1],[0,0],[0,0],[1,0],[0,1],[0,0],[1,0],[1,0],[1,0],[1,1],[1,0],[0,0],[2,1],[0,0],[1,0],[0,0],[1,0],[1,0],[1,0],[-1,1],[0,1],[-1,0],[-1,1],[0,1],[-1,0],[-1,1],[0,1],[-1,1],[-1,0],[-1,1],[0,1],[0,0],[-1,0],[-1,0],[-1,0],[0,0],[0,0],[0,0],[-1,0],[0,0],[-1,0],[0,0],[0,1],[-1,0],[0,0],[0,0],[0,0],[-1,1],[-1,0],[0,0],[0,0],[-1,0],[0,0],[-1,0],[0,0],[0,0],[0,0],[-1,0],[0,0],[0,0],[0,0],[-1,-1],[0,1],[-1,0],[-1,0],[0,1],[0,0],[-1,0],[0,1],[0,0],[-1,0],[0,0],[0,0],[-1,-1],[0,0],[-1,0],[-1,0],[0,0],[0,0],[-1,0],[0,-1],[-1,0],[0,0],[-1,-1],[0,0],[0,0],[-1,0],[-1,0],[0,0],[-1,0],[0,0],[0,0],[0,-1],[0,0],[0,0],[0,-1],[0,0],[0,0],[0,0],[0,0],[-1,-1],[0,0],[0,0],[0,1],[-1,-1],[0,0],[0,0],[0,0]],[[600,201],[0,-1],[0,0],[0,-1],[0,0],[0,-1],[0,0],[0,-1],[0,0],[1,-1],[0,0],[0,0],[0,-1],[0,0],[0,-1],[0,0],[0,0],[0,0],[0,0],[0,0],[1,0],[0,0],[0,0],[0,0],[0,-1],[1,0],[0,0],[0,0],[0,0],[0,0],[0,-1],[0,0],[0,0],[1,0],[0,0],[0,0],[0,0],[0,0],[0,0],[0,0],[1,0],[0,0],[0,0],[0,0],[0,0],[0,0],[0,0],[0,-1],[0,0],[1,0],[0,2],[1,0],[0,1],[0,2],[0,1],[1,0],[0,1],[0,0],[0,0],[1,1],[0,0],[0,0],[0,-1],[0,0],[0,0],[0,0],[0,0],[0,0],[0,1],[1,0],[0,0],[0,0],[1,0],[0,0],[0,0],[1,1],[1,0],[0,1],[1,1],[1,1],[1,1],[0,0],[0,0],[1,1],[0,0],[0,0],[1,0],[0,0],[0,0],[0,1],[-1,0],[0,0],[0,0],[0,0],[0,0],[0,0],[-1,0],[0,0],[0,0],[0,0],[0,0],[-1,0],[0,-1],[0,0],[0,0],[-1,0],[0,-1],[0,0],[-1,-1],[-1,0],[0,-1],[0,0],[-1,0],[0,-1],[-1,0],[0,0],[0,0],[0,0],[-1,0],[0,0],[0,0],[-1,-1],[0,0],[0,1],[-1,0],[0,0],[0,-1],[0,0],[0,0],[0,0],[0,0],[-1,1],[-1,0],[0,0],[0,0],[-1,-1],[0,0],[0,0],[0,0],[0,0],[0,0],[0,0],[-1,0],[0,1],[0,0],[0,0],[0,1],[0,-1],[-1,0],[0,0],[0,0],[-1,0],[0,0],[0,0],[0,0],[0,0],[0,0],[-1,0],[0,0],[0,0]],[[524,230],[0,0],[0,0],[0,0],[0,0],[0,1],[0,0],[0,0],[0,0],[-1,0],[0,0],[0,0],[0,0],[0,0],[0,0],[0,0],[1,-1],[0,0],[0,0],[0,0]],[[531,234],[0,1],[0,0],[0,1],[0,1],[0,0],[0,0],[-1,0],[0,0],[-1,0],[-1,0],[0,0],[-1,0],[0,0],[0,1],[0,0],[0,-1],[0,0],[0,0],[0,0],[0,0],[-1,0],[0,0],[0,0],[0,0],[0,0],[0,0],[0,0],[0,0],[0,-1],[0,0],[0,0],[0,0],[1,-1],[0,0],[0,0],[0,-1],[0,0],[0,0],[0,0],[0,0],[0,0],[1,0],[1,0],[0,0],[1,0],[1,0]],[[601,180],[-1,0],[-1,0],[-1,0],[-1,0],[-1,0],[-1,0],[-1,0],[0,0],[-1,0],[-1,0],[-1,0],[-1,0],[-1,0],[-1,0],[-1,0],[-1,0],[0,0],[0,0],[0,0],[0,0],[0,-1],[0,1],[-1,0],[0,0],[0,0],[-1,0],[-1,0],[-1,0],[-1,0],[-1,0],[-1,0],[-1,0],[-1,0],[-1,0],[-1,0],[-1,0],[-2,0],[-1,0],[-1,0],[-1,0],[-1,0],[0,-1],[0,0],[0,-1],[0,0],[0,-1],[0,-1],[0,0],[0,-1],[0,0],[0,-1],[0,-1],[0,0],[0,-1],[0,-1],[0,0],[0,-1],[0,0],[0,-1],[0,-1],[0,0],[0,-1],[0,0],[0,-1],[0,-1],[0,0],[0,-1],[0,-1],[0,0],[0,-1],[0,0],[0,-1],[0,-1],[0,0],[0,0],[0,-1],[0,0],[0,-1],[0,0],[0,0],[0,-1],[0,0],[0,0],[0,-1],[0,0],[0,0],[0,-1],[0,0],[0,0],[0,-1],[0,0],[0,0],[1,0],[0,0],[0,0],[0,0],[2,0],[1,0],[1,0],[1,0],[1,1],[0,0],[1,0],[0,0],[2,0],[1,1],[0,0],[0,0],[1,0],[0,0],[0,0],[1,-1],[1,0],[0,0],[0,0],[1,0],[0,0],[0,-1],[0,0],[0,0],[1,0],[1,0],[-1,0],[0,0],[0,0],[0,0],[1,0],[0,0],[0,0],[0,0],[0,0],[1,0],[0,0],[1,0],[0,0],[0,0],[1,1],[0,-1],[-1,0],[0,0],[0,1],[0,0],[0,0],[1,0],[0,0],[0,0],[0,0],[0,0],[0,0],[0,0],[0,0],[1,0],[0,0],[0,0],[1,0],[0,0],[1,0],[0,0],[0,0],[0,0],[1,0],[1,0],[0,0],[0,0],[1,0],[0,0],[0,0],[0,1],[0,1],[0,0],[0,0],[1,1],[0,0],[0,1],[0,0],[0,1],[0,0],[0,0],[0,2],[-1,1],[0,0],[0,1],[0,0],[0,0],[-1,0],[-1,0],[0,-1],[-1,0],[0,-1],[0,0],[0,0],[0,-1],[-1,0],[0,-1],[0,0],[0,0],[-1,-1],[0,0],[0,-1],[0,0],[0,1],[0,0],[-1,0],[1,0],[0,1],[0,0],[0,0],[0,1],[0,0],[1,0],[0,1],[0,0],[0,0],[0,0],[1,1],[0,0],[1,1],[0,0],[0,0],[0,1],[0,0],[0,0],[0,1],[1,0],[0,0],[0,1],[0,1],[1,1],[0,1],[1,1],[0,0],[1,2],[1,1],[0,0],[0,0],[1,1],[-1,0],[0,0],[0,0],[0,0],[0,0],[0,1],[0,1],[1,0],[0,1],[0,0],[0,0],[1,0],[1,1],[1,1],[0,0],[0,0]],[[618,209],[0,0],[0,1],[-1,0],[0,0],[0,0],[0,0],[0,0],[-1,0],[0,0],[0,0],[-1,0],[0,0],[0,0],[-1,0],[0,0],[0,0],[0,-1],[0,-1],[0,0],[0,0],[1,0],[0,0],[0,-1],[1,-1],[0,0],[0,0],[0,0],[0,0],[1,0],[0,0],[0,0],[0,0],[0,0],[0,0],[1,0],[0,-1],[0,1],[0,0],[0,0],[1,1],[0,0],[-1,0],[0,0],[0,1],[-1,0],[0,1],[-1,0],[0,0],[0,0],[1,0],[0,0],[0,-1],[1,0],[0,1],[0,0]],[[478,212],[0,0],[0,0],[1,0],[0,0],[0,0],[0,0],[0,0],[1,0],[0,0],[0,0],[0,0],[0,0],[0,0],[1,0],[0,0],[0,0],[0,0],[0,0],[0,0],[0,0],[0,0],[0,0],[0,0],[0,0],[1,0],[0,0],[0,0],[0,-1],[0,0],[0,0],[0,0],[0,0],[0,0],[0,0],[0,0],[0,0],[0,0],[0,0],[1,0],[0,0],[0,0],[0,0],[0,0],[0,1],[0,0],[0,0],[0,0],[0,0],[0,0],[0,0],[0,0],[1,0],[0,0],[0,0],[0,0],[0,0],[0,0],[0,0],[1,0],[0,0],[0,0],[0,0],[1,0],[0,0],[0,0],[0,0],[0,1],[0,0],[1,0],[0,0],[0,0],[0,1],[1,0],[0,0],[0,0],[0,0],[0,0],[1,-1],[0,0],[0,0],[1,0],[0,0],[1,0],[0,0],[0,0],[0,0],[1,1],[0,0],[0,0],[0,0],[0,0],[0,0],[0,0],[0,0],[1,0],[0,0],[0,0],[0,1],[0,0],[0,0],[0,0],[-1,0],[0,0],[1,1],[0,0],[0,0],[0,0],[0,0],[0,1],[0,1],[0,0],[0,0],[0,0],[0,0],[0,0],[0,0],[0,0],[-1,0],[0,1],[0,0],[0,0],[0,0],[0,1],[0,0],[0,0],[0,1],[0,0],[-1,0],[0,1],[0,0],[0,0],[0,0],[0,0],[0,1],[0,0],[1,1],[0,0],[0,0],[0,1],[0,0],[0,0],[0,0],[0,0],[0,0],[0,1],[0,0],[0,0],[0,0],[0,0],[0,0],[0,0],[0,0],[0,0],[0,0],[-1,0],[0,0],[0,0],[0,0],[0,0],[0,0],[-2,0],[0,0],[0,0],[-1,0],[0,0],[-1,0],[2,0],[0,0],[0,0],[-2,0],[0,0],[-1,0],[0,0],[0,0],[-1,0],[0,0],[1,0],[0,0],[0,0],[-1,0],[-1,0],[-1,1],[-1,0],[-1,0],[0,0],[0,1],[-1,0],[0,0],[-1,0],[0,0],[0,0],[0,-1],[0,0],[0,-1],[0,0],[0,0],[1,0],[0,0],[0,0],[0,-1],[0,0],[0,0],[0,0],[0,-1],[0,0],[0,0],[-1,0],[0,0],[0,0],[0,0],[0,0],[0,0],[0,-1],[-1,0],[0,0],[0,0],[0,0],[0,0],[-1,0],[0,0],[0,0],[0,0],[0,0],[0,-1],[0,0],[-1,0],[1,0],[0,0],[0,-1],[0,0],[0,0],[0,0],[0,-1],[0,0],[0,0],[0,0],[0,-1],[0,0],[1,1],[0,-1],[0,0],[0,0],[0,0],[0,-1],[0,0],[0,0],[0,0],[0,0],[0,0],[0,0],[0,0],[-1,0],[0,-1],[0,0],[1,0],[0,0],[0,0],[0,0],[0,0],[1,0],[0,0],[0,0],[0,0],[0,0],[0,0],[0,0],[0,-1],[-1,0],[0,0],[0,0],[0,0],[1,-1],[0,0],[0,0],[-1,0],[0,0],[0,-1],[0,0],[0,0],[0,0],[0,0],[0,0],[0,-1],[0,0],[0,0],[0,0],[0,-1],[0,0]],[[584,263],[0,0],[-1,0],[-1,0],[-1,0],[0,0],[-1,0],[-1,0],[0,0],[0,1],[0,0],[0,0],[0,0],[0,1],[-1,0],[0,0],[0,0],[0,0],[0,1],[0,0],[0,1],[0,0],[0,0],[0,1],[0,0],[0,1],[0,0],[0,0],[0,1],[0,0],[0,1],[0,0],[0,1],[0,0],[0,0],[0,0],[0,0],[0,1],[0,0],[1,0],[0,0],[0,1],[0,0],[1,0],[0,0],[0,0],[1,0],[0,0],[0,0],[0,0],[0,0],[0,0],[0,0],[0,-1],[0,0],[0,1],[0,0],[0,1],[0,0],[0,1],[0,0],[0,1],[0,0],[0,0],[0,0],[0,0],[0,0],[0,0],[0,-1],[0,0],[0,0],[-1,1],[0,0],[0,0],[0,0],[-1,0],[0,0],[0,-1],[0,0],[0,0],[0,-1],[-1,0],[0,0],[0,0],[0,0],[0,0],[0,0],[0,-1],[0,0],[-1,0],[0,0],[-1,0],[0,0],[0,0],[-1,0],[0,-1],[0,0],[0,0],[-1,-1],[0,0],[0,0],[0,0],[0,0],[0,0],[0,0],[0,1],[0,0],[0,0],[-1,0],[0,0],[0,0],[-1,0],[0,0],[-1,0],[0,0],[0,0],[0,-1],[-1,0],[0,0],[0,0],[-1,0],[0,0],[0,0],[0,-1],[0,0],[0,0],[0,0],[0,0],[0,0],[0,0],[-1,0],[0,0],[0,0],[-1,0],[0,0],[0,0],[0,0],[0,0],[0,0],[0,0],[0,0],[-1,-1],[0,0],[0,0],[0,0],[0,0],[0,0],[0,0],[-1,0],[0,0],[0,0],[0,0],[0,0],[-1,0],[0,0],[0,0],[-1,0],[0,0],[-1,0],[0,0],[0,0],[-1,0],[0,1],[0,0],[0,0],[0,0],[0,0],[0,-1],[0,0],[0,0],[0,0],[0,-1],[0,0],[0,0],[0,0],[0,-1],[0,0],[-1,-1],[0,0],[0,-1],[0,0],[0,-1],[0,0],[0,-1],[0,-1],[0,-1],[0,0],[0,-1],[0,-1],[0,0],[0,0],[-1,0],[0,0],[-1,0],[-1,0],[-1,0],[0,0],[0,0],[0,0],[0,-1],[0,0],[0,0],[-1,0],[0,0],[-1,0],[0,0],[-1,1],[0,0],[0,0],[0,1],[0,0],[0,0],[0,0],[0,1],[-1,0],[0,0],[0,0],[-1,0],[0,0],[0,0],[-1,0],[0,0],[-1,0],[0,0],[0,0],[0,0],[-1,0],[0,0],[0,0],[0,0],[-1,-1],[0,0],[0,-1],[0,0],[-1,0],[0,0],[0,-1],[0,0],[0,0],[0,-1],[0,0],[0,0],[0,-1],[0,0],[-1,0],[0,0],[0,0],[0,-1],[0,0],[0,0],[-1,0],[-1,0],[-1,0],[-1,0],[-1,0],[0,0],[-1,0],[0,0],[0,0],[-1,0],[0,0],[-1,0],[0,0],[-1,0],[0,0],[0,0],[0,0],[0,0],[-1,0],[0,0],[0,0],[-1,1],[0,0],[0,0],[0,-1],[-1,0],[0,0],[1,0],[0,0],[0,0],[0,0],[0,-1],[0,-1],[0,0],[0,0],[0,0],[0,0],[0,0],[0,0],[1,0],[0,-1],[0,0],[1,0],[0,0],[0,0],[0,0],[0,0],[0,0],[0,0],[0,0],[1,0],[0,0],[0,0],[0,0],[0,0],[0,0],[0,0],[0,0],[0,-1],[1,0],[0,0],[0,0],[0,0],[0,0],[0,0],[0,0],[1,0],[0,0],[0,0],[0,0],[0,0],[0,0],[0,0],[0,0],[0,1],[0,0],[0,0],[0,0],[0,0],[1,0],[0,0],[0,0],[0,1],[0,0],[0,-1],[1,0],[0,-1],[1,0],[0,0],[0,0],[0,-1],[1,0],[0,0],[0,0],[1,-1],[0,0],[0,-1],[0,-1],[0,-1],[0,-1],[0,0],[0,0],[1,0],[0,-1],[0,0],[1,-1],[0,0],[0,0],[0,-1],[1,0],[0,0],[1,-1],[1,0],[-1,-1],[1,-1],[0,0],[0,-1],[0,-1],[0,-1],[0,-1],[0,0],[0,-1],[0,0],[1,-1],[0,-1],[1,-1],[0,0],[0,-1],[0,0],[0,-1],[0,-1],[0,0],[0,0],[0,-1],[0,0],[0,0],[1,-1],[1,-1],[0,0],[1,0],[0,0],[0,0],[1,1],[0,0],[1,0],[0,1],[0,0],[0,0],[1,0],[0,0],[1,0],[0,0],[0,0],[0,0],[1,1],[0,-1],[1,1],[1,0],[0,0],[0,0],[1,0],[0,-1],[0,0],[0,-1],[0,0],[1,0],[0,0],[0,0],[1,0],[0,0],[0,0],[1,0],[0,0],[1,0],[0,0],[0,0],[1,-1],[1,1],[0,0],[1,0],[0,-1],[0,0],[0,0],[1,0],[0,0],[1,0],[1,0],[1,0],[0,0],[0,0],[0,0],[1,0],[0,0],[0,0],[1,0],[0,0],[0,1],[1,0],[0,0],[0,0],[0,0],[0,1],[0,0],[0,0],[1,0],[0,0],[0,0],[0,0],[0,0],[1,0],[0,0],[0,0],[0,0],[1,0],[0,0],[0,0],[1,0],[0,0],[0,0],[1,0],[0,-1],[0,1],[0,0],[1,0],[0,1],[0,0],[1,0],[0,1],[0,0],[0,0],[1,0],[0,0],[0,0],[0,0],[0,0],[0,0],[0,0],[0,1],[0,0],[0,0],[0,0],[0,0],[0,0],[0,1],[0,0],[0,0],[0,0],[0,0],[0,0],[0,0],[0,1],[0,0],[0,0],[0,1],[1,0],[0,0],[0,0],[0,0],[0,0],[0,0],[0,0],[0,0],[0,0],[0,0],[0,1],[0,0],[0,1],[-2,1],[0,0],[0,0],[0,0],[0,1],[-1,0],[0,0],[0,0],[0,0],[0,1],[0,0],[-1,0],[0,1],[0,0],[0,0],[0,0],[0,0],[0,1],[0,1],[0,0],[0,0],[0,1],[0,0],[0,0],[0,1],[0,0],[0,0],[0,0],[-1,0],[0,0],[0,1],[0,0],[0,0],[0,0],[0,1],[0,0],[0,0],[0,0],[-1,0],[0,1],[0,0],[0,0],[0,0],[0,0],[0,0],[0,1],[0,0],[0,0],[0,0],[1,0],[0,1],[0,0],[0,0],[0,0],[0,1],[0,0],[0,1],[0,0],[0,0],[0,1],[0,0],[0,0],[0,1],[0,0],[0,1],[0,0],[0,0],[1,1],[0,0],[0,0],[0,1],[0,0],[0,0],[0,0],[0,1],[0,0],[0,0],[0,1],[0,0],[0,0],[1,1],[0,0],[0,0],[1,0],[0,1],[0,0],[0,1],[0,0],[1,0],[0,1],[0,0],[0,1]],[[530,251],[1,-1],[0,0],[0,0],[0,0],[1,0],[0,0],[0,0],[0,0],[0,0],[0,0],[0,0],[0,0],[0,0],[0,0],[0,0],[1,-1],[0,0],[-1,0],[0,0],[0,0],[0,0],[0,0],[0,-1],[0,0],[0,0],[0,0],[0,0],[0,0],[0,0],[0,-1],[0,0],[0,0],[0,0],[0,0],[0,0],[0,0],[1,0],[0,0],[0,0],[0,0],[1,0],[0,-1],[0,0],[0,0],[0,0],[0,0],[0,0],[0,-1],[0,0],[0,0],[1,0],[0,0],[0,0],[0,1],[0,0],[1,0],[0,1],[1,0],[0,0],[0,-1],[0,0],[1,0],[0,0],[0,0],[0,1],[0,0],[0,0],[0,0],[0,0],[1,0],[0,0],[0,0],[0,-1],[0,0],[0,0],[0,0],[0,0],[0,0],[0,0],[0,-1],[0,0],[0,0],[0,0],[0,0],[0,-1],[1,0],[-1,0],[0,-1],[0,0],[0,-1],[1,0],[0,0],[-1,0],[0,-1],[0,0],[0,0],[0,0],[-1,0],[0,0],[0,0],[0,-1],[0,0],[0,0],[0,-1],[0,0],[0,0],[0,0],[1,0],[0,0],[0,0],[0,-1],[0,0],[0,0],[0,0],[0,0],[0,0],[0,-1],[0,0],[0,0],[0,0],[0,-1],[-1,0],[0,0],[0,0],[-1,1],[0,0],[-1,0],[0,0],[0,0],[0,0],[0,-1],[0,0],[0,0],[0,0],[0,-1],[0,0],[0,-1],[0,0],[1,0],[1,0],[0,0],[1,0],[1,0],[0,0],[0,0],[0,0],[0,0],[0,0],[1,0],[0,1],[0,0],[0,0],[0,0],[0,0],[0,0],[1,0],[0,0],[0,0],[0,0],[1,0],[0,0],[0,0],[1,0],[0,1],[0,0],[0,-1],[0,0],[0,0],[0,0],[0,0],[0,-1],[0,0],[0,0],[0,0],[0,0],[0,0],[1,-1],[0,0],[0,-1],[0,0],[0,0],[0,0],[0,0],[0,-1],[0,0],[0,0],[0,0],[1,0],[0,-1],[0,0],[1,0],[0,0],[1,0],[0,0],[0,0],[1,0],[0,0],[0,0],[0,0],[0,0],[0,0],[1,0],[0,1],[0,0],[0,-1],[0,0],[0,0],[1,0],[0,1],[0,0],[0,0],[0,1],[0,0],[-1,1],[0,1],[-1,1],[0,0],[0,1],[0,0],[0,1],[0,1],[0,1],[0,1],[0,0],[-1,1],[1,1],[-1,0],[-1,1],[0,0],[-1,0],[0,1],[0,0],[0,0],[-1,1],[0,0],[0,1],[-1,0],[0,0],[0,0],[0,1],[0,1],[0,1],[0,1],[0,0],[-1,1],[0,0],[0,0],[-1,0],[0,1],[0,0],[0,0],[-1,0],[0,1],[-1,0],[0,1],[0,0],[0,-1],[0,0],[0,0],[-1,0],[0,0],[0,0],[0,0],[0,0],[0,-1],[0,0],[0,0],[0,0],[0,0],[0,0],[0,0],[0,0],[-1,0],[0,0],[0,0],[0,0],[0,0],[0,0],[0,0],[-1,0],[0,1],[0,0],[0,0],[0,0],[0,0],[0,0],[0,0],[0,0],[-1,0],[0,0],[0,0],[0,0],[0,0],[0,0],[0,0],[0,0],[-1,0],[0,-1],[0,0],[0,0],[0,0],[0,1],[-1,0],[0,0],[0,0],[0,0],[0,0],[-1,0],[0,0],[0,1],[0,0],[0,0],[0,0],[0,-1],[-1,0],[0,0],[0,0],[0,0],[0,-1],[-1,0],[0,-1],[-1,0]],[[619,273],[0,0],[0,0],[-1,0],[0,-1],[0,-1],[0,0],[0,0],[0,0],[1,0],[0,1],[0,0],[0,1],[0,0]],[[566,187],[0,1],[0,1],[0,2],[0,1],[0,1],[0,1],[0,1],[0,2],[0,0],[0,0],[0,0],[-1,0],[0,0],[0,0],[-1,0],[0,0],[-1,0],[0,0],[0,1],[0,0],[0,1],[0,0],[-1,0],[0,0],[0,0],[0,0],[0,1],[0,0],[0,0],[0,0],[0,0],[-1,0],[0,0],[0,0],[0,1],[0,0],[0,0],[0,0],[0,0],[1,0],[0,0],[0,1],[-1,0],[0,0],[0,0],[0,0],[0,0],[-1,0],[0,0],[0,1],[1,0],[0,0],[0,0],[0,1],[0,0],[0,0],[0,0],[-1,0],[0,1],[0,0],[0,0],[0,0],[0,0],[0,1],[0,0],[0,-1],[1,0],[0,1],[0,0],[0,0],[0,1],[0,0],[0,0],[0,0],[1,0],[0,0],[0,1],[0,1],[0,0],[0,0],[0,0],[0,0],[0,0],[1,0],[0,0],[0,1],[0,0],[-1,0],[0,0],[0,0],[0,0],[-1,0],[0,0],[0,0],[0,1],[0,0],[-1,0],[0,0],[0,0],[0,0],[0,0],[-1,0],[0,0],[0,0],[0,1],[0,0],[0,0],[0,0],[0,0],[0,0],[0,0],[-1,1],[0,0],[0,0],[-1,1],[0,0],[0,0],[0,0],[-1,1],[0,0],[0,0],[0,0],[0,0],[-1,0],[0,0],[-1,0],[0,1],[0,0],[-1,0],[-1,0],[0,0],[0,0],[0,0],[0,0],[0,0],[0,0],[0,0],[0,1],[0,0],[0,0],[0,0],[0,0],[0,0],[-1,1],[0,0],[0,0],[0,0],[0,0],[-1,0],[0,0],[-1,0],[0,0],[-1,0],[0,1],[0,0],[0,0],[-1,0],[0,0],[0,0],[-1,0],[0,1],[0,0],[0,-1],[-1,0],[0,0],[0,0],[0,0],[0,0],[0,0],[0,0],[-1,0],[0,0],[0,1],[-1,0],[0,0],[0,0],[-1,0],[0,-1],[1,0],[0,0],[0,0],[-1,0],[0,0],[0,-1],[0,-1],[-1,0],[0,-1],[0,0],[0,0],[-1,0],[0,0],[0,-1],[-1,0],[0,0],[0,-1],[-1,0],[0,0],[0,0],[0,-1],[1,0],[0,0],[0,0],[1,0],[1,0],[0,0],[0,0],[1,0],[0,0],[0,0],[1,0],[-1,0],[0,-1],[0,0],[0,0],[-1,-1],[0,0],[0,-1],[0,-1],[0,0],[0,0],[0,-1],[0,0],[0,0],[0,0],[0,-1],[0,0],[0,0],[0,-1],[-1,0],[0,-1],[0,0],[0,0],[0,0],[-1,-1],[-1,0],[0,0],[0,-1],[-1,0],[0,-1],[0,-1],[0,0],[0,-1],[1,-1],[1,-1],[0,-1],[1,-1],[2,-1],[0,-1],[0,-1],[1,-2],[0,-1],[0,-1],[0,-1],[0,-1],[0,-1],[0,0],[1,-1],[0,0],[0,-1],[-1,0],[0,-1],[-1,0],[1,0],[-1,-1],[0,-1],[0,0],[-1,0],[0,-1],[0,-1],[0,-2],[1,0],[1,0],[1,-1],[1,1],[1,0],[1,1],[2,0],[1,1],[1,1],[1,0],[2,1],[1,1],[1,0],[2,1],[1,1],[1,0],[2,1],[1,1],[1,0],[2,1]],[[566,216],[0,1],[0,0],[0,0],[0,0],[0,1],[1,0],[0,0],[1,0],[0,0],[0,0],[1,1],[0,0],[0,0],[0,1],[0,0],[0,0],[0,0],[1,0],[1,1],[0,0],[0,0],[1,1],[0,0],[0,0],[0,1],[0,0],[0,0],[0,0],[0,0],[0,1],[1,0],[0,0],[0,0],[1,0],[0,0],[0,1],[0,0],[0,0],[0,0],[0,0],[1,1],[0,0],[0,0],[-1,0],[0,0],[0,0],[-1,0],[0,0],[0,0],[0,0],[-1,0],[-1,0],[-1,0],[0,0],[-1,0],[0,0],[0,0],[0,1],[-1,0],[0,0],[-1,-1],[-1,1],[0,0],[0,0],[-1,0],[0,0],[-1,0],[0,0],[0,0],[-1,0],[0,0],[0,0],[-1,0],[0,0],[0,1],[0,0],[0,1],[-1,0],[0,0],[0,0],[-1,0],[-1,-1],[0,1],[-1,-1],[0,0],[0,0],[0,0],[-1,0],[0,0],[-1,0],[0,0],[0,0],[0,-1],[-1,0],[0,0],[-1,-1],[0,0],[0,0],[-1,0],[0,0],[-1,1],[-1,1],[0,0],[0,0],[0,1],[0,0],[0,0],[0,1],[0,1],[0,0],[0,-1],[-1,0],[0,0],[0,0],[0,1],[0,0],[0,-1],[-1,0],[0,0],[0,0],[0,0],[0,0],[0,0],[-1,0],[0,0],[0,0],[-1,0],[0,0],[-1,0],[0,0],[0,1],[-1,0],[0,0],[0,0],[0,0],[0,1],[0,0],[0,0],[0,0],[0,0],[0,1],[0,0],[-1,1],[0,0],[0,0],[0,-1],[0,0],[0,0],[0,0],[0,0],[0,0],[0,-1],[0,0],[0,0],[0,0],[0,0],[-1,0],[0,0],[0,0],[0,-1],[0,0],[-1,0],[0,-1],[0,0],[-1,0],[0,-1],[0,0],[0,0],[0,0],[0,0],[0,0],[0,0],[0,-1],[0,0],[0,0],[-1,0],[0,0],[0,-1],[0,-1],[0,0],[0,0],[0,0],[0,0],[0,0],[0,-1],[0,0],[0,0],[0,-1],[0,0],[0,0],[0,0],[0,0],[0,0],[-1,0],[0,0],[1,-1],[0,0],[0,0],[0,0],[0,0],[0,0],[0,0],[1,-1],[0,0],[0,0],[0,-1],[0,0],[1,0],[0,-1],[0,0],[0,0],[0,0],[1,0],[0,0],[0,0],[1,0],[0,-1],[0,0],[1,0],[0,0],[0,0],[0,0],[0,0],[0,0],[0,0],[1,0],[0,1],[0,0],[0,-1],[1,0],[0,0],[0,0],[1,0],[0,0],[0,0],[0,-1],[1,0],[0,0],[1,0],[0,0],[1,0],[0,0],[0,0],[0,0],[0,0],[1,-1],[0,0],[0,0],[0,0],[0,0],[0,0],[0,-1],[0,0],[0,0],[0,0],[0,0],[0,0],[0,0],[0,0],[1,0],[1,0],[0,0],[0,-1],[1,0],[0,0],[1,0],[0,0],[0,0],[0,0],[0,0],[1,-1],[0,0],[0,0],[0,0],[1,-1],[0,0],[0,0],[1,-1],[0,0],[0,0],[0,0],[0,0],[0,0],[0,0],[0,-1],[0,0],[0,0],[1,0],[0,0],[0,0],[0,0],[0,0],[1,0],[0,0],[0,-1],[0,0],[0,0],[1,0],[0,0],[0,0],[0,0],[1,1],[0,0],[1,1],[0,0],[0,0],[0,1],[1,0],[0,1],[0,0],[0,1],[-1,0],[0,0],[0,0],[0,1],[0,0],[0,0],[0,0],[0,0],[1,0],[0,0],[1,0],[0,0]],[[436,199],[0,0],[-1,0],[0,0],[0,0],[0,0],[0,0],[0,-1],[0,0],[0,0],[0,0],[1,1],[0,0],[0,0]],[[523,227],[0,0],[1,0],[0,-1],[0,0],[0,-1],[0,0],[0,-1],[1,0],[0,0],[0,-1],[1,0],[0,0],[0,0],[0,-1],[0,0],[1,0],[0,0],[0,0],[0,0],[0,-1],[1,0],[0,0],[0,0],[0,0],[0,0],[0,0],[1,0],[0,0],[0,0],[0,0],[0,0],[0,0],[1,0],[0,1],[0,0],[0,0],[0,0],[0,1],[0,0],[1,0],[0,-1],[0,0],[0,0],[1,0],[0,0],[0,-1],[0,0],[0,0],[0,0],[0,0],[0,0],[0,-1],[0,0],[0,0],[0,0],[1,-1],[0,0],[0,0],[0,-1],[0,0],[0,0],[1,-1],[0,0],[0,0],[1,-1],[0,0],[0,0],[0,0],[0,0],[0,-1],[0,0],[0,-1],[1,0],[0,0],[0,0],[0,0],[0,-1],[0,0],[0,0],[0,0],[1,-1],[0,0],[0,-1],[0,-1],[1,0],[0,0],[0,-1],[1,0],[0,0],[0,0],[1,0],[0,0],[0,0],[0,-1],[0,0],[0,0],[0,-1],[0,0],[0,0],[0,0],[0,0],[0,0],[-1,-1],[0,0],[0,0],[0,0],[0,0],[0,0],[0,0],[-1,-2],[1,0],[1,1],[0,0],[0,0],[0,0],[0,1],[1,0],[0,1],[0,0],[0,0],[0,1],[0,0],[0,0],[0,0],[0,1],[0,0],[0,0],[0,1],[0,1],[0,0],[1,1],[0,0],[0,0],[0,1],[1,0],[-1,0],[0,0],[0,0],[-1,0],[0,0],[0,0],[-1,0],[-1,0],[0,0],[0,0],[-1,0],[0,1],[0,0],[0,0],[1,0],[0,1],[0,0],[1,0],[0,1],[0,0],[1,0],[0,0],[0,0],[0,1],[1,0],[0,1],[0,1],[0,0],[1,0],[0,0],[0,0],[-1,0],[0,1],[0,0],[0,0],[0,0],[0,1],[-1,0],[0,0],[0,1],[0,0],[0,0],[-1,1],[0,0],[0,0],[0,0],[0,0],[0,0],[0,0],[-1,1],[0,0],[1,0],[0,0],[0,0],[0,0],[0,0],[0,0],[0,1],[0,0],[0,0],[0,1],[0,0],[0,0],[0,0],[0,0],[0,0],[0,1],[0,1],[0,0],[1,0],[0,0],[0,0],[0,1],[0,0],[0,0],[0,0],[0,0],[0,0],[0,0],[0,1],[1,0],[0,0],[0,1],[1,0],[0,0],[0,1],[0,0],[0,0],[1,0],[0,0],[0,0],[0,0],[0,0],[0,1],[0,0],[0,0],[0,0],[0,0],[0,0],[0,1],[0,0],[0,0],[0,0],[0,0],[0,0],[0,1],[0,0],[0,0],[0,0],[0,0],[0,1],[0,0],[0,-1],[-1,0],[0,0],[0,0],[-1,0],[0,0],[0,0],[0,0],[-1,0],[0,0],[0,0],[0,0],[0,0],[0,0],[0,-1],[-1,0],[0,0],[0,0],[0,0],[0,0],[0,0],[-1,0],[-1,0],[0,0],[-1,0],[-1,0],[0,0],[0,0],[0,0],[-1,0],[0,0],[-1,0],[0,0],[0,0],[-1,0],[0,0],[0,0],[-1,0],[-1,0],[0,0],[0,0],[0,0],[-1,0],[-1,0],[0,0],[-1,0],[-1,0],[0,0],[0,0],[0,0],[0,0],[0,0],[0,-1],[0,0],[0,-1],[0,0],[0,-1],[0,0],[-1,-1],[1,0],[-1,0],[0,0],[0,0],[0,0],[0,0],[1,0],[0,0],[-1,-1],[0,0],[0,0],[0,0],[0,0],[0,0],[0,0],[0,0],[0,0],[0,0],[0,0],[0,0],[-1,0],[0,0],[0,0],[0,0],[0,0],[0,0],[-1,-1],[0,0],[0,0],[0,0],[0,0],[0,0],[0,0],[0,0],[0,-1],[0,0],[0,1],[0,0],[-1,0],[0,0],[0,0],[0,-1],[0,0]],[[584,247],[-1,0],[0,0],[0,0],[0,0],[0,1],[0,0],[0,0],[0,0],[0,0],[0,0],[0,0],[1,0],[0,0],[0,0],[0,0],[0,1],[0,0],[0,0],[0,0],[0,0],[0,0],[0,0],[0,0],[0,1],[-1,0],[0,0],[0,0],[0,0],[0,0],[0,1],[0,0],[-1,0],[0,1],[-1,0],[0,0],[-1,0],[0,0],[0,-1],[0,0],[0,0],[0,-1],[0,0],[0,-1],[0,0],[0,0],[0,0],[0,-1],[-1,0],[0,0],[0,0],[0,0],[0,-1],[0,0],[1,0],[0,0],[0,0],[0,1],[0,0],[1,0],[0,0],[0,0],[0,0],[1,0],[0,-1],[0,0],[0,0],[0,0],[0,0],[0,0],[0,0],[1,0],[0,0],[0,0],[0,-1],[0,1],[0,0],[1,0]],[[502,210],[0,0],[0,0],[-1,0],[0,0],[0,0],[-1,0],[0,0],[-1,0],[0,0],[0,0],[0,0],[0,0],[0,0],[0,0],[0,0],[-1,0],[0,0],[0,0],[0,0],[0,0],[0,0],[-1,0],[0,0],[0,0],[-1,0],[0,0],[0,0],[-1,0],[-1,0],[-1,0],[-1,0],[0,0],[0,0],[0,0],[0,1],[0,0],[0,0],[0,1],[0,0],[0,0],[0,0],[0,0],[0,0],[0,0],[0,0],[0,1],[0,0],[0,0],[0,1],[0,0],[1,0],[0,0],[0,0],[-1,0],[0,0],[0,0],[0,0],[0,0],[0,0],[0,0],[0,0],[-1,-1],[0,0],[0,0],[0,0],[-1,0],[0,0],[-1,0],[0,0],[0,0],[-1,1],[0,0],[0,0],[0,0],[0,0],[-1,0],[0,-1],[0,0],[0,0],[-1,0],[0,0],[0,-1],[0,0],[0,0],[0,0],[-1,0],[0,0],[0,0],[0,0],[0,-1],[0,0],[0,0],[0,-1],[0,0],[0,0],[0,0],[1,0],[0,-1],[0,0],[0,0],[0,-1],[0,0],[0,0],[0,0],[0,0],[0,0],[0,-1],[0,0],[1,0],[0,0],[0,0],[0,0],[1,0],[0,0],[0,-1],[0,0],[0,0],[0,0],[0,0],[0,-1],[0,0],[0,0],[0,-1],[0,0],[0,0],[1,0],[0,0],[0,0],[0,0],[0,0],[1,0],[0,0],[1,0],[0,0],[0,0],[0,0],[0,-1],[0,0],[0,0],[1,0],[0,0],[0,0],[0,0],[0,0],[0,-1],[0,0],[0,0],[1,-1],[0,0],[0,0],[1,0],[0,0],[1,0],[0,0],[0,0],[0,0],[0,-1],[1,0],[1,0],[0,0],[0,0],[1,-1],[0,0],[0,0],[1,0],[0,0],[0,0],[0,0],[0,0],[1,0],[1,0],[0,1],[0,0],[0,0],[-1,1],[1,0],[0,0],[0,0],[0,1],[0,0],[0,0],[0,0],[1,1],[0,0],[0,0],[0,0],[0,0],[0,0],[1,0],[0,0],[0,0],[0,1],[0,0],[0,0],[0,0],[0,0],[0,0],[0,0],[0,1],[0,0],[0,0],[1,0],[0,1],[0,0],[1,0],[0,0],[0,0],[0,-1],[1,0],[0,0],[0,0],[0,1],[0,0],[0,0],[0,0],[0,0],[0,0],[0,0],[0,0],[0,1],[0,0],[0,0],[0,1],[1,0],[-1,0],[0,0],[0,0],[-1,1],[0,0],[-1,0],[0,0],[0,0],[0,0],[0,0],[0,0],[0,0],[0,0],[-1,0],[0,0],[0,0],[0,0],[0,1],[0,0],[0,0],[0,0],[0,0],[0,0],[0,0],[0,0],[0,0],[0,0],[-1,0]],[[569,289],[0,0],[0,0],[0,0],[0,0],[0,1],[0,0],[1,0],[0,0],[0,1],[0,0],[0,0],[1,1],[0,0],[0,0],[0,0],[0,1],[1,1],[0,0],[0,0],[1,1],[1,0],[0,0],[0,0],[0,0],[1,0],[0,1],[0,0],[0,0],[1,0],[0,0],[0,0],[0,0],[0,1],[0,0],[0,0],[0,0],[0,1],[0,0],[0,0],[0,1],[0,0],[1,0],[0,0],[0,0],[1,0],[1,1],[0,0],[0,0],[0,0],[0,0],[0,0],[0,0],[0,0],[0,0],[1,0],[0,1],[0,0],[0,0],[0,0],[-1,0],[0,0],[0,1],[-1,0],[0,0],[0,0],[-1,0],[0,1],[-1,0],[0,0],[0,0],[0,0],[0,0],[0,1],[0,0],[0,0],[-1,0],[0,0],[0,0],[0,0],[0,0],[-1,0],[0,0],[0,0],[0,1],[0,0],[0,0],[-1,1],[0,1],[0,0],[-1,0],[0,0],[0,0],[-1,1],[0,0],[0,0],[0,0],[0,0],[-1,1],[0,0],[0,1],[0,0],[0,0],[0,0],[-1,1],[0,0],[0,0],[-1,0],[0,0],[0,0],[-1,0],[0,0],[0,0],[-1,-1],[0,0],[0,0],[-1,0],[0,0],[0,0],[-1,-1],[0,0],[0,0],[-1,0],[0,0],[0,0],[0,1],[0,0],[-1,0],[0,0],[0,1],[0,0],[0,1],[0,0],[-1,0],[0,0],[-1,1],[0,0],[0,0],[0,0],[0,0],[-1,0],[0,1],[0,0],[0,0],[0,0],[-1,0],[-1,-1],[0,0],[0,1],[0,-1],[-1,0],[0,0],[0,-1],[1,0],[0,0],[0,0],[0,0],[0,-1],[0,0],[0,0],[0,0],[-1,-1],[0,-1],[0,0],[0,0],[-1,-1],[0,0],[0,0],[0,-1],[0,-1],[0,0],[0,-1],[0,-1],[0,-1],[0,0],[0,-1],[0,-1],[0,-1],[0,0],[1,0],[1,0],[0,0],[0,0],[0,0],[0,-1],[0,-2],[0,-1],[0,-1],[0,-1],[0,-1],[0,-1],[0,-1],[0,-1],[1,0],[1,0],[1,0],[1,0],[1,0],[1,-1],[0,0],[1,0],[0,0],[0,1],[0,0],[0,1],[1,0],[0,0],[0,0],[0,-1],[0,0],[1,0],[0,0],[0,-1],[1,0],[0,0],[0,0],[0,1],[1,-1],[0,0],[1,0],[0,0]],[[504,223],[0,0],[1,0],[0,0],[-1,-1],[0,0],[0,0],[0,0],[0,0],[0,-1],[0,0],[0,0],[0,-1],[0,-1],[0,-1],[0,0],[0,-1],[0,-1],[0,-1],[0,0],[0,0],[0,0],[0,-1],[0,0],[0,0],[0,-1],[0,0],[-1,0],[0,-1],[-1,0],[0,0],[0,0],[0,-1],[0,0],[0,-1],[0,0],[1,0],[0,0],[0,0],[0,0],[0,0],[0,0],[0,0],[0,0],[0,0],[0,0],[0,-1],[0,0],[0,0],[0,0],[1,0],[0,0],[0,0],[0,0],[0,0],[0,0],[0,0],[0,0],[1,0],[0,0],[1,-1],[0,0],[0,0],[1,0],[0,-1],[-1,0],[0,0],[1,0],[0,0],[0,0],[0,0],[0,-1],[1,0],[0,0],[0,0],[1,1],[0,0],[0,1],[0,0],[0,0],[1,0],[0,0],[0,0],[0,1],[0,0],[0,1],[0,0],[0,0],[0,0],[0,0],[0,1],[0,0],[0,0],[0,0],[0,1],[0,0],[0,0],[0,0],[0,0],[0,0],[0,0],[0,0],[0,0],[0,1],[0,0],[0,0],[-1,0],[0,0],[0,0],[0,1],[0,0],[0,0],[0,0],[0,1],[0,0],[-1,0],[0,0],[0,0],[-1,1],[0,1],[0,0],[0,0],[0,1],[0,0],[0,1],[0,0],[0,0],[0,0],[1,1],[0,0],[0,0],[0,0],[0,0],[0,1],[0,0],[0,0],[-1,0],[0,0],[1,1],[0,0],[0,0],[-1,0],[0,1],[0,0],[-1,0],[-1,0],[-1,0]],[[536,253],[0,0],[-1,0],[0,0],[0,1],[-1,0],[0,0],[0,0],[0,0],[0,0],[0,0],[0,0],[0,1],[0,1],[0,0],[0,0],[0,0],[-1,0],[0,0],[0,0],[0,-1],[0,0],[0,0],[0,-1],[0,0],[0,0],[0,0],[0,-1],[0,0],[1,0],[0,0],[0,0],[0,0],[0,0],[1,0],[0,-1],[0,0],[0,0],[0,0],[0,1],[1,0],[0,0]],[[566,270],[0,0],[0,1],[0,0],[0,0],[0,0],[0,0],[0,1],[0,0],[0,0],[0,0],[0,1],[0,0],[-1,0],[1,1],[0,0],[-1,0],[0,1],[0,0],[0,0],[1,1],[0,0],[-1,0],[0,0],[0,0],[-1,0],[-1,0],[-1,0],[-1,0],[0,0],[-1,0],[0,0],[0,1],[0,1],[0,1],[0,1],[0,1],[0,0],[0,1],[0,1],[0,1],[0,1],[1,1],[0,0],[0,0],[0,0],[1,0],[0,1],[1,0],[0,1],[1,0],[-1,1],[-1,0],[-1,0],[-1,0],[-1,0],[0,0],[-1,0],[0,0],[0,0],[-1,0],[0,0],[-1,0],[0,0],[0,0],[-1,0],[-1,0],[0,0],[-1,0],[-1,0],[0,0],[0,0],[-1,0],[0,0],[0,-1],[0,0],[-1,0],[0,0],[0,0],[0,0],[-1,0],[-1,0],[-1,0],[-1,0],[-1,0],[-1,0],[-1,0],[-1,0],[-1,0],[-1,0],[-1,0],[0,0],[-1,0],[0,0],[0,0],[0,0],[0,-1],[-1,0],[0,0],[0,0],[0,0],[-1,0],[0,0],[0,0],[-1,0],[0,0],[0,0],[0,0],[-1,0],[0,0],[0,0],[-1,0],[0,0],[0,0],[0,0],[-1,0],[0,-1],[0,0],[0,-1],[0,-1],[0,0],[0,-1],[0,0],[1,0],[0,0],[0,0],[0,-1],[1,-2],[0,-1],[0,-1],[0,-1],[1,-1],[0,-1],[1,0],[1,-1],[0,0],[0,-1],[1,-1],[0,0],[0,-2],[0,0],[0,0],[0,-1],[-1,0],[0,0],[0,-1],[-1,-1],[0,0],[0,0],[0,-1],[0,0],[0,-1],[0,0],[0,0],[0,0],[0,-1],[0,1],[0,0],[0,0],[1,-1],[0,0],[0,0],[0,-1],[0,0],[-1,-2],[-1,-1],[0,-1],[-1,-1],[0,0],[0,-1],[0,0],[0,0],[0,0],[0,0],[1,0],[1,-1],[0,0],[0,0],[0,0],[0,0],[1,0],[0,0],[1,0],[0,0],[1,0],[0,0],[0,0],[1,0],[0,0],[1,0],[1,0],[1,0],[1,0],[1,0],[0,0],[0,0],[0,1],[0,0],[0,0],[1,0],[0,0],[0,1],[0,0],[0,0],[0,1],[0,0],[0,0],[0,1],[0,0],[1,0],[0,0],[0,1],[0,0],[1,1],[0,0],[0,0],[0,0],[1,0],[0,0],[0,0],[0,0],[1,0],[0,0],[1,0],[0,0],[0,0],[1,0],[0,0],[0,0],[1,0],[0,-1],[0,0],[0,0],[0,0],[0,-1],[0,0],[0,0],[1,-1],[0,0],[1,0],[0,0],[1,0],[0,0],[0,0],[0,1],[0,0],[0,0],[0,0],[1,0],[1,0],[1,0],[0,0],[1,0],[0,0],[0,0],[0,1],[0,1],[0,0],[0,1],[0,1],[0,1],[0,0],[0,1],[0,0],[0,1],[0,0],[1,1],[0,0],[0,1],[0,0],[0,0],[0,0],[0,1],[0,0],[0,0],[0,0],[0,1],[0,0],[0,0],[0,0],[0,0],[0,-1],[1,0],[0,0],[0,0],[1,0],[0,0],[1,0],[0,0],[0,0],[1,0],[0,0],[0,0],[0,0],[0,0],[1,0]],[[523,139],[1,0],[0,0],[-1,1],[0,0],[0,0],[-1,0],[0,0],[0,0],[1,1],[0,0],[0,0],[0,0],[0,1],[0,0],[0,0],[0,1],[0,0],[0,0],[0,0],[0,1],[0,0],[0,0],[0,1],[0,0],[0,0],[-1,0],[0,1],[0,0],[0,0],[-1,0],[0,1],[0,0],[0,0],[-1,0],[1,1],[0,0],[0,0],[0,1],[0,0],[0,0],[1,0],[0,1],[0,0],[0,0],[1,1],[0,0],[0,1],[1,0],[0,0],[1,0],[0,1],[0,0],[0,1],[0,0],[0,1],[1,1],[0,0],[0,1],[0,1],[0,0],[-1,0],[1,0],[0,1],[0,0],[0,0],[1,1],[0,0],[0,1],[0,0],[0,1],[0,2],[0,0],[0,1],[0,0],[0,1],[0,0],[0,1],[0,0],[0,0],[0,1],[-1,0],[0,0],[0,0],[0,1],[0,0],[0,0],[1,1],[0,1],[0,0],[0,1],[1,0],[0,1],[0,0],[0,0],[0,0],[1,0],[0,0],[1,0],[1,1],[1,0],[0,0],[0,1],[0,0],[1,1],[-2,1],[-1,1],[-2,0],[-1,1],[-1,1],[-2,1],[-1,1],[-2,1],[-1,0],[0,1],[-1,0],[-1,1],[0,0],[-1,1],[0,0],[-1,1],[0,0],[-1,0],[-1,0],[-1,1],[-1,0],[0,0],[-1,0],[-1,0],[-1,0],[0,0],[0,0],[0,0],[0,0],[0,0],[0,0],[-1,0],[1,0],[0,-1],[0,0],[0,0],[0,0],[0,0],[0,0],[0,0],[0,-1],[0,0],[0,0],[0,0],[-1,0],[0,0],[0,0],[-1,0],[0,-1],[0,0],[-1,0],[0,0],[-1,0],[0,0],[0,0],[0,-1],[0,0],[-1,0],[0,0],[0,0],[-1,-1],[0,0],[0,0],[0,0],[0,0],[0,-1],[0,0],[-1,0],[-1,-1],[-1,-1],[-1,0],[-1,-1],[-1,0],[-1,-1],[0,0],[-1,-1],[-1,-1],[-1,0],[-1,-1],[-1,0],[-1,-1],[-1,-1],[-1,0],[0,-1],[-1,0],[-1,-1],[0,0],[-1,0],[-1,-1],[0,0],[-1,0],[0,0],[-1,-1],[0,0],[-1,0],[0,-1],[-1,0],[0,0],[-1,-1],[0,0],[-1,0],[0,-1],[-1,0],[0,0],[-1,0],[0,-1],[0,0],[0,-1],[0,-1],[0,0],[0,-1],[0,0],[0,0],[0,0],[1,0],[0,-1],[0,0],[0,0],[1,0],[0,-1],[1,0],[0,0],[1,0],[0,0],[0,0],[0,-1],[0,0],[0,0],[1,0],[0,0],[1,0],[0,0],[0,0],[0,0],[0,0],[0,0],[0,0],[0,0],[0,0],[0,0],[1,0],[0,0],[0,0],[1,0],[0,0],[1,-1],[0,0],[1,0],[0,0],[0,-1],[0,0],[1,0],[0,0],[1,-1],[0,0],[1,0],[0,0],[0,0],[1,0],[0,0],[0,-1],[0,0],[0,0],[0,0],[0,0],[0,0],[0,0],[0,0],[0,0],[0,-1],[0,0],[0,0],[-1,0],[0,0],[1,0],[0,0],[0,0],[0,0],[1,0],[1,-1],[0,0],[0,0],[0,0],[0,0],[0,-1],[1,0],[0,0],[0,0],[1,0],[0,0],[1,0],[1,0],[0,0],[1,0],[0,0],[0,0],[0,0],[0,0],[0,0],[0,-1],[0,0],[0,0],[-1,0],[0,0],[0,0],[0,-1],[0,0],[0,-1],[-1,0],[1,-1],[-1,0],[0,0],[0,0],[0,-1],[0,0],[0,-1],[0,0],[0,0],[0,0],[0,0],[0,0],[0,-1],[0,0],[0,0],[0,0],[-1,0],[0,-1],[0,0],[0,0],[1,0],[0,0],[1,0],[0,0],[1,-1],[0,0],[0,0],[2,-1],[0,0],[0,0],[1,0],[0,0],[0,0],[1,-1],[0,0],[1,0],[1,0],[0,-1],[2,0],[1,0],[1,0],[1,0],[0,0],[2,0],[0,-1],[3,0],[0,0],[1,1],[0,0],[0,0],[1,0],[1,0],[1,-1],[0,0],[0,0],[1,0],[0,0],[1,0],[1,0],[0,0],[0,0],[0,0],[1,0],[0,0],[1,0],[0,0],[1,0]],[[399,388],[0,0],[0,0],[0,0],[0,0],[1,0],[0,0],[0,0],[0,0],[0,0],[0,1],[0,0],[1,0],[0,-1],[0,1],[0,0],[0,0],[0,0],[0,0],[1,0],[0,0],[0,0],[0,1],[0,0],[0,0],[0,0],[0,0],[-1,0],[0,0],[0,0],[0,0],[-1,-1],[0,0],[0,0],[0,0],[0,0],[-1,0],[0,0],[0,0],[0,0],[0,0],[-1,0],[0,-1],[-1,0],[0,0],[0,0],[0,0],[-1,0],[0,0],[0,0],[1,0],[1,0],[0,0],[0,0],[1,0]],[[689,374],[0,0],[0,0],[1,0],[0,0],[0,0],[0,0],[0,0],[0,0],[0,1],[0,0],[0,0],[0,0],[1,0],[0,0],[0,0],[1,-1],[0,0],[0,0],[0,0],[0,0],[1,0],[0,0],[0,1],[0,0],[0,0],[-1,0],[0,0],[0,0],[0,0],[0,0],[0,0],[0,0],[-1,0],[0,0],[0,0],[0,0],[0,0],[0,0],[0,0],[0,0],[0,1],[0,0],[1,0],[0,0],[0,-1],[0,1],[0,0],[0,0],[0,0],[0,0],[0,0],[0,0],[-1,0],[0,0],[0,0],[0,0],[-1,0],[0,0],[0,0],[0,0],[-1,0],[0,0],[0,0],[0,0],[-1,0],[0,0],[0,0],[0,0],[0,0],[0,-1],[0,0],[0,0],[0,0],[0,0],[0,0],[0,0],[0,0],[0,-1],[0,0],[0,0],[0,0],[0,0],[0,0],[0,0],[0,-1],[0,0],[1,0],[0,0],[0,0],[0,0],[0,0],[0,0],[0,1],[0,0],[0,0],[0,0],[0,0],[0,0]],[[376,456],[1,0],[1,0],[2,0],[0,0],[1,0],[0,0],[0,0],[0,0],[1,1],[0,0],[0,0],[1,0],[0,1],[-1,0],[0,1],[0,0],[-1,0],[0,0],[0,0],[-1,0],[0,0],[1,0],[0,0],[0,0],[0,0],[0,0],[-15,2],[-1,0],[-1,0],[0,0],[0,0],[-12,0],[0,0],[0,0],[-1,0],[0,0],[0,-1],[1,0],[0,0],[1,0],[1,-1],[0,0],[0,0],[1,0],[0,0],[1,0],[0,0],[1,0],[0,0],[0,0],[0,0],[2,0],[1,-1],[2,0],[0,-1],[0,0],[1,0],[-1,0],[0,0],[0,0],[0,0],[-1,0],[1,0],[0,0],[0,-1],[0,0],[0,0],[0,0],[0,0],[1,0],[0,0],[-1,0],[0,0],[1,-1],[0,0],[0,0],[0,0],[2,-1],[1,0],[0,-1],[4,0],[0,0],[1,0],[1,0],[2,0],[0,0],[2,0],[1,0],[1,0],[1,1],[0,0],[1,0],[0,0],[0,0],[0,0],[0,1],[0,0],[0,0],[-3,0],[-1,0],[0,0],[0,1],[0,0]],[[337,460],[0,0],[0,1],[-1,0],[0,0],[0,0],[-1,0],[-1,0],[-4,0],[-1,0],[-1,0],[0,0],[0,0],[-1,-1],[-1,1],[-1,0],[0,0],[-1,0],[0,0],[-2,-1],[-3,0],[-1,0],[0,0],[-1,0],[1,0],[0,-1],[0,0],[1,0],[0,0],[0,1],[0,0],[0,0],[1,0],[9,0],[1,0],[2,0],[0,0],[1,0],[-1,0],[0,-1],[-1,0],[0,0],[0,0],[1,0],[1,0],[-1,0],[0,0],[1,-1],[0,0],[1,0],[2,0],[1,0],[0,1],[0,0],[0,0],[0,0],[1,0],[0,0],[0,0],[-1,0],[0,1],[0,0],[0,0]],[[309,429],[-1,1],[1,-1],[0,1],[0,0],[1,0],[0,1],[1,0],[0,1],[1,1],[1,0],[0,0],[0,1],[0,0],[0,0],[0,0],[0,1],[1,1],[-1,0],[0,1],[0,0],[0,0],[-1,1],[-1,0],[0,0],[-3,1],[-1,0],[0,0],[-1,0],[-1,0],[-1,0],[-2,0],[0,0],[0,0],[0,0],[-1,0],[0,0],[0,-1],[-1,0],[0,0],[0,0],[1,0],[0,0],[1,0],[0,0],[1,0],[1,0],[2,0],[1,0],[0,0],[1,0],[0,-1],[0,0],[-1,0],[0,0],[-1,1],[-1,0],[0,0],[-1,0],[-1,-1],[0,0],[3,0],[0,0],[0,0],[0,0],[0,0],[-1,0],[0,0],[-1,0],[0,-1],[-1,0],[-1,0],[0,0],[0,0],[-1,1],[0,0],[-1,0],[-1,0],[0,0],[-1,0],[0,0],[1,0],[0,0],[0,0],[-1,0],[0,0],[-1,0],[0,0],[0,0],[0,0],[-1,0],[0,0],[-1,0],[0,0],[0,0],[-1,0],[0,0],[0,-1],[0,0],[0,0],[0,0],[0,0],[0,0],[0,0],[1,0],[0,0],[1,0],[0,0],[1,0],[0,0],[0,0],[0,0],[0,0],[0,-1],[0,0],[0,0],[0,0],[0,0],[1,0],[0,0],[0,1],[1,0],[0,0],[0,0],[0,0],[0,-1],[0,0],[0,0],[0,0],[0,0],[1,0],[1,0],[1,0],[1,0],[-1,0],[-1,0],[-1,0],[0,0],[1,-1],[1,0],[2,1],[1,0],[0,-1],[0,0],[2,0],[1,0],[0,0],[0,0],[1,1],[0,0],[0,-1],[0,0],[0,0],[0,0],[0,0],[0,0],[0,0],[-1,0],[0,0],[0,0],[-1,0],[-1,0],[0,0],[-1,-1],[0,0],[1,0],[1,0],[1,-1],[0,0],[1,0],[0,1],[1,0],[0,0],[-1,-1],[-1,0],[0,0],[0,0],[-1,0],[-1,0],[0,0],[0,0],[-2,0],[0,0],[0,0],[0,-1],[0,0],[0,0],[0,0],[0,0],[0,-1],[0,0],[0,0],[-1,0],[0,-1],[0,0],[0,0],[0,0],[0,0],[0,0],[0,0],[1,0],[1,-1],[3,0],[0,0],[0,1],[0,0],[1,0],[0,0]],[[232,437],[0,0],[0,0],[0,0],[1,0],[0,0],[1,0],[-1,0],[0,0],[1,0],[0,0],[0,0],[0,0],[0,0],[1,0],[0,0],[2,0],[0,0],[0,0],[-1,0],[-1,1],[0,0],[0,0],[1,0],[0,0],[2,-1],[0,0],[1,0],[0,0],[0,1],[0,0],[-1,0],[-1,0],[1,0],[0,0],[-1,1],[-1,-1],[-1,0],[0,1],[0,0],[-1,-1],[0,0],[-1,0],[0,0],[-1,0],[-1,0],[-1,0],[0,0],[-1,0],[-1,0],[0,0],[-1,0],[-1,0],[0,0],[0,0],[-4,-1],[0,0],[-1,0],[0,0],[-1,0],[0,0],[0,0],[1,0],[0,0],[5,0],[0,0],[0,0],[1,0],[0,0],[0,0],[0,0],[1,0],[1,0],[0,0],[1,0],[0,-1],[1,0],[1,0],[0,1]],[[170,442],[1,0],[0,0],[0,0],[-2,1],[0,0],[0,0],[0,0],[0,0],[0,0],[0,0],[-3,1],[-2,-1],[0,0],[0,0],[0,0],[0,0],[0,0],[0,0],[0,0],[1,-1],[0,0],[-1,0],[0,0],[0,0],[-1,0],[0,0],[0,0],[0,0],[0,0],[1,0],[0,0],[1,0],[2,0],[1,0],[2,0],[0,0]],[[155,440],[0,1],[1,0],[0,0],[0,0],[1,0],[0,0],[0,0],[0,0],[1,1],[0,0],[-1,0],[-1,0],[0,0],[0,0],[0,0],[0,0],[0,0],[1,0],[0,0],[1,0],[0,0],[0,0],[1,0],[0,0],[1,0],[1,0],[0,0],[0,0],[0,0],[0,0],[0,0],[0,1],[1,0],[0,0],[0,0],[0,0],[-1,0],[0,0],[0,0],[-2,0],[-1,0],[-1,0],[0,0],[-1,0],[0,-1],[-1,0],[-1,0],[0,0],[0,0],[0,0],[0,0],[0,-1],[-1,0],[0,1],[0,0],[0,0],[-1,0],[0,0],[0,-1],[0,0],[0,0],[0,0],[0,0],[0,0],[1,0],[0,0],[0,-1],[1,0],[1,0]],[[65,458],[-3,0],[-2,0],[-2,0],[-4,-1],[-1,0],[-1,0],[-1,0],[0,0],[0,-1],[0,0],[0,0],[1,0],[1,0],[1,-1],[0,0],[0,0],[1,0],[0,0],[1,0],[1,1],[1,0],[1,0],[2,0],[1,1],[1,0],[1,0],[0,0],[0,1],[1,0],[0,0],[0,0],[0,0],[0,0],[0,0],[0,0]],[[957,452],[1,0],[2,0],[3,0],[0,0],[-1,0],[-1,0],[0,0],[-1,0],[-1,0],[-1,0],[-1,1],[0,0],[-1,0],[0,0],[-1,0],[-1,-1],[0,0],[1,0],[0,0],[0,0],[0,0],[0,-1],[0,0],[0,0],[1,0],[0,0],[1,0],[0,0],[0,1]],[[415,458],[0,0],[1,0],[0,0],[0,0],[0,0],[2,0],[1,1],[0,0],[0,0],[-1,0],[-1,0],[-1,0],[-2,0],[-1,-1],[0,0],[0,0],[1,0],[1,0]],[[407,457],[0,0],[-7,0],[0,0],[0,0],[1,0],[0,0],[1,0],[1,-1],[0,0],[3,1],[1,0],[0,0],[0,0]],[[308,458],[-1,0],[-1,0],[-1,0],[-1,0],[0,0],[0,0],[0,-1],[0,0],[0,0],[1,-1],[0,0],[2,0],[0,0],[2,0],[0,-1],[1,0],[6,-1],[1,0],[0,0],[1,0],[-1,1],[0,0],[-1,0],[0,0],[-2,1],[-2,0],[-1,1],[-1,0],[0,0],[0,1],[-1,0],[-1,0],[0,0]],[[342,415],[0,0],[0,0],[0,0],[0,0],[1,0],[0,0],[0,0],[1,0],[-1,1],[1,0],[-1,0],[0,0],[0,0],[0,0],[0,0],[0,0],[-1,0],[0,0],[0,0],[0,0],[0,0],[0,0],[0,0],[0,0],[0,0],[-1,0],[0,0],[0,0],[0,0],[0,0],[0,0],[0,0],[0,-1],[0,0],[0,0],[-1,0],[0,0],[0,0],[1,0],[0,0],[0,0],[0,0],[1,0],[0,0],[0,0],[0,0],[0,0],[0,0],[0,0]],[[348,413],[0,0],[1,0],[0,0],[0,0],[0,0],[0,0],[-1,0],[0,0],[-1,0],[0,0],[0,0],[-1,1],[0,0],[0,-1],[0,0],[0,0],[0,0],[0,0],[0,0],[1,0],[1,0],[0,0],[0,0]],[[342,409],[0,0],[0,0],[0,0],[0,1],[0,0],[0,0],[0,0],[-1,0],[0,0],[0,0],[0,0],[0,0],[-1,0],[0,0],[0,0],[0,0],[0,0],[-1,0],[0,0],[0,0],[0,0],[0,0],[1,0],[0,0],[0,-1],[1,1],[1,-1]],[[327,416],[0,1],[0,0],[1,0],[0,0],[0,0],[0,0],[-1,0],[0,0],[0,0],[0,0],[-1,0],[0,0],[0,0],[0,0],[0,0],[-1,0],[0,0],[0,0],[-1,0],[0,0],[1,0],[0,-1],[0,0],[0,0],[1,0],[0,0],[0,0],[0,0],[0,0],[0,0],[1,0],[0,0],[0,0],[0,0]],[[330,416],[-1,0],[0,0],[0,0],[0,1],[0,-1],[-1,0],[0,0],[1,0],[0,0],[0,0],[0,0],[0,-1],[0,0],[0,0],[0,0],[0,0],[1,0],[0,0],[0,0],[0,0],[0,1],[0,0],[0,0],[0,0],[0,0]],[[314,425],[0,0],[0,0],[-1,0],[0,0],[0,0],[0,0],[0,0],[0,0],[-1,0],[0,0],[0,0],[0,0],[0,0],[-1,0],[0,0],[0,0],[0,0],[0,0],[0,-1],[1,0],[0,0],[0,-1],[1,0],[0,0],[0,0],[1,-1],[1,0],[0,0],[0,1],[0,0],[-1,0],[0,0],[0,0],[0,0],[0,0],[1,1],[0,0],[0,0],[0,0],[-1,0],[0,0],[0,0],[-1,0],[1,0],[0,0],[0,1],[0,0]],[[299,433],[0,0],[0,1],[-2,0],[-1,0],[0,0],[-4,1],[0,0],[-1,0],[0,-1],[0,0],[0,0],[0,0],[1,0],[0,0],[2,0],[1,0],[0,-1],[0,0],[0,0],[0,0],[0,0],[1,0],[0,1],[0,0],[0,-1],[0,0],[1,0],[0,0],[0,0],[0,0],[1,0],[0,0],[0,0],[1,0]],[[295,431],[1,0],[0,0],[0,0],[1,0],[-1,0],[0,0],[0,1],[-1,0],[-1,0],[-1,0],[0,0],[0,0],[0,-1],[0,0],[0,0],[1,0],[0,0],[0,0],[1,0],[0,0],[0,0]],[[297,440],[-1,0],[0,0],[0,0],[0,1],[0,0],[0,0],[0,0],[1,0],[0,0],[-1,0],[-3,0],[-1,-1],[0,0],[0,0],[0,0],[0,0],[0,0],[1,0],[0,0],[1,0],[0,0],[0,0],[0,0],[0,0],[0,0],[-1,0],[0,-1],[0,0],[1,0],[2,0],[1,0],[0,1],[0,0],[0,0]],[[251,440],[-1,0],[0,0],[0,0],[0,-1],[0,0],[0,0],[-1,0],[1,0],[0,-1],[1,0],[1,1],[0,0],[0,0],[0,0],[0,0],[0,0],[0,1],[0,0],[-1,0],[0,0]],[[958,454],[0,0],[0,0],[-2,0],[-1,0],[0,0],[-1,0],[0,0],[0,0],[0,0],[0,0],[1,0],[1,0],[0,0],[1,0],[0,-1],[1,0],[0,0],[0,0],[0,1],[0,0]],[[776,420],[-1,0],[0,0],[-1,0],[0,0],[0,-1],[0,0],[0,0],[1,0],[0,0],[1,0],[0,0],[1,0],[0,0],[0,0],[-1,1]],[[573,433],[0,0],[0,0],[-1,0],[0,0],[-1,0],[0,-1],[0,0],[0,0],[1,0],[0,0],[1,0],[0,0],[0,0],[0,0],[0,1]],[[491,433],[0,0],[-1,0],[0,0],[1,-1],[0,0],[1,0],[0,0],[1,0],[0,1],[0,0],[0,0],[-2,0]],[[319,459],[0,0],[0,0],[0,0],[-1,0],[-1,0],[0,-1],[0,0],[0,0],[-2,0],[0,0],[0,0],[0,0],[1,0],[1,0],[0,0],[0,0],[2,0],[1,0],[0,0],[1,0],[0,0],[0,1],[-1,0],[0,0],[-1,0]],[[316,457],[0,0],[-2,0],[-1,0],[0,0],[0,0],[0,0],[0,0],[1,0],[1,0],[1,0],[1,0],[-1,0],[0,0],[0,0],[0,0]],[[347,413],[-1,0],[0,0],[-1,0],[0,0],[0,-1],[1,0],[1,0],[0,0],[0,0],[0,1],[0,0]],[[331,431],[-1,0],[0,0],[0,-1],[-1,0],[0,-1],[0,0],[0,0],[1,0],[0,0],[1,1],[0,0],[0,0],[0,0],[0,0],[0,0],[0,1],[0,0]],[[334,411],[0,0],[2,0],[0,0],[0,0],[-1,1],[0,0],[0,-1],[0,0],[-1,0],[0,0],[0,0],[-1,0],[0,0],[0,0],[0,0],[0,0],[1,0],[0,0],[0,0],[0,0]],[[303,431],[0,0],[-1,0],[-1,0],[0,-1],[0,0],[0,0],[0,0],[1,0],[0,0],[1,1]],[[240,439],[0,0],[0,0],[0,0],[1,-1],[1,0],[0,0],[0,0],[0,1],[0,0],[-2,0]],[[214,440],[0,0],[-1,0],[0,0],[0,0],[0,0],[0,0],[0,0],[1,0]],[[173,443],[0,0],[-1,0],[0,0],[0,0],[1,0],[0,-1],[0,0],[0,0],[0,0],[0,0],[1,0],[1,0],[0,0],[0,0],[0,0],[0,0],[-1,1],[-1,0]],[[152,444],[-1,0],[0,0],[-1,0],[0,0],[0,0],[0,0],[0,-1],[0,0],[1,0],[1,1],[0,0],[0,0],[0,0],[0,0]],[[57,467],[-1,0],[-2,0],[0,0],[0,0],[-1,0],[0,0],[0,0],[0,0],[0,0],[-1,0],[0,0],[3,0],[1,0],[0,0],[2,0],[0,0],[-1,0]],[[61,463],[0,0],[-7,0],[-2,0],[0,0],[0,0],[0,0],[0,0],[0,-1],[2,0],[2,0],[2,1],[2,0],[1,0],[0,0],[0,0]],[[964,441],[0,0],[-1,0],[0,0],[1,0],[0,0],[0,0],[0,0],[0,0],[0,0],[1,0],[-1,0],[0,0]],[[764,421],[0,0],[1,0],[0,0],[0,0],[0,0],[0,0],[-2,0],[0,0],[0,0],[1,0],[0,0]],[[783,419],[-1,0],[0,0],[0,0],[0,0],[0,0],[0,0],[-1,-1],[0,0],[0,0],[0,0],[1,0],[0,0],[0,1],[0,0],[0,0],[1,0],[0,0]],[[735,423],[-1,0],[0,0],[0,0],[-1,0],[0,0],[0,0],[1,0],[1,0],[0,0],[0,0]],[[697,433],[0,0],[-1,0],[0,0],[0,0],[0,0],[0,-1],[0,0],[0,0],[0,0],[0,1],[0,0],[1,0],[0,0],[0,0],[0,0],[0,0],[0,0]],[[544,432],[0,0],[-1,-1],[0,0],[0,0],[0,0],[0,0],[0,0],[0,0],[0,0],[1,0],[1,0],[0,0],[0,0],[-1,1]],[[508,433],[-1,0],[0,0],[0,0],[0,0],[1,0],[1,0],[0,0],[0,0],[0,0],[0,0],[-1,0]],[[504,432],[-1,1],[0,0],[0,-1],[0,0],[0,0],[0,0],[0,0],[1,0],[0,0],[0,0],[0,0]],[[493,434],[0,0],[1,0],[0,0],[0,0],[0,0],[0,0],[0,0],[-1,1],[-1,0],[0,0],[0,-1],[0,0],[0,0],[0,0],[0,0],[0,0],[-2,0],[0,-1],[0,0],[2,0],[0,0],[1,1]],[[512,433],[0,0],[-1,0],[0,0],[0,-1],[0,0],[0,0],[1,0],[0,0],[1,0],[0,1],[0,0],[-1,0]],[[444,442],[0,1],[0,0],[0,0],[0,0],[0,1],[0,0],[0,0],[-1,0],[0,0],[0,0],[0,-1],[-1,0],[0,0],[-1,0],[-1,0],[0,0],[2,-1],[0,0],[1,0],[0,0],[0,0],[0,-1],[1,0],[0,1],[0,0],[0,0]],[[334,433],[0,0],[0,0],[-1,0],[0,0],[0,0],[1,0],[0,0],[1,0],[0,0],[0,0],[-1,0]],[[320,420],[-1,0],[0,0],[0,0],[0,0],[0,0],[0,0],[1,0],[0,-1],[0,0],[1,0],[0,1],[0,0],[-1,0],[0,0],[0,0],[0,0],[0,0]],[[316,425],[-1,0],[0,0],[0,0],[0,0],[0,0],[0,0],[1,0],[0,0],[0,0],[0,0],[0,0],[0,0],[0,0]],[[298,441],[0,0],[0,0],[-1,0],[0,-1],[1,0],[0,0],[0,0],[1,0],[0,0],[0,0],[-1,1],[0,0]],[[181,443],[-1,0],[-1,0],[0,0],[0,0],[3,-1],[0,0],[1,0],[-1,0],[-1,1],[0,0],[0,0],[1,0],[-1,0],[0,0]],[[142,444],[-1,0],[-1,0],[0,0],[-1,0],[0,0],[0,0],[0,0],[0,-1],[1,0],[0,0],[0,0],[1,1],[1,0],[0,0],[0,0],[0,0]],[[103,447],[0,0],[-1,0],[-1,0],[0,0],[0,0],[0,0],[1,0],[1,0],[0,0],[0,0],[0,0]],[[99,451],[-1,0],[0,0],[0,-1],[0,0],[0,0],[0,0],[1,0],[1,0],[0,0],[-1,1]],[[92,450],[1,0],[1,0],[0,0],[1,0],[-1,0],[0,0],[-1,0],[0,0],[-1,0],[-1,0],[1,0]],[[99,449],[-1,0],[0,-1],[-1,0],[0,0],[0,0],[0,0],[0,0],[1,0],[1,1]],[[89,452],[0,0],[-3,-1],[0,0],[1,0],[0,0],[2,1],[0,0],[0,0]],[[79,459],[0,0],[-1,0],[0,0],[-2,0],[0,0],[-1,-1],[-1,0],[0,0],[2,0],[2,1],[1,0],[0,0]],[[92,451],[0,0],[-1,0],[-1,0],[0,0],[-1,0],[-1,0],[0,0],[0,-1],[1,0],[0,0],[1,0],[1,0],[0,0],[0,1],[1,0],[0,0],[0,0],[0,0]],[[68,465],[0,0],[0,-1],[-1,0],[-1,0],[0,0],[-1,0],[1,0],[1,0],[0,0],[2,0],[-1,1]],[[645,195],[-1,0],[-1,0],[0,1],[0,0],[0,1],[0,0],[0,0],[-1,1],[0,0],[0,0],[-1,0],[0,0],[0,0],[-1,1],[-1,0],[-1,0],[0,0],[-1,1],[-1,0],[-1,0],[0,0],[-1,1],[0,0],[0,0],[0,0],[-1,1],[0,0],[0,0],[-1,0],[0,0],[-1,0],[0,0],[0,0],[-1,0],[0,1],[-1,0],[-1,0],[0,0],[0,0],[-1,0],[-1,0],[0,1],[-1,0],[-1,0],[0,0],[-1,1],[0,0],[0,0],[0,0],[-1,0],[0,0],[-1,1],[0,0],[0,0],[-1,0],[0,0],[0,0],[-1,-1],[0,0],[0,0],[-1,-1],[0,-1],[0,0],[0,-1],[0,0],[0,-1],[0,0],[0,0],[0,-1],[0,0],[-1,0],[0,0],[0,0],[0,-1],[0,0],[0,0],[0,0],[0,0],[0,-1],[0,0],[0,0],[0,0],[0,0],[0,-1],[0,-1],[0,-1],[0,0],[1,0],[0,0],[0,0],[0,0],[0,-1],[0,0],[0,0],[0,0],[0,0],[0,-1],[0,0],[0,0],[0,0],[0,0],[0,0],[0,-1],[0,0],[1,0],[0,0],[0,0],[0,0],[0,1],[0,0],[1,0],[0,0],[0,0],[0,0],[0,0],[0,0],[1,0],[0,0],[1,0],[0,0],[1,0],[0,0],[1,0],[0,0],[0,0],[0,0],[1,0],[1,0],[1,0],[0,0],[1,0],[0,0],[0,0],[0,0],[0,1],[1,0],[0,0],[0,0],[1,-1],[0,0],[0,-1],[0,0],[1,0],[0,-1],[0,0],[1,0],[0,-1],[1,0],[1,0],[0,-1],[0,0],[1,0],[1,0],[1,0],[1,0],[1,0],[0,0],[1,0],[1,-1],[0,0],[1,0],[0,1],[0,0],[0,0],[1,0],[0,1],[0,0],[0,0],[0,0],[0,1],[0,0],[0,0],[1,1],[0,0],[0,0],[0,0],[0,1],[0,0],[0,0],[0,0],[1,1],[0,0],[0,0],[0,1]],[[647,206],[0,0],[0,0],[1,0],[1,0],[0,0],[0,0],[-1,0],[0,0],[-1,0],[0,0],[-1,0],[0,0],[0,0],[0,0],[0,0],[0,-1],[1,0],[0,1]],[[795,181],[0,0],[0,0],[-1,1],[0,0],[0,0],[0,0],[-1,0],[0,0],[0,1],[0,0],[0,0],[0,0],[0,0],[-1,0],[0,0],[0,0],[0,0],[0,0],[0,0],[0,0],[0,0],[0,0],[0,0],[-1,1],[0,0],[0,1],[0,0],[-1,1],[0,0],[0,0],[-1,1],[0,0],[0,0],[0,0],[0,1],[0,0],[0,0],[0,1],[0,0],[0,0],[0,0],[0,1],[1,0],[0,0],[0,0],[1,1],[0,0],[0,0],[0,1],[0,0],[0,0],[0,0],[1,1],[0,0],[1,1],[0,0],[0,0],[1,1],[0,0],[0,0],[0,0],[1,0],[0,1],[0,0],[0,0],[0,0],[0,0],[0,0],[1,0],[0,0],[0,0],[0,0],[0,0],[0,0],[0,1],[0,0],[1,1],[0,0],[0,0],[0,0],[1,1],[0,0],[0,1],[0,0],[0,0],[0,1],[0,0],[1,0],[0,1],[0,0],[0,0],[0,1],[0,-1],[0,1],[0,0],[0,1],[0,0],[0,1],[0,0],[0,0],[0,1],[0,0],[0,-1],[0,0],[0,1],[0,0],[-1,0],[1,1],[0,0],[0,0],[0,1],[0,-1],[0,0],[-1,0],[0,0],[0,1],[0,0],[0,0],[0,0],[0,0],[0,0],[0,0],[0,1],[0,0],[-1,0],[0,1],[0,0],[-1,0],[0,0],[0,0],[-1,0],[0,1],[0,0],[-1,0],[0,1],[0,0],[-1,0],[0,0],[0,0],[0,-1],[0,0],[0,0],[-1,0],[0,0],[0,1],[0,0],[0,0],[0,0],[0,-1],[-1,1],[0,0],[1,0],[0,0],[0,0],[0,0],[0,0],[-1,0],[0,0],[0,0],[0,0],[1,0],[0,0],[0,1],[0,0],[0,0],[0,0],[0,0],[-1,0],[0,0],[0,0],[-1,-1],[0,0],[1,1],[0,1],[0,0],[0,0],[0,0],[0,0],[-1,0],[0,-1],[-1,0],[1,1],[0,0],[0,0],[0,0],[0,0],[-2,1],[0,1],[0,0],[0,0],[-1,1],[0,0],[-1,0],[1,-1],[-1,0],[0,-1],[1,-1],[0,-1],[0,0],[0,0],[0,0],[0,0],[0,0],[0,0],[0,0],[-1,-1],[0,0],[0,0],[0,0],[0,0],[0,0],[-1,0],[1,0],[0,0],[0,-1],[0,0],[0,0],[1,0],[0,0],[0,0],[0,0],[0,0],[0,0],[0,-1],[0,0],[0,0],[1,0],[0,1],[0,-1],[0,0],[0,0],[1,0],[0,0],[0,0],[0,0],[0,0],[0,0],[1,0],[0,1],[0,0],[0,0],[0,-1],[0,0],[0,0],[0,0],[-1,-1],[0,0],[0,0],[0,0],[0,0],[0,-1],[0,0],[0,0],[1,0],[0,0],[0,0],[0,0],[0,0],[1,0],[0,0],[0,0],[0,0],[0,0],[0,0],[0,-1],[0,0],[1,0],[0,0],[0,0],[1,0],[0,0],[0,0],[0,-1],[0,0],[1,1],[0,0],[0,-1],[0,0],[0,0],[0,-1],[0,0],[0,0],[0,0],[0,-1],[0,-1],[0,0],[0,0],[0,-1],[0,0],[-1,0],[0,0],[0,0],[0,-1],[0,0],[1,0],[0,-1],[0,0],[0,0],[0,0],[0,0],[0,-1],[0,0],[0,0],[0,0],[0,0],[0,0],[0,-1],[0,0],[0,0],[0,0],[-1,0],[0,-1],[0,0],[0,0],[0,0],[0,0],[0,0],[1,0],[0,-1],[0,0],[-1,0],[0,0],[0,0],[0,0],[-1,0],[0,-1],[0,0],[0,0],[0,0],[0,0],[0,0],[0,0],[0,0],[-1,0],[0,0],[0,0],[0,-1],[0,0],[0,0],[0,0],[0,0],[0,-1],[-1,0],[0,0],[0,-1],[-1,0],[0,0],[0,0],[0,-1],[0,0],[0,0],[-1,0],[0,0],[0,-1],[0,0],[0,0],[-1,0],[0,0],[0,0],[0,0],[0,-1],[0,0],[0,0],[0,0],[0,0],[-1,0],[0,0],[0,-1],[-1,0],[0,0],[-1,0],[0,-1],[0,0],[0,0],[0,0],[0,0],[0,0],[0,0],[0,-1],[0,0],[0,0],[1,0],[0,0],[1,1],[0,0],[0,-1],[0,0],[0,0],[1,0],[0,-1],[0,0],[0,0],[0,0],[-1,0],[0,0],[0,0],[0,0],[0,0],[0,-1],[0,0],[-1,0],[0,0],[0,0],[1,0],[0,0],[0,0],[0,0],[0,0],[0,-1],[-1,0],[0,0],[0,0],[-1,0],[0,0],[0,0],[-1,1],[0,0],[0,-1],[0,0],[-1,0],[0,0],[-1,-1],[0,0],[0,0],[0,0],[0,-1],[0,0],[0,0],[0,0],[0,0],[0,0],[0,0],[0,0],[0,0],[0,0],[0,0],[0,0],[0,0],[0,0],[0,0],[-1,-1],[0,0],[0,0],[0,0],[0,0],[-1,-1],[0,0],[0,0],[0,0],[1,0],[0,-1],[0,0],[0,0],[0,0],[0,0],[0,0],[1,0],[0,0],[0,1],[0,0],[0,0],[1,0],[0,0],[0,0],[0,-1],[0,0],[0,0],[0,0],[0,0],[1,0],[0,0],[0,0],[0,0],[0,0],[0,0],[0,0],[1,1],[0,0],[0,0],[0,-1],[0,0],[0,0],[1,0],[0,0],[0,0],[0,0],[0,0],[1,0],[0,0],[0,0],[0,0],[0,0],[0,0],[0,-1],[1,0],[0,0],[0,0],[0,0],[1,0],[0,-1],[0,0],[0,0],[0,1],[0,0],[0,0],[0,0],[1,0],[0,0],[0,1],[0,0],[1,-1],[0,0],[0,0],[0,0],[0,0],[0,1],[0,0],[1,0],[0,0],[0,0],[0,0],[1,0],[0,0],[0,0],[-1,0],[0,0],[0,1],[0,0],[0,0],[0,0],[0,0],[1,0],[0,1],[0,0],[0,0],[0,0],[0,0],[0,0],[0,0],[0,0],[0,0],[0,0],[1,0],[0,1],[0,0],[0,0],[0,0],[1,0],[0,0],[0,0],[1,0],[0,0],[0,0],[0,0]],[[694,125],[0,0],[0,0],[0,0],[1,0],[0,0],[0,0],[-1,0],[0,0],[0,0],[0,0],[0,1],[-1,0],[0,0],[0,0],[0,0],[-1,1],[0,0],[0,0],[0,0],[0,0],[1,0],[0,0],[0,0],[0,0],[0,0],[1,0],[0,1],[0,0],[0,0],[1,0],[0,0],[0,0],[0,0],[0,-1],[0,0],[1,0],[0,0],[0,0],[0,0],[0,0],[0,0],[0,0],[0,0],[0,0],[0,0],[0,0],[0,0],[0,0],[0,0],[0,1],[1,0],[0,0],[0,0],[0,0],[0,0],[0,0],[0,0],[0,0],[1,0],[0,0],[0,0],[0,0],[0,0],[1,0],[0,0],[0,1],[0,0],[1,-1],[0,1],[0,0],[0,0],[-1,0],[0,0],[0,0],[-1,0],[0,0],[0,0],[0,0],[0,0],[0,0],[0,1],[0,0],[0,0],[-1,0],[0,0],[0,0],[0,0],[0,0],[0,0],[0,0],[0,0],[0,0],[-1,0],[0,0],[0,0],[0,0],[0,0],[0,0],[0,0],[-1,0],[0,0],[0,0],[0,0],[-1,0],[0,0],[0,0],[0,0],[-1,0],[0,0],[0,0],[0,0],[0,0],[-1,0],[0,0],[0,0],[0,0],[0,0],[1,-1],[0,0],[0,0],[0,0],[0,0],[0,0],[0,0],[0,0],[0,0],[0,0],[0,-1],[0,0],[-1,0],[0,0],[0,0],[0,0],[0,1],[-1,0],[0,0],[0,0],[-1,0],[0,0],[0,0],[0,0],[0,0],[-1,0],[0,0],[0,0],[0,0],[0,1],[0,0],[0,0],[0,0],[0,0],[0,0],[-1,0],[0,0],[0,0],[0,0],[0,0],[0,0],[0,0],[1,1],[0,0],[-1,0],[0,0],[0,0],[0,0],[0,0],[0,0],[0,0],[0,0],[0,0],[0,0],[0,0],[0,0],[0,0],[0,0],[0,0],[0,0],[0,0],[0,1],[-1,0],[0,0],[0,0],[0,0],[0,0],[0,0],[-1,0],[0,0],[-1,0],[0,0],[-1,0],[0,0],[0,0],[0,1],[0,0],[0,0],[1,0],[0,0],[0,0],[0,1],[0,0],[0,0],[1,0],[0,0],[0,0],[0,0],[0,0],[0,0],[0,0],[0,1],[0,0],[0,0],[1,0],[0,1],[0,0],[0,0],[0,0],[0,0],[0,0],[-1,0],[0,1],[0,0],[-1,0],[0,1],[0,0],[0,1],[0,-1],[0,0],[0,0],[0,0],[0,0],[-1,0],[0,0],[0,0],[-1,0],[0,0],[-1,0],[0,0],[0,-1],[0,0],[0,-1],[0,0],[0,0],[0,0],[-1,0],[0,0],[0,0],[0,0],[0,0],[-1,0],[0,0],[0,0],[0,0],[-1,0],[0,0],[0,-1],[-1,0],[-1,-1],[0,0],[0,0],[-1,0],[0,0],[-1,0],[0,-1],[-1,0],[0,0],[0,0],[-1,-1],[-1,0],[0,0],[-1,-1],[0,0],[0,0],[0,0],[-1,-1],[0,0],[0,-1],[0,0],[0,-1],[-1,0],[0,0],[0,0],[-1,-1],[0,0],[0,0],[0,0],[0,0],[0,1],[-1,0],[0,0],[0,0],[0,-1],[-1,0],[0,0],[-1,1],[0,-1],[0,0],[-1,0],[0,0],[0,0],[0,0],[0,-1],[0,0],[0,0],[0,0],[0,0],[0,0],[1,0],[0,0],[-1,0],[0,0],[0,-1],[0,0],[0,0],[0,0],[0,0],[0,0],[0,0],[0,0],[0,0],[0,0],[0,0],[-1,0],[0,0],[-1,-1],[0,0],[0,0],[0,0],[0,0],[-1,0],[0,0],[0,0],[0,0],[-1,-1],[0,1],[0,0],[0,0],[-1,-1],[0,1],[0,0],[0,0],[0,0],[0,0],[1,0],[0,0],[0,0],[0,1],[0,0],[0,0],[0,0],[0,0],[0,-1],[-1,0],[0,0],[0,0],[0,0],[0,0],[0,0],[-1,0],[0,0],[0,0],[0,1],[0,0],[0,0],[-1,0],[0,0],[-1,0],[0,0],[0,1],[0,0],[0,0],[0,1],[0,0],[0,0],[0,0],[0,0],[0,0],[0,0],[0,0],[-1,0],[0,0],[-1,0],[0,0],[-1,0],[0,0],[0,-1],[0,-1],[0,0],[0,-1],[0,-1],[0,0],[0,-1],[0,0],[0,-1],[0,-1],[0,0],[0,-1],[0,-1],[0,0],[0,-1],[0,0],[1,0],[0,0],[1,0],[0,0],[1,0],[0,-1],[1,0],[0,0],[1,0],[0,0],[1,0],[0,0],[1,0],[0,0],[0,0],[1,0],[0,0],[0,0],[1,0],[0,1],[1,0],[0,0],[0,0],[1,0],[0,1],[1,0],[0,0],[0,0],[1,0],[0,0],[0,1],[1,0],[0,0],[0,0],[0,0],[0,1],[1,0],[0,0],[0,0],[1,1],[0,0],[0,0],[1,0],[0,0],[1,0],[0,0],[1,0],[0,0],[1,0],[0,0],[1,0],[1,0],[0,0],[1,0],[0,0],[0,0],[0,0],[1,0],[0,0],[0,0],[0,0],[1,0],[0,0],[0,0],[0,0],[1,1],[0,0],[0,0],[0,0],[1,1],[0,0],[0,0],[0,0],[1,0],[0,0],[0,0],[0,1],[0,0],[-1,1],[0,0],[0,0],[0,0],[1,0],[0,0],[1,0],[0,1],[0,0],[0,0],[0,1],[0,0],[0,0],[0,1],[0,0],[1,0],[0,0],[1,0],[0,0],[1,0],[0,0],[0,0],[1,0],[0,0],[0,0],[0,0],[0,0],[0,0],[0,0],[0,0],[0,1],[0,0],[0,0],[1,0],[0,0],[0,0],[0,0],[1,0],[-1,0],[0,0],[0,0],[0,-1],[1,0],[0,0],[0,0],[1,0],[0,-1],[0,0],[0,0],[0,0],[1,0],[0,0],[0,-1],[0,0],[1,0],[0,0],[1,0],[0,0],[0,-1],[0,0],[1,0],[0,0],[0,0],[0,0],[0,0],[0,0],[0,0],[1,0],[0,0]],[[654,170],[0,0],[0,2],[0,0],[0,0],[0,0],[0,0],[0,0],[-1,0],[0,1],[0,0],[0,-1],[0,0],[0,0],[0,0],[0,0],[0,0],[0,0],[0,0],[0,0],[0,0],[0,0],[-1,0],[1,1],[0,0],[-1,0],[0,0],[0,0],[1,1],[0,0],[-1,0],[1,0],[0,0],[0,0],[0,0],[0,0],[0,0],[-1,1],[0,0],[0,0],[0,0],[0,0],[0,0],[0,0],[0,0],[0,1],[-1,0],[0,0],[0,1],[0,0],[0,1],[0,0],[0,0],[0,0],[0,0],[-1,0],[0,0],[0,0],[0,0],[-1,0],[0,0],[-1,0],[0,0],[-1,0],[0,0],[-1,0],[-1,0],[0,0],[-1,0],[0,0],[0,0],[0,0],[0,-1],[0,0],[-1,0],[0,0],[0,0],[0,0],[0,-1],[0,0],[-1,0],[0,0],[0,0],[0,0],[0,-1],[0,0],[0,0],[-1,0],[0,0],[0,-1],[0,0],[0,0],[0,0],[0,0],[0,0],[0,0],[0,0],[0,0],[0,0],[1,0],[0,1],[0,0],[0,0],[1,0],[1,-1],[0,0],[1,0],[1,0],[1,0],[0,0],[1,0],[0,0],[1,0],[0,0],[0,-1],[0,0],[0,0],[0,0],[0,0],[1,-1],[1,0],[0,-1],[0,0],[1,0],[0,-1],[1,0],[0,-1],[0,0],[0,0],[0,0],[1,0],[0,0],[-1,1],[0,0],[0,0],[1,0],[0,0],[0,0],[0,0]],[[653,127],[1,0],[0,0],[1,0],[0,0],[1,0],[0,0],[0,0],[0,0],[0,0],[0,0],[0,0],[0,0],[0,-1],[0,0],[0,0],[0,-1],[0,0],[1,0],[0,0],[1,0],[0,0],[0,0],[0,-1],[0,0],[0,0],[1,0],[0,0],[0,0],[0,0],[0,0],[0,0],[1,0],[0,1],[0,0],[0,0],[0,0],[0,0],[0,-1],[0,0],[0,0],[-1,0],[0,0],[0,0],[0,0],[0,0],[0,-1],[1,1],[0,0],[0,0],[0,-1],[1,1],[0,0],[0,0],[0,0],[1,0],[0,0],[0,0],[0,0],[0,0],[1,1],[0,0],[1,0],[0,0],[0,0],[0,0],[0,0],[0,0],[0,0],[0,0],[0,0],[0,0],[0,0],[0,1],[0,0],[1,0],[0,0],[-1,0],[0,0],[0,0],[0,0],[0,0],[0,0],[0,1],[0,0],[0,0],[0,0],[1,0],[0,0],[0,1],[1,-1],[0,0],[1,0],[0,1],[0,0],[0,0],[1,0],[0,-1],[0,0],[0,0],[0,0],[0,0],[1,1],[0,0],[0,0],[1,0],[0,1],[0,0],[0,1],[0,0],[1,1],[0,0],[0,0],[0,0],[1,1],[0,0],[1,0],[1,1],[0,0],[0,0],[1,0],[0,1],[1,0],[0,0],[1,0],[0,0],[0,0],[1,1],[1,0],[0,1],[0,0],[1,0],[0,0],[0,0],[0,0],[1,0],[0,0],[0,0],[0,0],[0,0],[1,0],[0,0],[0,0],[0,0],[0,1],[0,0],[0,1],[0,0],[0,0],[-1,0],[0,0],[-1,0],[0,-1],[0,1],[0,0],[-1,0],[0,0],[0,0],[-1,0],[0,0],[0,1],[-1,0],[0,0],[0,0],[0,1],[0,0],[-1,1],[0,0],[0,0],[-1,0],[0,0],[0,1],[0,0],[0,0],[0,0],[0,0],[-1,0],[0,0],[-1,0],[0,0],[0,0],[-1,0],[1,0],[0,1],[0,0],[0,0],[-1,0],[0,0],[0,0],[0,1],[-1,0],[0,0],[0,0],[0,0],[0,0],[0,0],[-1,0],[0,0],[0,0],[0,0],[0,-1],[-1,0],[0,0],[0,0],[0,0],[-1,0],[0,0],[0,0],[0,0],[0,0],[-1,0],[0,0],[0,0],[0,-1],[0,0],[0,0],[0,0],[0,0],[0,0],[0,-1],[0,0],[0,0],[0,0],[0,-1],[0,0],[-1,0],[-1,0],[0,0],[-1,-1],[0,0],[0,0],[-1,0],[0,0],[0,-1],[-1,0],[0,0],[0,0],[0,0],[0,0],[0,0],[-1,-1],[0,0],[-1,0],[0,0],[0,0],[0,0],[0,0],[-1,0],[0,0],[0,0],[-1,0],[0,0],[0,0],[-1,-1],[0,0],[0,0],[0,0],[0,0],[0,0],[0,0],[0,0],[-1,0],[0,0],[0,0],[-1,0],[0,0],[0,0],[-1,0],[0,0],[0,0],[0,0],[0,0],[0,0],[0,0],[-1,0],[0,0],[-1,0],[-1,0],[0,0],[0,1],[-1,0],[0,0],[0,1],[0,0],[-1,0],[0,0],[0,0],[-1,0],[0,0],[-1,0],[0,0],[0,-1],[0,-1],[0,0],[0,0],[0,-1],[0,0],[0,0],[0,-1],[0,0],[0,0],[0,0],[0,-1],[0,0],[0,0],[0,0],[-1,0],[0,0],[0,0],[0,0],[-1,0],[0,0],[0,0],[0,-1],[1,0],[0,0],[0,0],[0,0],[1,0],[-1,0],[0,0],[0,0],[0,0],[0,-1],[0,0],[0,0],[0,0],[0,0],[-1,0],[0,0],[0,0],[0,0],[0,0],[0,0],[-1,0],[0,-1],[0,0],[0,-1],[0,0],[1,-1],[0,0],[0,0],[0,0],[0,1],[0,0],[1,0],[0,0],[0,0],[1,0],[0,0],[0,0],[0,0],[1,0],[0,0],[0,0],[1,0],[0,0],[0,0],[-1,0],[1,-1],[0,1],[0,-1],[0,0],[1,0],[0,0],[0,0],[0,0],[-1,0],[0,0],[-1,-1],[0,0],[0,0],[0,-1],[0,0],[-1,0],[0,-1],[0,0],[0,0],[0,0],[-1,0],[0,0],[-1,0],[0,0],[0,0],[0,1],[-1,0],[1,0],[0,0],[-1,1],[0,1],[0,0],[0,-1],[0,0],[0,0],[-1,-1],[1,0],[1,-1],[0,0],[0,0],[1,0],[0,0],[1,0],[0,-1],[1,0],[0,0],[0,1],[0,0],[1,0],[0,0],[1,0],[0,1],[0,0],[0,0],[1,0],[0,1],[0,0],[0,0],[0,0],[1,0],[0,0],[0,0],[0,0],[1,0],[0,0],[0,0]],[[613,127],[1,0],[0,0],[0,0],[0,0],[1,0],[0,0],[0,0],[1,0],[0,0],[0,0],[0,0],[0,0],[0,0],[0,0],[1,-1],[0,1],[0,0],[0,0],[0,0],[1,0],[0,0],[0,0],[0,0],[0,0],[0,1],[0,0],[1,0],[0,0],[0,0],[0,0],[0,0],[0,0],[0,0],[0,0],[0,0],[0,1],[1,0],[-1,0],[0,0],[0,1],[0,0],[0,0],[0,0],[0,0],[0,0],[0,0],[0,0],[1,1],[0,0],[0,0],[1,0],[0,0],[0,0],[1,0],[0,1],[0,0],[0,0],[1,0],[-1,0],[0,0],[0,-1],[0,1],[0,0],[-1,0],[0,0],[0,0],[0,0],[-1,0],[0,1],[0,0],[0,0],[0,0],[0,0],[1,0],[0,0],[0,0],[0,0],[0,1],[0,0],[0,0],[0,0],[0,0],[0,0],[0,1],[0,0],[0,0],[0,0],[0,0],[0,0],[0,0],[1,0],[-1,0],[0,1],[0,0],[0,0],[0,0],[0,0],[0,0],[0,1],[0,0],[0,0],[0,0],[1,0],[0,0],[0,0],[0,0],[0,0],[0,1],[0,0],[0,0],[0,0],[0,0],[0,0],[0,0],[0,0],[0,1],[0,0],[0,0],[0,0],[0,0],[0,0],[0,0],[-1,0],[0,0],[0,0],[0,0],[0,0],[0,0],[0,-1],[0,0],[0,0],[0,0],[-1,0],[0,0],[0,0],[0,0],[-1,0],[0,0],[0,0],[-1,0],[0,0],[0,0],[0,0],[-1,0],[0,0],[0,0],[0,0],[0,0],[-1,1],[0,0],[0,-1],[0,0],[-1,0],[0,0],[0,0],[0,0],[-1,1],[0,0],[-1,0],[0,0],[0,0],[-1,0],[0,0],[0,0],[-1,0],[0,0],[-2,1],[-1,0],[0,0],[0,0],[-1,0],[-1,0],[0,0],[0,0],[-1,0],[0,-1],[0,0],[0,0],[-1,0],[0,1],[-1,0],[0,0],[0,0],[-1,0],[0,0],[0,0],[-1,0],[0,0],[0,0],[0,0],[-1,0],[0,0],[0,0],[0,0],[0,1],[0,0],[0,0],[0,0],[0,0],[0,0],[-1,0],[0,1],[0,0],[0,0],[0,0],[0,0],[-1,0],[0,0],[0,0],[0,-1],[0,0],[0,0],[0,-1],[1,0],[0,0],[0,0],[0,-1],[0,0],[-1,0],[0,1],[0,0],[-1,0],[0,0],[0,0],[0,0],[-1,0],[0,0],[-1,0],[0,0],[0,0],[-1,0],[-1,1],[0,0],[-1,0],[0,0],[-1,0],[-1,0],[0,1],[0,0],[-1,-1],[-1,0],[0,0],[0,0],[0,-1],[-1,0],[-1,0],[-1,0],[0,-1],[-1,0],[0,1],[0,0],[-1,1],[0,0],[0,0],[0,0],[0,0],[0,0],[-1,0],[-1,0],[0,0],[-1,0],[0,0],[0,0],[0,-1],[-1,0],[0,0],[0,0],[0,0],[0,0],[0,0],[-1,0],[0,0],[-1,0],[0,0],[0,0],[0,0],[0,0],[0,0],[-1,0],[0,0],[-1,0],[0,0],[0,0],[0,0],[1,0],[0,0],[1,-1],[0,0],[0,0],[0,0],[0,0],[-1,0],[-1,0],[0,0],[0,0],[-1,0],[1,0],[0,0],[0,0],[0,-1],[0,0],[0,0],[0,0],[-1,0],[0,0],[0,-1],[0,0],[0,0],[0,0],[0,0],[0,-1],[0,0],[0,0],[-1,0],[0,0],[0,0],[0,0],[0,0],[-1,0],[0,0],[0,0],[0,0],[0,-1],[0,0],[0,0],[0,0],[0,0],[0,0],[0,0],[1,0],[0,0],[0,0],[0,0],[0,0],[0,0],[0,0],[0,0],[0,0],[1,0],[0,0],[0,0],[0,0],[-1,0],[0,0],[0,-1],[0,0],[0,0],[1,0],[0,0],[0,0],[0,0],[-1,0],[0,0],[0,0],[0,-1],[0,0],[0,0],[0,0],[0,0],[0,-1],[1,0],[0,0],[-1,0],[-1,0],[0,0],[-1,0],[0,0],[0,0],[0,0],[0,-1],[1,0],[0,0],[0,-1],[1,0],[1,0],[0,0],[1,0],[0,0],[0,0],[0,0],[1,0],[0,0],[0,0],[0,0],[0,-1],[0,0],[1,0],[0,1],[-1,0],[0,0],[0,0],[1,0],[1,0],[1,0],[0,0],[0,0],[0,0],[0,0],[0,-1],[0,0],[0,0],[0,0],[2,0],[1,0],[0,0],[-1,0],[-1,0],[0,0],[0,-1],[-1,0],[0,0],[0,0],[1,0],[0,-1],[0,0],[2,1],[1,0],[1,0],[1,0],[1,0],[0,-1],[2,-1],[0,0],[1,0],[1,0],[1,-1],[0,0],[2,0],[2,0],[1,0],[0,0],[0,0],[0,0],[0,1],[0,0],[0,0],[1,0],[1,0],[0,0],[1,0],[0,1],[0,0],[1,0],[0,0],[0,0],[0,0],[1,0],[0,0],[0,1],[1,0],[1,0],[1,0],[1,0],[0,0],[1,0],[2,0],[1,0],[0,0],[0,0],[1,0],[0,0],[1,0],[1,0],[0,0],[0,-1],[1,0],[0,0]],[[577,125],[0,1],[0,0],[0,1],[0,0],[2,0],[0,0],[0,1],[0,0],[0,0],[0,0],[-2,0],[0,0],[0,0],[-1,0],[0,0],[-1,0],[0,1],[0,0],[-1,0],[-1,0],[-1,1],[0,0],[0,1],[0,0],[0,-1],[0,0],[0,0],[0,0],[0,0],[0,0],[1,-1],[0,0],[0,0],[-1,0],[0,0],[-1,0],[0,0],[0,0],[0,0],[0,0],[1,0],[0,-1],[0,0],[0,0],[0,0],[0,0],[0,0],[0,0],[0,-1],[1,0],[0,0],[0,0],[0,0],[0,-1],[0,0],[-1,0],[0,0],[0,0],[0,0],[0,0],[0,0],[0,0],[0,0],[1,0],[0,0],[0,0],[0,-1],[0,0],[0,0],[0,0],[1,0],[0,0],[0,0],[0,0],[1,0],[0,0],[0,1],[0,0],[0,0],[1,-1],[0,0],[0,0],[0,0],[0,0],[1,0]],[[842,266],[0,0],[0,0],[0,0],[0,-1],[0,0],[0,0],[0,0],[0,0],[0,0],[0,0],[0,0],[0,0],[-1,0],[0,0],[0,0],[1,-1],[0,0],[0,0],[1,0],[0,0],[1,-1],[0,0],[1,0],[1,0],[0,0],[0,0],[1,0],[0,0],[0,0],[0,0],[1,0],[0,0],[0,0],[-1,1],[0,0],[0,0],[-1,0],[0,0],[0,1],[-1,0],[0,0],[0,0],[0,0],[-1,0],[0,0],[0,0],[0,0],[-1,1],[-1,0],[0,0]],[[774,185],[0,0],[0,0],[0,0],[0,0],[0,-1],[0,0],[0,1],[1,0],[0,0],[0,0],[0,0],[0,0],[0,1],[0,0],[-1,0],[0,0],[1,1],[0,0],[0,0],[1,0],[0,0],[0,0],[0,0],[0,0],[1,0],[0,0],[0,0],[0,1],[0,0],[0,0],[0,1],[0,0],[-1,1],[0,0],[0,0],[0,0],[0,0],[0,0],[0,0],[0,1],[0,0],[0,1],[0,0],[0,0],[0,0],[0,0],[1,0],[0,0],[0,0],[1,-1],[0,0],[0,0],[0,0],[0,0],[0,0],[0,0],[1,0],[0,0],[0,-1],[0,0],[0,1],[1,0],[0,0],[0,0],[0,0],[0,0],[0,0],[1,0],[0,0],[0,0],[0,0],[0,0],[0,0],[1,0],[0,0],[0,0],[0,-1],[0,0],[0,0],[0,0],[0,0],[0,0],[0,0],[1,0],[0,0],[0,0],[1,0],[0,0],[0,0],[0,0],[1,1],[0,0],[0,1],[1,0],[0,0],[0,0],[0,1],[0,0],[0,1],[0,1],[1,0],[0,1],[0,0],[0,0],[0,0],[1,0],[0,0],[0,1],[0,0],[0,0],[0,0],[1,0],[0,0],[0,0],[0,1],[0,0],[0,0],[-1,0],[0,0],[0,0],[0,1],[0,0],[0,0],[0,1],[0,0],[0,0],[0,0],[0,1],[0,0],[0,0],[0,0],[-1,0],[0,0],[0,0],[0,0],[0,0],[0,0],[0,0],[0,0],[-1,0],[0,0],[-1,0],[0,0],[-1,0],[0,0],[0,0],[0,0],[0,0],[-1,0],[0,0],[0,0],[-1,0],[0,0],[0,0],[-1,1],[0,0],[0,0],[0,0],[-1,1],[0,0],[0,0],[0,0],[0,0],[0,0],[0,0],[0,1],[0,0],[0,0],[0,1],[0,0],[0,1],[1,0],[0,0],[0,0],[0,0],[0,1],[0,0],[0,1],[0,0],[0,0],[0,0],[0,0],[0,-1],[0,0],[-1,0],[0,0],[0,0],[0,0],[0,0],[0,-1],[-1,0],[0,0],[0,0],[0,0],[0,0],[-1,0],[0,0],[0,-1],[-1,1],[-1,0],[0,0],[0,0],[0,-1],[0,0],[0,0],[0,-1],[0,0],[0,0],[0,-1],[0,0],[-1,0],[0,0],[0,0],[-1,0],[0,0],[-1,1],[0,0],[0,0],[1,1],[-1,0],[0,0],[0,1],[0,1],[0,0],[0,1],[0,0],[0,0],[-1,1],[0,1],[0,0],[0,0],[-1,1],[0,1],[0,0],[0,0],[0,0],[0,1],[0,1],[0,0],[0,0],[0,1],[0,0],[1,0],[0,0],[1,0],[0,0],[0,0],[0,0],[0,1],[0,1],[0,0],[1,0],[0,0],[0,0],[0,0],[0,0],[0,1],[1,2],[0,0],[0,0],[0,0],[-1,0],[0,0],[0,0],[0,0],[0,-1],[0,0],[0,0],[0,0],[0,0],[0,0],[0,1],[0,0],[0,1],[1,0],[0,0],[0,0],[0,0],[1,0],[0,0],[1,0],[0,0],[0,0],[1,1],[0,0],[1,1],[0,0],[0,1],[0,0],[0,0],[-1,0],[0,0],[0,0],[0,0],[0,0],[0,0],[0,0],[0,0],[-1,0],[0,0],[0,0],[0,1],[-1,0],[0,0],[0,0],[0,0],[0,-1],[0,0],[0,0],[0,0],[0,-1],[0,0],[0,0],[0,0],[0,0],[0,0],[-1,0],[0,0],[0,-1],[0,1],[0,-1],[-1,0],[0,0],[0,0],[0,0],[0,0],[0,0],[0,1],[-1,-1],[0,-1],[0,0],[-1,0],[0,0],[0,-1],[0,0],[0,0],[0,0],[0,0],[-1,0],[0,-1],[0,0],[0,0],[0,0],[0,0],[0,-1],[-1,0],[0,0],[0,0],[0,-1],[-1,0],[0,0],[0,1],[0,0],[0,0],[0,0],[0,-1],[-1,0],[1,-1],[0,0],[0,-1],[0,-1],[0,0],[0,-1],[1,-1],[0,0],[0,0],[0,0],[0,-1],[0,0],[0,0],[0,0],[0,0],[1,-1],[0,0],[1,-1],[0,0],[0,-1],[0,0],[0,0],[0,0],[0,0],[0,-1],[0,0],[0,0],[0,-1],[0,0],[0,0],[0,0],[-1,0],[0,-1],[0,0],[0,0],[0,0],[0,-1],[0,0],[0,0],[0,-1],[0,0],[0,0],[0,-1],[0,0],[-1,0],[0,-1],[-1,0],[0,0],[0,-1],[0,0],[0,0],[-1,-1],[0,0],[0,0],[1,0],[0,-1],[0,0],[0,0],[0,0],[0,0],[0,0],[0,0],[0,-1],[0,0],[0,-1],[1,0],[0,0],[0,0],[0,-1],[0,0],[0,0],[0,1],[0,0],[-1,-1],[0,0],[0,0],[0,-1],[0,0],[0,0],[0,-1],[-1,0],[0,0],[0,-1],[-1,0],[0,0],[0,0],[0,-1],[0,0],[0,0],[0,-1],[0,0],[0,0],[0,0],[0,0],[-1,0],[0,0],[0,0],[0,0],[0,0],[1,0],[0,0],[0,-1],[0,0],[0,0],[0,0],[0,-1],[0,0],[0,0],[0,0],[0,-1],[1,0],[0,-1],[0,0],[0,0],[0,0],[1,0],[0,0],[0,0],[0,0],[0,0],[1,0],[0,0],[0,0],[0,0],[0,0],[1,0],[0,-1],[0,0],[0,0],[0,0],[0,0],[0,0],[1,0],[0,0],[0,0],[0,0],[0,0],[0,0],[0,0],[0,0],[0,0],[0,0],[1,0],[0,0],[0,-1],[0,0],[0,0],[0,0],[1,1]],[[685,139],[0,-1],[0,0],[0,-1],[1,0],[0,0],[0,-1],[1,0],[0,0],[0,0],[0,0],[0,0],[0,0],[0,-1],[-1,0],[0,0],[0,0],[0,-1],[0,0],[0,0],[0,0],[0,0],[0,0],[0,0],[-1,0],[0,0],[0,0],[0,-1],[0,0],[0,0],[-1,0],[0,0],[0,0],[0,-1],[0,0],[0,0],[1,0],[0,0],[1,0],[0,0],[1,0],[0,0],[0,0],[0,0],[0,0],[0,0],[1,0],[0,-1],[0,0],[0,0],[0,0],[0,0],[0,0],[0,0],[0,0],[0,0],[0,0],[0,0],[0,0],[0,0],[0,0],[0,0],[0,0],[0,0],[1,0],[0,0],[-1,-1],[0,0],[0,0],[0,0],[0,0],[0,0],[0,0],[1,0],[0,0],[0,0],[0,0],[0,0],[0,0],[0,-1],[0,0],[0,0],[0,0],[1,0],[0,0],[0,0],[0,0],[0,0],[1,0],[0,0],[0,0],[1,0],[0,-1],[0,0],[0,0],[0,0],[1,0],[0,0],[0,1],[0,0],[0,0],[0,0],[0,0],[0,0],[0,0],[0,0],[0,0],[0,0],[-1,1],[0,0],[0,0],[0,0],[0,0],[1,0],[0,0],[0,0],[0,0],[0,0],[1,0],[0,0],[0,0],[0,0],[-1,0],[0,1],[0,0],[0,0],[0,0],[0,0],[0,0],[-1,0],[0,0],[0,-1],[-1,0],[0,0],[-1,1],[0,0],[0,0],[0,0],[0,0],[0,0],[0,0],[0,0],[-1,0],[0,0],[0,0],[0,0],[0,1],[0,0],[1,0],[0,0],[0,0],[0,0],[1,0],[0,0],[1,0],[0,0],[0,0],[0,0],[0,0],[0,0],[1,0],[0,0],[0,0],[0,0],[0,0],[1,0],[0,0],[0,0],[0,0],[1,0],[0,0],[0,0],[0,0],[0,0],[0,0],[0,0],[0,0],[0,0],[1,0],[0,0],[0,0],[0,1],[0,0],[0,0],[0,0],[1,0],[0,0],[0,0],[0,0],[0,0],[0,0],[1,0],[0,0],[0,0],[0,0],[1,0],[0,0],[0,0],[1,0],[0,0],[0,-1],[1,0],[0,0],[0,0],[0,0],[0,0],[0,1],[0,0],[0,0],[1,0],[0,1],[0,0],[0,0],[0,0],[-1,0],[0,0],[0,0],[1,0],[0,1],[0,0],[0,0],[0,0],[0,0],[1,-1],[0,1],[0,-1],[1,1],[0,0],[0,0],[1,0],[-1,1],[0,0],[0,0],[1,0],[0,1],[0,0],[0,0],[0,0],[0,0],[0,0],[0,0],[0,1],[0,0],[0,0],[0,0],[0,0],[0,0],[0,0],[0,0],[0,0],[-1,0],[0,0],[0,0],[-1,0],[0,0],[0,0],[0,0],[0,0],[-1,0],[0,0],[0,0],[-1,0],[0,0],[0,0],[0,0],[1,0],[0,0],[-1,0],[0,0],[0,0],[0,0],[0,0],[-1,0],[-1,0],[0,1],[0,0],[-1,0],[-1,0],[0,1],[-1,0],[0,0],[0,0],[0,0],[0,-1],[-1,0],[0,0],[0,-1],[0,0],[0,-1],[1,0],[0,0],[0,0],[0,-1],[-1,0],[0,1],[0,0],[0,0],[0,-1],[0,0],[0,-1],[-1,0],[0,0],[-1,0],[0,0],[0,1],[-1,0],[0,0],[0,0],[0,1],[0,0],[0,0],[0,0],[0,0],[0,1],[-1,0],[0,-1],[0,0],[0,0],[-1,0],[0,1],[0,0],[0,0],[0,0],[0,0],[0,1],[-1,0],[0,0],[0,0],[0,-1],[-1,0],[0,0],[0,0],[0,0],[0,0],[0,0],[0,0],[0,0],[0,0],[0,0],[-1,1],[0,0],[0,0],[0,0],[0,0],[-1,0],[0,0],[0,0],[-1,0],[0,0],[0,0]],[[831,178],[0,1],[-1,0],[0,0],[0,1],[0,0],[0,0],[0,0],[0,0],[0,0],[0,-1],[0,0],[-1,0],[0,0],[0,0],[0,0],[0,-1],[0,0],[-1,-1],[0,0],[0,0],[0,0],[0,0],[0,-1],[0,0],[0,0],[0,0],[0,-1],[2,-2],[0,0],[0,0],[0,-1],[1,0],[0,0],[0,0],[1,-1],[0,0],[0,0],[0,0],[0,0],[1,0],[0,0],[0,1],[0,0],[0,0],[0,0],[0,0],[0,1],[0,0],[0,0],[0,1],[-1,0],[0,0],[0,1],[0,0],[0,1],[0,1],[0,0],[0,0],[-1,1],[0,0]],[[598,142],[0,0],[1,0],[0,0],[0,0],[0,0],[0,0],[0,-1],[1,0],[0,0],[0,0],[0,0],[0,0],[0,0],[0,-1],[0,0],[0,0],[0,0],[1,0],[0,0],[0,0],[0,0],[1,0],[0,0],[0,0],[1,0],[0,0],[0,0],[1,0],[0,-1],[1,0],[0,0],[0,0],[0,1],[1,0],[0,0],[0,0],[1,0],[1,0],[0,0],[0,0],[1,0],[2,-1],[0,0],[1,0],[0,0],[0,0],[1,0],[0,0],[0,0],[1,0],[0,0],[1,-1],[0,0],[0,0],[0,0],[1,0],[0,0],[0,1],[0,0],[0,0],[-1,0],[0,1],[0,0],[-1,0],[0,0],[-1,0],[0,0],[0,1],[0,0],[0,0],[0,1],[0,0],[0,0],[0,1],[0,0],[0,0],[0,0],[0,1],[0,0],[0,1],[0,0],[-1,1],[0,0],[0,0],[-1,0],[-1,1],[0,0],[-1,0],[-1,1],[-1,0],[0,1],[-1,0],[-1,0],[0,1],[-1,0],[-1,0],[0,1],[-1,0],[-1,0],[0,1],[-1,0],[-1,0],[0,-1],[0,0],[0,0],[-1,0],[0,0],[0,0],[0,0],[0,-1],[0,0],[0,0],[0,0],[0,0],[0,0],[0,-1],[0,0],[0,0],[0,0],[0,0],[0,0],[0,0],[0,0],[0,0],[0,-1],[0,0],[0,0],[0,0],[0,0],[0,0],[0,0],[0,0],[1,0],[0,0],[0,0],[0,0],[0,0],[0,0],[0,0],[0,0],[0,-1],[0,0],[0,0],[1,0],[0,0],[0,0],[0,0],[0,-1],[0,0],[-1,0],[0,0],[0,0],[0,0],[1,0],[-1,-1],[0,0],[0,1],[0,0],[-1,0],[0,-1],[0,0],[0,-1],[0,0],[0,0],[0,0],[0,-1],[0,0],[0,-1],[0,0]],[[719,213],[0,0],[0,0],[0,0],[1,1],[1,1],[0,0],[0,1],[0,0],[0,0],[0,0],[1,0],[0,1],[0,0],[0,0],[0,0],[0,0],[0,0],[1,1],[0,0],[0,0],[0,1],[0,0],[0,0],[0,0],[0,0],[1,1],[0,0],[0,0],[0,1],[0,0],[0,1],[0,0],[-1,0],[0,1],[-1,0],[0,0],[-1,1],[0,0],[-1,0],[-1,0],[0,-1],[0,0],[0,-1],[-1,-1],[0,-2],[0,0],[0,-1],[0,0],[0,-1],[0,1],[0,0],[0,0],[0,-1],[0,0],[1,-1],[0,0],[-1,0],[0,0],[1,-1],[0,0],[0,0],[0,-1],[0,0],[0,0],[0,0],[1,0],[0,0],[0,0],[0,0],[-1,0],[0,0],[0,0],[0,0],[0,-1],[0,0]],[[846,137],[0,0],[0,0],[0,0],[0,-1],[1,0],[0,0],[0,0],[0,0],[1,-1],[0,0],[1,0],[0,0],[0,0],[0,0],[1,0],[0,0],[0,0],[0,0],[0,0],[1,0],[0,0],[0,0],[1,1],[0,1],[1,0],[1,1],[0,1],[0,0],[0,1],[0,0],[0,0],[0,1],[0,0],[0,0],[0,0],[0,1],[0,0],[0,0],[0,0],[0,0],[0,0],[0,1],[0,0],[0,1],[-1,0],[0,0],[0,0],[-1,0],[0,0],[-1,0],[0,0],[0,0],[0,1],[0,0],[0,0],[0,0],[-1,0],[0,0],[0,-1],[0,0],[0,1],[-1,0],[0,0],[0,0],[0,0],[0,0],[0,0],[0,0],[0,0],[0,0],[-1,0],[0,0],[0,0],[0,0],[0,1],[0,0],[0,0],[0,0],[0,0],[0,0],[0,-1],[0,0],[0,0],[-1,1],[0,0],[0,0],[0,0],[-1,0],[0,0],[0,0],[0,0],[0,0],[0,0],[0,0],[-1,0],[0,-1],[0,0],[1,0],[0,0],[0,0],[0,0],[0,0],[0,0],[0,0],[0,0],[0,0],[-1,0],[0,-1],[0,0],[0,0],[0,0],[1,-1],[0,0],[0,0],[0,0],[0,0],[0,0],[0,0],[0,0],[0,0],[0,-1],[0,0],[0,0],[0,0],[0,0],[0,0],[0,0],[0,-1],[0,0],[0,0],[0,0],[0,0],[0,-1],[0,0],[0,0],[0,0],[-1,0],[0,0],[0,0],[0,0],[0,-1],[0,0],[1,0],[0,0],[0,0],[0,0],[1,0],[0,0],[0,1],[0,-1],[0,0],[0,0],[0,0],[0,0],[0,0],[0,0],[-1,0],[1,-1],[-1,0],[0,0],[0,0],[0,-1],[0,0],[0,0],[0,0],[0,0],[0,0]],[[845,149],[0,0],[0,0],[0,0],[0,0],[0,0],[0,0],[0,0],[1,-1],[0,0],[1,1],[0,0],[0,0],[0,0],[-1,0],[0,0],[-1,0]],[[642,188],[-1,0],[0,0],[-1,1],[-1,0],[0,0],[-1,0],[-1,0],[-1,0],[-1,0],[-1,0],[0,0],[0,1],[-1,0],[-1,0],[0,1],[-1,0],[0,0],[0,1],[-1,0],[0,0],[0,1],[0,0],[-1,1],[0,0],[0,0],[-1,0],[0,-1],[0,0],[0,0],[0,0],[-1,0],[0,0],[-1,0],[-1,0],[-1,0],[0,0],[0,0],[0,0],[-1,0],[0,0],[-1,0],[0,0],[-1,0],[0,0],[-1,0],[0,0],[0,0],[0,0],[0,0],[0,0],[-1,0],[0,0],[0,-1],[0,0],[0,0],[0,0],[-1,0],[0,0],[0,1],[0,0],[0,0],[0,0],[0,0],[0,0],[0,1],[0,0],[0,0],[0,0],[0,0],[0,1],[0,0],[0,0],[0,0],[-1,0],[0,0],[0,0],[0,0],[0,0],[0,-1],[0,0],[-1,0],[0,0],[0,0],[0,-1],[0,0],[0,0],[-1,-1],[-1,-1],[0,0],[-1,-1],[0,0],[0,-1],[0,0],[0,0],[-1,-1],[0,0],[0,-1],[0,0],[-1,-1],[0,0],[0,0],[0,0],[0,0],[-1,-1],[-1,0],[0,-1],[-1,0],[0,-1],[-1,0],[0,-1],[0,0],[0,-1],[0,0],[0,0],[0,-1],[0,0],[0,-1],[0,0],[0,0],[0,-1],[0,0],[0,0],[-1,0],[0,0],[0,0],[0,-1],[0,0],[0,0],[0,-1],[-1,0],[0,-1],[0,0],[-1,-1],[0,0],[0,0],[-1,0],[0,0],[0,0],[0,0],[-1,-1],[0,0],[0,-1],[0,0],[0,0],[0,0],[0,-1],[0,0],[-1,-1],[0,0],[-1,0],[0,-1],[0,0],[0,0],[-1,-2],[0,0],[-1,0],[0,-1],[0,0],[-1,-1],[0,-1],[-1,0],[0,-1],[-1,0],[0,0],[0,0],[0,0],[0,0],[0,-1],[0,0],[1,-2],[0,0],[1,0],[0,0],[1,0],[0,0],[1,0],[0,0],[1,0],[0,-1],[0,0],[0,0],[1,-1],[1,0],[0,0],[0,0],[1,0],[0,-1],[0,0],[0,0],[0,0],[1,0],[-1,-1],[0,0],[-1,-1],[0,0],[-1,-1],[0,0],[1,0],[0,0],[1,0],[1,-1],[1,0],[1,0],[0,0],[1,0],[0,-1],[1,0],[1,1],[0,0],[1,0],[1,0],[1,0],[0,1],[1,0],[1,1],[0,0],[1,0],[1,1],[0,0],[1,1],[1,0],[1,1],[1,1],[1,0],[0,1],[1,0],[0,0],[1,0],[1,1],[2,0],[1,0],[0,0],[1,0],[0,0],[1,0],[1,0],[0,0],[0,1],[0,0],[0,0],[1,0],[0,0],[1,0],[0,0],[1,0],[0,1],[0,0],[0,1],[0,0],[0,0],[0,0],[0,0],[1,1],[0,0],[0,0],[1,0],[-1,0],[1,1],[0,0],[0,0],[1,0],[1,1],[0,0],[0,0],[0,0],[0,0],[0,0],[0,0],[0,1],[0,0],[0,0],[0,0],[0,1],[0,0],[0,0],[0,0],[0,0],[0,0],[0,1],[0,0],[0,0],[0,0],[1,1],[0,0],[0,1],[0,0],[1,0],[0,0],[0,1],[0,0],[0,0],[0,0],[1,0],[0,0],[0,0],[0,0],[1,0],[0,0],[-1,0],[0,1],[0,0],[1,0],[0,0],[0,0],[0,0],[0,0],[0,0],[0,0],[0,1],[0,0],[1,0],[0,0],[0,0],[0,1],[0,0],[0,0],[0,0],[1,0],[0,0],[0,1],[0,0],[0,0],[0,0],[1,0],[0,0],[0,1],[0,0],[0,0],[0,0],[1,0],[0,0],[1,0],[1,0],[0,0],[1,0],[0,0],[1,0],[0,0],[1,0],[0,0],[0,0],[0,0],[1,0],[0,0],[0,0],[0,0],[0,1],[0,0],[1,0],[0,1],[0,0],[0,0],[0,1],[0,0],[0,0],[0,1],[-1,0],[0,0],[0,0],[0,1],[0,0],[0,0],[0,1],[0,0],[0,0],[0,1],[-1,0],[0,0],[0,1],[0,0],[0,0],[-1,0],[0,0],[-1,0],[0,0],[-1,1],[0,0],[-1,0],[0,0],[-1,0],[0,0],[-1,0],[0,1],[-1,0],[0,0],[-1,0],[0,0]],[[737,35],[0,0],[1,0],[0,0],[0,0],[0,1],[0,0],[-1,0],[-1,0],[0,-1],[0,0],[0,0],[1,0],[0,0]],[[857,125],[0,-1],[0,0],[0,0],[0,0],[0,0],[0,0],[0,0],[0,0],[0,-1],[-1,0],[0,0],[1,0],[0,0],[0,0],[0,0],[1,0],[0,0],[0,0],[0,0],[0,0],[0,0],[0,0],[0,-1],[0,0],[1,0],[0,0],[0,0],[0,0],[0,-1],[0,0],[0,0],[0,0],[0,0],[0,0],[0,0],[0,-1],[0,0],[-1,-1],[0,-1],[0,0],[0,0],[0,0],[0,0],[0,-1],[0,0],[1,0],[0,0],[0,0],[0,0],[1,0],[0,0],[0,0],[0,0],[0,-1],[0,0],[1,0],[0,0],[0,1],[0,0],[1,0],[0,0],[1,0],[0,0],[0,0],[0,0],[0,0],[1,0],[0,0],[0,0],[0,-1],[0,0],[0,0],[0,0],[1,0],[0,0],[0,-1],[0,0],[0,0],[0,0],[0,0],[0,0],[0,0],[0,0],[0,-1],[0,0],[0,0],[1,0],[0,0],[0,0],[0,0],[0,0],[0,-1],[0,0],[0,0],[0,0],[0,-1],[0,0],[0,0],[0,0],[0,0],[1,0],[0,-1],[0,0],[0,0],[0,0],[0,0],[0,0],[0,0],[0,0],[0,0],[1,-1],[0,0],[0,0],[0,0],[0,0],[0,0],[0,0],[0,-1],[0,0],[0,0],[0,0],[0,0],[0,0],[0,-1],[0,0],[0,0],[0,0],[-1,0],[0,0],[0,0],[-1,0],[-1,0],[0,1],[0,0],[-1,0],[0,0],[0,0],[-1,0],[0,0],[0,0],[0,0],[-1,1],[0,0],[0,0],[-1,0],[-1,0],[0,0],[-1,0],[0,0],[-1,0],[0,0],[0,0],[0,0],[0,-1],[0,0],[-1,0],[0,0],[0,-1],[1,0],[-1,0],[0,0],[0,0],[0,-1],[0,0],[0,0],[0,0],[0,0],[-1,0],[0,0],[-1,-1],[0,0],[-1,-1],[0,0],[0,0],[0,0],[0,0],[0,0],[0,0],[-1,0],[0,0],[0,0],[0,0],[0,0],[0,0],[-1,0],[0,0],[0,0],[0,0],[0,0],[0,0],[-1,0],[0,0],[-1,0],[-1,0],[0,-1],[0,0],[0,0],[0,0],[0,0],[-1,0],[1,-1],[0,0],[-1,0],[0,0],[0,-1],[0,0],[0,0],[0,0],[0,0],[0,0],[0,0],[0,-1],[-1,0],[0,-1],[0,0],[0,0],[0,0],[0,0],[0,0],[0,0],[0,0],[0,-1],[0,0],[-1,0],[0,0],[0,0],[0,0],[0,-1],[0,0],[0,0],[-1,0],[0,-1],[0,0],[0,0],[0,0],[0,0],[0,0],[0,0],[0,0],[0,0],[0,0],[0,-1],[-1,0],[0,0],[1,0],[0,0],[0,0],[0,0],[-1,0],[0,0],[0,0],[0,0],[0,0],[0,-1],[0,0],[0,0],[-1,0],[0,0],[0,0],[0,0],[-1,0],[0,0],[0,0],[-1,0],[0,0],[0,0],[0,0],[-1,0],[0,0],[0,-1],[0,0],[-1,0],[0,0],[-1,0],[0,0],[0,0],[0,0],[0,0],[-1,0],[0,0],[0,0],[-1,0],[0,0],[-1,0],[0,0],[-1,0],[0,0],[-1,0],[-1,0],[-1,1],[-1,0],[-1,0],[0,1],[-1,0],[0,0],[0,0],[0,0],[1,0],[0,0],[1,0],[0,1],[0,0],[0,0],[0,0],[0,1],[0,0],[-1,0],[0,1],[-1,0],[0,1],[-1,0],[0,0],[0,0],[0,1],[0,0],[0,0],[0,0],[-1,1],[0,0],[0,0],[0,0],[0,0],[0,0],[0,0],[0,1],[0,0],[0,0],[0,0],[0,0],[-1,1],[0,0],[-1,0],[-1,0],[-1,1],[0,0],[0,0],[-1,0],[-1,0],[0,-1],[-1,0],[0,0],[0,0],[0,0],[-1,0],[0,-1],[-1,0],[0,1],[0,0],[-1,0],[0,0],[0,0],[-1,0],[0,0],[0,-1],[-1,0],[0,0],[0,0],[-1,0],[0,0],[0,0],[-1,0],[0,0],[0,0],[-1,0],[0,0],[-1,0],[0,1],[0,0],[-1,0],[0,0],[0,1],[0,0],[-1,0],[0,0],[-1,0],[0,0],[-1,0],[0,0],[0,0],[-1,0],[0,0],[0,0],[0,0],[-1,0],[0,0],[-1,1],[0,0],[-1,0],[0,0],[0,0],[0,0],[-1,0],[0,0],[-1,0],[-1,-1],[0,0],[0,0],[-1,0],[-1,0],[0,0],[0,0],[-1,0],[0,0],[-1,0],[0,0],[0,-1],[0,0],[0,0],[0,0],[0,0],[0,0],[0,0],[0,0],[-1,0],[-1,0],[0,0],[0,-1],[0,0],[-1,0],[0,0],[0,0],[-1,0],[0,0],[-1,0],[0,0],[0,-1],[-1,0],[0,0],[-1,0],[0,0],[0,0],[0,0],[-1,0],[0,0],[-1,1],[0,0],[0,0],[-1,0],[0,0],[0,0],[-1,0],[0,0],[0,0],[0,0],[0,0],[-1,0],[0,0],[0,0],[-1,0],[0,0],[0,0],[0,0],[-1,0],[0,-1],[0,0],[-1,0],[0,0],[0,0],[0,0],[0,0],[0,0],[0,0],[0,0],[0,-1],[-1,0],[0,0],[0,0],[0,0],[0,0],[0,-1],[0,0],[0,0],[0,0],[0,0],[0,0],[-1,0],[0,-1],[-1,0],[0,1],[0,-1],[0,0],[-1,0],[0,0],[-1,0],[0,0],[0,0],[-1,0],[-1,0],[0,0],[0,0],[0,-1],[-1,0],[0,0],[0,0],[-1,0],[0,0],[0,0],[-1,0],[0,0],[0,0],[0,0],[0,0],[0,1],[-1,0],[0,0],[0,0],[0,0],[-1,0],[0,0],[0,0],[0,1],[0,0],[0,0],[0,0],[0,0],[0,0],[0,0],[-1,1],[0,0],[0,0],[1,0],[0,0],[0,0],[0,0],[0,1],[0,0],[0,0],[0,0],[0,0],[1,0],[0,0],[0,0],[0,1],[-1,0],[0,0],[0,0],[0,0],[0,0],[0,1],[-1,0],[0,0],[0,0],[0,0],[0,0],[0,0],[-1,0],[0,0],[0,0],[0,0],[-1,0],[0,0],[0,0],[-1,0],[0,0],[0,0],[0,0],[0,0],[0,0],[-1,0],[0,0],[0,0],[0,0],[0,0],[-1,0],[0,0],[0,0],[0,0],[0,-1],[0,0],[0,1],[-1,0],[0,0],[0,0],[0,0],[0,0],[-1,0],[0,0],[0,0],[0,-1],[-1,0],[0,0],[0,0],[0,0],[0,0],[-1,0],[0,0],[0,0],[0,0],[0,0],[0,0],[0,-1],[0,0],[0,0],[-1,0],[0,0],[-1,0],[0,0],[0,0],[0,0],[-1,0],[0,0],[0,0],[-1,0],[0,0],[0,0],[0,-1],[0,0],[0,0],[0,0],[-1,1],[0,0],[0,0],[0,0],[0,-1],[0,0],[-1,0],[0,0],[0,0],[0,0],[0,1],[0,0],[-1,0],[0,0],[0,0],[-1,0],[0,0],[0,0],[0,0],[0,0],[0,0],[0,0],[-1,0],[0,0],[0,0],[0,1],[-1,0],[0,0],[0,0],[0,0],[-1,0],[0,0],[0,0],[0,0],[-1,0],[0,0],[0,0],[0,1],[0,0],[-1,0],[0,0],[0,0],[0,0],[0,0],[0,0],[0,0],[-1,1],[0,0],[0,0],[0,0],[0,0],[0,0],[-1,0],[0,0],[0,0],[0,0],[0,0],[0,0],[0,0],[0,0],[-1,0],[0,0],[0,0],[0,0],[0,0],[-1,0],[0,0],[0,0],[0,0],[0,1],[0,0],[-1,0],[0,0],[0,0],[0,0],[0,0],[0,0],[-1,0],[0,0],[0,0],[0,0],[0,0],[0,0],[-1,0],[0,0],[0,0],[0,-1],[0,0],[-1,0],[0,0],[0,0],[0,0],[0,-1],[0,0],[0,0],[0,0],[0,0],[-1,0],[0,0],[0,1],[0,0],[0,0],[-1,0],[0,0],[0,0],[0,0],[0,0],[-1,0],[-1,0],[0,0],[0,0],[0,-1],[0,0],[0,0],[-1,0],[0,0],[0,-1],[0,0],[0,0],[0,0],[-1,0],[0,0],[0,0],[-1,0],[0,0],[0,-1],[0,0],[0,0],[0,0],[-1,-1],[0,0],[0,0],[-1,0],[0,0],[0,0],[-1,0],[0,0],[0,0],[0,0],[-1,0],[0,0],[0,0],[0,0],[-1,1],[0,-1],[0,1],[-1,0],[0,-1],[-1,0],[0,0],[0,0],[0,0],[0,0],[0,0],[0,0],[-1,0],[0,0],[0,0],[0,0],[0,0],[0,0],[0,-1],[0,0],[-1,0],[0,0],[0,0],[0,0],[0,0],[0,0],[-1,0],[0,0],[0,0],[0,0],[0,0],[0,0],[0,1],[0,0],[0,0],[0,0],[-1,0],[0,0],[0,0],[0,0],[0,0],[0,0],[0,0],[-1,0],[0,-1],[-1,0],[0,-1],[-1,-1],[0,0],[-1,-1],[-1,-1],[0,-1],[-1,0],[0,0],[0,-1],[-1,0],[0,0],[-1,-1],[-1,0],[-1,0],[0,0],[0,0],[0,-1],[0,0],[0,0],[1,0],[0,0],[0,0],[0,-1],[0,0],[-1,1],[0,0],[0,0],[-1,0],[0,0],[-1,0],[0,0],[0,0],[-1,0],[0,0],[0,1],[0,0],[0,0],[-1,0],[0,0],[0,0],[0,0],[-1,0],[-1,1],[0,0],[0,0],[0,0],[0,0],[0,0],[0,0],[-1,0],[0,0],[0,0],[-1,0],[0,0],[0,0],[0,0],[0,0],[-1,0],[0,0],[0,-1],[1,0],[0,0],[0,0],[0,0],[0,-1],[0,0],[0,0],[0,0],[0,1],[0,0],[-1,0],[0,0],[0,0],[-1,-1],[0,0],[-1,0],[0,0],[0,0],[0,0],[0,1],[0,0],[0,0],[0,0],[0,0],[0,-1],[0,0],[0,0],[0,0],[-1,0],[0,0],[0,0],[0,0],[-1,0],[0,0],[-1,0],[-1,0],[0,0],[0,0],[1,-1],[0,0],[0,0],[-1,0],[0,-1],[0,-1],[-1,0],[0,0],[0,0],[-1,0],[0,0],[0,0],[0,0],[0,0],[-1,0],[0,0],[0,0],[-1,0],[-1,0],[0,0],[-1,0],[0,0],[-1,0],[0,0],[0,0],[-1,0],[0,1],[1,0],[-1,0],[0,0],[0,0],[0,0],[-1,0],[0,0],[-1,0],[0,0],[-1,0],[-1,1],[0,0],[-1,0],[-1,0],[0,0],[0,0],[-1,0],[0,0],[0,0],[0,0],[-1,0],[0,0],[0,1],[0,0],[0,0],[-1,-1],[0,1],[0,0],[-1,0],[0,0],[-1,0],[0,0],[0,0],[0,0],[0,0],[-1,0],[0,0],[0,0],[-1,0],[0,0],[0,0],[0,0],[-1,0],[-1,0],[0,0],[0,1],[-1,0],[-1,0],[0,0],[0,0],[-1,0],[0,-1],[-1,1],[0,0],[0,0],[0,0],[0,0],[0,0],[0,1],[0,0],[0,0],[0,0],[1,0],[0,0],[0,0],[0,0],[0,0],[0,0],[0,0],[0,0],[0,0],[-1,0],[0,0],[0,0],[0,1],[1,0],[0,0],[0,0],[1,0],[0,0],[1,0],[0,0],[0,0],[0,0],[-1,0],[0,0],[0,0],[-1,0],[0,0],[-1,0],[0,0],[0,0],[0,1],[-1,0],[0,0],[0,0],[0,0],[1,1],[0,0],[0,0],[-1,0],[0,1],[-1,0],[0,0],[0,0],[-1,0],[0,0],[0,0],[1,0],[0,1],[0,0],[0,0],[1,0],[1,0],[0,0],[0,0],[1,1],[0,0],[0,0],[0,0],[0,0],[0,1],[0,0],[-1,0],[0,1],[-1,0],[-1,0],[0,0],[0,0],[0,-1],[-1,0],[0,0],[0,0],[0,0],[0,1],[-1,0],[0,0],[0,0],[0,0],[0,0],[0,0],[0,0],[-1,0],[-1,0],[0,0],[0,0],[0,-1],[-1,0],[0,0],[0,0],[-1,0],[0,0],[0,0],[-1,0],[0,0],[0,0],[0,0],[0,0],[-1,0],[0,0],[0,0],[-1,0],[0,0],[-1,0],[0,0],[0,0],[0,0],[-1,0],[0,0],[-1,0],[0,0],[0,1],[0,0],[0,0],[-1,0],[0,0],[-1,0],[0,-1],[-1,0],[0,0],[0,0],[-1,0],[0,0],[0,0],[0,0],[0,0],[0,0],[0,1],[0,0],[0,0],[0,0],[0,0],[0,0],[0,0],[0,-1],[-1,0],[0,0],[0,0],[0,-1],[-1,0],[0,0],[0,0],[-1,0],[0,0],[0,-1],[0,0],[-1,0],[0,0],[0,0],[-1,0],[0,0],[0,0],[0,0],[0,0],[0,0],[-1,0],[0,0],[0,0],[0,0],[-1,0],[0,0],[-1,0],[0,0],[-1,0],[0,0],[0,0],[0,0],[0,0],[0,0],[-1,0],[0,0],[0,0],[0,0],[-1,0],[0,0],[0,1],[0,0],[-1,0],[0,0],[-1,0],[0,0],[0,0],[-1,1],[0,0],[0,0],[0,0],[-1,1],[0,0],[-1,0],[0,0],[0,0],[0,0],[0,0],[0,1],[0,0],[0,0],[0,0],[1,0],[-1,1],[0,0],[0,0],[-1,0],[0,0],[0,0],[0,0],[-1,-1],[0,0],[-1,-1],[0,0],[0,0],[0,1],[-1,0],[0,0],[0,0],[0,0],[0,0],[0,0],[0,1],[-1,0],[0,0],[0,1],[0,0],[0,0],[0,1],[1,0],[0,0],[0,0],[-1,0],[0,0],[0,1],[-1,0],[1,1],[0,0],[0,0],[1,0],[0,1],[0,0],[0,0],[0,0],[0,1],[0,0],[1,0],[0,0],[0,0],[1,0],[0,0],[1,0],[0,0],[0,0],[1,1],[0,0],[0,0],[0,1],[1,0],[0,0],[0,1],[-1,-1],[0,0],[0,0],[0,0],[0,0],[0,0],[0,1],[0,0],[0,0],[0,0],[0,0],[0,0],[1,0],[0,0],[1,1],[0,0],[-1,0],[0,0],[0,0],[-1,0],[0,0],[0,0],[0,0],[0,0],[0,1],[0,0],[0,0],[0,0],[0,0],[0,0],[0,0],[-1,0],[0,0],[-1,0],[0,0],[0,0],[-1,0],[0,0],[0,1],[0,-1],[0,0],[0,0],[0,0],[0,1],[0,0],[0,0],[0,0],[0,0],[0,0],[0,0],[-1,1],[0,0],[0,0],[0,0],[0,0],[0,1],[0,0],[-1,0],[0,0],[0,0],[0,0],[0,0],[0,0],[0,1],[0,0],[0,0],[0,0],[1,0],[0,0],[0,0],[0,1],[0,0],[1,1],[0,0],[0,-1],[0,0],[0,0],[0,1],[0,0],[0,1],[0,0],[0,0],[0,1],[0,0],[0,0],[0,0],[0,0],[0,1],[1,0],[0,0],[0,0],[1,1],[0,0],[0,0],[0,1],[1,0],[0,0],[0,0],[-1,0],[0,0],[0,1],[0,0],[-1,0],[0,0],[0,1],[0,0],[-1,0],[0,-1],[-1,0],[0,0],[0,0],[0,0],[0,0],[-1,-1],[0,0],[0,0],[0,0],[0,0],[0,0],[-1,0],[0,0],[0,0],[0,0],[0,0],[0,0],[-1,-1],[0,0],[0,0],[0,0],[0,0],[-1,0],[0,0],[0,0],[0,0],[0,0],[0,-1],[0,0],[0,0],[0,0],[0,0],[-1,0],[0,0],[-1,0],[0,-1],[0,0],[0,0],[0,0],[-1,1],[0,-1],[0,0],[0,0],[0,0],[-1,0],[0,1],[0,0],[-1,0],[0,0],[0,0],[0,0],[0,0],[0,0],[0,-1],[0,0],[0,0],[-1,0],[0,0],[-1,0],[0,0],[0,-1],[0,0],[-1,0],[0,0],[0,0],[-1,0],[0,0],[0,0],[-1,0],[0,0],[0,0],[-1,0],[-1,0],[0,0],[-1,0],[0,-1],[0,0],[-1,0],[0,0],[-1,0],[0,0],[0,0],[-1,0],[0,0],[0,0],[-1,0],[-1,-1],[-1,-1],[0,0],[-1,0],[-1,0],[-1,-1],[0,0],[0,0],[-1,0],[0,0],[0,0],[0,-1],[0,0],[-1,0],[-1,0],[0,0],[0,0],[1,-1],[0,0],[0,0],[-1,0],[0,0],[1,0],[0,0],[0,0],[0,0],[1,0],[0,0],[1,0],[0,0],[0,0],[0,0],[0,0],[0,0],[0,-1],[0,0],[1,-1],[0,0],[0,0],[0,1],[0,0],[0,-1],[0,0],[1,0],[0,0],[0,0],[0,0],[-1,-1],[0,0],[0,0],[-1,0],[0,0],[1,0],[0,0],[0,0],[0,0],[1,0],[0,0],[0,-1],[0,0],[1,0],[0,0],[1,0],[0,0],[0,0],[0,-1],[0,0],[0,0],[0,0],[-1,0],[0,0],[-1,0],[1,0],[0,0],[0,0],[-1,0],[0,0],[-1,0],[0,0],[0,0],[0,0],[1,0],[0,0],[0,0],[0,0],[-1,0],[0,0],[0,0],[1,0],[0,0],[0,-1],[0,0],[0,0],[0,0],[1,0],[0,0],[0,-1],[0,0],[1,0],[0,0],[1,0],[0,0],[1,0],[0,0],[0,0],[0,0],[0,0],[0,-1],[0,0],[0,0],[0,0],[0,0],[0,0],[0,0],[0,0],[0,0],[0,-1],[0,0],[-1,0],[0,0],[1,0],[0,0],[0,0],[0,0],[0,0],[0,0],[0,0],[0,0],[0,-1],[0,0],[-1,0],[1,0],[0,0],[0,0],[1,0],[0,0],[0,-1],[0,0],[-1,0],[0,0],[1,0],[0,0],[-1,0],[0,0],[0,0],[0,0],[-1,-1],[0,0],[0,0],[-1,0],[0,0],[0,0],[0,0],[0,0],[0,0],[-1,0],[0,0],[0,0],[-1,0],[0,0],[0,-1],[-1,0],[0,0],[0,1],[0,0],[0,0],[0,0],[0,0],[-1,-1],[0,0],[0,0],[-1,0],[0,-1],[0,0],[0,0],[0,1],[-1,0],[0,0],[-1,0],[0,0],[0,0],[0,0],[0,0],[-1,0],[0,0],[0,0],[0,-1],[0,0],[-1,0],[0,0],[0,0],[0,1],[-1,-1],[0,0],[0,0],[0,0],[0,0],[0,0],[0,0],[0,0],[0,-1],[0,0],[0,0],[0,0],[0,0],[0,0],[0,0],[-1,0],[0,0],[0,0],[0,-1],[0,0],[0,0],[0,0],[-1,0],[0,0],[0,0],[0,0],[-1,0],[0,0],[0,0],[0,0],[0,0],[0,0],[0,0],[-1,0],[1,-1],[-1,0],[0,0],[0,0],[0,0],[1,0],[0,0],[0,0],[0,0],[-1,-1],[0,0],[0,-1],[-1,0],[0,0],[0,0],[-1,0],[0,0],[0,0],[-1,0],[0,0],[-1,0],[0,0],[0,0],[0,0],[-1,0],[0,1],[0,0],[0,0],[0,0],[-1,0],[0,0],[0,0],[0,0],[0,0],[0,-1],[0,0],[-1,0],[0,0],[0,0],[0,0],[0,0],[0,-1],[0,0],[0,0],[0,0],[0,0],[0,0],[0,-1],[0,0],[-1,0],[1,0],[0,0],[0,0],[0,0],[0,0],[1,0],[0,0],[0,0],[0,0],[1,0],[0,0],[0,0],[1,0],[0,0],[0,-1],[0,0],[0,0],[0,0],[0,0],[0,0],[0,0],[0,0],[0,0],[0,0],[0,-1],[-1,0],[-1,0],[0,0],[0,0],[0,0],[0,0],[0,0],[0,-1],[0,0],[-1,0],[0,0],[0,0],[-1,-1],[0,0],[0,0],[0,0],[0,0],[0,0],[0,0],[0,0],[-1,-1],[0,0],[0,0],[0,0],[0,0],[1,0],[0,0],[0,-1],[-1,0],[0,0],[0,0],[0,0],[0,0],[0,0],[0,-1],[0,0],[0,0],[0,0],[0,0],[0,0],[0,0],[0,0],[0,0],[-1,0],[0,0],[0,0],[-1,0],[0,0],[0,0],[0,0],[-1,0],[0,0],[0,0],[0,0],[-1,0],[0,0],[0,0],[0,-1],[0,0],[0,0],[0,0],[0,0],[-1,0],[0,0],[0,0],[0,0],[-1,0],[0,0],[0,0],[0,0],[0,0],[-1,0],[0,0],[0,0],[0,0],[0,-1],[0,0],[0,0],[0,0],[0,0],[0,-1],[0,0],[-1,0],[0,0],[0,0],[0,0],[0,0],[0,0],[0,0],[0,-1],[0,0],[0,0],[0,0],[0,0],[0,0],[0,0],[0,0],[0,-1],[-1,0],[0,0],[0,0],[0,0],[0,0],[0,0],[0,0],[0,-1],[0,0],[0,0],[1,0],[0,0],[0,0],[0,0],[0,0],[0,0],[0,0],[-1,-1],[0,0],[0,0],[0,0],[0,0],[0,-1],[0,0],[0,-1],[0,0],[0,0],[0,0],[1,0],[0,-1],[0,0],[0,0],[1,0],[0,0],[0,0],[0,0],[0,0],[0,0],[0,0],[0,0],[0,-1],[0,0],[0,0],[0,0],[0,0],[0,0],[0,0],[1,0],[0,0],[0,0],[0,0],[1,0],[0,0],[0,0],[0,0],[0,-1],[0,0],[1,0],[1,0],[1,1],[0,-1],[0,0],[0,0],[0,0],[0,0],[-1,0],[0,0],[-1,0],[-1,0],[0,-1],[-1,0],[0,0],[0,0],[0,0],[0,0],[0,-1],[0,0],[0,0],[-1,1],[-1,0],[1,-1],[1,0],[0,0],[0,0],[0,-1],[1,0],[0,0],[1,0],[1,-1],[0,0],[0,0],[1,-1],[0,0],[1,0],[0,0],[1,-1],[1,0],[0,-1],[1,0],[0,0],[0,0],[0,-1],[0,0],[0,0],[0,0],[0,0],[-1,0],[0,-1],[0,0],[-1,0],[-1,0],[-1,-1],[0,0],[0,0],[1,0],[0,-1],[0,0],[0,0],[0,0],[0,0],[0,0],[0,-1],[-1,0],[0,0],[0,0],[0,0],[0,-1],[0,0],[0,0],[0,0],[-1,0],[0,0],[0,0],[0,0],[0,-1],[0,0],[0,0],[0,0],[1,0],[0,0],[-1,0],[0,0],[0,0],[0,0],[0,0],[0,0],[0,-1],[1,0],[-1,0],[0,0],[1,0],[0,0],[0,0],[0,0],[0,-1],[0,0],[0,0],[-1,-1],[0,0],[0,0],[0,0],[0,0],[0,-1],[-1,0],[0,0],[0,-1],[-1,0],[0,0],[1,0],[0,0],[0,-1],[1,0],[0,0],[1,0],[0,-1],[0,0],[0,0],[-1,-1],[-1,0],[-1,0],[-1,0],[0,-1],[0,0],[0,0],[1,-1],[0,0],[0,0],[0,0],[-1,0],[0,0],[0,0],[0,0],[0,0],[1,0],[0,0],[1,-1],[0,0],[0,0],[0,0],[0,0],[2,0],[0,-1],[0,0],[0,0],[0,0],[1,0],[0,0],[-1,0],[0,0],[1,0],[0,0],[1,0],[0,0],[0,0],[0,0],[1,0],[0,0],[-1,-1],[1,0],[1,1],[0,0],[1,0],[0,-1],[0,0],[0,0],[1,0],[-1,0],[0,0],[2,0],[0,0],[1,1],[0,0],[0,0],[0,0],[0,0],[0,0],[-2,0],[0,0],[0,0],[0,0],[0,0],[1,0],[1,0],[0,0],[0,0],[0,1],[0,0],[1,-1],[0,0],[0,0],[0,1],[0,0],[0,0],[0,0],[0,0],[0,0],[0,0],[0,0],[1,0],[0,0],[2,0],[0,0],[1,0],[1,0],[0,0],[0,0],[0,0],[2,0],[2,1],[3,0],[2,1],[0,0],[1,0],[0,0],[0,0],[2,1],[1,0],[0,0],[0,0],[0,0],[0,0],[0,0],[1,0],[0,1],[1,0],[0,0],[0,0],[1,0],[0,1],[0,0],[0,0],[1,0],[0,0],[0,1],[0,0],[0,1],[-2,1],[-1,0],[-3,0],[-1,1],[-1,0],[-1,0],[-1,-1],[-1,0],[-1,0],[0,0],[-2,0],[-2,0],[0,0],[-2,-1],[0,0],[-1,0],[0,0],[0,0],[0,0],[-1,0],[0,0],[-1,0],[0,0],[0,0],[0,0],[-1,-1],[-1,0],[0,0],[0,0],[0,0],[-1,0],[-2,0],[0,0],[1,0],[0,0],[1,0],[0,0],[0,0],[1,1],[0,0],[0,0],[1,0],[0,0],[0,0],[0,0],[0,0],[1,0],[0,1],[0,0],[0,0],[-1,0],[0,0],[1,0],[1,0],[1,0],[1,1],[0,0],[0,0],[0,0],[0,1],[0,0],[0,0],[-1,0],[0,0],[0,1],[1,0],[0,1],[0,0],[0,0],[1,0],[-1,0],[0,0],[0,1],[1,0],[0,0],[1,0],[0,0],[1,0],[1,1],[0,0],[0,0],[1,0],[1,0],[1,1],[0,0],[1,0],[1,-1],[0,0],[0,0],[0,0],[0,-1],[-1,0],[0,0],[-1,0],[0,0],[0,0],[-1,0],[0,-1],[-1,0],[0,0],[0,0],[0,0],[0,0],[1,0],[0,-1],[0,0],[1,0],[1,0],[1,1],[0,0],[0,0],[1,0],[0,0],[0,0],[1,0],[1,0],[1,1],[1,0],[0,-1],[0,0],[0,0],[1,0],[0,0],[1,0],[-1,0],[0,0],[0,-1],[-1,0],[0,0],[0,-1],[0,0],[0,0],[1,-1],[1,0],[0,0],[0,0],[1,0],[1,-1],[1,0],[1,-1],[0,0],[1,0],[0,0],[0,1],[1,0],[1,0],[0,0],[1,0],[0,0],[0,0],[0,0],[0,0],[0,0],[1,0],[0,0],[0,0],[0,1],[1,0],[0,0],[0,-1],[0,0],[0,0],[0,-1],[1,0],[-1,0],[0,-1],[0,0],[0,0],[-1,0],[0,0],[0,-1],[0,0],[0,0],[0,-1],[1,-1],[0,0],[0,0],[0,0],[0,0],[0,-1],[-2,0],[0,0],[-1,-1],[1,0],[0,0],[1,1],[1,0],[2,0],[1,0],[1,0],[1,1],[1,0],[1,0],[0,1],[-1,0],[-1,0],[-2,0],[0,0],[-1,1],[0,0],[0,0],[0,0],[2,1],[0,0],[0,0],[1,0],[0,0],[1,0],[0,1],[0,0],[0,0],[1,0],[2,-1],[0,0],[0,0],[1,-1],[0,0],[0,0],[0,0],[0,-1],[1,0],[1,0],[0,0],[1,0],[-1,0],[0,0],[0,0],[0,0],[1,0],[0,0],[2,-1],[1,0],[1,0],[1,-1],[0,0],[1,0],[0,0],[1,0],[1,0],[0,0],[0,0],[1,0],[0,0],[0,0],[0,0],[0,0],[0,0],[0,0],[1,0],[0,0],[0,0],[0,0],[-1,0],[0,0],[1,-1],[2,0],[1,0],[1,0],[1,0],[0,0],[-2,0],[0,0],[0,0],[0,0],[1,0],[-1,0],[0,0],[0,0],[0,1],[0,0],[0,0],[0,0],[0,0],[-1,0],[0,0],[0,0],[0,1],[0,0],[0,0],[1,0],[1,0],[0,0],[0,0],[1,0],[0,-1],[0,1],[1,0],[0,0],[0,-1],[1,0],[0,0],[1,0],[1,0],[0,0],[1,0],[1,0],[1,0],[0,0],[1,0],[2,-1],[0,0],[1,0],[1,0],[0,0],[0,0],[1,0],[0,0],[0,0],[0,0],[0,0],[0,1],[0,0],[0,0],[1,0],[0,0],[1,0],[0,0],[0,0],[0,0],[0,0],[0,0],[0,-1],[0,0],[1,0],[1,0],[0,0],[1,0],[-1,-1],[0,0],[-1,-1],[-1,0],[1,0],[1,0],[0,-1],[0,0],[1,0],[2,0],[2,1],[2,0],[2,0],[2,0],[0,1],[0,0],[1,0],[1,0],[0,0],[1,0],[0,0],[1,0],[0,1],[1,0],[0,0],[1,0],[1,0],[1,1],[0,0],[1,0],[1,0],[0,0],[1,0],[1,-1],[0,0],[-1,0],[0,0],[0,0],[-1,0],[0,-1],[-1,0],[0,-1],[0,0],[-1,0],[0,0],[-2,0],[0,0],[0,0],[0,0],[0,0],[0,0],[0,0],[0,-1],[0,0],[0,0],[1,0],[0,0],[0,-1],[0,0],[0,0],[0,-1],[0,0],[0,0],[0,0],[-1,0],[-1,0],[0,-1],[0,0],[0,0],[1,0],[-1,0],[0,0],[0,0],[1,-1],[1,0],[1,0],[1,0],[1,-1],[0,0],[1,-1],[0,-1],[1,0],[1,-1],[0,0],[0,0],[1,0],[-1,0],[0,0],[1,0],[0,0],[1,0],[1,0],[2,0],[1,0],[1,0],[0,0],[1,0],[1,0],[0,0],[0,1],[0,0],[0,1],[-1,0],[0,1],[0,0],[-1,0],[0,1],[-1,0],[0,0],[1,0],[1,1],[1,0],[0,1],[0,1],[0,0],[-1,0],[0,0],[0,0],[0,1],[0,1],[0,1],[0,0],[0,0],[0,1],[1,0],[0,0],[1,0],[1,1],[0,0],[0,0],[0,0],[-1,0],[0,1],[0,0],[0,0],[0,1],[0,0],[-1,0],[-1,0],[-2,2],[0,0],[-1,0],[0,0],[1,1],[0,0],[-1,0],[-1,0],[0,0],[-1,0],[0,0],[-1,0],[0,0],[1,0],[0,0],[0,0],[0,0],[0,0],[0,0],[-1,0],[0,0],[-1,-1],[0,0],[0,1],[-2,0],[0,0],[0,0],[0,0],[0,0],[0,0],[0,0],[1,0],[1,0],[0,1],[1,0],[2,0],[1,0],[1,0],[1,0],[0,0],[1,0],[0,-1],[0,0],[2,0],[1,-1],[1,0],[0,0],[0,-1],[0,0],[2,-1],[0,0],[0,0],[0,-1],[0,0],[0,0],[0,-1],[-1,0],[1,-1],[0,0],[1,0],[2,0],[1,0],[1,0],[0,0],[0,0],[1,0],[1,1],[0,0],[0,0],[0,1],[0,1],[0,0],[1,0],[0,0],[0,0],[1,0],[0,1],[2,-1],[1,0],[0,0],[-1,0],[0,0],[-1,0],[-2,0],[0,0],[0,-1],[0,0],[1,0],[0,0],[0,0],[0,-1],[0,0],[0,0],[-1,-1],[0,0],[-1,0],[-1,-1],[-2,0],[-1,0],[-1,0],[-1,0],[-1,0],[-1,0],[-1,0],[0,0],[0,0],[0,-1],[0,0],[-1,0],[0,0],[0,-1],[1,-1],[0,0],[1,0],[0,-1],[0,0],[-1,-1],[-1,0],[0,-1],[0,0],[-1,0],[0,0],[1,-1],[1,0],[1,-1],[1,0],[0,0],[1,0],[0,0],[0,0],[0,-1],[0,0],[0,0],[0,-1],[-1,0],[1,0],[0,0],[0,0],[1,0],[0,0],[1,1],[0,0],[0,0],[0,0],[0,0],[0,1],[0,0],[0,0],[-1,0],[0,0],[0,0],[0,1],[0,0],[0,1],[0,0],[0,0],[0,0],[0,0],[1,0],[1,1],[2,0],[0,0],[0,0],[2,0],[1,0],[1,0],[1,0],[1,0],[0,0],[0,0],[0,0],[-1,0],[0,0],[0,0],[0,0],[-1,0],[0,-1],[-1,0],[-1,0],[0,0],[-1,0],[-1,0],[-1,0],[0,-1],[-1,0],[0,0],[0,0],[0,0],[1,-1],[1,0],[1,0],[1,1],[1,0],[1,0],[0,-1],[0,0],[-1,0],[0,0],[-1,0],[0,0],[0,0],[0,0],[0,0],[0,0],[1,-1],[1,0],[1,0],[2,0],[2,1],[1,0],[1,0],[0,0],[0,0],[0,0],[2,1],[0,0],[1,0],[2,0],[0,0],[1,0],[0,0],[1,0],[-1,0],[0,1],[0,0],[0,0],[-2,0],[0,0],[0,1],[0,0],[0,0],[0,0],[0,1],[0,0],[0,0],[0,0],[0,1],[0,0],[0,0],[0,-1],[0,0],[1,-1],[0,0],[1,0],[0,0],[0,1],[0,0],[0,0],[0,1],[-1,0],[0,0],[0,0],[0,1],[1,0],[0,0],[0,0],[0,-1],[0,0],[0,0],[1,0],[0,0],[1,0],[0,0],[0,-1],[0,0],[-1,0],[0,-1],[-1,0],[1,-1],[0,0],[0,0],[0,0],[0,-1],[0,0],[0,0],[0,0],[-1,0],[-1,0],[0,0],[-1,-1],[0,0],[0,0],[0,0],[-1,0],[0,-1],[-1,0],[-1,0],[0,0],[-1,0],[0,0],[0,0],[-1,-1],[1,0],[0,0],[0,0],[0,0],[-1,-1],[0,0],[0,0],[0,0],[0,0],[0,0],[0,0],[0,-1],[0,0],[0,0],[3,0],[1,0],[4,0],[1,0],[2,0],[1,0],[1,0],[0,0],[1,0],[0,-1],[1,0],[2,0],[1,0],[0,0],[0,0],[-1,1],[-1,0],[-1,0],[0,0],[0,0],[0,0],[0,1],[0,0],[0,0],[1,0],[0,0],[1,0],[0,0],[-2,0],[0,0],[0,0],[0,-1],[0,0],[0,0],[0,0],[1,0],[2,0],[1,0],[0,0],[0,-1],[0,0],[0,0],[-1,0],[-1,-1],[0,0],[-1,0],[-1,0],[1,0],[0,0],[1,0],[0,0],[1,0],[0,0],[0,0],[0,0],[-1,-1],[-1,0],[-1,0],[-1,0],[1,0],[0,0],[0,0],[1,0],[1,0],[0,0],[1,0],[1,-1],[0,0],[0,0],[-1,0],[0,0],[0,0],[0,0],[0,0],[2,0],[2,-1],[1,0],[1,0],[1,0],[2,0],[2,-1],[1,0],[1,0],[2,0],[0,0],[3,0],[1,0],[0,0],[-1,0],[0,0],[0,0],[-1,0],[0,0],[0,0],[-1,0],[0,0],[0,0],[0,-1],[0,0],[0,0],[1,0],[0,0],[1,0],[1,0],[0,0],[1,0],[0,0],[1,0],[1,0],[1,0],[0,0],[1,0],[1,0],[-1,0],[-1,1],[1,0],[0,0],[2,-1],[0,0],[0,1],[0,0],[1,0],[1,-1],[0,0],[0,0],[1,0],[0,0],[1,0],[0,0],[0,0],[1,0],[1,0],[0,0],[1,0],[0,0],[1,0],[0,0],[0,0],[1,0],[-1,1],[0,0],[0,0],[0,0],[0,0],[1,0],[0,0],[0,-1],[-1,0],[0,0],[-1,-1],[0,0],[-1,0],[0,0],[2,0],[1,0],[1,0],[2,0],[0,0],[1,0],[1,0],[0,0],[-1,0],[-1,0],[0,0],[0,0],[0,0],[0,-1],[0,0],[0,0],[0,0],[1,0],[0,-1],[0,0],[3,-1],[2,0],[0,0],[1,0],[1,0],[1,0],[1,0],[1,0],[1,0],[1,0],[0,0],[1,0],[0,1],[-1,0],[-1,0],[-1,0],[-2,0],[0,0],[3,0],[1,0],[0,1],[0,0],[1,0],[1,0],[1,0],[0,0],[0,0],[1,0],[1,0],[-1,0],[-1,0],[-1,1],[0,0],[0,0],[0,0],[1,0],[0,0],[1,0],[1,0],[0,0],[1,0],[0,0],[0,-1],[1,0],[0,0],[1,0],[2,0],[2,0],[1,0],[2,0],[0,1],[1,0],[1,0],[0,0],[0,0],[0,0],[0,0],[1,0],[0,0],[0,0],[1,0],[0,1],[0,0],[0,0],[0,0],[0,0],[0,0],[1,0],[0,0],[0,0],[0,0],[0,0],[0,0],[1,0],[0,0],[0,0],[0,1],[1,0],[0,0],[0,0],[0,1],[-1,0],[0,0],[0,-1],[0,0],[0,0],[-1,0],[-1,0],[-1,0],[0,0],[0,0],[1,0],[1,1],[0,-1],[1,0],[0,1],[0,0],[1,0],[0,0],[-2,1],[-2,1],[-1,0],[-2,0],[-1,0],[-1,1],[-1,0],[-1,0],[0,0],[0,0],[0,0],[0,0],[-1,1],[-1,0],[-2,1],[-1,0],[-2,0],[0,0],[-1,1],[0,0],[-2,0],[-1,1],[-1,0],[-1,0],[1,0],[1,0],[1,0],[0,0],[0,-1],[1,0],[0,0],[2,0],[0,0],[2,0],[0,0],[1,0],[0,0],[0,0],[1,0],[1,0],[0,0],[1,-1],[1,0],[0,0],[2,0],[1,0],[0,0],[0,0],[0,-1],[-1,1],[-1,0],[-1,0],[0,0],[0,-1],[0,0],[0,0],[1,0],[0,0],[2,0],[1,0],[0,0],[0,0],[1,0],[0,0],[-1,0],[0,0],[0,0],[2,1],[1,0],[0,0],[1,0],[0,0],[1,-1],[-1,0],[1,0],[0,0],[0,0],[1,1],[0,0],[0,0],[-1,0],[1,1],[0,0],[0,0],[0,1],[0,0],[0,0],[-1,0],[0,0],[0,0],[1,1],[1,0],[0,0],[0,0],[-1,-1],[0,0],[-1,0],[1,0],[0,0],[0,-1],[0,0],[0,0],[1,0],[0,0],[0,0],[0,0],[0,0],[0,0],[-1,-1],[0,0],[1,0],[1,0],[2,0],[1,0],[3,0],[3,0],[3,0],[1,0],[0,0],[0,0],[0,0],[-1,0],[0,1],[0,0],[1,0],[1,0],[1,1],[1,0],[2,0],[1,0],[1,0],[1,0],[0,0],[1,0],[0,0],[1,0],[0,0],[1,0],[-1,0],[0,0],[0,0],[0,0],[1,0],[1,0],[0,0],[0,-1],[0,0],[1,0],[0,0],[0,0],[0,0],[-1,0],[0,0],[0,-1],[0,0],[0,0],[1,0],[0,0],[1,0],[0,0],[1,0],[0,0],[1,0],[2,0],[0,0],[1,0],[0,0],[1,0],[0,0],[0,0],[0,0],[0,0],[0,0],[0,1],[0,0],[1,0],[1,-1],[0,0],[0,0],[2,0],[1,0],[0,0],[0,1],[0,0],[1,0],[0,0],[0,0],[0,0],[1,0],[0,0],[0,0],[0,0],[1,0],[0,0],[0,1],[-1,0],[0,0],[0,0],[0,0],[1,0],[0,0],[0,0],[0,1],[-1,0],[0,0],[-1,0],[0,0],[0,0],[2,0],[0,0],[1,1],[0,0],[-1,0],[-1,0],[-1,0],[-1,0],[-1,-1],[0,0],[0,1],[1,0],[1,0],[1,1],[1,0],[0,0],[0,0],[0,-1],[0,1],[0,0],[1,0],[-1,0],[-1,0],[0,0],[0,0],[1,0],[0,1],[1,0],[1,1],[0,0],[1,0],[1,0],[0,0],[0,0],[1,0],[0,1],[0,0],[0,0],[1,0],[0,0],[1,-1],[0,0],[1,0],[0,-1],[0,0],[0,0],[0,0],[0,-1],[1,0],[0,0],[1,0],[0,0],[0,0],[0,0],[0,0],[1,0],[1,1],[0,0],[2,0],[1,0],[0,0],[1,0],[1,0],[1,-1],[0,0],[1,0],[1,1],[2,0],[0,0],[1,0],[0,1],[1,0],[0,0],[0,0],[0,0],[0,0],[0,-1],[0,0],[0,0],[0,0],[1,0],[-1,0],[0,0],[0,0],[0,0],[0,0],[0,0],[1,0],[0,-1],[0,0],[1,1],[0,-1],[0,0],[1,1],[1,0],[0,0],[1,0],[1,0],[-1,0],[0,-1],[0,0],[-1,0],[0,0],[1,-1],[0,0],[1,0],[0,0],[0,0],[-1,0],[-1,0],[0,0],[-1,0],[0,0],[0,-1],[1,0],[1,0],[2,0],[1,0],[1,0],[-1,0],[0,-1],[-1,0],[1,0],[0,0],[0,0],[1,0],[1,0],[1,0],[4,0],[1,1],[1,0],[1,0],[2,0],[1,0],[0,0],[1,0],[1,0],[0,0],[-2,0],[-1,0],[-1,0],[0,0],[-1,1],[0,0],[-1,0],[0,0],[1,0],[1,0],[5,0],[0,0],[0,0],[0,0],[-1,0],[-1,1],[0,0],[1,-1],[-1,0],[0,0],[0,0],[-1,0],[0,0],[0,0],[0,0],[0,0],[0,1],[-1,0],[0,0],[0,0],[0,0],[-1,0],[1,0],[0,0],[-1,0],[0,0],[1,0],[0,0],[2,0],[0,0],[1,0],[2,-1],[0,0],[1,-1],[0,0],[3,1],[1,0],[2,0],[0,0],[1,0],[0,1],[0,0],[0,0],[-2,0],[-1,0],[0,0],[0,0],[0,0],[0,0],[1,0],[1,0],[1,0],[0,1],[0,0],[0,0],[2,0],[0,0],[0,0],[-1,0],[0,0],[-1,0],[1,0],[1,0],[1,0],[0,0],[1,0],[1,1],[1,0],[-1,0],[0,0],[2,1],[1,0],[1,-1],[1,0],[2,0],[2,0],[1,0],[1,0],[2,0],[2,0],[2,0],[2,0],[2,1],[1,0],[0,0],[0,0],[0,1],[0,0],[0,0],[0,0],[0,1],[0,0],[0,0],[0,0],[1,1],[1,0],[1,0],[0,0],[0,1],[0,0],[0,0],[1,1],[0,0],[-1,1],[0,0],[0,0],[0,0],[1,0],[0,-1],[0,0],[1,0],[0,-1],[-1,0],[0,0],[1,0],[1,-1],[0,0],[1,0],[1,0],[1,0],[1,0],[0,0],[1,0],[1,0],[1,0],[3,0],[1,0],[2,0],[0,0],[1,0],[1,0],[1,0],[0,0],[0,0],[1,0],[0,0],[0,1],[0,0],[1,0],[1,0],[1,0],[0,1],[1,0],[1,0],[1,0],[1,-1],[0,0],[0,0],[0,0],[-1,-1],[-1,0],[0,0],[1,0],[0,-1],[0,0],[0,0],[1,0],[1,0],[2,0],[2,0],[1,0],[0,0],[1,0],[0,0],[0,0],[1,0],[0,0],[1,0],[2,0],[1,0],[1,0],[1,0],[0,0],[1,0],[2,1],[1,0],[1,0],[2,0],[1,1],[0,0],[0,0],[0,0],[1,0],[2,1],[0,0],[0,0],[0,10],[0,0],[-1,1],[-1,0],[0,0],[-2,1],[0,0],[-1,-1],[-1,0],[-1,0],[0,0],[-1,0],[0,-1],[-1,0],[0,0],[-1,0],[0,0],[0,0],[1,0],[1,0],[0,0],[0,1],[0,0],[0,0],[0,0],[-1,0],[0,0],[-1,0],[-1,0],[-1,0],[-1,0],[0,0],[-2,0],[1,0],[1,0],[0,0],[1,0],[1,0],[0,0],[0,0],[1,0],[0,0],[0,0],[0,0],[0,0],[0,0],[-1,1],[1,-1],[1,1],[0,0],[1,-1],[1,0],[0,0],[0,0],[0,1],[0,0],[1,0],[0,1],[1,0],[0,0],[0,-1],[0,0],[0,0],[1,1],[0,0],[0,0],[0,0],[0,0],[0,0],[0,1],[1,0],[-1,0],[0,0],[0,0],[0,0],[0,0],[0,1],[0,0],[0,0],[1,0],[0,0],[0,0],[0,-1],[0,1],[0,0],[0,0],[1,0],[0,1],[0,0],[0,0],[0,0],[0,0],[0,0],[1,0],[0,1],[0,0],[0,0],[-1,0],[0,0],[0,1],[0,0],[-1,0],[0,0],[-2,-1],[-1,0],[-1,0],[0,0],[0,0],[0,0],[0,0],[0,0],[0,0],[0,0],[-1,0],[0,0],[0,0],[0,0],[0,0],[0,0],[0,0],[0,0],[0,0],[0,0],[-1,0],[-1,1],[0,0],[-2,0],[0,0],[-1,0],[0,0],[0,1],[-1,0],[0,0],[-1,0],[0,0],[-1,0],[0,0],[-1,1],[0,-1],[-1,1],[-1,0],[0,0],[-1,0],[0,0],[0,0],[1,1],[0,0],[-1,0],[0,0],[0,0],[0,0],[0,0],[-1,0],[0,0],[0,0],[0,0],[0,0],[-1,1],[0,0],[0,0],[0,0],[-1,0],[0,0],[-2,1],[0,0],[-1,0],[0,0],[0,0],[0,0],[0,1],[0,0],[0,0],[-1,0],[0,0],[-1,0],[0,0],[0,0],[0,-1],[0,0],[0,0],[-1,0],[0,0],[-2,0],[0,0],[-1,0],[0,0],[-1,0],[-1,0],[-1,0],[-1,0],[-1,1],[0,1],[-1,0],[0,0],[0,-1],[0,0],[0,0],[0,0],[1,-1],[0,0],[0,0],[-1,0],[0,0],[-1,1],[-1,0],[0,0],[0,0],[-1,0],[0,0],[0,1],[0,0],[0,0],[-1,0],[0,-1],[0,0],[-1,0],[0,0],[0,0],[0,0],[0,0],[-1,0],[0,0],[0,0],[0,0],[-1,0],[0,0],[0,0],[0,1],[0,0],[-1,0],[0,0],[0,1],[0,1],[0,-1],[-1,1],[0,0],[1,0],[-1,0],[0,0],[0,0],[0,0],[-1,1],[-1,0],[0,1],[0,0],[0,1],[0,0],[0,0],[0,0],[1,0],[0,0],[0,0],[0,0],[0,0],[1,0],[0,0],[1,0],[0,0],[0,0],[0,1],[0,0],[-1,0],[0,0],[0,1],[0,0],[0,0],[0,0],[0,1],[0,0],[0,0],[0,0],[1,0],[0,0],[0,0],[0,1],[0,0],[0,0],[0,1],[0,0],[0,0],[-1,0],[0,0],[0,-1],[0,0],[0,0],[0,0],[1,0],[-1,0],[0,0],[0,0],[-1,0],[0,0],[0,0],[0,0],[0,1],[-1,0],[0,0],[0,1],[-1,0],[0,0],[0,1],[0,0],[0,0],[1,1],[0,0],[0,1],[0,0],[-1,0],[0,0],[-1,0],[-1,0],[0,0],[-1,0],[0,0],[-1,1],[0,0],[-1,0],[0,1],[0,0],[0,0],[0,1],[0,0],[0,0],[0,0],[0,1],[0,0],[0,0],[0,0],[-1,0],[-1,0],[-1,0],[0,1],[0,-1],[0,0],[-1,0],[0,0],[0,0],[0,1],[1,0],[-1,0],[0,0],[0,1],[0,0],[0,0],[0,1],[-1,1],[-1,0],[0,0],[0,0],[-1,1],[0,0],[-1,1],[-1,0],[0,0],[0,-1],[0,0],[0,0],[0,0],[0,-1],[0,-1],[-1,-1],[0,0],[0,-1],[0,0],[0,0],[0,-1],[-1,-2],[0,0],[0,-2],[-1,-1],[0,-1],[0,0],[0,-1],[1,-1],[0,-2],[0,0],[1,0],[1,-1],[0,0],[1,0],[0,-1],[0,0],[0,0],[0,0],[0,-1],[0,0],[0,0],[0,0],[1,0],[0,0],[1,0],[1,0],[0,0],[1,0],[0,-1],[0,0],[1,0],[1,-1],[0,0],[0,0],[1,0],[0,-1],[1,0],[1,-1],[1,-1],[0,0],[1,0],[1,0],[0,-1],[1,0],[0,0],[1,-1],[0,0],[1,0],[1,-1],[0,0],[1,0],[1,0],[0,0],[0,0],[0,-1],[0,0],[0,0],[1,0],[0,-1],[0,0],[0,0],[0,0],[0,0],[0,0],[0,-1],[0,0],[0,0],[1,-1],[0,0],[1,-1],[0,0],[1,1],[0,0],[1,0],[0,0],[0,-1],[0,0],[0,0],[0,0],[-1,0],[-1,0],[0,0],[-1,0],[0,0],[-3,0],[0,0],[0,0],[0,1],[0,0],[0,0],[0,0],[0,0],[0,1],[0,0],[0,0],[0,0],[0,1],[0,0],[0,0],[0,0],[0,0],[0,0],[-1,0],[0,0],[0,-1],[0,1],[0,0],[-1,0],[0,0],[0,0],[-1,0],[-3,2],[0,0],[-1,0],[0,0],[-1,0],[0,0],[0,0],[0,0],[0,0],[0,0],[0,-1],[0,0],[0,0],[-1,0],[0,1],[0,0],[0,-1],[0,0],[0,0],[0,0],[0,0],[1,-1],[0,0],[0,-1],[0,0],[0,0],[0,0],[0,0],[-1,0],[-1,0],[0,0],[0,0],[-1,0],[0,0],[0,0],[-1,0],[-1,0],[0,0],[-1,0],[0,0],[-1,0],[-1,0],[0,0],[-1,1],[0,0],[0,0],[-1,0],[0,1],[0,0],[-1,0],[0,0],[-1,1],[0,0],[-1,1],[-1,0],[-1,1],[-1,0],[0,1],[0,0],[0,0],[0,0],[0,0],[-1,0],[1,1],[0,0],[0,0],[1,-1],[1,1],[0,0],[0,0],[0,0],[0,0],[-1,0],[0,1],[-1,-1],[0,0],[0,1],[-1,0],[0,0],[-1,-1],[-1,0],[0,1],[0,0],[-1,0],[0,0],[0,0],[-1,0],[0,0],[-1,0],[0,0],[0,0],[-1,0],[-1,0],[-1,0],[1,-1],[1,1],[0,-1],[1,0],[0,0],[0,0],[-1,0],[0,0],[-1,-1],[0,0],[-1,0],[0,0],[0,0],[-1,0],[0,1],[0,0],[0,0],[0,0],[-1,0],[0,-1],[1,0],[-1,0],[0,0],[0,0],[-2,0],[-1,0],[0,0],[-1,0],[1,0],[0,0],[0,1],[0,0],[-1,0],[0,-1],[-1,1],[1,0],[0,0],[0,0],[0,0],[0,0],[-1,0],[-1,0],[-1,0],[0,0],[-1,0],[-1,0],[-1,0],[0,0],[-1,0],[0,0],[-1,0],[0,0],[0,0],[-1,0],[0,0],[-3,0],[-1,0],[-1,0],[-1,0],[-1,0],[-1,0],[-1,0],[-1,1],[-1,1],[0,0],[-1,0],[-1,0],[0,1],[0,0],[-1,1],[0,0],[-1,0],[-1,1],[0,0],[0,0],[-1,0],[0,0],[-1,1],[0,0],[-1,0],[-1,1],[0,0],[0,1],[-1,0],[-1,1],[0,0],[0,0],[-1,0],[-1,1],[0,0],[-1,0],[0,0],[-1,1],[-1,0],[-1,1],[0,0],[0,0],[0,0],[0,1],[0,0],[0,0],[1,0],[1,0],[1,0],[1,0],[0,0],[0,0],[0,0],[0,1],[0,0],[0,1],[0,0],[0,0],[0,0],[1,0],[0,0],[0,-1],[0,0],[0,0],[0,0],[1,0],[0,0],[0,0],[0,0],[0,0],[0,0],[-1,0],[1,0],[0,1],[1,0],[0,0],[-1,0],[0,0],[-1,1],[0,0],[0,0],[0,0],[1,0],[1,0],[1,-1],[0,0],[1,0],[0,0],[0,0],[0,0],[-1,0],[0,1],[0,0],[0,0],[0,0],[1,0],[0,-1],[0,0],[0,-1],[0,0],[0,0],[0,0],[0,0],[1,0],[1,0],[1,0],[0,0],[0,0],[1,0],[0,1],[1,0],[1,1],[0,0],[0,0],[1,0],[0,1],[0,0],[0,0],[0,0],[-1,0],[0,0],[0,0],[1,1],[0,0],[0,0],[0,1],[0,0],[0,0],[0,0],[1,0],[0,1],[-1,0],[0,0],[0,0],[0,1],[-1,0],[0,1],[0,0],[-1,1],[0,0],[0,0],[0,1],[0,1],[0,0],[0,0],[0,0],[0,0],[0,1],[0,0],[0,0],[0,1],[0,0],[0,0],[0,1],[0,0],[0,0],[0,0],[0,0],[0,0],[-1,1],[0,1],[0,0],[0,0],[-1,0],[0,1],[-1,0],[0,0],[-1,1],[0,1],[-1,1],[0,0],[0,0],[-1,0],[0,1],[0,0],[-1,1],[0,1],[-1,0],[0,0],[-1,1],[-1,1],[0,0],[-1,0],[0,1],[-1,0],[0,0],[0,1],[0,0],[-1,0],[-1,1],[0,0],[0,0],[0,1],[-1,0],[0,0],[-1,1],[-1,1],[-1,0],[-1,0],[0,0],[-1,0],[0,0],[0,0],[0,0],[-1,0],[0,0],[0,0],[-1,0],[0,0],[0,0],[0,-1],[0,0],[-1,0],[0,0],[0,0],[-1,0],[1,0],[0,0],[0,0],[0,0],[-1,0],[0,0],[-1,1],[0,0],[0,0],[0,0],[-1,1],[0,0],[0,0],[-1,0],[0,0],[1,0],[-1,0],[0,1]],[[8,52],[1,0],[0,0],[0,0],[1,0],[0,0],[1,0],[1,0],[0,1],[0,0],[-1,-1],[0,1],[1,0],[0,0],[1,0],[0,0],[0,0],[0,0],[0,1],[1,0],[0,-1],[0,0],[-1,0],[-1,0],[1,0],[1,0],[1,0],[0,1],[-1,0],[1,0],[0,0],[0,0],[0,0],[1,0],[0,0],[5,1],[0,0],[0,0],[0,1],[0,0],[0,0],[0,0],[0,0],[0,0],[1,0],[0,0],[0,0],[0,0],[0,0],[0,1],[0,0],[0,0],[0,0],[0,1],[0,0],[0,0],[0,0],[1,0],[0,0],[0,0],[0,0],[0,1],[0,0],[0,0],[0,0],[1,0],[0,0],[0,-1],[0,1],[0,0],[0,0],[0,0],[1,0],[0,0],[0,0],[0,0],[0,-1],[0,0],[-1,0],[0,0],[0,0],[0,0],[0,0],[0,0],[0,0],[0,-1],[0,0],[0,0],[0,0],[-1,0],[0,0],[0,0],[0,0],[0,0],[0,0],[2,0],[0,0],[1,0],[0,0],[1,0],[0,0],[0,0],[-1,0],[0,0],[0,0],[0,0],[1,0],[0,0],[0,0],[0,0],[0,0],[0,0],[0,0],[1,0],[0,0],[0,0],[0,0],[-1,0],[0,0],[1,0],[1,0],[0,0],[1,0],[0,0],[1,1],[1,0],[0,0],[1,0],[1,1],[0,0],[0,0],[0,0],[0,0],[0,0],[0,0],[1,0],[0,0],[0,0],[0,0],[0,0],[1,0],[0,0],[0,1],[0,0],[0,0],[-1,0],[0,0],[0,0],[-1,0],[0,0],[0,0],[0,1],[0,0],[0,0],[-1,0],[0,0],[-1,0],[0,-1],[0,0],[-1,0],[0,0],[0,0],[1,1],[0,0],[0,0],[0,0],[0,0],[0,0],[0,0],[-1,0],[-1,0],[0,0],[0,0],[0,0],[0,0],[-1,0],[0,0],[0,0],[0,0],[-1,0],[0,0],[0,0],[0,0],[1,0],[0,0],[0,0],[0,0],[0,0],[0,0],[0,1],[0,0],[-1,0],[0,0],[1,0],[0,0],[0,0],[0,0],[0,0],[0,0],[0,1],[-1,0],[0,0],[-1,0],[0,0],[0,0],[0,0],[0,0],[0,0],[1,0],[0,0],[-1,0],[0,0],[0,0],[0,1],[1,0],[0,0],[0,0],[1,0],[0,0],[0,0],[0,0],[0,0],[-1,0],[0,0],[0,0],[0,0],[-1,0],[0,0],[0,0],[0,0],[0,0],[0,0],[-1,0],[0,0],[0,0],[0,0],[0,0],[0,0],[0,0],[0,0],[-1,0],[0,0],[0,0],[0,0],[-1,0],[0,0],[0,-1],[-1,0],[-1,0],[0,0],[-1,0],[0,0],[0,0],[-1,0],[0,0],[0,0],[0,0],[-1,-1],[0,0],[0,0],[0,0],[0,0],[0,-1],[-2,0],[-1,0],[0,0],[0,0],[-1,0],[-1,0],[-1,0],[-1,0],[0,0],[0,0],[0,0],[0,-1],[0,0],[0,0],[0,0],[-1,0],[0,0],[0,0],[0,0],[0,0],[0,0],[1,-1],[0,0],[0,0],[0,0],[0,0],[0,0],[-1,0],[0,0],[0,0],[0,0],[0,0],[-1,0],[0,0],[0,0],[0,0],[0,0],[0,0],[0,0],[0,0],[0,0],[0,0],[-1,0],[0,0],[0,0],[0,1],[0,0],[0,0],[0,0],[1,1],[0,0],[0,0],[0,0],[-1,0],[0,0],[0,1],[0,0],[-1,0]],[[630,19],[1,0],[1,0],[0,0],[0,0],[1,0],[0,1],[0,0],[0,0],[-2,0],[0,-1],[-1,0],[0,0],[0,1],[0,0],[-1,0],[0,0],[0,0],[-1,0],[0,0],[-1,0],[0,0],[0,0],[-1,0],[0,0],[0,0],[0,0],[-1,0],[-1,0],[-1,0],[0,0],[0,0],[4,-1],[1,0],[1,0],[0,0],[1,0]],[[637,19],[1,0],[1,0],[0,0],[2,0],[0,0],[0,1],[-1,0],[-1,0],[-2,0],[-1,0],[0,0],[0,0],[0,0],[-2,0],[-1,1],[0,0],[0,0],[1,0],[0,0],[0,0],[0,0],[0,0],[0,0],[-1,0],[0,0],[0,0],[0,0],[-1,0],[0,0],[0,0],[-1,0],[0,0],[0,0],[-1,0],[0,0],[0,0],[1,0],[0,0],[-1,0],[0,0],[-1,0],[0,0],[-1,0],[0,0],[0,0],[-1,0],[3,-1],[0,0],[1,0],[1,0],[0,0],[0,0],[0,0],[1,0],[1,0],[0,0],[0,0],[0,0],[1,-1],[0,0],[2,0],[0,0]],[[685,32],[-1,0],[-1,0],[0,0],[-1,0],[-1,0],[-2,1],[-1,0],[-1,0],[-1,0],[-2,0],[0,0],[-1,1],[-1,0],[-2,0],[-2,0],[0,0],[0,0],[-1,0],[0,1],[0,0],[-1,0],[0,0],[0,0],[-1,0],[0,0],[0,0],[0,0],[0,0],[0,0],[0,1],[0,0],[0,0],[-1,0],[0,0],[-1,0],[0,0],[0,0],[0,0],[0,0],[0,0],[-1,0],[0,0],[0,0],[0,0],[0,1],[-1,0],[0,0],[-1,0],[0,0],[0,0],[0,0],[0,0],[0,0],[0,1],[-2,0],[0,0],[0,0],[0,0],[0,0],[0,1],[0,0],[-1,0],[0,-1],[0,0],[0,0],[0,1],[0,0],[0,0],[-1,0],[0,1],[-1,0],[-1,0],[0,0],[-1,0],[-1,0],[-1,0],[-1,-1],[0,0],[-1,0],[-1,1],[0,-1],[0,0],[-1,0],[0,0],[0,-1],[0,0],[1,0],[1,0],[0,0],[0,0],[1,0],[0,0],[0,0],[0,-1],[1,0],[0,0],[2,0],[0,0],[0,-1],[-1,0],[0,0],[0,0],[0,0],[0,0],[1,0],[1,-1],[0,0],[0,0],[0,0],[-1,0],[0,0],[0,0],[0,0],[0,0],[0,0],[1,0],[0,0],[0,0],[0,0],[1,0],[0,-1],[0,0],[0,0],[0,0],[1,0],[0,0],[1,0],[0,0],[1,0],[0,0],[0,0],[1,0],[0,-1],[0,0],[1,0],[0,0],[1,0],[0,0],[1,0],[0,0],[1,0],[1,-1],[0,0],[1,0],[1,0],[0,0],[0,0],[1,0],[0,0],[0,0],[0,0],[0,0],[0,0],[0,0],[1,0],[1,0],[1,0],[1,0],[1,0],[0,0],[2,0],[2,-1],[1,0],[1,0],[0,0],[0,0],[1,0],[0,0],[0,0],[1,0],[0,0],[0,0],[1,-1],[0,0],[2,0],[1,0],[1,0],[0,0],[1,0],[1,0],[1,0],[0,0],[0,0],[0,0],[0,1],[0,0],[0,0],[-1,0],[-1,1],[0,0],[-1,0]],[[651,40],[1,0],[1,0],[1,0],[0,0],[0,0],[0,0],[0,1],[0,0],[0,0],[0,0],[-1,0],[0,0],[0,0],[-1,0],[0,0],[0,1],[0,0],[0,0],[-1,0],[0,0],[0,0],[0,0],[0,0],[0,1],[1,0],[0,0],[-1,0],[0,0],[0,1],[1,0],[0,0],[0,0],[1,1],[0,0],[1,1],[2,0],[0,0],[1,1],[0,0],[1,0],[-1,0],[0,0],[-1,0],[0,0],[-1,0],[0,0],[0,0],[-1,0],[0,0],[0,0],[0,0],[0,0],[1,0],[-1,0],[0,0],[-1,0],[0,0],[0,0],[0,0],[0,0],[0,0],[-1,0],[0,0],[0,0],[-1,0],[-1,0],[0,0],[-1,0],[0,0],[0,0],[0,0],[0,0],[-1,0],[-1,0],[-1,-1],[0,0],[1,0],[0,0],[-1,0],[0,0],[1,0],[0,0],[0,0],[0,0],[1,0],[0,0],[-1,0],[-1,-1],[1,0],[-1,0],[0,0],[0,0],[0,0],[0,0],[0,0],[-1,0],[-1,0],[-1,0],[0,0],[-1,0],[0,0],[-1,0],[0,0],[0,-1],[0,0],[0,0],[0,0],[0,-1],[0,0],[0,0],[1,0],[0,0],[0,0],[1,0],[0,0],[0,0],[0,0],[1,0],[0,0],[0,-1],[0,0],[0,0],[0,0],[0,0],[0,0],[0,0],[1,0],[-1,0],[0,-1],[0,0],[0,0],[0,0],[0,0],[1,0],[0,0],[0,0],[1,0],[0,0],[0,0],[0,0],[-1,-1],[0,0],[1,0],[0,0],[0,0],[1,0],[0,0],[0,0],[1,0],[0,0],[0,0],[1,0],[1,0],[0,0],[1,0],[0,0]],[[764,19],[0,0],[0,0],[0,0],[2,0],[1,0],[0,0],[1,0],[-1,1],[0,0],[0,0],[-1,0],[-1,0],[0,0],[0,0],[0,0],[1,1],[0,0],[0,0],[0,0],[0,0],[-4,0],[-2,0],[-1,0],[-1,0],[0,0],[-1,0],[-1,0],[-2,0],[-2,0],[0,0],[-1,0],[-1,0],[0,0],[1,-1],[0,0],[1,0],[1,0],[1,0],[0,0],[1,-1],[-1,0],[-1,0],[0,0],[0,0],[1,0],[0,0],[0,0],[1,0],[1,0],[0,0],[1,0],[0,0],[1,-1],[1,0],[0,0],[1,0],[0,0],[2,0],[0,0],[0,0],[1,0],[0,0],[1,0],[0,1]],[[767,21],[1,0],[0,0],[0,0],[-1,1],[0,0],[0,0],[0,0],[0,0],[0,0],[1,0],[0,0],[1,0],[0,0],[0,0],[0,-1],[0,0],[0,0],[1,0],[1,0],[1,1],[0,0],[0,0],[1,0],[0,0],[0,0],[1,0],[-1,0],[0,0],[0,0],[0,1],[0,0],[0,0],[0,0],[0,0],[0,0],[-1,0],[0,0],[0,0],[-1,0],[0,0],[0,0],[0,1],[1,0],[1,0],[0,0],[0,0],[0,0],[-1,1],[0,0],[-2,0],[-1,0],[0,0],[-1,0],[0,0],[-1,0],[0,0],[-1,0],[-1,-1],[0,0],[0,0],[-1,0],[-1,0],[-1,0],[0,0],[-1,0],[0,0],[-1,0],[0,0],[-1,0],[0,0],[0,0],[0,0],[-1,0],[0,-1],[0,0],[-2,0],[0,0],[-1,0],[-1,0],[1,0],[2,-1],[0,0],[1,0],[0,0],[1,-1],[0,0],[1,0],[0,0],[0,0],[1,0],[0,0],[0,0],[1,0],[1,0],[0,0],[1,0],[1,0],[2,0],[0,0]],[[781,24],[0,0],[0,0],[-1,1],[0,0],[0,0],[1,-1],[0,0],[0,0],[1,0],[0,0],[1,0],[0,0],[1,0],[0,0],[0,0],[1,0],[0,0],[0,0],[1,0],[0,1],[0,0],[1,0],[0,0],[0,0],[1,0],[0,0],[0,0],[0,0],[0,1],[-1,0],[-1,0],[0,0],[-1,0],[-2,0],[-1,0],[-1,0],[0,0],[0,0],[-1,0],[-1,0],[-1,0],[-1,0],[-1,1],[-1,0],[-1,0],[-1,0],[-1,0],[0,0],[-1,0],[1,0],[0,-1],[0,0],[1,0],[0,0],[1,0],[0,0],[0,0],[0,-1],[0,0],[0,0],[0,0],[1,0],[0,0],[1,0],[0,0],[0,0],[0,0],[0,-1],[0,0],[0,0],[0,0],[0,0],[0,0],[0,0],[1,0],[0,0],[1,0],[0,-1],[0,0],[0,0],[0,0],[0,0],[1,0],[0,1],[0,0],[0,0],[0,-1],[0,0],[0,0],[1,0],[0,0],[1,0],[1,0],[0,0],[0,0],[-1,0],[0,1]],[[883,33],[0,0],[0,0],[1,0],[0,0],[0,0],[0,0],[0,0],[1,0],[0,0],[0,0],[0,0],[0,0],[0,0],[0,0],[0,0],[0,-1],[1,0],[1,0],[0,0],[1,0],[1,1],[1,0],[1,0],[0,0],[1,0],[0,0],[1,0],[4,1],[0,0],[0,0],[-1,0],[0,0],[0,0],[0,0],[0,0],[-1,1],[-1,0],[0,0],[-1,0],[-1,0],[-1,0],[0,0],[-1,-1],[0,0],[0,0],[0,0],[1,0],[0,-1],[0,0],[0,0],[-1,0],[-1,0],[-1,0],[1,1],[0,0],[0,0],[1,1],[0,0],[1,0],[0,0],[-1,1],[0,0],[-1,0],[0,0],[0,0],[0,-1],[-1,0],[0,0],[-1,0],[0,0],[-1,0],[-2,0],[0,1],[-1,0],[0,-1],[-1,0],[0,0],[0,0],[-1,0],[0,1],[0,0],[0,0],[0,0],[-1,0],[0,0],[0,0],[-3,0],[0,0],[0,0],[-1,-1],[0,0],[0,0],[-1,0],[-1,0],[0,-1],[0,0],[0,0],[1,0],[0,0],[0,0],[0,-1],[0,0],[1,0],[0,0],[0,0],[0,0],[0,-1],[1,0],[0,0],[0,0],[0,0],[1,0],[0,0],[1,0],[1,0],[0,0],[0,0],[1,0],[0,0],[1,1],[1,0]],[[901,34],[1,0],[1,0],[0,0],[3,0],[0,0],[0,0],[0,0],[0,0],[0,1],[1,0],[0,-1],[2,0],[1,1],[1,0],[0,0],[0,0],[1,0],[0,0],[0,0],[0,0],[0,0],[0,0],[-1,1],[-1,0],[-1,0],[-2,0],[-2,0],[0,0],[-1,0],[0,-1],[0,0],[-1,0],[-1,0],[0,0],[-1,0],[-2,0],[1,-1],[0,0],[0,0],[0,0],[1,0],[0,0],[0,0],[0,0]],[[890,91],[1,1],[0,0],[0,0],[0,1],[0,0],[0,0],[0,0],[0,1],[0,0],[1,1],[0,0],[0,0],[0,1],[0,0],[0,1],[0,0],[-1,0],[0,0],[0,1],[0,0],[1,0],[0,1],[0,0],[0,0],[0,0],[0,0],[0,1],[0,0],[0,0],[0,0],[1,2],[0,1],[1,1],[0,0],[0,1],[0,0],[0,0],[1,1],[0,0],[0,0],[0,1],[1,0],[0,0],[-1,0],[0,0],[0,0],[0,-1],[-1,0],[0,0],[0,0],[0,-1],[-1,0],[0,0],[-1,0],[0,1],[-1,0],[0,0],[0,0],[-1,2],[0,1],[0,0],[0,1],[0,0],[0,0],[0,0],[0,1],[0,0],[1,0],[0,0],[0,0],[0,1],[0,0],[0,0],[1,0],[0,0],[0,0],[0,0],[0,1],[0,0],[0,0],[0,1],[0,0],[0,0],[0,0],[0,0],[0,0],[0,-1],[0,0],[0,0],[-1,0],[-1,0],[0,0],[0,0],[0,-1],[0,0],[0,1],[-1,0],[0,0],[0,0],[0,0],[0,1],[0,0],[-1,1],[0,0],[0,-1],[0,0],[0,0],[0,-1],[0,0],[0,-1],[0,-1],[0,0],[0,0],[0,-1],[0,0],[0,0],[0,-1],[1,0],[0,0],[0,-1],[-1,0],[0,-1],[0,0],[0,0],[0,-1],[0,0],[0,-1],[0,0],[1,0],[0,-2],[0,0],[-1,-1],[0,0],[0,-1],[1,0],[0,0],[0,-1],[-1,0],[0,-1],[0,0],[0,0],[-1,0],[1,0],[0,0],[-1,-1],[0,0],[0,-1],[0,0],[0,0],[1,0],[0,-1],[0,-1],[0,0],[0,-1],[0,0],[0,0],[1,0],[0,0],[0,0],[0,0],[0,0],[1,0],[0,0],[0,0],[0,0],[0,-1],[0,0],[0,0],[0,0],[0,0],[0,0],[-1,-1],[0,0],[1,0],[0,0],[0,0],[0,-1],[0,0]],[[8,45],[0,0],[1,0],[0,0],[1,0],[0,0],[0,-1],[1,0],[0,1],[1,0],[0,0],[1,0],[0,0],[0,0],[1,0],[0,0],[1,0],[0,0],[0,1],[0,0],[-1,0],[-1,0],[-1,0],[-2,0],[0,0],[-1,0],[0,0],[-1,0],[0,0]],[[992,46],[-1,0],[-1,0],[-1,1],[0,0],[-1,-1],[0,0],[0,0],[1,0],[0,-1],[1,0],[1,0],[0,0],[1,0],[0,0]],[[645,45],[0,0],[0,0],[0,0],[0,1],[0,0],[0,0],[0,0],[0,0],[0,0],[0,0],[0,0],[0,0],[-1,0],[0,0],[0,0],[0,-1],[-1,0],[0,0],[0,0],[0,0],[0,0],[1,0],[0,0],[0,0],[0,0],[0,0],[0,0],[1,0]],[[941,52],[0,0],[0,0],[0,0],[0,-1],[0,0],[-1,0],[0,0],[1,0],[-1,-1],[0,0],[1,0],[0,0],[0,0],[0,0],[1,0],[0,0],[0,0],[-1,0],[0,1],[0,0],[0,0],[0,0],[0,1],[0,0],[0,0],[0,0]],[[908,31],[-2,0],[0,0],[0,-1],[2,0],[0,0],[0,1],[0,0]],[[877,45],[-1,0],[0,0],[0,0],[0,0],[0,0],[-1,0],[0,0],[0,0],[0,0],[0,0],[0,0],[0,0],[0,0],[2,-1],[0,1],[0,0],[0,0]],[[794,27],[0,0],[0,0],[-1,0],[-1,0],[-1,0],[0,0],[3,-1],[0,0],[0,1]],[[764,32],[0,0],[0,0],[0,0],[-1,0],[0,0],[0,0],[0,0],[-1,0],[0,0],[-1,0],[0,0],[0,0],[0,0],[1,0],[1,0],[0,0],[1,0]],[[763,30],[0,0],[0,0],[0,0],[-1,0],[0,0],[0,0],[-1,0],[-1,0],[1,0],[1,-1],[2,0],[0,0],[0,0],[0,1],[-1,0]],[[704,41],[0,0],[0,0],[-1,0],[0,0],[0,0],[0,-1],[0,0],[0,0],[1,0],[0,0],[1,0],[-1,1],[0,0],[0,0],[0,0],[0,0]],[[691,58],[0,0],[-1,0],[0,0],[0,0],[0,0],[1,0],[0,0],[1,0],[-1,0],[0,0],[1,0],[-1,0],[0,0]],[[637,21],[0,0],[-1,0],[-1,0],[1,0],[1,0],[1,0],[0,0],[-1,0],[0,0]],[[641,22],[0,0],[0,0],[-1,0],[-2,0],[-1,0],[1,-1],[1,0],[0,0],[1,0],[0,0],[0,1],[0,0],[1,0]],[[649,20],[-1,0],[-1,0],[0,0],[0,0],[0,0],[0,0],[0,0],[1,0],[0,0],[1,0],[0,0],[0,0]],[[663,22],[-1,0],[0,0],[0,0],[0,0],[-1,0],[0,-1],[0,0],[2,0],[0,0],[1,1],[-1,0]],[[660,19],[1,0],[0,0],[0,0],[0,0],[0,0],[-1,0],[-1,0],[-1,0],[0,0],[-1,0],[-1,0],[1,0],[1,0],[1,-1],[0,0],[0,1],[1,0],[0,0]],[[637,51],[0,0],[0,0],[0,0],[0,0],[0,0],[-1,0],[0,1],[0,0],[-2,0],[0,0],[-1,0],[-1,0],[0,0],[0,0],[0,-1],[0,0],[0,0],[0,0],[0,0],[1,-1],[1,0],[0,0],[1,0],[2,1],[0,0],[0,0]],[[673,20],[0,0],[-1,0],[0,-1],[-1,0],[0,0],[1,0],[1,0],[1,0],[1,0],[0,0],[0,0],[1,-1],[0,0],[0,0],[1,0],[0,0],[1,0],[0,0],[1,1],[0,0],[0,0],[0,0],[0,0],[-1,0],[-2,0],[-3,1]],[[658,21],[0,0],[-1,0],[0,0],[0,0],[-1,0],[0,-1],[0,0],[0,0],[0,0],[0,0],[1,0],[3,0],[1,0],[1,0],[0,1],[-2,0],[-1,0],[0,0],[0,0],[0,0],[-1,0]],[[670,19],[0,0],[0,1],[0,0],[0,0],[-1,0],[0,0],[-1,0],[0,0],[-1,0],[-1,0],[-1,0],[-1,0],[-1,0],[-1,0],[0,0],[0,0],[0,0],[0,0],[1,-1],[0,0],[0,0],[0,0],[1,0],[1,0],[0,0],[0,0],[1,0],[2,0],[0,0],[1,0],[1,0],[0,0]],[[667,19],[-1,0],[-1,0],[-1,0],[0,0],[0,0],[2,0],[2,-1],[0,1],[0,0],[-1,0]],[[646,21],[-2,0],[0,0],[0,0],[0,0],[-1,0],[0,0],[0,0],[1,0],[0,0],[0,0],[0,-1],[1,0],[1,0],[0,0],[0,1],[1,0],[0,0],[0,0],[-1,0]],[[656,21],[0,0],[0,0],[0,0],[0,0],[0,0],[-2,0],[-1,0],[-1,0],[1,0],[0,0],[0,0],[0,0],[2,0],[0,0],[1,0],[0,0]],[[658,17],[0,0],[1,0],[1,0],[0,1],[0,0],[-2,0],[0,0],[1,0],[-1,0],[0,0],[-1,0],[-1,0],[-1,0],[0,0],[-1,0],[0,0],[0,0],[-2,0],[0,0],[0,0],[0,0],[1,0],[1,0],[1,0],[1,-1],[0,0],[1,0],[0,0],[1,0],[0,0]],[[650,18],[2,1],[2,0],[0,0],[2,0],[1,0],[1,0],[-1,0],[-2,1],[-1,0],[-1,0],[-1,0],[0,0],[-1,-1],[-2,0],[0,0],[0,0],[0,0],[-1,0],[0,0],[0,0],[1,0],[0,0],[0,-1],[1,0]],[[674,17],[0,0],[-2,0],[-1,0],[0,0],[0,0],[-1,0],[0,0],[2,0],[2,0],[0,0],[0,0],[0,0]],[[659,17],[-1,0],[0,0],[0,0],[0,0],[0,0],[1,0],[3,-1],[0,1],[0,0],[0,0],[-3,0]],[[753,22],[0,0],[-1,0],[-1,0],[-1,0],[-1,0],[0,0],[0,-1],[1,0],[1,0],[1,0],[1,1],[3,0],[0,0],[0,0],[-1,0],[0,0],[-1,0],[-1,0]],[[750,18],[-1,1],[-3,-1],[0,0],[0,0],[0,0],[3,0],[1,0],[0,0]],[[885,38],[-1,0],[0,0],[-1,0],[0,-1],[0,0],[0,0],[1,0],[1,0],[0,0],[1,0],[0,0],[0,0],[0,1],[-1,0]],[[889,38],[0,0],[1,0],[2,1],[0,0],[0,0],[0,1],[0,0],[-1,0],[-1,0],[0,0],[-1,0],[-1,0],[-1,0],[-1,0],[-1,-1],[-1,0],[0,0],[-1,1],[-1,0],[0,0],[0,-1],[0,0],[1,0],[1,0],[0,0],[1,0],[0,0],[0,-1],[1,0],[0,0],[0,0],[1,0],[1,0],[1,0]],[[872,34],[-1,0],[-1,0],[0,0],[0,0],[1,0],[0,-1],[0,0],[0,0],[0,0],[0,0],[0,0],[0,0],[1,0],[0,1],[0,0],[0,0],[0,0],[0,0]],[[872,38],[0,0],[0,0],[-1,0],[0,0],[-1,-1],[0,0],[0,0],[1,0],[1,1],[0,0],[0,0]],[[877,90],[0,0],[1,0],[0,0],[-1,0],[0,0],[0,0],[0,0],[0,1],[0,0],[-1,0],[0,0],[0,-1],[0,0],[-1,0],[0,0],[0,0],[1,0],[0,0],[0,-1],[0,0],[1,1],[0,0]],[[962,50],[0,0],[-2,0],[0,0],[-1,-1],[0,0],[0,0],[0,0],[0,0],[0,0],[1,0],[0,0],[3,0],[0,0],[0,0],[0,0],[0,0],[0,1],[0,0],[0,0],[-1,0]],[[947,80],[0,0],[0,0],[0,0],[0,0],[0,0],[1,-1],[0,0],[0,0],[0,0],[1,0],[1,-1],[0,0],[0,1],[0,0],[0,0],[-1,0],[-1,1],[-1,0]],[[956,90],[-1,1],[0,-1],[0,0],[0,0],[0,0],[-1,0],[0,0],[0,0],[0,-1],[0,0],[-1,0],[0,0],[1,0],[0,0],[0,0],[0,0],[0,0],[1,1],[0,0],[0,0],[1,0]],[[926,103],[0,0],[-1,0],[0,0],[0,0],[0,0],[-1,0],[0,0],[0,0],[0,0],[0,0],[1,0],[0,-1],[1,0],[0,0],[0,0],[0,-1],[1,0],[0,1],[0,0],[0,0],[-1,1]],[[909,115],[0,1],[-1,0],[1,-1],[0,0],[1,-1],[1,0],[0,0],[1,0],[-1,0],[0,1],[-1,0],[0,0],[0,0],[-1,0]],[[906,116],[0,0],[-1,1],[0,0],[-1,0],[0,0],[0,0],[-1,0],[0,0],[0,1],[0,0],[-1,0],[0,0],[0,1],[0,-1],[0,0],[0,0],[0,0],[0,0],[1,-1],[0,0],[1,0],[0,0],[0,0],[0,-1],[0,0],[0,0],[1,0],[0,0],[0,0],[1,0],[0,0],[1,0],[0,0],[0,0],[0,0],[0,0],[0,0],[0,0],[-1,0]],[[900,119],[0,0],[1,0],[-1,0],[0,0],[0,0],[0,0],[-1,0],[0,1],[0,0],[-1,0],[0,0],[0,1],[0,0],[-1,-1],[1,0],[0,0],[0,0],[0,0],[1,-1],[0,0],[0,0],[0,0],[1,0]],[[810,37],[0,0],[0,0],[0,0],[-1,0],[0,0],[-1,1],[0,0],[-1,-1],[-1,0],[0,0],[-1,0],[0,0],[0,0],[0,0],[1,0],[0,0],[0,0],[0,0],[0,-1],[0,0],[3,1],[1,0],[0,0]],[[708,22],[1,1],[0,-1],[2,1],[1,0],[0,0],[-2,0],[0,0],[-1,0],[0,0],[-1,0],[0,0],[0,-1],[0,0],[0,0]],[[719,19],[-3,0],[0,0],[0,0],[0,0],[1,0],[1,0],[1,0],[1,0],[0,0],[0,0],[-1,0]],[[693,40],[-1,1],[0,0],[0,-1],[-1,1],[0,-1],[0,0],[0,0],[0,0],[0,0],[1,-1],[0,0],[2,0],[0,0],[0,0],[1,0],[0,1],[0,0],[1,0],[0,0],[0,0],[-1,0],[-1,0],[-1,0]],[[712,43],[-1,0],[-1,0],[0,-1],[0,0],[1,0],[0,0],[0,0],[1,0],[1,0],[1,0],[0,0],[0,0],[0,0],[-1,0],[0,1],[-1,0]],[[717,41],[0,0],[-1,0],[-1,0],[0,0],[0,0],[1,-1],[1,1],[0,0],[0,0],[0,0],[0,0]],[[725,34],[0,0],[0,0],[0,0],[-1,0],[0,0],[0,0],[0,0],[-1,0],[0,0],[0,0],[0,0],[0,0],[0,0],[1,0],[0,0],[0,0],[0,0],[0,0],[1,0],[0,0]],[[665,49],[0,0],[0,0],[0,1],[0,0],[0,0],[-1,0],[0,0],[-1,0],[0,0],[0,0],[0,0],[0,-1],[0,0],[-1,0],[0,0],[0,0],[-1,0],[0,0],[0,0],[-1,0],[0,0],[0,-1],[0,0],[0,0],[0,0],[0,0],[0,0],[1,0],[0,0],[0,0],[1,0],[0,0],[0,0],[1,0],[0,0],[1,1],[0,0],[1,0],[0,0]],[[557,89],[0,0],[-1,1],[1,0],[0,0],[0,0],[0,0],[1,0],[0,0],[0,-1],[0,0],[0,0],[1,0],[0,0],[0,0],[1,1],[0,0],[1,0],[0,0],[1,0],[0,0],[0,0],[0,0],[0,0],[0,1],[0,0],[0,0],[0,0],[0,1],[0,0],[-1,0],[-2,0],[-1,-1],[-2,0],[-1,0],[-1,0],[0,0],[0,0],[0,0],[0,0],[1,0],[0,-1],[0,0],[0,0],[1,0],[0,0],[1,0],[0,-1],[0,0],[0,0]],[[592,114],[0,0],[0,0],[0,0],[1,0],[0,0],[1,0],[0,0],[0,1],[0,-1],[1,0],[0,1],[0,0],[1,0],[0,0],[0,0],[0,1],[1,0],[0,0],[0,0],[1,0],[0,0],[0,0],[1,0],[0,0],[0,0],[1,0],[0,0],[0,0],[0,1],[0,0],[-1,0],[0,0],[0,0],[-1,0],[0,0],[0,0],[0,0],[-1,0],[0,0],[0,0],[-1,0],[0,1],[-1,0],[0,0],[-1,0],[0,0],[-1,1],[0,0],[-1,0],[0,0],[-1,-1],[0,0],[1,0],[0,0],[0,-1],[0,0],[0,0],[-1,0],[0,0],[0,0],[-1,-1],[0,0],[-1,0],[0,0],[0,0],[1,0],[1,-1],[0,0],[0,0],[1,0],[0,-1],[0,0]],[[640,173],[0,0],[0,0],[-1,0],[0,0],[0,0],[0,0],[0,-1],[0,0],[0,0],[0,-1],[0,0],[0,0],[0,-1],[0,0],[0,0],[0,-1],[1,0],[0,0],[0,0],[1,0],[0,1],[0,0],[0,0],[0,1],[0,0],[0,0],[0,0],[0,1],[0,0],[0,0],[0,1],[-1,0],[0,0]],[[831,189],[0,0],[1,1],[1,0],[0,0],[0,0],[1,0],[0,0],[0,0],[0,0],[0,0],[0,0],[0,0],[0,0],[0,1],[0,0],[0,1],[0,0],[0,0],[0,1],[0,0],[0,0],[1,0],[0,0],[0,0],[0,0],[0,0],[0,1],[0,0],[0,0],[-1,1],[0,0],[0,1],[-1,0],[0,0],[0,0],[-1,1],[0,0],[0,0],[0,0],[0,0],[0,0],[0,1],[0,0],[0,0],[0,0],[0,0],[0,1],[0,0],[1,1],[0,0],[0,0],[-1,0],[0,0],[1,1],[0,0],[0,0],[0,1],[0,0],[0,0],[1,0],[0,0],[0,0],[0,0],[0,0],[0,0],[0,0],[0,-1],[0,0],[0,0],[1,0],[0,0],[0,0],[1,0],[0,0],[0,0],[0,1],[0,0],[0,0],[0,0],[0,0],[0,1],[1,0],[0,-1],[0,0],[0,0],[0,0],[0,0],[0,0],[0,0],[1,0],[0,0],[0,0],[0,0],[1,0],[-1,1],[0,0],[0,0],[0,0],[0,0],[0,1],[0,0],[0,0],[0,0],[1,0],[0,0],[0,1],[0,0],[0,0],[0,0],[0,1],[0,0],[0,-1],[0,0],[0,0],[0,0],[0,0],[-1,0],[0,0],[0,0],[-1,0],[0,0],[0,-1],[0,0],[0,0],[0,0],[0,-1],[-1,0],[0,0],[0,0],[-1,-1],[0,0],[0,0],[0,0],[0,0],[0,1],[0,0],[0,0],[0,0],[0,0],[0,1],[0,0],[0,0],[0,0],[0,0],[0,0],[0,-1],[-1,0],[0,0],[0,-1],[-1,0],[0,0],[0,0],[-1,0],[0,0],[0,0],[0,1],[0,0],[-1,0],[0,0],[0,0],[0,0],[-1,-1],[0,0],[0,0],[0,0],[0,-1],[0,0],[0,0],[1,0],[0,-1],[0,0],[-1,0],[0,0],[0,0],[0,0],[0,-1],[-1,1],[1,0],[0,1],[0,0],[-1,0],[0,0],[0,0],[0,-1],[0,0],[0,0],[0,0],[-1,0],[0,0],[0,-1],[0,0],[0,0],[0,-1],[0,0],[0,-1],[0,0],[0,0],[-1,0],[0,-1],[0,0],[0,0],[0,0],[1,0],[0,0],[0,0],[0,0],[0,0],[0,0],[0,0],[1,0],[0,0],[0,0],[0,0],[0,0],[0,-1],[0,0],[0,0],[0,-1],[0,0],[0,-1],[0,0],[0,0],[0,0],[0,-1],[0,0],[0,-1],[1,-1],[0,0],[0,0],[0,-1],[0,0],[0,0],[1,0],[0,0],[0,0]],[[821,217],[-1,0],[0,0],[0,0],[1,-1],[0,0],[0,0],[0,0],[1,-1],[0,0],[0,0],[0,0],[1,0],[0,0],[0,-1],[1,-1],[1,0],[0,0],[0,-1],[0,0],[0,0],[1,0],[0,0],[0,0],[0,-1],[0,0],[0,0],[0,0],[0,-1],[0,0],[1,-1],[0,0],[0,0],[0,0],[0,1],[0,0],[0,0],[0,0],[0,1],[0,0],[0,0],[0,1],[0,0],[-1,0],[0,0],[0,0],[0,0],[0,1],[0,0],[-1,0],[0,0],[0,0],[0,0],[0,0],[-1,1],[0,1],[0,0],[-1,0],[0,0],[0,0],[0,1],[0,0],[-1,0],[0,0],[0,0],[-1,1],[0,0],[0,0],[0,0],[0,0],[0,0]],[[835,208],[0,1],[0,-1],[1,0],[0,1],[0,0],[0,0],[0,0],[1,0],[0,0],[0,0],[0,0],[-1,1],[0,0],[0,0],[0,0],[0,0],[0,0],[0,0],[0,1],[-1,0],[0,0],[-1,0],[0,0],[0,0],[-1,1],[0,0],[0,0],[0,-1],[0,0],[0,0],[0,0],[0,-1],[1,0],[0,0],[0,-1],[0,-1],[0,0],[0,0],[-1,0],[0,0],[0,0],[0,0],[1,0],[0,0],[0,0],[1,0],[0,0]],[[837,215],[-1,0],[0,0],[0,0],[0,0],[0,0],[-1,-1],[0,0],[0,0],[0,0],[0,-1],[0,0],[0,0],[0,0],[0,0],[0,0],[1,0],[0,-1],[0,0],[0,0],[0,-1],[0,0],[0,0],[0,0],[0,0],[0,0],[0,-1],[0,0],[1,0],[0,0],[1,0],[0,1],[0,0],[0,0],[0,0],[-1,1],[0,0],[0,0],[0,1],[0,0],[0,0],[0,1],[0,0],[0,0],[0,1],[0,0],[0,0],[0,0],[0,0],[0,0],[0,0]],[[841,209],[0,0],[0,0],[0,0],[0,0],[1,0],[0,1],[0,0],[0,0],[0,1],[0,0],[0,0],[0,0],[0,0],[0,0],[0,1],[0,0],[0,0],[0,0],[0,0],[0,0],[0,0],[0,0],[0,0],[0,0],[0,0],[0,1],[0,0],[-1,0],[0,-1],[0,0],[0,0],[0,0],[0,0],[0,-1],[0,0],[0,0],[0,-1],[0,0],[0,0],[-1,0],[0,0],[0,0],[0,-1],[0,0],[0,0],[0,0],[0,0],[0,0],[0,0],[0,0],[1,0]],[[842,206],[1,0],[0,0],[0,0],[0,1],[0,0],[0,0],[0,0],[0,0],[0,0],[0,0],[0,1],[0,0],[0,0],[0,0],[0,1],[0,0],[0,0],[0,0],[0,0],[0,0],[1,1],[0,0],[0,0],[0,0],[-1,0],[0,0],[0,0],[-1,0],[0,-1],[0,0],[0,0],[0,0],[-1,0],[1,-1],[0,0],[0,0],[-1,0],[0,0],[0,0],[0,0],[0,0],[0,-1],[-1,0],[0,0],[0,0],[0,0],[0,-1],[0,0],[0,0],[1,0],[1,0],[0,0]],[[830,203],[0,0],[1,0],[0,0],[0,0],[0,1],[0,0],[0,-1],[1,1],[0,0],[0,0],[0,0],[0,0],[0,1],[0,0],[0,0],[0,1],[0,0],[0,0],[0,0],[0,0],[0,0],[0,1],[0,0],[0,0],[0,0],[-1,0],[0,0],[0,0],[0,0],[0,-1],[0,0],[0,0],[0,0],[0,0],[-1,0],[0,-1],[0,0],[0,0],[0,0],[0,0],[0,-1],[0,0],[0,0],[-1,0],[0,0],[0,0],[0,0],[0,0],[0,0],[0,-1],[0,0],[0,0],[1,0],[0,0]],[[844,215],[1,0],[0,0],[0,0],[0,0],[0,1],[0,0],[0,0],[0,0],[0,1],[0,0],[0,0],[0,0],[0,0],[0,0],[1,1],[0,0],[0,0],[0,1],[0,0],[0,0],[0,0],[0,1],[0,0],[0,0],[0,1],[0,0],[-1,0],[0,0],[0,0],[0,1],[0,0],[0,1],[0,0],[0,-1],[0,0],[0,-1],[-1,0],[0,0],[0,0],[0,-1],[0,0],[0,0],[0,0],[-1,1],[0,0],[0,0],[0,0],[0,1],[0,0],[0,0],[0,0],[0,0],[0,0],[1,1],[-1,1],[0,0],[0,1],[0,0],[-1,0],[0,-1],[0,0],[0,0],[0,0],[0,0],[0,0],[0,0],[0,0],[0,0],[0,0],[-1,0],[0,0],[-1,-1],[0,0],[-1,0],[0,-1],[0,0],[0,-1],[0,0],[0,0],[0,0],[0,0],[0,-1],[0,0],[1,0],[-1,0],[0,0],[0,-1],[0,0],[-1,0],[0,0],[0,0],[0,0],[0,0],[0,0],[0,0],[0,0],[0,0],[-1,1],[0,0],[0,0],[0,-1],[0,0],[0,0],[-1,0],[0,0],[0,1],[0,0],[0,0],[0,0],[0,-1],[-1,0],[0,0],[0,0],[0,0],[0,1],[-1,0],[0,1],[0,0],[0,0],[0,0],[0,0],[-1,0],[0,0],[0,-1],[0,0],[1,0],[0,-1],[0,0],[0,0],[0,-1],[0,0],[1,0],[0,0],[0,0],[1,0],[0,0],[0,0],[0,0],[0,-1],[0,0],[0,0],[0,0],[1,0],[0,0],[0,0],[0,0],[0,-1],[1,0],[0,1],[0,0],[0,0],[1,0],[0,0],[0,1],[0,0],[-1,0],[0,0],[1,0],[0,0],[0,0],[0,0],[1,0],[0,-1],[0,0],[0,0],[0,0],[0,0],[1,0],[0,0],[0,-1],[0,0],[0,0],[0,0],[1,0],[0,0],[0,0],[0,0],[0,-1],[0,0],[1,1],[0,0],[0,-1],[0,0],[0,-1],[0,-1],[0,0],[0,1],[1,0],[0,0],[0,1]],[[837,214],[0,0],[0,0],[0,0],[0,-1],[0,0],[1,-1],[0,0],[0,0],[0,-1],[0,0],[1,-1],[0,0],[0,0],[0,0],[0,0],[0,-1],[0,1],[0,0],[0,0],[0,0],[0,0],[0,1],[0,0],[0,1],[0,0],[0,0],[-1,0],[0,0],[0,1],[0,0],[0,1],[-1,0]],[[831,224],[0,0],[1,0],[0,0],[0,0],[0,0],[0,0],[-1,0],[0,0],[0,0],[0,0],[-1,0],[0,0],[1,0],[0,0]],[[828,207],[0,0],[1,0],[0,0],[0,0],[0,0],[0,0],[0,0],[-1,0],[0,0],[0,0],[0,0],[0,0],[0,0],[0,0],[0,0],[0,0],[0,0],[0,0],[0,-1],[0,1],[0,0],[0,0]],[[841,213],[0,1],[-1,0],[0,0],[0,0],[0,0],[-1,0],[0,0],[0,0],[-1,-1],[0,0],[1,0],[0,0],[0,0],[0,0],[0,-1],[1,0],[0,0],[0,0],[0,0],[0,1],[1,0],[-1,0],[1,0],[0,0]],[[834,223],[-1,0],[0,0],[0,-1],[0,0],[0,0],[0,0],[0,0],[1,0],[0,0],[0,0],[0,0],[0,0],[0,1]],[[833,203],[0,0],[0,0],[1,0],[0,0],[0,1],[0,0],[0,0],[-1,0],[0,0],[0,0],[0,-1],[0,0],[0,0]],[[838,207],[1,0],[0,0],[0,1],[0,0],[0,0],[0,0],[-1,0],[0,-1],[0,0],[0,0],[0,0],[0,0],[0,0],[-1,0],[0,0],[0,0],[0,1],[0,-1],[0,0],[0,-1],[0,0],[0,0],[0,0],[0,0],[0,0],[1,0],[0,0],[0,1]],[[840,203],[0,0],[0,0],[0,0],[-1,0],[0,0],[0,0],[0,-1],[0,0],[0,0],[0,0],[1,0],[0,0],[0,0],[0,0],[0,1],[0,0],[0,0]],[[710,143],[0,0],[0,0],[0,1],[0,0],[0,0],[1,0],[0,0],[-1,1],[0,0],[0,0],[0,0],[0,0],[0,0],[-1,0],[0,0],[0,0],[-1,0],[0,0],[0,1],[-1,0],[0,0],[0,0],[-1,0],[0,0],[0,-1],[-1,0],[0,0],[-1,0],[0,0],[0,0],[-1,0],[0,0],[-1,0],[0,0],[0,1],[0,0],[0,0],[0,0],[0,0],[0,0],[0,1],[0,0],[0,0],[0,0],[0,0],[0,0],[0,0],[1,0],[0,0],[0,0],[0,0],[0,1],[-1,0],[0,0],[0,0],[0,0],[0,0],[0,0],[1,0],[0,1],[0,0],[0,0],[-1,0],[0,0],[0,0],[0,0],[0,1],[1,0],[0,0],[0,0],[0,0],[0,0],[0,0],[0,0],[0,1],[1,0],[0,0],[0,0],[0,0],[0,0],[0,0],[0,0],[0,0],[1,0],[0,1],[1,0],[0,0],[0,0],[0,0],[0,0],[-1,0],[0,0],[-1,1],[0,0],[0,0],[0,0],[0,0],[0,1],[0,0],[0,1],[0,0],[0,0],[0,0],[0,0],[0,0],[0,1],[-1,0],[0,0],[0,0],[-1,1],[0,0],[0,0],[0,0],[0,0],[0,1],[0,0],[0,0],[-1,0],[0,0],[0,0],[-1,1],[0,0],[0,0],[0,1],[-1,1],[0,0],[0,0],[-1,1],[0,0],[-1,0],[0,0],[0,1],[0,0],[-1,1],[0,0],[0,0],[0,0],[-1,0],[0,0],[-1,0],[0,0],[-1,0],[0,0],[0,0],[0,0],[0,0],[0,0],[-1,0],[0,0],[0,0],[0,0],[0,0],[-1,0],[0,1],[0,1],[-1,0],[0,0],[0,0],[0,0],[0,0],[0,1],[0,0],[0,0],[0,0],[1,0],[0,0],[0,1],[1,0],[0,0],[0,0],[0,0],[0,1],[0,0],[0,0],[0,0],[0,1],[0,0],[1,0],[0,0],[0,0],[0,0],[0,0],[0,0],[0,1],[0,0],[1,0],[0,1],[0,0],[0,0],[0,1],[0,0],[0,0],[0,0],[0,0],[0,0],[0,0],[0,0],[0,0],[0,1],[0,0],[0,0],[0,0],[-1,0],[0,0],[0,0],[0,0],[0,0],[0,0],[0,-1],[0,0],[-1,1],[0,0],[0,0],[-1,0],[0,0],[0,0],[0,0],[-1,0],[0,0],[0,0],[-1,0],[0,0],[0,0],[0,0],[-1,0],[0,0],[0,0],[0,0],[0,0],[0,0],[0,0],[0,0],[0,1],[-1,0],[0,0],[0,0],[0,0],[0,0],[-1,0],[0,0],[0,0],[0,0],[0,0],[0,0],[0,0],[-1,0],[0,0],[0,0],[0,0],[0,0],[0,0],[0,0],[-1,0],[0,-1],[0,0],[0,0],[0,0],[0,0],[0,0],[0,-1],[-1,-1],[-1,0],[0,0],[0,0],[0,-1],[0,0],[0,0],[0,-1],[-1,0],[0,0],[0,0],[0,0],[0,0],[1,1],[0,0],[0,0],[-1,0],[0,0],[-1,0],[0,0],[-1,0],[-1,0],[-1,0],[0,0],[0,0],[-1,0],[-1,0],[0,0],[0,0],[0,0],[0,0],[-1,0],[0,0],[0,0],[0,0],[-1,0],[0,0],[-1,0],[-1,0],[0,0],[0,0],[0,0],[-1,0],[0,0],[0,0],[0,0],[0,0],[-1,0],[0,0],[-1,0],[0,0],[0,0],[0,-1],[1,0],[0,0],[0,0],[0,0],[0,0],[0,-1],[0,0],[0,-1],[0,0],[1,0],[0,0],[0,0],[0,0],[0,0],[0,0],[1,0],[0,0],[0,-1],[1,0],[0,0],[0,0],[1,0],[0,0],[0,0],[0,0],[0,0],[0,-1],[0,0],[0,0],[0,0],[0,0],[0,0],[0,0],[-1,0],[0,0],[0,0],[0,0],[0,0],[0,-1],[0,0],[0,0],[0,-1],[-1,0],[1,-1],[0,0],[0,0],[-1,0],[0,0],[0,0],[-1,-1],[0,0],[0,0],[-1,0],[0,0],[-1,-1],[0,0],[0,0],[0,-1],[0,0],[0,0],[-1,-1],[0,0],[-1,0],[1,0],[1,0],[1,0],[1,1],[1,0],[3,0],[1,0],[0,0],[0,0],[0,0],[1,0],[0,-1],[0,0],[1,0],[0,0],[0,0],[1,0],[0,0],[1,0],[0,0],[1,0],[1,0],[0,0],[0,-1],[0,0],[0,0],[0,0],[0,0],[0,-1],[0,0],[0,0],[0,-1],[0,0],[1,0],[0,-1],[0,0],[0,0],[0,0],[1,0],[0,0],[0,0],[0,0],[1,0],[0,0],[1,0],[0,0],[0,-1],[0,0],[0,0],[0,0],[0,0],[0,0],[0,0],[1,0],[0,-1],[0,0],[0,0],[1,0],[0,0],[0,0],[0,0],[1,0],[0,0],[0,1],[0,0],[1,0],[0,-1],[0,0],[0,0],[0,-1],[0,0],[0,-1],[1,0],[0,0],[0,0],[0,-1],[0,0],[0,0],[1,0],[0,0],[1,-1],[0,0],[0,0],[0,0],[0,-1],[-1,0],[0,0],[0,-1],[0,0],[1,0],[0,0],[0,0],[1,0],[1,0],[0,0],[0,0],[0,0],[0,-1],[0,0],[0,0],[0,0],[0,0],[0,0],[0,0],[0,-1],[1,0],[0,0],[0,0],[0,0],[0,-1],[1,0],[0,0],[0,0],[0,0],[0,0],[0,0],[0,0],[0,-1],[0,0],[0,0],[0,0],[-1,0],[0,0],[0,-1],[0,0],[0,0],[0,0],[0,0],[0,-1],[0,0],[0,0],[1,0],[0,0],[0,0],[0,0],[0,-1],[1,0],[0,0],[0,0],[0,0],[1,0],[0,0],[0,0],[0,-1],[1,0],[1,0],[0,0],[1,0],[1,0],[0,0],[0,0],[0,1],[0,0],[1,-1],[0,0],[1,0],[0,0],[0,0],[0,0],[1,0],[0,0],[0,0],[0,0],[0,0],[1,0],[0,0],[0,1],[0,0],[1,0],[0,0],[0,0],[0,0],[0,0],[1,0],[0,1],[0,0],[0,0],[0,0],[-1,1],[0,0],[1,0],[0,0],[0,0],[0,0],[0,0],[0,0],[0,0],[1,0],[0,0],[0,0],[0,0],[0,1],[1,0],[0,0]],[[645,195],[0,-1],[0,0],[0,0],[-1,-1],[0,0],[0,0],[0,0],[0,-1],[0,0],[0,0],[0,0],[-1,-1],[0,0],[0,0],[0,-1],[0,0],[0,0],[0,0],[0,-1],[-1,0],[0,0],[0,0],[0,-1],[0,0],[1,0],[0,0],[1,0],[0,-1],[1,0],[0,0],[1,0],[0,0],[1,0],[0,0],[1,-1],[0,0],[1,0],[0,0],[1,0],[0,0],[0,0],[0,-1],[0,0],[1,0],[0,-1],[0,0],[0,0],[0,-1],[0,0],[0,0],[0,-1],[0,0],[0,0],[1,0],[0,-1],[0,0],[0,0],[0,-1],[0,0],[0,0],[0,-1],[-1,0],[0,0],[0,-1],[0,0],[0,0],[0,0],[0,-1],[0,0],[0,-1],[0,0],[1,0],[0,-1],[0,0],[0,0],[0,0],[0,0],[0,0],[0,0],[0,0],[1,-1],[0,0],[0,0],[0,0],[0,0],[0,0],[-1,0],[1,0],[0,0],[-1,-1],[0,0],[0,0],[1,0],[0,0],[-1,-1],[1,0],[0,0],[0,0],[0,0],[0,0],[0,0],[0,0],[0,0],[0,0],[0,0],[0,0],[0,1],[0,0],[0,-1],[1,0],[0,0],[0,0],[0,0],[0,0],[0,1],[1,0],[0,1],[1,0],[0,1],[0,0],[1,0],[1,0],[1,0],[0,1],[1,0],[0,0],[0,0],[1,0],[0,0],[0,0],[0,1],[0,0],[1,0],[0,1],[0,0],[1,0],[0,1],[1,0],[0,0],[0,0],[-1,0],[0,1],[0,0],[0,1],[-1,0],[0,1],[-1,0],[0,0],[-1,1],[0,1],[0,0],[-1,0],[0,0],[0,0],[0,0],[0,0],[0,0],[0,0],[-1,1],[0,0],[0,0],[0,1],[0,0],[0,0],[0,1],[0,0],[0,1],[0,0],[0,0],[0,0],[0,0],[-1,0],[-1,1],[0,0],[-1,0],[0,0],[0,2],[-1,0],[0,0],[-1,0],[-1,0],[0,0],[-1,1],[0,0],[0,0],[0,1],[0,0],[0,0],[0,1],[-1,0],[-1,0],[0,0],[0,0],[-1,0],[-1,0],[0,0],[0,0],[-1,0],[-1,1]],[[654,170],[0,0],[0,0],[0,0],[-1,0],[0,0],[0,0],[1,-1],[0,0],[-1,0],[0,0],[1,0],[0,-1],[0,1],[0,-1],[0,0],[0,0],[0,0],[0,0],[0,1],[0,0],[0,1],[0,0],[0,0],[0,0]],[[851,135],[0,0],[0,0],[-1,0],[0,0],[0,0],[0,0],[0,0],[-1,0],[0,0],[0,0],[0,0],[-1,0],[0,0],[-1,1],[0,0],[0,0],[0,0],[-1,0],[0,1],[0,0],[0,0],[0,0],[0,0],[0,0],[-1,0],[0,0],[0,0],[0,0],[0,0],[-1,0],[0,-1],[0,0],[0,1],[-1,0],[0,0],[0,0],[0,0],[0,0],[0,0],[-1,0],[0,0],[0,-1],[0,0],[0,0],[0,0],[0,0],[0,0],[-1,0],[0,0],[0,0],[0,0],[0,-1],[0,0],[1,0],[0,0],[1,-1],[0,0],[0,0],[0,0],[0,0],[0,0],[-1,0],[0,0],[0,0],[1,-1],[0,0],[0,-1],[0,0],[-1,0],[0,0],[-1,0],[0,-1],[0,1],[0,0],[0,0],[0,0],[0,0],[-1,-1],[0,0],[0,0],[0,0],[0,0],[0,0],[0,-1],[1,0],[0,0],[0,0],[1,0],[0,0],[0,-1],[0,0],[0,0],[0,0],[1,0],[0,0],[0,0],[0,0],[0,0],[0,0],[1,0],[0,-1],[0,0],[0,0],[0,0],[1,0],[0,0],[0,0],[0,0],[0,-1],[1,0],[0,0],[0,0],[0,0],[0,0],[0,-1],[0,0],[0,0],[0,0],[0,0],[1,0],[0,0],[0,0],[0,0],[0,0],[0,0],[0,0],[0,0],[1,1],[0,0],[0,0],[0,0],[1,0],[0,0],[0,0],[1,0],[0,0],[0,0],[0,0],[0,0],[0,0],[1,0],[0,0],[0,-1],[0,0],[-1,0],[0,0],[0,0],[0,0],[0,0],[0,0],[0,-1],[0,0],[1,0],[0,0],[1,0],[0,0],[0,0],[0,0],[0,0],[1,0],[0,0],[0,0],[0,0],[0,0],[0,-1],[0,0],[1,0],[0,0],[0,0],[0,0],[0,0],[0,0],[0,0],[1,0],[0,0],[0,0],[0,-1],[0,0],[0,0],[0,0],[0,0],[0,0],[0,0],[0,0],[1,0],[0,0],[0,0],[0,0],[0,0],[0,0],[0,0],[0,1],[1,0],[0,0],[0,0],[0,0],[0,0],[0,0],[0,0],[0,1],[0,0],[0,0],[0,0],[-1,0],[0,0],[0,0],[0,0],[-1,0],[0,1],[0,0],[0,0],[-1,0],[0,1],[1,0],[0,0],[0,1],[0,0],[0,0],[-1,1],[-1,0],[0,0],[-1,1],[0,0],[0,0],[0,0],[-1,0],[0,1],[0,0],[-1,0],[0,0],[0,0],[-1,0],[0,1],[0,0],[0,0],[0,1],[-1,-1],[0,1],[0,0],[0,0],[0,0],[1,0],[0,0],[0,0],[1,1],[0,0],[0,0],[1,0],[0,0],[0,1]],[[741,164],[0,0],[0,0],[0,0],[0,1],[0,0],[0,0],[-1,1],[1,0],[0,1],[0,0],[0,0],[0,0],[0,1],[0,0],[0,0],[-1,0],[0,0],[0,0],[-1,0],[0,0],[0,0],[-1,0],[0,0],[0,0],[0,0],[-1,0],[0,0],[0,0],[-1,0],[0,0],[0,-1],[-1,0],[0,0],[0,0],[0,0],[-1,0],[0,0],[0,0],[0,0],[0,0],[0,0],[-1,0],[0,0],[0,0],[0,0],[0,0],[0,0],[0,0],[-1,0],[0,0],[-1,-1],[0,0],[0,0],[0,0],[0,0],[0,-1],[-1,0],[0,0],[0,0],[-1,0],[0,0],[0,0],[-1,0],[0,0],[0,0],[0,0],[0,0],[-1,0],[0,0],[0,0],[-1,0],[0,0],[0,0],[0,-1],[-1,1],[0,-1],[-1,0],[0,0],[0,0],[0,0],[0,0],[0,0],[-1,0],[0,0],[0,-1],[-1,0],[0,0],[0,0],[0,0],[-1,0],[0,-1],[0,0],[0,0],[0,0],[-1,0],[0,0],[0,0],[0,0],[0,0],[0,0],[-1,0],[0,0],[0,-1],[0,0],[0,0],[0,0],[0,0],[0,-1],[0,0],[0,0],[1,-1],[0,0],[0,-1],[0,0],[1,0],[0,0],[0,0],[0,0],[0,0],[0,0],[1,0],[0,0],[0,0],[0,0],[1,-1],[0,0],[1,0],[0,0],[0,0],[1,1],[0,0],[0,0],[0,0],[1,1],[0,0],[1,0],[0,0],[1,0],[0,1],[0,0],[0,0],[1,0],[0,0],[0,0],[1,0],[0,0],[0,0],[0,1],[0,0],[0,0],[1,0],[0,1],[0,0],[0,0],[1,0],[0,0],[0,0],[0,0],[1,0],[0,0],[0,0],[0,0],[0,0],[0,1],[0,0],[0,0],[0,0],[1,0],[0,0],[1,0],[0,1],[0,0],[0,0],[0,0],[0,0],[0,-1],[0,0],[1,0],[0,1],[0,0],[0,0],[0,0],[0,0],[1,-1],[0,0],[0,0],[0,0],[0,1],[0,0],[1,0],[0,0],[0,0],[1,0],[0,0],[0,0],[1,0],[0,0],[0,0],[0,0],[1,0],[0,0]],[[740,106],[0,0],[0,0],[0,0],[1,0],[0,0],[0,-1],[0,0],[0,0],[0,0],[1,0],[0,0],[0,0],[0,0],[0,0],[1,0],[0,0],[0,0],[0,0],[0,0],[0,0],[0,0],[0,0],[1,0],[0,0],[0,0],[0,0],[0,0],[0,0],[1,-1],[0,0],[0,0],[0,0],[0,0],[0,0],[0,0],[1,0],[0,0],[0,-1],[0,0],[0,0],[1,0],[0,0],[0,0],[0,0],[1,0],[0,0],[0,0],[0,0],[1,0],[0,-1],[0,0],[0,0],[1,0],[0,0],[0,0],[0,0],[0,0],[0,0],[0,0],[1,0],[0,0],[0,0],[1,0],[0,0],[0,-1],[0,0],[0,0],[0,0],[1,0],[0,0],[0,1],[0,0],[0,0],[0,0],[1,-1],[0,0],[0,0],[0,0],[0,1],[0,0],[0,0],[1,0],[0,0],[0,0],[1,0],[0,0],[0,0],[0,0],[1,0],[0,0],[1,0],[0,0],[0,0],[0,1],[0,0],[0,0],[0,0],[0,0],[0,0],[1,0],[0,0],[0,0],[0,0],[0,0],[1,0],[0,1],[0,0],[0,0],[1,0],[0,0],[0,0],[0,0],[0,0],[1,0],[0,-1],[0,0],[0,1],[0,0],[0,0],[0,0],[1,0],[0,0],[0,0],[0,0],[0,0],[1,0],[0,0],[0,0],[0,0],[0,0],[0,0],[1,0],[0,0],[0,0],[1,0],[0,0],[0,0],[0,0],[1,0],[0,0],[0,0],[0,0],[0,0],[0,0],[1,0],[0,-1],[0,0],[0,0],[0,0],[0,0],[1,0],[0,-1],[0,0],[0,0],[-1,0],[0,0],[0,0],[0,0],[0,0],[0,-1],[0,0],[0,0],[0,0],[-1,0],[0,0],[0,0],[1,-1],[0,0],[0,0],[0,0],[0,0],[0,0],[0,0],[0,-1],[0,0],[0,0],[1,0],[0,0],[0,0],[0,0],[1,0],[0,-1],[0,0],[0,0],[0,0],[0,0],[1,0],[0,0],[0,0],[1,0],[0,0],[0,0],[1,0],[0,1],[0,0],[0,0],[1,0],[1,0],[0,0],[0,0],[1,0],[0,0],[1,0],[0,0],[0,1],[0,-1],[1,0],[0,1],[1,0],[0,0],[0,0],[0,0],[0,0],[0,0],[0,1],[0,0],[0,0],[0,0],[0,0],[1,0],[0,1],[0,0],[0,0],[0,0],[0,0],[0,0],[0,0],[0,0],[1,0],[0,0],[0,1],[1,0],[0,0],[0,0],[0,0],[1,0],[0,0],[0,0],[1,0],[0,0],[0,0],[0,0],[0,0],[1,0],[0,0],[0,0],[1,0],[0,0],[0,0],[1,-1],[0,0],[1,0],[0,0],[0,0],[0,0],[1,0],[0,0],[1,0],[0,1],[0,0],[1,0],[0,0],[1,0],[0,0],[0,0],[1,0],[0,0],[0,1],[0,0],[1,0],[1,0],[0,0],[0,0],[0,0],[0,0],[0,0],[0,0],[0,0],[0,1],[0,0],[1,0],[0,0],[1,0],[0,0],[0,0],[1,0],[1,0],[0,0],[0,0],[1,1],[1,0],[0,0],[1,0],[0,0],[0,0],[0,0],[1,0],[0,0],[1,-1],[0,0],[1,0],[0,0],[0,0],[0,0],[1,0],[0,0],[0,0],[1,0],[0,0],[1,0],[0,0],[1,0],[0,0],[0,-1],[0,0],[1,0],[0,0],[0,-1],[1,0],[0,0],[1,0],[0,0],[0,0],[1,0],[0,0],[0,0],[1,0],[0,0],[0,0],[1,0],[0,1],[0,0],[1,0],[0,0],[0,0],[1,0],[0,0],[0,-1],[1,0],[0,1],[1,0],[0,0],[0,0],[0,0],[-1,1],[0,1],[0,0],[-1,0],[0,1],[0,0],[0,0],[0,0],[0,1],[0,0],[-1,0],[0,0],[0,1],[0,0],[0,0],[0,1],[1,0],[0,0],[0,0],[0,0],[1,-1],[0,0],[0,0],[0,0],[1,0],[0,0],[1,0],[0,0],[0,0],[0,1],[1,0],[0,0],[0,0],[0,0],[0,-1],[1,0],[0,0],[0,0],[0,0],[1,0],[0,0],[0,0],[1,0],[0,0],[0,0],[1,1],[0,0],[0,0],[0,0],[0,0],[1,0],[0,0],[0,0],[0,0],[0,0],[0,1],[0,0],[0,0],[1,0],[0,0],[0,0],[0,0],[0,1],[0,0],[1,0],[0,0],[0,0],[0,0],[0,1],[-1,0],[0,0],[0,0],[0,0],[-1,0],[0,0],[-1,0],[0,-1],[0,0],[0,0],[0,1],[-1,0],[0,0],[0,0],[-1,-1],[0,1],[0,0],[-1,0],[0,0],[0,0],[0,0],[0,0],[-1,0],[0,0],[0,0],[0,0],[0,0],[0,0],[0,0],[0,0],[-1,0],[0,0],[-1,0],[0,0],[0,1],[0,0],[0,0],[-1,0],[0,0],[0,0],[0,1],[0,0],[0,0],[0,0],[0,0],[-1,0],[0,0],[0,0],[-1,1],[0,0],[0,0],[0,0],[-1,0],[0,0],[-1,0],[0,0],[-1,0],[0,0],[0,0],[0,0],[0,0],[0,1],[-1,0],[0,0],[0,0],[0,0],[-1,0],[0,0],[0,1],[0,0],[-1,0],[0,0],[0,0],[0,0],[-1,0],[0,0],[-1,-1],[0,0],[-1,0],[0,0],[0,0],[-1,0],[0,0],[0,0],[-1,0],[0,0],[0,1],[0,0],[0,0],[0,1],[0,0],[-1,0],[1,0],[0,0],[0,0],[0,1],[0,0],[1,0],[0,0],[0,0],[0,1],[0,0],[0,0],[0,0],[-1,0],[0,0],[0,0],[0,0],[0,0],[-1,1],[0,0],[-1,0],[0,0],[0,0],[0,0],[0,0],[-1,1],[0,0],[0,0],[0,0],[0,0],[-1,0],[0,0],[0,1],[-1,0],[0,0],[0,0],[-1,0],[0,0],[-1,0],[0,0],[-1,0],[0,0],[-1,0],[0,0],[-1,0],[0,0],[0,0],[-2,0],[0,0],[-1,1],[0,0],[0,0],[-1,0],[0,0],[0,0],[-2,0],[0,1],[-1,0],[0,0],[0,0],[-1,0],[0,0],[0,0],[0,0],[-1,0],[0,0],[0,0],[-1,0],[-1,0],[-1,0],[0,0],[-1,0],[0,-1],[-1,0],[-1,0],[-1,0],[0,0],[-1,0],[0,-1],[0,0],[0,0],[-1,0],[0,0],[-1,0],[-1,0],[0,0],[-1,0],[-1,0],[0,0],[-1,0],[-2,0],[0,0],[-1,-1],[-2,0],[-1,0],[-1,0],[-1,0],[-1,0],[0,0],[0,0],[0,0],[0,0],[0,-1],[-1,0],[0,0],[0,0],[0,-1],[-1,-1],[0,0],[0,0],[0,0],[0,0],[0,0],[0,0],[0,-1],[0,0],[0,0],[-1,0],[-1,0],[0,0],[-1,0],[0,-1],[-1,0],[0,0],[0,0],[-1,0],[0,-1],[0,0],[-1,0],[-1,0],[0,0],[-1,0],[0,0],[-1,0],[0,0],[-1,0],[0,0],[-1,0],[0,0],[0,0],[0,0],[-1,0],[0,0],[0,0],[0,0],[-1,0],[0,0],[0,-1],[0,0],[0,0],[0,0],[0,0],[0,0],[0,-1],[0,0],[0,0],[0,0],[1,-1],[0,0],[0,0],[0,0],[-1,0],[1,0],[0,-1],[0,0],[0,0],[0,0],[0,0],[0,-1],[-1,0],[0,0],[0,0],[0,0],[0,-1],[0,0],[-1,0],[0,0],[0,0],[0,-1],[0,0],[0,0],[0,0],[0,0],[0,0],[-1,0],[0,0],[0,-1],[0,0],[0,0],[0,0],[0,0],[-1,0],[0,0],[0,0],[0,0],[0,0],[0,0],[-1,0],[0,0],[0,0],[-1,0],[0,0],[0,0],[0,0],[-1,-1],[0,0],[0,0],[0,0],[0,0],[-1,0],[0,0],[0,-1],[-1,0],[0,0],[0,0],[1,0],[0,0],[0,0],[0,0],[-1,0],[0,0],[0,0],[0,0],[0,-1],[0,0],[0,0],[0,0],[0,0],[0,0],[0,0],[0,0]],[[774,223],[0,-1],[0,0],[0,0],[0,0],[0,0],[0,0],[1,0],[0,1],[0,-1],[0,1],[0,0],[1,0],[0,0],[0,0],[0,0],[0,0],[0,0],[0,1],[0,0],[0,0],[0,0],[0,1],[0,0],[0,0],[0,0],[1,0],[0,-1],[0,0],[0,0],[1,0],[0,0],[0,0],[0,0],[0,0],[0,0],[0,0],[0,0],[1,0],[0,0],[0,0],[0,-1],[0,0],[1,0],[0,0],[0,1],[1,1],[0,0],[0,0],[1,0],[0,1],[1,1],[0,0],[0,1],[0,1],[0,1],[0,0],[0,1],[0,0],[0,0],[0,1],[0,0],[0,1],[1,0],[0,0],[0,1],[1,1],[0,1],[0,0],[0,0],[0,0],[0,0],[0,0],[0,0],[-1,0],[0,0],[0,0],[0,0],[0,0],[0,0],[0,0],[-1,0],[0,1],[0,0],[0,-1],[0,0],[0,0],[-2,-1],[0,0],[-1,0],[-1,-1],[-1,-1],[0,0],[-1,0],[0,-1],[0,0],[0,0],[0,0],[0,0],[0,-1],[-1,0],[0,-1],[0,0],[-1,0],[0,-1],[0,0],[1,0],[-1,0],[0,0],[0,-1],[0,-1],[0,-1],[-1,-1],[0,-1],[0,0],[0,-1],[0,0],[0,0]],[[821,229],[0,0],[0,0],[0,-1],[-1,0],[-1,0],[0,0],[0,0],[0,0],[0,0],[-1,0],[0,0],[0,0],[0,0],[0,0],[-1,0],[0,0],[0,0],[0,0],[0,0],[-1,1],[0,0],[0,0],[0,0],[0,0],[0,1],[0,0],[0,1],[0,0],[0,0],[0,0],[0,0],[0,0],[0,1],[0,0],[-1,0],[0,0],[0,0],[0,0],[0,0],[0,0],[0,1],[0,0],[0,0],[0,0],[0,0],[0,0],[0,0],[0,0],[0,0],[0,0],[-1,1],[0,0],[0,0],[0,0],[0,0],[0,1],[0,0],[0,0],[0,0],[0,0],[0,0],[0,0],[-1,0],[0,1],[0,0],[0,0],[0,0],[0,0],[0,0],[-1,0],[0,0],[0,0],[-1,0],[0,0],[0,1],[0,0],[0,0],[-1,0],[0,0],[0,0],[-1,-1],[0,0],[0,0],[0,0],[0,0],[0,0],[0,0],[-2,0],[0,0],[0,0],[0,0],[0,1],[-1,0],[0,0],[0,0],[0,0],[0,0],[-1,0],[0,0],[0,0],[0,0],[-1,0],[0,0],[-1,0],[0,0],[-1,1],[0,0],[0,0],[0,0],[0,-1],[-1,0],[0,0],[0,0],[0,0],[-1,-1],[0,0],[0,0],[0,0],[0,-1],[-1,0],[0,0],[0,0],[1,0],[0,0],[0,0],[0,0],[1,0],[0,1],[0,0],[0,0],[1,-1],[0,1],[1,0],[0,0],[0,0],[0,0],[1,0],[0,0],[0,0],[0,0],[0,0],[-1,0],[1,0],[0,0],[0,-1],[0,0],[0,0],[0,0],[0,-1],[0,0],[0,0],[0,0],[0,0],[0,0],[0,0],[1,0],[0,0],[0,0],[0,-1],[0,0],[0,0],[0,-1],[0,0],[1,0],[2,0],[1,0],[0,0],[0,-1],[0,0],[1,-1],[0,0],[1,-1],[0,0],[0,-1],[1,0],[0,0],[0,0],[0,0],[0,0],[0,0],[0,0],[0,0],[0,0],[0,0],[0,0],[0,0],[0,1],[1,0],[0,0],[0,0],[0,0],[0,0],[0,0],[1,0],[0,0],[0,0],[0,-1],[0,0],[0,0],[0,0],[0,0],[0,0],[0,-1],[0,0],[0,0],[0,0],[0,0],[0,0],[0,0],[0,0],[0,1],[1,0],[0,0],[0,0],[0,0],[0,0],[0,0],[0,0],[0,0],[0,-1],[0,0],[0,0],[0,0],[0,0],[1,-1],[0,0],[0,0],[0,0],[-1,0],[0,-1],[1,0],[0,0],[0,0],[0,0],[0,0],[1,0],[0,0],[0,0],[0,-1],[0,0],[0,-1],[1,-1],[1,0],[0,-1],[0,0],[0,0],[0,1],[0,0],[0,0],[0,0],[0,0],[1,0],[0,0],[0,-1],[0,0],[0,0],[0,0],[0,0],[0,1],[1,0],[0,0],[0,0],[0,0],[1,0],[0,1],[0,0],[0,0],[-1,0],[1,1],[0,0],[-1,0],[0,0],[1,0],[0,0],[1,0],[0,0],[0,0],[0,0],[-1,0],[0,0],[0,1],[1,0],[0,-1],[0,0],[0,0],[0,0],[1,0],[0,1],[0,0],[0,0],[0,0],[1,0],[0,0],[0,0],[1,0],[0,0],[0,0],[0,1],[0,0],[0,0],[0,0],[0,0],[-1,0],[-1,1],[0,0],[0,-1],[-1,0],[0,1],[0,0],[0,0],[1,1],[0,0],[0,0],[0,0],[0,0],[0,0],[-1,0],[0,0],[0,1],[-1,0],[0,-1],[0,0],[0,0],[-1,1],[0,0]],[[598,146],[1,0],[0,0],[0,-1],[0,0],[1,1],[-1,0],[0,0],[0,0],[0,0],[1,0],[0,0],[0,1],[0,0],[0,0],[0,0],[-1,0],[0,0],[0,0],[0,1],[0,0],[0,0],[0,0],[0,0],[0,0],[0,0],[0,0],[-1,0],[0,0],[0,0],[0,0],[0,0],[0,0],[0,0],[0,0],[0,1],[0,0],[0,0],[0,0],[0,0],[0,0],[0,0],[-1,0],[0,0],[0,0],[0,0],[0,1],[0,0],[0,0],[-1,0],[0,0],[0,0],[0,-1],[0,0],[1,0],[0,-1],[0,-1],[0,0],[1,-1],[0,0],[0,0],[0,0]],[[779,179],[0,0],[1,1],[0,0],[0,0],[0,0],[0,0],[1,1],[0,0],[0,0],[0,0],[0,0],[0,0],[0,0],[0,0],[0,0],[0,0],[0,0],[0,0],[0,0],[0,0],[0,0],[0,1],[0,0],[0,0],[0,0],[1,1],[0,0],[1,0],[0,0],[0,1],[0,0],[1,-1],[0,0],[0,0],[1,0],[0,0],[0,0],[1,0],[0,1],[0,0],[0,0],[0,0],[0,0],[-1,0],[0,0],[0,0],[1,0],[0,0],[0,1],[0,0],[0,0],[0,0],[0,0],[1,0],[0,0],[0,0],[0,0],[0,1],[-1,0],[0,0],[0,0],[0,1],[0,0],[-1,-1],[0,0],[-1,0],[0,0],[0,0],[0,1],[0,0],[0,0],[0,0],[0,0],[0,0],[0,0],[0,1],[1,0],[0,0],[1,0],[0,1],[0,0],[1,0],[0,0],[0,0],[0,0],[0,0],[0,1],[0,0],[0,0],[0,0],[1,0],[0,0],[0,0],[0,1],[0,0],[1,0],[0,0],[0,0],[0,1],[0,0],[0,0],[1,0],[0,1],[0,0],[1,0],[0,1],[0,0],[0,0],[0,0],[0,0],[0,1],[0,0],[0,0],[1,0],[0,0],[0,0],[0,0],[0,0],[0,0],[0,0],[0,0],[0,1],[1,0],[0,0],[0,0],[0,0],[1,0],[0,0],[0,1],[-1,0],[0,0],[0,0],[0,0],[0,0],[0,0],[0,1],[1,0],[0,0],[0,0],[0,0],[0,1],[0,0],[0,0],[0,0],[0,0],[0,0],[0,1],[0,0],[0,0],[0,0],[0,0],[0,0],[-1,0],[0,0],[0,1],[0,0],[0,0],[0,0],[-1,0],[0,0],[0,0],[0,0],[0,0],[0,0],[0,0],[-1,0],[0,0],[0,-1],[0,0],[0,0],[0,1],[-1,0],[0,0],[0,0],[0,0],[0,0],[0,0],[0,0],[0,1],[0,0],[0,0],[-1,0],[0,0],[0,0],[0,0],[-1,-1],[0,1],[0,0],[0,-1],[0,0],[0,0],[0,0],[0,0],[0,0],[0,0],[0,0],[0,-1],[0,0],[0,0],[0,0],[0,-1],[0,0],[0,0],[0,-1],[0,0],[0,0],[1,0],[0,0],[0,0],[0,-1],[0,0],[0,0],[-1,0],[0,0],[0,0],[0,0],[0,-1],[0,0],[-1,0],[0,0],[0,0],[0,0],[0,-1],[-1,0],[0,-1],[0,-1],[0,0],[0,-1],[0,0],[0,0],[-1,0],[0,-1],[0,0],[-1,-1],[0,0],[0,0],[0,0],[-1,0],[0,0],[0,0],[-1,0],[0,0],[0,0],[0,0],[0,0],[0,0],[0,0],[0,1],[0,0],[0,0],[-1,0],[0,0],[0,0],[0,0],[0,0],[0,0],[-1,0],[0,0],[0,0],[0,0],[0,0],[0,0],[-1,0],[0,-1],[0,0],[0,1],[0,0],[-1,0],[0,0],[0,0],[0,0],[0,0],[0,0],[0,0],[-1,1],[0,0],[0,0],[-1,0],[0,0],[0,0],[0,0],[0,0],[0,-1],[0,0],[0,-1],[0,0],[0,0],[0,0],[0,0],[0,0],[0,0],[1,-1],[0,0],[0,-1],[0,0],[0,0],[0,-1],[0,0],[0,0],[-1,0],[0,0],[0,0],[0,0],[0,0],[-1,0],[0,0],[0,0],[-1,-1],[0,0],[1,0],[0,0],[0,-1],[0,0],[0,0],[0,0],[0,0],[-1,0],[0,-1],[0,0],[0,1],[0,0],[0,0],[0,0],[0,0],[0,-1],[0,0],[0,0],[0,-1],[0,0],[1,0],[0,0],[0,0],[0,0],[0,0],[0,0],[0,0],[0,0],[0,0],[0,-1],[0,0],[0,0],[1,0],[0,0],[0,-1],[0,0],[1,0],[0,1],[0,0],[0,0],[0,0],[0,0],[0,0],[0,0],[0,0],[1,0],[0,0],[0,0],[0,0],[0,0],[0,0],[0,0],[0,0],[0,0],[0,0],[0,0],[0,0],[0,-1],[0,0],[0,0],[0,0],[0,-1],[0,0],[0,0],[0,0],[0,0],[0,-1],[-1,0],[1,0],[0,0],[0,0],[0,0],[0,0],[0,0],[0,0],[0,0],[1,0],[0,0],[0,0],[0,0]],[[694,130],[0,0],[0,0],[1,0],[0,0],[0,0],[0,0],[1,0],[0,0],[0,0],[0,0],[0,0],[0,0],[0,0],[1,0],[0,0],[0,0],[0,0],[0,0],[0,0],[0,0],[0,0],[0,0],[1,0],[0,0],[0,0],[0,-1],[0,0],[0,0],[0,0],[0,0],[0,0],[1,0],[0,0],[0,0],[1,0],[0,0],[0,0],[0,-1],[-1,1],[0,0],[0,-1],[0,0],[-1,0],[0,0],[0,0],[0,0],[0,0],[-1,0],[0,0],[0,0],[0,0],[0,0],[0,0],[0,0],[0,0],[-1,0],[0,-1],[0,0],[0,0],[0,0],[0,0],[0,0],[0,0],[0,0],[0,0],[0,0],[0,0],[0,0],[0,0],[0,0],[-1,0],[0,0],[0,1],[0,0],[0,0],[0,0],[-1,0],[0,0],[0,0],[0,-1],[-1,0],[0,0],[0,0],[0,0],[0,0],[-1,0],[0,0],[0,0],[0,0],[0,0],[1,-1],[0,0],[0,0],[0,0],[1,0],[0,-1],[0,0],[0,0],[0,0],[1,0],[0,0],[0,0],[-1,0],[0,0],[0,0],[0,0],[0,0],[0,-1],[0,0],[0,0],[0,0],[0,0],[1,0],[0,-1],[0,0],[0,0],[1,0],[0,0],[0,0],[0,0],[1,0],[1,0],[0,1],[1,0],[0,0],[0,0],[0,0],[1,0],[0,0],[0,0],[1,0],[0,0],[0,0],[0,-1],[0,0],[0,0],[1,-1],[0,0],[0,0],[1,0],[0,0],[0,0],[0,0],[0,0],[1,0],[1,1],[0,0],[1,0],[1,0],[0,0],[0,0],[0,0],[1,0],[0,0],[1,0],[1,0],[0,0],[0,0],[1,0],[0,0],[0,0],[1,0],[0,0],[0,0],[1,0],[0,0],[1,0],[0,0],[1,0],[0,0],[0,0],[1,0],[0,0],[0,0],[0,0],[0,0],[0,1],[1,0],[0,0],[0,0],[0,0],[1,0],[0,0],[0,0],[1,1],[0,0],[0,0],[0,0],[0,0],[0,0],[-1,0],[0,0],[0,1],[-1,0],[0,0],[0,0],[-1,0],[-1,1],[0,0],[-1,0],[0,0],[0,0],[0,0],[0,1],[-1,0],[0,0],[-1,0],[0,0],[-1,0],[0,0],[-1,0],[0,0],[0,0],[0,1],[0,0],[-1,0],[0,0],[0,0],[0,0],[0,1],[0,0],[0,0],[-1,0],[0,0],[0,0],[0,0],[0,0],[-1,0],[0,0],[0,0],[0,-1],[0,0],[0,0],[-1,0],[0,1],[-1,0],[0,0],[0,-1],[0,1],[-1,0],[0,0],[1,0],[0,0],[-1,0],[0,0],[0,0],[-1,0],[0,1],[0,0],[-1,0],[0,0],[0,0],[0,0],[0,0],[0,0],[0,0],[0,1],[0,0],[0,0],[0,0],[0,0],[-1,0],[0,0],[0,0],[0,0],[0,0],[-1,0],[0,1],[0,0],[-1,0],[0,0],[0,0],[-1,0],[0,0],[0,0],[0,0],[-1,0],[0,0],[0,0],[0,0],[0,0],[0,0],[-1,0],[0,0],[0,0],[0,0],[0,-1],[0,0],[0,0],[-1,0],[0,0],[0,0],[0,0],[0,0],[0,0],[0,0],[0,0],[0,0],[-1,0],[0,0],[0,0],[0,0],[-1,0],[0,0],[0,0],[0,0],[0,0],[-1,0],[0,0],[0,0],[0,0],[0,0],[0,0],[-1,0],[0,0],[-1,0],[0,0],[0,0],[0,0],[-1,0],[0,0],[0,-1],[0,0],[0,0],[0,0],[1,0],[0,0],[0,0],[0,0],[0,0],[0,0],[0,0],[0,0],[1,-1],[0,0],[1,0],[0,1],[0,0],[1,0],[0,0],[0,0],[0,0],[0,0],[0,0],[0,-1],[1,0],[0,0],[0,0]],[[632,162],[0,0],[-1,0],[0,0],[-1,0],[0,0],[0,0],[0,-1],[0,0],[-1,0],[-1,0],[0,0],[-1,0],[1,-1],[0,0],[0,-1],[0,0],[1,0],[0,-1],[0,0],[0,0],[0,0],[0,0],[1,0],[0,0],[0,0],[1,0],[0,0],[0,0],[0,1],[0,0],[1,0],[0,0],[-1,0],[0,0],[0,0],[0,1],[-1,0],[0,0],[1,0],[0,0],[0,0],[0,0],[0,0],[0,0],[1,1],[0,0],[0,1],[0,0],[0,0],[0,0]],[[694,125],[0,0],[-1,0],[0,0],[0,0],[0,0],[0,0],[0,0],[0,0],[-1,0],[0,0],[0,1],[0,0],[-1,0],[0,0],[-1,0],[0,0],[0,1],[0,0],[-1,0],[0,0],[0,0],[0,0],[0,1],[-1,0],[0,0],[0,0],[-1,0],[0,1],[0,0],[0,0],[1,0],[-1,0],[0,0],[0,0],[0,0],[-1,0],[0,0],[0,0],[0,-1],[0,0],[0,0],[0,0],[0,0],[0,0],[0,0],[0,0],[-1,0],[0,0],[0,0],[-1,0],[0,0],[-1,0],[0,0],[-1,0],[0,0],[0,-1],[0,0],[0,0],[0,-1],[0,0],[0,0],[0,-1],[-1,0],[0,0],[-1,0],[0,0],[0,0],[0,0],[1,-1],[0,0],[0,-1],[0,0],[0,0],[-1,0],[0,0],[0,0],[0,0],[-1,-1],[0,0],[0,0],[0,0],[-1,-1],[0,0],[0,0],[0,0],[-1,0],[0,0],[0,0],[0,0],[-1,0],[0,0],[0,0],[0,0],[-1,0],[0,0],[-1,0],[-1,0],[0,0],[-1,0],[0,0],[-1,0],[0,0],[-1,0],[0,0],[-1,0],[0,0],[0,0],[-1,-1],[0,0],[0,0],[-1,0],[0,-1],[0,0],[0,0],[0,0],[-1,0],[0,-1],[0,0],[-1,0],[0,0],[0,0],[-1,0],[0,-1],[-1,0],[0,0],[0,0],[-1,0],[0,-1],[-1,0],[0,0],[0,0],[-1,0],[0,0],[0,0],[-1,0],[0,0],[-1,0],[0,0],[-1,0],[0,0],[-1,0],[0,1],[-1,0],[0,0],[-1,0],[0,0],[-1,0],[0,0],[0,1],[0,0],[0,1],[0,1],[0,0],[0,1],[0,1],[0,0],[0,1],[0,0],[0,1],[0,1],[0,0],[0,1],[0,1],[0,0],[0,0],[0,0],[-1,0],[0,0],[0,0],[0,0],[-1,0],[0,0],[0,0],[0,0],[0,-1],[-1,0],[0,0],[0,0],[0,-1],[-1,0],[0,0],[-1,0],[0,0],[0,-1],[0,0],[-1,0],[0,1],[-1,0],[0,0],[-1,0],[0,0],[0,0],[-1,1],[-1,0],[0,0],[0,-1],[0,0],[1,0],[0,-1],[0,0],[0,0],[0,-1],[0,0],[-1,0],[0,0],[0,0],[0,0],[0,0],[-1,0],[0,0],[0,0],[0,0],[0,0],[0,0],[0,0],[-1,-1],[0,0],[0,0],[-1,0],[0,0],[0,0],[0,0],[0,-1],[0,0],[0,0],[0,0],[0,0],[0,0],[-1,-1],[0,-1],[0,0],[0,0],[-1,0],[0,0],[-1,0],[0,0],[0,0],[0,-1],[0,0],[1,0],[0,0],[1,0],[1,0],[0,1],[0,0],[0,-1],[0,0],[1,0],[0,0],[0,0],[-1,0],[0,0],[0,0],[0,0],[-1,0],[0,-1],[1,0],[0,0],[0,0],[0,0],[0,-1],[1,0],[0,0],[0,0],[1,0],[1,0],[1,0],[0,0],[1,0],[0,0],[0,0],[0,0],[-1,0],[0,0],[1,-1],[0,0],[0,-1],[0,-1],[0,0],[0,0],[0,0],[0,0],[0,-1],[0,0],[0,0],[0,0],[-1,0],[-1,0],[0,0],[0,0],[0,0],[0,0],[0,0],[-1,0],[0,0],[0,0],[-1,0],[0,0],[0,0],[-1,-1],[0,0],[-1,1],[0,0],[0,0],[-1,0],[0,0],[0,0],[0,0],[0,0],[-1,1],[0,0],[-1,0],[0,0],[0,0],[0,0],[-1,0],[0,0],[0,0],[0,0],[0,0],[-1,0],[1,1],[-1,-1],[0,0],[-1,0],[0,0],[0,0],[0,0],[0,0],[0,0],[0,-1],[0,0],[0,0],[0,0],[0,0],[0,0],[1,1],[0,-1],[0,0],[-1,0],[0,-1],[0,0],[0,0],[-1,-1],[0,0],[0,0],[-1,0],[0,0],[-1,0],[0,0],[0,0],[-1,0],[0,0],[0,-1],[0,0],[0,0],[0,0],[0,-1],[-1,0],[0,0],[0,0],[-1,-1],[1,0],[0,-1],[0,0],[1,0],[0,0],[0,0],[-1,0],[0,-1],[0,0],[0,0],[0,-1],[0,0],[1,0],[0,-1],[0,0],[0,0],[0,0],[0,0],[0,0],[1,0],[0,-1],[0,0],[0,0],[1,1],[0,0],[1,1],[0,0],[0,0],[0,0],[1,0],[0,0],[0,0],[1,-1],[-1,0],[0,0],[0,0],[0,0],[0,-1],[0,0],[0,0],[0,0],[0,0],[1,0],[0,0],[1,-1],[0,0],[0,0],[0,0],[1,-1],[0,0],[0,0],[1,0],[0,0],[1,0],[0,0],[0,-1],[0,0],[1,0],[0,0],[0,0],[0,0],[1,0],[0,0],[0,0],[0,0],[0,0],[0,0],[1,0],[0,0],[1,0],[0,0],[1,0],[0,0],[0,0],[0,0],[1,0],[0,0],[0,0],[0,0],[0,0],[0,0],[1,0],[0,0],[0,0],[1,0],[0,0],[0,1],[0,0],[1,0],[0,0],[0,0],[1,0],[0,1],[0,0],[0,0],[1,0],[0,1],[0,0],[0,0],[0,0],[0,0],[0,0],[0,0],[0,-1],[0,0],[0,0],[0,0],[0,0],[0,0],[1,0],[0,0],[0,0],[1,0],[0,1],[1,0],[0,0],[1,0],[0,0],[0,0],[0,-1],[0,0],[1,0],[0,0],[1,0],[0,0],[0,0],[0,0],[1,0],[0,0],[1,0],[0,0],[0,0],[1,0],[0,0],[0,0],[0,0],[0,0],[1,0],[0,0],[0,0],[1,0],[0,0],[0,0],[1,0],[0,1],[0,0],[0,0],[1,0],[1,0],[0,0],[0,0],[0,0],[0,0],[0,0],[0,0],[1,0],[0,-1],[0,0],[0,0],[0,0],[1,0],[0,1],[0,0],[0,0],[1,0],[1,0],[0,-1],[1,0],[0,0],[0,-1],[0,0],[0,0],[0,0],[0,0],[-1,-1],[0,0],[0,0],[-1,0],[-1,0],[0,0],[0,0],[0,-1],[-1,0],[0,0],[0,0],[1,0],[0,0],[0,0],[1,0],[0,-1],[1,0],[0,0],[0,0],[-1,-1],[0,0],[0,0],[0,0],[1,0],[0,-1],[0,0],[0,0],[1,0],[0,0],[1,0],[0,0],[0,0],[1,0],[0,0],[0,0],[0,0],[-1,0],[0,0],[-1,0],[0,0],[0,0],[-1,0],[0,-1],[0,0],[0,0],[1,0],[0,0],[0,0],[0,0],[0,0],[0,0],[0,0],[0,0],[0,0],[-1,0],[0,0],[0,0],[0,0],[0,-1],[0,0],[0,0],[0,0],[0,0],[0,0],[1,-1],[0,1],[1,0],[0,0],[0,0],[1,0],[1,0],[0,-1],[0,0],[1,0],[1,0],[0,0],[0,0],[0,0],[1,0],[0,0],[0,0],[1,0],[0,0],[0,0],[0,0],[0,0],[1,0],[0,0],[1,0],[0,0],[0,-1],[1,1],[0,0],[0,0],[0,-1],[0,0],[1,0],[0,0],[0,0],[0,0],[1,0],[0,0],[0,0],[1,0],[1,0],[0,0],[1,-1],[1,0],[0,0],[1,0],[0,0],[1,0],[0,0],[0,0],[0,0],[1,0],[-1,0],[0,-1],[1,0],[0,0],[0,0],[1,0],[0,0],[1,0],[0,0],[1,0],[1,0],[0,0],[0,0],[1,0],[0,0],[0,0],[0,0],[0,0],[1,0],[0,0],[0,0],[1,0],[0,1],[0,1],[1,0],[0,0],[0,0],[-1,1],[0,0],[0,0],[1,0],[1,0],[0,0],[1,0],[0,0],[0,0],[0,0],[1,0],[0,0],[0,0],[0,0],[0,1],[0,0],[0,0],[0,0],[0,0],[0,-1],[0,0],[0,0],[0,0],[1,0],[0,0],[1,1],[0,0],[0,0],[1,0],[0,0],[0,-1],[0,0],[0,0],[0,0],[0,1],[0,0],[0,0],[0,0],[-1,0],[0,1],[0,0],[1,0],[0,0],[0,0],[0,0],[0,0],[1,0],[0,0],[0,0],[1,0],[0,0],[0,0],[0,0],[0,0],[0,0],[0,0],[1,-1],[1,0],[0,0],[0,0],[0,0],[1,0],[0,0],[0,0],[0,-1],[0,0],[1,0],[0,0],[0,0],[1,0],[0,0],[1,0],[0,0],[0,0],[1,-1],[0,0],[0,1],[0,0],[0,0],[-1,0],[0,0],[0,0],[0,1],[0,0],[0,0],[1,0],[1,0],[1,1],[0,0],[1,0],[0,1],[0,0],[1,0],[0,1],[1,1],[1,1],[0,0],[1,1],[0,1],[1,0],[0,1],[1,0],[0,0],[0,0],[0,0],[0,0],[0,0],[0,0],[1,0],[0,0],[0,0],[0,0],[0,-1],[0,0],[0,0],[0,0],[0,0],[0,0],[1,0],[0,0],[0,0],[0,0],[0,0],[0,0],[1,0],[0,0],[0,1],[0,0],[0,0],[0,0],[0,0],[0,0],[1,0],[0,0],[0,0],[0,0],[0,0],[0,0],[0,0],[1,0],[0,1],[1,0],[0,-1],[0,1],[1,-1],[0,0],[0,0],[0,0],[1,0],[0,0],[0,0],[0,0],[1,0],[0,0],[0,0],[1,0],[0,0],[0,0],[1,1],[0,0],[0,0],[0,0],[0,1],[0,0],[1,0],[0,0],[0,0],[1,0],[0,0],[0,0],[0,0],[0,1],[0,0],[1,0],[0,0],[0,0],[0,1],[0,0],[0,0],[1,0],[1,0],[0,0],[0,0],[0,0],[0,0],[1,0],[0,0],[0,0],[0,-1],[0,0],[1,0],[0,0],[0,0],[0,0],[0,0],[0,1],[0,0],[0,0],[0,0],[1,0],[0,0],[0,1],[0,0],[0,0],[1,0],[0,0],[-1,0],[0,0],[0,0],[-1,0],[0,0],[0,0],[0,0],[0,1],[0,0],[0,0],[0,1],[-1,0],[0,0],[0,0],[-1,0],[0,0],[-1,0],[0,0],[0,0],[0,0],[0,1],[0,0],[0,1],[0,0],[0,0],[0,1],[0,0],[0,0],[0,0],[0,0],[0,1],[-1,0],[0,0],[0,0],[-1,0],[0,0],[0,0],[0,0],[0,0],[-1,0],[0,0],[0,0],[0,0],[-1,0],[0,0],[0,0],[-1,0],[0,0],[0,0],[-1,-1],[-1,0],[0,0],[0,0],[0,0],[0,1],[0,0],[-1,1],[0,0],[0,1],[0,0],[-1,1],[0,0],[0,1],[0,0],[0,0],[0,0],[1,0],[0,0],[0,0],[0,0],[0,1],[0,0],[0,0],[-1,0],[0,0],[0,0],[0,0],[-1,0],[0,0],[0,0],[0,0],[0,0],[-1,-1],[0,0],[0,0],[-1,0],[0,1],[-1,0],[0,0],[-1,0],[0,0],[0,0],[-1,0],[0,0],[0,0],[-1,0],[0,1],[0,0],[1,0],[0,0],[0,0],[1,0],[0,0],[0,0],[0,0],[0,0],[0,0],[0,0],[0,0],[0,1],[0,0],[0,0],[0,0],[0,1],[0,0],[0,0],[0,0],[0,1],[0,0],[1,0],[-1,1],[0,0],[1,0],[0,0],[0,0],[0,0],[0,0],[-1,0],[0,0],[0,1],[0,0],[0,0],[0,0],[0,0],[0,0],[0,0],[0,0],[-1,0],[0,0],[0,1],[0,0],[0,0],[0,0],[0,1],[0,0],[0,0],[0,0],[0,0],[-1,-1],[0,0],[0,0],[-1,0],[0,0],[0,0],[0,0],[-1,0],[0,-1],[0,0],[0,0],[0,0],[0,0],[-1,0],[0,0],[0,0],[-1,0],[0,0],[-1,0],[0,0],[-1,0],[0,0],[0,0],[-1,0],[0,0],[0,0],[-1,0],[0,0],[0,0],[-1,0],[-1,0],[0,0],[-1,0],[0,0],[0,0],[0,0],[-1,0],[-1,0],[0,0],[-1,-1],[-1,0],[0,0],[0,0],[0,0],[0,0],[-1,0],[0,0],[0,0],[-1,1],[0,0],[0,0],[0,1],[0,0],[0,0],[-1,0],[0,0],[0,0],[-1,0],[0,0],[0,0],[0,0],[-1,0],[0,-1],[-1,0],[-1,0],[0,0],[0,0],[0,0],[-1,0],[0,0],[0,0],[0,1],[-1,0],[0,0],[0,0],[0,0],[0,0],[0,1],[0,0]],[[598,151],[0,0],[0,0],[1,0],[0,0],[0,0],[0,1],[1,0],[1,0],[0,-1],[1,0],[1,0],[0,-1],[1,0],[1,0],[0,-1],[1,0],[0,1],[0,0],[1,1],[0,0],[0,0],[0,1],[0,0],[0,0],[0,0],[0,0],[0,1],[-1,0],[0,0],[-1,0],[-1,0],[-1,1],[-1,0],[0,0],[-1,0],[0,0],[1,1],[0,0],[1,1],[0,0],[1,1],[-1,0],[0,0],[0,0],[0,0],[0,1],[-1,0],[0,0],[0,0],[-1,0],[-1,1],[0,0],[0,0],[0,1],[-1,0],[0,0],[-1,0],[0,0],[-1,0],[0,0],[-1,0],[0,0],[0,0],[0,-1],[0,0],[0,-1],[0,0],[0,0],[0,0],[0,-1],[0,0],[0,0],[0,-1],[0,0],[1,0],[0,-1],[0,0],[0,0],[0,0],[0,0],[0,-1],[0,0],[0,0],[0,-1],[0,0],[0,-1],[0,0],[0,0],[0,-1],[0,0],[0,0],[0,0],[1,0],[0,0]],[[878,137],[0,0],[0,0],[0,0],[0,0],[0,-1],[0,0],[0,0],[0,0],[0,0],[0,0],[1,-1],[0,1],[-1,0],[0,0],[1,0],[0,1],[-1,0]],[[893,120],[0,0],[1,0],[0,0],[1,0],[0,0],[1,0],[0,0],[0,0],[1,-1],[0,0],[0,0],[0,0],[0,0],[0,1],[0,0],[0,1],[0,0],[0,0],[0,0],[0,1],[1,0],[0,0],[0,0],[0,0],[0,0],[1,0],[-1,0],[0,0],[0,0],[0,0],[-1,0],[0,0],[0,0],[0,0],[-1,1],[0,0],[0,0],[-1,0],[0,0],[-1,0],[0,0],[0,0],[-1,0],[-1,1],[0,0],[0,0],[0,1],[0,0],[0,0],[0,0],[0,0],[-1,0],[0,0],[-1,0],[-2,-1],[0,0],[-1,0],[-2,0],[0,0],[0,0],[0,0],[-1,0],[0,0],[0,0],[0,0],[0,0],[0,0],[0,0],[0,1],[0,0],[0,0],[0,0],[1,0],[0,0],[0,0],[1,1],[0,0],[0,0],[-1,0],[0,0],[0,0],[-1,0],[0,0],[0,0],[0,1],[0,0],[-1,0],[0,0],[0,0],[0,0],[0,0],[0,0],[0,-1],[0,0],[0,0],[0,-1],[0,0],[-1,0],[0,0],[0,-1],[0,0],[0,0],[0,0],[1,0],[0,-1],[0,0],[0,0],[1,0],[0,0],[0,-1],[0,0],[0,0],[0,0],[0,0],[0,0],[1,0],[0,0],[0,0],[1,0],[0,0],[0,0],[0,0],[1,0],[-1,-1],[0,0],[1,0],[0,-1],[0,0],[0,-1],[0,0],[0,0],[1,-1],[-1,-1],[0,0],[0,0],[0,-1],[0,0],[0,0],[0,0],[1,0],[0,0],[0,0],[0,0],[0,0],[0,0],[1,0],[0,1],[1,1],[1,0],[0,0],[1,1],[0,0],[1,0],[0,1],[0,0]],[[859,148],[0,0],[0,0],[0,0],[0,0],[1,0],[0,0],[0,0],[0,0],[0,1],[0,0],[0,0],[0,0],[1,0],[-1,0],[0,1],[1,0],[0,0],[0,0],[0,0],[0,0],[0,0],[0,0],[-1,1],[0,0],[0,1],[0,0],[0,0],[-1,1],[0,0],[0,0],[0,1],[0,0],[0,0],[-1,0],[0,0],[0,0],[0,1],[0,0],[-1,0],[0,0],[0,0],[0,0],[0,0],[0,0],[0,-1],[0,0],[0,0],[0,0],[0,0],[1,0],[0,0],[-1,0],[0,-1],[0,0],[0,1],[0,0],[0,0],[0,0],[0,0],[0,1],[0,0],[0,0],[-1,0],[0,0],[0,0],[0,-1],[0,0],[0,0],[0,0],[0,0],[0,0],[0,-1],[0,0],[0,0],[0,0],[0,-1],[0,0],[0,0],[0,0],[1,0],[0,-1],[0,0],[0,0],[0,0],[0,0],[0,-1],[0,0],[-1,0],[0,0],[0,-1],[0,1],[0,0],[0,0],[0,0],[0,0],[0,0],[0,0],[0,0],[0,0],[0,1],[0,0],[0,0],[0,0],[0,0],[0,0],[-1,0],[0,0],[0,0],[0,0],[0,0],[0,0],[0,0],[-1,-1],[0,0],[0,0],[0,0],[1,0],[0,0],[0,0],[0,0],[0,0],[0,0],[0,0],[-1,-1],[0,0],[0,0],[0,0],[1,0],[0,0],[0,0],[0,0],[0,0],[0,0],[1,0],[0,-1],[0,0],[0,0],[0,0],[0,0],[1,0],[0,0],[0,0],[0,-1],[0,0],[1,0],[0,1],[0,0],[0,0],[1,0]],[[867,147],[1,0],[0,0],[0,0],[0,0],[0,0],[0,1],[0,0],[0,0],[-1,0],[0,1],[0,0],[0,0],[0,0],[0,0],[-1,0],[0,0],[-1,0],[0,0],[-1,0],[0,0],[0,1],[0,0],[0,0],[0,0],[-1,0],[0,1],[0,0],[0,0],[0,0],[0,-1],[-1,0],[0,0],[0,0],[0,0],[0,0],[0,-1],[0,0],[0,0],[0,0],[0,0],[0,0],[0,0],[0,0],[0,0],[-1,0],[0,0],[0,0],[1,0],[0,0],[0,-1],[1,0],[0,0],[0,0],[0,-1],[0,0],[0,0],[0,0],[1,0],[0,0],[0,0],[0,0],[0,0],[0,0],[1,0],[0,0],[0,0],[0,0],[0,0],[0,0],[0,0],[1,-1],[0,0],[0,0],[1,0],[0,1]],[[886,127],[0,0],[1,0],[0,0],[-1,1],[1,1],[0,0],[0,0],[0,0],[0,1],[1,0],[0,1],[0,0],[0,0],[0,0],[0,1],[0,0],[0,0],[0,0],[0,1],[0,0],[0,0],[0,0],[0,1],[-1,0],[0,0],[0,0],[0,0],[0,0],[0,0],[0,0],[0,1],[0,0],[0,0],[-1,0],[0,0],[0,0],[0,0],[-1,1],[0,0],[0,0],[0,1],[0,0],[1,1],[-1,1],[0,0],[0,0],[0,0],[0,0],[0,1],[-1,0],[0,1],[0,0],[0,0],[0,0],[0,0],[0,1],[1,0],[0,0],[0,1],[-1,0],[0,0],[0,0],[0,0],[0,1],[0,0],[0,0],[0,0],[-1,0],[0,0],[0,1],[-1,0],[0,0],[0,0],[0,-1],[0,0],[0,0],[0,0],[0,0],[1,-1],[0,0],[0,0],[0,0],[0,0],[0,0],[-1,0],[0,0],[0,0],[0,0],[0,0],[0,0],[0,0],[0,1],[0,0],[0,0],[0,0],[0,0],[0,0],[-1,0],[0,0],[0,0],[0,0],[-1,0],[0,0],[0,0],[0,1],[0,0],[0,0],[0,0],[0,1],[-1,0],[0,-1],[0,0],[0,0],[0,0],[1,-1],[-1,0],[0,0],[0,0],[0,0],[0,1],[-1,0],[0,0],[0,0],[0,1],[-1,-1],[0,0],[0,0],[-1,0],[-1,0],[0,1],[0,0],[0,-1],[0,0],[0,0],[0,0],[0,0],[0,0],[-1,0],[0,0],[0,0],[0,0],[0,0],[0,0],[0,0],[0,0],[0,0],[0,-1],[0,0],[0,0],[0,0],[0,1],[-1,0],[0,0],[0,1],[1,0],[0,0],[0,0],[0,0],[0,0],[-1,1],[0,0],[-1,0],[0,1],[0,0],[-1,1],[-1,-1],[0,0],[0,0],[0,0],[-1,0],[0,-1],[0,0],[0,-1],[0,0],[1,0],[0,0],[0,0],[0,0],[0,0],[0,-1],[0,0],[-1,1],[0,-1],[-1,0],[0,0],[0,0],[0,0],[-1,0],[0,0],[0,0],[-1,1],[0,0],[0,0],[-1,0],[0,0],[0,0],[0,0],[-1,0],[0,0],[0,0],[0,0],[-1,1],[0,0],[-1,-1],[0,0],[0,0],[-1,1],[0,0],[0,0],[0,1],[0,0],[-1,-1],[0,0],[-1,0],[0,0],[0,0],[0,0],[-1,0],[0,0],[0,0],[0,0],[0,0],[0,-1],[0,0],[0,0],[0,0],[1,0],[0,0],[0,0],[0,0],[1,0],[0,-1],[0,0],[1,0],[0,0],[0,0],[1,-1],[0,0],[0,0],[1,-1],[0,0],[0,0],[1,0],[0,0],[1,0],[0,0],[0,0],[0,0],[1,0],[0,0],[0,0],[1,0],[0,0],[1,0],[1,0],[0,-1],[1,0],[0,1],[0,0],[0,0],[0,0],[0,0],[1,0],[0,0],[0,0],[0,0],[1,0],[0,-1],[0,0],[0,0],[0,-1],[0,0],[0,0],[1,0],[0,-1],[1,0],[0,-1],[0,-1],[0,0],[0,0],[1,0],[0,0],[0,0],[0,0],[0,0],[0,0],[-1,0],[0,1],[0,0],[0,0],[1,0],[-1,0],[1,0],[0,1],[0,0],[0,0],[0,0],[1,-1],[0,0],[1,0],[1,0],[0,0],[0,-1],[1,0],[0,0],[0,0],[0,-1],[0,0],[1,0],[1,-1],[0,0],[0,0],[0,0],[0,-1],[0,0],[1,0],[0,-1],[0,0],[0,0],[0,-1],[0,0],[0,0],[1,0],[0,0],[0,-1],[0,0],[0,0],[0,0],[0,-1],[0,0],[-1,0],[0,0],[0,0],[0,0],[0,0],[0,0],[0,0],[1,-1],[0,0],[0,0],[0,0],[-1,-1],[0,0],[1,0],[0,0],[0,0],[0,0],[0,0],[0,0],[0,0],[1,-1],[0,0],[0,0],[0,0],[0,-1],[0,1],[0,0],[0,0],[0,0],[0,0],[1,0],[0,0],[0,1],[0,0],[0,-1],[0,0],[0,0],[1,0],[0,0],[0,0],[0,0],[0,0],[0,-1],[0,0],[0,1],[0,0],[-1,0],[0,-1],[0,0],[0,0],[0,0],[1,0],[0,0],[0,0]],[[851,167],[-1,0],[0,1],[0,0],[0,0],[0,0],[0,0],[0,0],[-1,0],[0,0],[0,1],[0,0],[0,0],[0,0],[0,0],[0,0],[0,0],[0,-1],[0,0],[0,0],[0,0],[1,0],[0,-1],[0,0],[0,0],[0,0],[0,0],[0,0],[0,0],[0,0],[0,0],[0,0],[1,0],[0,0],[0,0],[0,0]],[[598,149],[0,0],[0,0],[0,0],[0,0],[0,0],[0,1],[0,0],[0,0],[0,0],[0,0],[0,0],[0,1],[0,0],[0,0],[-1,0],[0,0],[0,0],[0,0],[0,1],[0,0],[0,-1],[0,0],[0,0],[-1,0],[0,0],[0,0],[0,1],[0,0],[0,0],[0,0],[0,1],[0,0],[0,0],[0,0],[0,0],[0,0],[0,0],[0,0],[0,0],[0,0],[0,0],[0,1],[0,0],[-1,0],[0,0],[0,0],[0,0],[1,0],[0,0],[1,0],[0,0],[0,1],[0,0],[0,0],[0,0],[0,0],[0,1],[-1,0],[0,0],[0,1],[0,0],[0,0],[0,1],[0,0],[0,0],[0,0],[0,1],[0,0],[-1,1],[0,-1],[0,0],[0,-1],[0,0],[-1,-1],[0,0],[0,0],[0,-1],[0,-1],[0,0],[0,0],[0,-1],[0,0],[0,0],[0,0],[0,0],[1,-1],[0,-1],[0,-1],[1,-1],[0,0],[0,0],[0,0],[1,0],[0,0],[0,0],[0,-1],[0,0],[0,0],[0,0],[1,0],[0,0],[0,0],[0,0]],[[597,152],[0,0],[0,0],[0,1],[0,0],[0,1],[0,0],[0,0],[0,0],[-1,0],[0,0],[-1,0],[0,0],[0,0],[0,0],[1,0],[0,0],[0,-1],[0,0],[0,0],[0,0],[0,0],[0,0],[0,0],[0,0],[0,0],[0,0],[0,0],[0,-1],[0,0],[0,0],[0,0],[0,-1],[0,0],[0,0],[1,0],[0,0],[0,0],[0,1],[0,0]],[[616,139],[0,0],[1,-1],[0,0],[0,0],[0,0],[0,0],[1,0],[0,0],[0,0],[0,0],[1,0],[0,0],[0,0],[1,0],[0,0],[0,0],[0,0],[1,0],[0,0],[0,0],[0,0],[0,1],[0,0],[0,0],[0,0],[0,0],[0,0],[1,0],[0,0],[0,0],[0,0],[0,0],[0,0],[0,0],[0,0],[1,1],[0,0],[0,0],[0,0],[0,0],[0,0],[0,0],[0,0],[0,1],[0,0],[0,0],[1,0],[0,0],[0,1],[0,0],[0,0],[0,0],[1,0],[0,0],[0,0],[0,0],[1,0],[0,0],[0,0],[0,0],[0,1],[0,0],[0,0],[0,0],[0,0],[0,0],[0,1],[0,0],[0,0],[0,0],[0,0],[0,0],[0,0],[-1,1],[0,0],[0,1],[0,0],[0,0],[-1,0],[0,0],[0,0],[0,0],[0,0],[0,1],[0,0],[0,0],[0,0],[0,0],[0,0],[1,1],[0,0],[0,0],[0,0],[0,0],[0,0],[0,0],[0,1],[1,0],[0,0],[0,0],[0,0],[0,1],[0,0],[0,0],[0,0],[1,0],[0,0],[0,0],[1,1],[0,0],[1,0],[0,0],[0,0],[0,1],[1,0],[0,0],[0,0],[0,1],[1,0],[0,1],[-1,0],[0,1],[0,0],[1,0],[0,0],[0,1],[0,0],[0,1],[0,0],[1,0],[0,0],[0,0],[0,0],[0,0],[0,1],[0,0],[0,0],[0,0],[0,0],[1,0],[0,0],[-1,0],[0,0],[0,0],[-1,0],[0,0],[0,0],[0,0],[-1,0],[0,0],[0,0],[-1,0],[0,0],[0,0],[0,0],[0,0],[0,1],[-1,0],[0,0],[0,1],[0,0],[-1,1],[0,0],[-1,0],[-2,0],[-1,-1],[-1,0],[0,0],[-1,0],[0,-1],[-1,0],[-1,-1],[-1,-1],[-1,0],[-1,-1],[0,0],[-1,-1],[-1,0],[0,0],[-1,-1],[-1,0],[0,-1],[-1,0],[-1,0],[-1,0],[0,0],[-1,-1],[-1,0],[0,0],[0,0],[0,0],[0,0],[0,-1],[0,0],[0,0],[-1,-1],[0,0],[0,-1],[1,0],[0,-1],[1,0],[1,-1],[1,0],[0,0],[1,-1],[1,0],[0,0],[0,0],[1,-1],[0,0],[0,-1],[0,0],[0,-1],[0,0],[0,0],[0,0],[0,-1],[0,0],[0,0],[0,-1],[0,0],[0,0],[0,-1],[0,0],[1,0],[0,0],[1,0],[0,0],[0,-1],[1,0],[0,0],[0,0]],[[654,167],[-1,0],[0,0],[0,0],[0,0],[-1,0],[0,0],[0,0],[-1,1],[0,-1],[0,0],[0,0],[0,0],[0,0],[1,0],[0,0],[0,0],[0,0],[0,0],[1,0],[0,-1],[1,0],[0,0],[0,1]],[[647,138],[1,0],[0,0],[1,0],[0,0],[0,0],[1,0],[0,0],[0,-1],[0,0],[1,0],[0,-1],[0,0],[1,0],[1,0],[0,0],[1,0],[0,0],[0,0],[0,0],[0,0],[0,0],[0,0],[1,0],[0,0],[0,0],[1,0],[0,0],[0,0],[1,0],[0,0],[0,0],[0,0],[0,0],[0,0],[0,0],[0,0],[1,1],[0,0],[0,0],[1,0],[0,0],[0,0],[1,0],[0,0],[0,0],[0,0],[0,0],[1,0],[0,0],[1,1],[0,0],[0,0],[0,0],[0,0],[0,0],[1,0],[0,1],[0,0],[1,0],[0,0],[0,0],[1,1],[0,0],[1,0],[1,0],[0,0],[0,1],[0,0],[0,0],[0,0],[0,1],[0,0],[0,0],[0,0],[0,0],[0,0],[0,1],[0,0],[0,0],[1,0],[-1,0],[0,0],[0,0],[0,1],[0,0],[0,0],[0,0],[0,0],[0,0],[0,0],[0,0],[0,0],[0,1],[0,0],[0,0],[0,0],[0,0],[0,0],[-1,1],[0,0],[0,0],[0,0],[0,0],[0,0],[0,0],[0,0],[0,0],[0,0],[0,1],[-1,0],[0,1],[0,0],[0,0],[1,0],[0,0],[0,0],[0,0],[1,1],[-1,0],[0,0],[0,0],[0,1],[0,0],[0,0],[0,1],[0,0],[0,1],[0,0],[0,1],[0,0],[0,0],[0,1],[0,0],[0,0],[1,0],[1,0],[1,0],[0,1],[0,0],[0,1],[0,0],[-1,1],[0,0],[-1,1],[-1,1],[1,0],[0,0],[1,1],[0,0],[0,0],[0,1],[0,0],[0,0],[1,1],[0,0],[1,0],[0,0],[0,0],[1,1],[0,0],[0,0],[1,0],[0,0],[0,0],[-1,1],[1,0],[0,1],[0,0],[0,0],[0,1],[0,0],[0,0],[0,0],[0,0],[1,0],[0,0],[0,0],[0,0],[0,0],[0,0],[0,0],[0,1],[0,0],[0,0],[0,0],[0,0],[-1,0],[0,0],[0,0],[-1,0],[0,1],[0,0],[-1,0],[0,0],[0,0],[0,0],[0,0],[0,0],[-1,0],[0,0],[0,1],[0,0],[0,1],[0,0],[0,0],[0,0],[0,0],[-1,0],[0,1],[0,0],[0,0],[0,0],[0,1],[-1,-1],[0,0],[-1,0],[0,0],[0,0],[-1,0],[0,0],[-1,0],[0,0],[0,0],[-1,0],[0,0],[-1,0],[-1,0],[0,-1],[-1,0],[-1,0],[0,0],[0,0],[-1,0],[0,0],[0,0],[-1,0],[0,-1],[-1,0],[0,0],[0,-1],[0,-1],[0,0],[0,0],[0,-1],[-1,0],[0,0],[-1,0],[0,0],[-1,0],[0,0],[-1,0],[0,1],[0,0],[-1,0],[0,0],[0,0],[-1,1],[0,0],[-1,0],[0,-1],[-1,0],[0,0],[-1,0],[0,0],[-1,0],[0,0],[0,-1],[-1,0],[-1,-1],[0,0],[0,0],[-1,0],[0,-1],[-1,0],[0,0],[-1,0],[0,0],[0,0],[-1,-1],[0,0],[0,-1],[0,0],[0,0],[-1,-1],[0,0],[0,0],[0,0],[0,0],[0,0],[0,-1],[-1,0],[0,0],[0,0],[0,-1],[0,0],[-1,0],[0,-1],[0,0],[0,0],[0,0],[-2,0],[0,0],[-1,-1],[0,0],[0,0],[0,0],[0,0],[0,0],[1,0],[0,0],[-1,0],[0,0],[0,0],[0,0],[0,0],[0,1],[0,0],[0,0],[-1,0],[0,0],[0,0],[0,0],[0,0],[-1,0],[0,0],[0,0],[0,0],[0,0],[0,-1],[0,0],[0,0],[0,0],[0,0],[-1,0],[0,0],[0,-1],[0,0],[0,-1],[0,0],[-1,0],[0,0],[0,-1],[1,0],[0,-1],[-1,0],[0,-1],[0,0],[0,0],[-1,0],[0,-1],[0,0],[0,0],[-1,0],[0,0],[-1,-1],[0,0],[0,0],[-1,0],[0,0],[0,0],[0,0],[0,-1],[0,0],[0,0],[0,0],[-1,0],[0,-1],[0,0],[0,0],[0,0],[0,0],[0,0],[0,0],[-1,-1],[0,0],[0,0],[0,0],[0,0],[0,0],[0,-1],[0,0],[0,0],[0,0],[0,0],[1,0],[0,0],[0,0],[0,-1],[0,0],[1,-1],[0,0],[0,0],[0,0],[0,0],[0,0],[0,0],[0,-1],[0,0],[0,0],[0,0],[0,0],[0,0],[0,-1],[0,0],[0,0],[0,0],[-1,0],[0,0],[0,0],[0,0],[-1,0],[0,0],[0,0],[0,0],[0,-1],[0,0],[-1,0],[0,0],[0,0],[0,-1],[0,0],[0,0],[0,0],[0,0],[0,0],[0,0],[0,0],[-1,-1],[0,0],[0,0],[0,0],[0,-1],[0,0],[0,0],[0,0],[0,0],[0,0],[0,0],[0,0],[0,-1],[0,0],[0,0],[0,0],[0,0],[-1,0],[0,0],[0,0],[0,0],[0,-1],[0,0],[0,0],[0,0],[0,0],[0,0],[0,-1],[1,0],[-1,0],[0,0],[0,0],[0,0],[0,0],[0,0],[0,0],[0,-1],[0,0],[0,0],[0,0],[0,0],[0,0],[0,-1],[0,0],[0,0],[0,0],[-1,0],[0,0],[0,0],[0,0],[0,0],[0,-1],[1,0],[0,0],[0,0],[0,0],[1,0],[0,0],[0,-1],[0,1],[0,0],[1,0],[0,0],[0,0],[0,1],[0,0],[0,0],[1,0],[0,0],[0,0],[0,0],[0,1],[1,0],[1,0],[0,0],[0,0],[1,0],[0,0],[0,0],[1,-1],[0,0],[0,0],[1,0],[0,0],[0,-1],[1,0],[0,0],[1,0],[0,0],[0,0],[1,0],[0,0],[0,0],[0,1],[0,0],[0,0],[-1,0],[0,0],[1,0],[0,0],[0,0],[0,1],[0,0],[0,0],[0,0],[-1,0],[0,0],[0,0],[0,0],[0,0],[1,0],[0,0],[0,1],[0,0],[0,0],[0,0],[1,0],[0,0],[0,0],[1,0],[0,0],[0,1],[0,0],[0,1],[0,0],[0,0],[0,0],[1,1],[0,0],[1,0],[1,0],[0,0],[0,0],[0,0],[1,1],[0,0],[1,1],[1,0],[1,0],[2,0],[3,-1],[1,0],[0,0],[0,0],[0,0],[0,1],[0,0],[1,0],[0,-1],[0,0],[0,0],[-1,0],[0,-1]],[[766,236],[1,1],[0,0],[1,0],[0,1],[0,0],[0,0],[-1,1],[0,0],[0,-1],[0,0],[-1,0],[0,0],[0,-1],[0,0],[-1,-1],[1,0],[0,0],[0,0],[0,0],[0,0]],[[771,245],[0,0],[-1,0],[0,0],[0,-1],[0,0],[0,-1],[0,0],[0,0],[0,0],[0,0],[1,1],[0,0],[0,0],[0,0],[0,0],[0,0],[0,1],[0,0],[0,0]],[[819,264],[-1,0],[1,0],[0,0],[-1,1],[0,0],[0,0],[-1,-1],[0,0],[0,0],[0,0],[0,0],[0,0],[0,0],[0,0],[0,-1],[1,0],[0,0],[0,0],[1,0],[0,0],[0,0],[0,0],[0,1]],[[816,262],[0,1],[0,0],[0,0],[0,0],[0,0],[-1,1],[0,0],[0,0],[0,0],[0,0],[0,0],[0,0],[0,0],[0,0],[0,0],[0,0],[-1,0],[0,-1],[0,0],[0,0],[-1,0],[0,0],[0,0],[0,0],[0,-1],[0,0],[0,0],[0,0],[1,1],[0,0],[0,0],[1,-1],[0,0],[0,0],[1,0]],[[790,245],[0,0],[0,0],[0,0],[0,1],[1,1],[1,0],[0,0],[0,0],[0,1],[-1,0],[0,0],[1,0],[0,1],[-1,0],[0,0],[0,-1],[0,0],[0,0],[0,0],[-1,0],[0,0],[0,0],[0,0],[-1,-1],[1,0],[-1,0],[0,0],[0,-1],[0,0],[0,0],[0,0],[0,0],[-1,0],[0,0],[0,0],[-1,0],[0,0],[1,-1],[0,0],[0,0],[0,0],[0,0],[0,0],[0,0],[0,-1],[1,0],[0,1],[0,0],[0,0],[0,0],[0,-1],[0,0],[0,0],[1,0],[0,1],[0,0]],[[837,253],[0,0],[0,0],[0,0],[0,0],[-1,0],[0,0],[0,0],[0,0],[0,1],[0,0],[0,0],[0,0],[0,0],[0,0],[1,0],[0,1],[0,0],[0,0],[-1,0],[0,0],[0,0],[0,0],[0,0],[0,0],[0,1],[0,0],[-1,0],[0,0],[0,0],[0,-1],[0,0],[0,0],[0,0],[0,0],[0,0],[1,-1],[0,0],[0,0],[0,0],[0,0],[0,-1],[0,0],[0,-1],[0,0],[0,0],[0,0],[1,1]],[[835,255],[0,0],[0,0],[0,0],[0,0],[0,0],[-1,0],[0,0],[0,0],[0,-1],[1,0],[0,0],[-1,-1],[0,0],[1,0],[0,0],[0,0],[0,0],[1,1],[-1,0],[0,1]],[[796,230],[0,0],[-1,0],[1,0],[0,0],[0,0],[0,0],[-1,0],[0,0],[0,-1],[0,0],[1,0],[0,0],[0,0],[0,0],[0,1],[0,0],[0,0]],[[796,248],[0,1],[0,0],[-1,0],[0,0],[0,0],[0,0],[0,0],[0,0],[0,0],[0,0],[-1,0],[0,0],[0,0],[0,0],[0,-1],[0,0],[0,0],[0,0],[0,0],[0,0],[0,-1],[1,0],[0,0],[0,0],[1,1],[0,0],[0,0]],[[870,242],[1,0],[0,0],[0,0],[0,0],[0,0],[1,1],[0,0],[1,0],[0,0],[0,0],[-1,0],[0,0],[0,0],[-1,0],[0,0],[0,0],[0,-1],[0,1],[-1,-1],[0,0],[0,0],[0,0],[0,0],[0,0]],[[870,245],[1,0],[1,0],[0,0],[1,0],[1,0],[0,0],[0,0],[0,0],[-1,0],[0,0],[0,0],[-1,0],[0,0],[0,0],[-1,0],[-1,0],[0,0],[0,0]],[[858,240],[0,0],[0,0],[1,1],[0,0],[0,0],[0,0],[0,0],[0,0],[0,0],[-1,0],[0,0],[0,0],[0,0],[0,0],[-1,-1],[0,0],[0,1],[0,0],[0,0],[1,0],[0,0],[0,0],[0,0],[-1,0],[0,0],[0,0],[0,0],[0,0],[0,0],[0,0],[-1,0],[0,0],[0,0],[0,-1],[0,0],[1,0],[0,0],[0,0],[0,0],[0,0],[1,0]],[[851,235],[0,0],[0,-1],[-1,0],[1,-1],[0,0],[0,0],[1,0],[0,0],[0,1],[-1,0],[0,1]],[[850,245],[0,0],[0,0],[0,0],[-1,0],[0,0],[-1,0],[0,0],[0,0],[0,-1],[1,0],[0,0],[0,0],[1,0],[0,0],[0,1],[0,0]],[[844,245],[1,0],[0,0],[-1,0],[0,0],[-1,0],[0,0],[0,0],[0,0],[0,0],[0,0],[1,0],[0,0]],[[842,245],[0,0],[0,0],[0,0],[0,0],[0,0],[0,0],[0,0],[0,0],[1,0],[0,0],[-1,0],[0,0],[-1,0],[0,1],[-1,0],[0,0],[0,-1],[0,0],[0,0],[0,0],[1,0],[1,0]],[[859,262],[0,0],[0,0],[-1,0],[0,0],[0,0],[0,-1],[0,0],[1,0],[0,0],[0,0],[0,-1],[0,0],[0,0],[0,0],[0,0],[1,0],[0,0],[0,0],[0,0],[0,0],[0,0],[0,0],[0,0],[0,1],[0,0],[-1,0],[0,0],[0,1],[0,0],[0,0],[0,0]],[[847,261],[0,0],[0,0],[-1,0],[0,1],[0,0],[0,0],[-1,0],[0,0],[0,0],[0,0],[-1,0],[0,0],[0,0],[0,0],[0,0],[0,-1],[1,0],[0,0],[0,0],[1,0],[0,0],[0,0],[1,0]],[[841,262],[0,1],[0,-1],[0,0],[0,0],[1,1],[0,0],[0,0],[0,0],[-2,0],[0,0],[0,0],[0,0],[0,0],[0,0],[0,-1],[1,0]],[[858,244],[0,0],[0,0],[-1,0],[0,-1],[0,0],[0,0],[0,0],[0,0],[1,0],[0,0],[0,0],[0,0],[0,0],[0,1]],[[764,226],[0,0],[1,0],[0,0],[0,0],[1,0],[0,0],[1,0],[0,0],[0,0],[0,0],[1,1],[0,0],[0,0],[0,0],[1,1],[0,0],[0,1],[0,0],[0,0],[1,0],[0,1],[0,0],[0,0],[0,0],[1,0],[1,1],[1,0],[0,1],[0,0],[0,1],[1,0],[0,0],[0,1],[0,0],[1,0],[0,0],[0,0],[0,0],[1,1],[0,0],[0,0],[0,-1],[0,0],[0,0],[0,0],[0,0],[0,0],[1,0],[0,1],[0,0],[0,0],[0,1],[1,0],[0,0],[0,0],[1,0],[0,0],[0,1],[0,0],[0,0],[0,0],[1,1],[0,0],[0,0],[1,0],[0,0],[1,1],[0,0],[0,0],[-1,0],[-1,1],[1,0],[0,-1],[1,0],[0,0],[0,0],[0,0],[1,0],[0,0],[0,0],[0,0],[1,1],[0,0],[-1,0],[0,0],[0,1],[0,0],[0,0],[0,0],[0,0],[0,0],[0,1],[0,0],[0,0],[0,0],[1,1],[0,0],[0,0],[1,0],[0,0],[0,0],[0,0],[0,1],[0,0],[1,1],[0,0],[0,0],[0,0],[0,1],[0,0],[1,0],[0,0],[0,0],[-1,0],[0,1],[0,0],[0,0],[0,0],[0,0],[0,0],[1,0],[0,0],[0,0],[0,0],[1,0],[0,0],[0,0],[1,0],[0,1],[1,1],[0,0],[0,0],[0,0],[-1,0],[0,1],[0,0],[0,0],[0,0],[1,1],[0,0],[-1,0],[0,1],[0,1],[0,0],[0,0],[0,1],[0,2],[0,0],[0,0],[0,0],[0,0],[0,0],[0,0],[-1,0],[0,-1],[0,0],[-1,1],[0,0],[0,0],[0,0],[-1,-1],[0,0],[0,1],[0,0],[0,0],[0,0],[0,0],[0,0],[-1,0],[0,-1],[0,0],[-1,0],[0,-1],[0,0],[-1,-1],[-1,0],[0,0],[0,0],[-1,-1],[-1,0],[0,-1],[-1,-1],[0,0],[-1,-1],[0,0],[0,0],[-1,-1],[0,0],[0,0],[0,-1],[-1,0],[0,0],[0,-1],[0,0],[0,-1],[-1,-1],[-1,-1],[0,-1],[0,0],[0,0],[-1,-1],[0,0],[0,0],[0,-1],[-1,0],[0,0],[0,0],[-1,-1],[0,0],[0,0],[0,-1],[-1,-1],[0,-1],[0,0],[-1,-1],[0,0],[-1,-1],[0,0],[0,0],[-1,0],[0,0],[0,-1],[0,0],[0,0],[0,-1],[-1,0],[0,0],[0,-1],[0,0],[-1,-1],[0,0],[0,0],[-1,0],[0,0],[-1,-1],[0,0],[-1,0],[-1,-2],[0,0],[0,0],[0,0],[-1,-1],[0,0],[0,-1],[0,0],[0,0],[0,0],[0,0],[1,0],[0,0],[0,0],[1,0],[0,0],[0,1],[1,0],[0,0],[1,0]],[[836,264],[-1,0],[0,0],[0,0],[0,0],[-1,0],[0,0],[0,0],[-1,0],[0,0],[0,0],[-1,0],[0,0],[0,0],[0,0],[0,1],[-1,-1],[0,1],[0,0],[0,0],[0,0],[-1,-1],[0,0],[-1,0],[-1,0],[0,0],[0,0],[0,0],[0,0],[-1,0],[0,0],[1,0],[0,-1],[0,0],[0,0],[0,0],[0,0],[0,0],[1,0],[0,0],[0,0],[0,0],[0,0],[1,0],[0,0],[0,0],[0,0],[1,0],[0,0],[0,0],[1,1],[0,0],[0,0],[0,0],[0,-1],[1,0],[0,0],[0,0],[0,0],[0,0],[1,0],[0,0],[0,1],[0,0],[1,0],[0,0],[0,-1],[0,0],[0,0],[0,0],[1,0],[0,0],[0,0],[0,0],[0,-1],[0,0],[0,0],[0,0],[0,1],[0,0],[0,0],[0,0],[0,0],[0,1],[0,0],[0,0]],[[828,266],[0,0],[1,0],[0,0],[0,0],[0,1],[0,0],[0,0],[0,0],[1,0],[0,0],[0,0],[0,0],[0,1],[0,0],[0,0],[0,0],[0,0],[-1,0],[0,0],[0,0],[-1,0],[0,0],[0,0],[0,-1],[-1,0],[0,0],[0,0],[-1,0],[0,0],[-1,0],[0,0],[0,-1],[0,0],[0,0],[0,0],[0,0],[1,0],[0,0],[0,0],[1,0],[0,0],[1,0],[0,0],[0,0],[0,0]],[[823,263],[0,0],[0,0],[1,0],[0,0],[0,0],[0,0],[0,0],[0,0],[0,0],[1,0],[0,0],[0,0],[0,0],[0,0],[0,0],[0,1],[0,0],[1,0],[0,0],[0,0],[-1,0],[0,0],[0,0],[0,0],[0,0],[0,0],[0,0],[0,0],[0,0],[0,0],[0,0],[0,0],[0,0],[-1,0],[0,0],[0,0],[0,0],[0,0],[0,0],[-1,0],[0,0],[0,0],[0,0],[-1,1],[0,0],[0,0],[-1,0],[0,0],[0,0],[0,0],[-1,0],[0,0],[0,0],[0,0],[-1,0],[0,0],[0,0],[0,-1],[0,0],[0,0],[0,0],[0,-1],[0,0],[1,0],[0,0],[0,0],[0,0],[1,0],[0,0],[0,0],[1,0],[0,0],[0,1],[0,0],[0,0],[0,0],[0,0],[1,0],[0,0],[0,0],[0,-1],[0,0],[0,0],[0,0],[-1,0],[0,0],[0,0],[0,0],[0,-1],[0,0],[0,0],[1,0],[0,0],[0,1],[0,0]],[[841,237],[0,1],[0,0],[0,0],[-1,1],[0,0],[0,0],[0,0],[0,0],[-1,0],[-1,0],[0,0],[0,0],[-1,0],[0,0],[0,0],[-1,0],[0,0],[0,0],[-2,0],[0,0],[-1,0],[0,0],[-1,0],[0,0],[0,0],[-1,0],[-1,0],[0,0],[0,0],[-1,0],[0,0],[0,0],[0,0],[-1,1],[0,0],[0,0],[0,1],[0,0],[0,0],[0,1],[0,0],[1,1],[0,0],[0,0],[0,0],[1,1],[0,0],[0,0],[0,0],[1,0],[0,0],[0,0],[0,-1],[0,0],[1,0],[0,0],[0,-1],[0,0],[1,1],[0,0],[0,0],[0,0],[1,0],[0,-1],[0,0],[0,0],[1,0],[0,0],[1,0],[0,0],[0,0],[0,0],[0,0],[0,0],[1,0],[0,0],[0,0],[0,0],[0,0],[0,1],[0,0],[0,0],[0,0],[0,0],[-1,0],[0,0],[0,0],[0,0],[-1,0],[0,0],[0,1],[-1,0],[0,0],[0,1],[-1,0],[0,0],[0,0],[0,0],[-1,0],[0,0],[0,0],[0,0],[0,0],[0,1],[0,0],[0,0],[0,0],[1,0],[0,0],[0,1],[0,0],[1,0],[0,1],[0,0],[0,0],[0,0],[0,1],[1,0],[0,0],[-1,0],[0,0],[0,1],[0,0],[0,0],[0,0],[0,0],[1,0],[0,0],[0,1],[0,0],[0,0],[0,0],[0,0],[0,0],[1,0],[0,0],[0,0],[0,0],[0,0],[0,1],[0,0],[0,0],[0,0],[0,0],[-1,0],[0,0],[0,0],[0,0],[0,0],[0,0],[-1,0],[0,1],[0,0],[0,0],[0,0],[0,0],[-1,0],[0,0],[0,0],[-1,0],[0,0],[0,0],[0,-1],[0,0],[0,0],[0,0],[0,-1],[0,0],[0,0],[0,0],[-2,-1],[0,0],[0,0],[0,-1],[1,0],[0,0],[0,-1],[0,0],[0,0],[0,-1],[-1,0],[0,0],[0,0],[-1,1],[0,0],[0,0],[0,1],[0,0],[0,0],[0,0],[0,1],[0,0],[0,1],[0,0],[0,1],[0,1],[0,0],[0,1],[0,0],[0,0],[0,1],[0,0],[0,0],[0,0],[0,0],[0,0],[-1,0],[0,0],[0,0],[0,1],[-1,0],[0,0],[0,0],[0,-1],[-1,0],[0,0],[0,-1],[0,0],[1,-1],[0,0],[0,0],[0,0],[0,-1],[0,-1],[0,0],[0,-1],[0,0],[0,0],[0,0],[0,0],[0,0],[-1,0],[0,0],[0,0],[-1,0],[0,0],[0,-1],[0,0],[0,0],[0,-1],[0,0],[0,0],[0,0],[0,0],[0,-1],[0,0],[0,0],[0,0],[1,0],[0,0],[0,-1],[0,0],[0,0],[0,-1],[0,0],[0,0],[0,-1],[0,0],[0,0],[0,0],[1,-1],[0,-1],[0,0],[0,0],[1,1],[0,-1],[0,0],[-1,-1],[0,-1],[0,0],[0,0],[1,0],[0,0],[-1,0],[0,0],[1,-1],[0,0],[0,0],[0,-1],[0,0],[0,0],[1,0],[0,0],[0,-1],[0,0],[0,1],[0,0],[0,0],[1,0],[0,0],[0,0],[0,-1],[0,0],[0,0],[0,0],[0,0],[1,0],[0,0],[0,0],[0,0],[1,0],[0,0],[0,0],[0,0],[0,0],[0,0],[0,0],[0,0],[1,0],[1,0],[1,0],[0,0],[0,1],[1,0],[0,0],[0,0],[0,0],[0,0],[0,0],[1,0],[2,0],[0,0],[1,-1],[0,0],[0,0],[1,0],[0,-1],[0,0],[0,0],[0,0],[0,0],[1,0],[0,0],[0,0],[0,0],[0,0],[0,0],[0,0],[0,0],[0,1],[0,0],[-1,0]],[[793,257],[1,0],[0,0],[0,0],[1,0],[0,0],[0,0],[1,0],[0,0],[0,0],[0,0],[0,0],[0,1],[1,0],[0,0],[0,1],[0,0],[0,0],[1,0],[0,0],[1,0],[0,0],[0,0],[1,0],[0,0],[0,0],[1,0],[0,0],[0,0],[1,0],[0,0],[0,0],[0,0],[0,0],[0,-1],[1,0],[0,0],[0,0],[0,0],[0,0],[0,0],[0,0],[1,0],[0,0],[0,0],[0,0],[1,0],[0,0],[0,0],[0,1],[0,0],[1,0],[0,0],[1,0],[0,0],[0,0],[1,0],[0,0],[0,1],[0,0],[0,0],[0,0],[0,0],[0,1],[1,0],[1,0],[0,0],[1,0],[0,0],[1,0],[0,0],[1,0],[0,0],[0,1],[0,0],[0,1],[0,0],[0,0],[0,1],[0,0],[0,0],[0,0],[0,0],[0,0],[0,0],[0,0],[-1,0],[0,0],[-1,0],[0,-1],[-1,0],[-1,0],[0,0],[0,0],[-1,0],[0,0],[0,0],[-1,0],[-1,0],[-1,0],[-1,0],[0,0],[-1,0],[-1,-1],[-1,0],[-1,0],[-1,-1],[-1,0],[0,0],[0,0],[-1,0],[0,0],[0,0],[-1,0],[0,0],[0,0],[-1,0],[0,0],[-1,0],[0,0],[0,0],[-1,0],[0,0],[-2,-1],[0,0],[0,0],[0,0],[0,0],[0,0],[0,0],[0,-1],[-1,0],[0,0],[-1,0],[0,0],[0,0],[-1,0],[0,0],[0,0],[0,0],[0,0],[0,0],[0,0],[0,-1],[0,0],[0,1],[0,0],[0,0],[0,0],[1,-1],[0,0],[0,0],[0,0],[0,0],[0,0],[0,-1],[1,0],[0,-1],[0,0],[0,0],[1,1],[0,0],[0,0],[1,0],[0,0],[0,0],[0,0],[1,0],[0,-1],[0,0],[0,1],[0,0]],[[800,235],[-1,0],[0,0],[0,0],[1,0],[0,1],[0,0],[0,0],[0,0],[1,1],[0,0],[0,0],[0,0],[1,0],[0,1],[0,0],[0,0],[0,0],[1,-1],[0,0],[1,0],[0,0],[1,0],[0,0],[0,0],[0,0],[1,0],[0,0],[0,0],[0,0],[0,0],[1,0],[0,-1],[0,0],[0,0],[0,0],[2,0],[0,0],[0,0],[0,0],[0,0],[0,0],[0,0],[1,1],[0,0],[0,0],[1,0],[0,0],[0,0],[0,-1],[0,0],[1,0],[0,0],[0,0],[1,0],[0,0],[0,0],[0,0],[0,0],[0,0],[0,-1],[1,0],[0,0],[0,0],[0,0],[0,0],[0,0],[0,0],[0,-1],[0,0],[0,0],[0,0],[0,0],[1,-1],[0,0],[0,0],[0,0],[0,0],[0,0],[0,0],[0,0],[0,0],[0,0],[0,-1],[0,0],[0,0],[0,0],[0,0],[0,0],[1,0],[0,0],[0,-1],[0,0],[0,0],[0,0],[0,0],[0,0],[0,-1],[0,0],[0,-1],[0,0],[0,0],[0,0],[0,0],[1,-1],[0,0],[0,0],[0,0],[0,0],[1,0],[0,0],[0,0],[0,0],[0,0],[1,0],[0,0],[0,0],[0,0],[0,0],[1,0],[1,0],[0,1],[0,0],[0,0],[0,0],[0,0],[0,0],[0,0],[0,0],[1,1],[0,0],[0,0],[0,0],[0,0],[0,0],[0,0],[-1,0],[0,0],[0,0],[0,0],[0,0],[-1,0],[0,0],[0,0],[0,0],[1,1],[0,0],[0,0],[0,0],[0,1],[0,0],[0,0],[0,0],[0,0],[1,0],[-1,0],[1,0],[0,0],[0,0],[0,0],[0,0],[0,1],[0,0],[0,0],[0,0],[1,1],[0,0],[0,0],[0,0],[-1,0],[0,0],[0,1],[0,0],[0,0],[0,0],[0,0],[1,1],[0,0],[1,0],[0,1],[1,0],[0,0],[0,0],[0,1],[0,0],[-1,0],[-1,0],[0,0],[0,0],[0,-1],[-1,0],[0,0],[0,1],[0,0],[0,0],[0,0],[0,0],[0,0],[-1,1],[0,1],[0,1],[0,0],[0,1],[0,0],[0,0],[0,0],[0,0],[0,1],[-1,0],[0,0],[0,0],[0,0],[0,1],[-1,-1],[0,0],[0,0],[0,0],[0,0],[0,0],[0,0],[0,1],[0,0],[0,0],[0,0],[0,0],[0,0],[-1,1],[0,0],[0,0],[0,0],[0,0],[0,0],[0,0],[0,0],[0,0],[0,1],[0,0],[0,0],[0,0],[1,0],[0,0],[0,1],[0,0],[-1,0],[0,0],[0,0],[0,0],[0,0],[0,0],[0,1],[0,0],[0,0],[0,0],[0,0],[0,0],[-1,0],[1,0],[0,1],[0,0],[0,0],[-1,0],[0,0],[0,1],[0,0],[0,0],[-2,1],[-1,1],[-1,0],[0,-1],[0,-1],[0,0],[0,-1],[0,1],[0,0],[0,0],[-1,-1],[0,0],[1,0],[-1,0],[0,0],[0,0],[0,0],[0,0],[0,0],[-1,0],[0,1],[0,0],[0,0],[0,-1],[0,0],[0,0],[-1,0],[0,0],[0,0],[0,0],[0,0],[-1,-1],[0,1],[-1,0],[0,0],[-1,0],[0,0],[-1,0],[0,1],[0,0],[0,0],[0,0],[0,0],[0,-1],[0,0],[0,-1],[-1,0],[0,0],[0,0],[0,0],[0,0],[-1,0],[0,0],[0,1],[-1,0],[0,0],[0,-1],[0,0],[0,0],[0,0],[0,0],[0,0],[-1,0],[0,0],[0,0],[0,0],[-1,0],[0,0],[0,0],[0,0],[0,-2],[0,0],[0,-1],[0,0],[0,0],[0,0],[0,-1],[0,0],[0,0],[0,-1],[-1,0],[0,0],[0,0],[-1,0],[0,0],[0,-1],[0,0],[0,0],[0,0],[0,0],[0,0],[0,0],[-1,0],[0,-1],[0,0],[0,0],[0,0],[0,0],[0,-1],[1,0],[0,0],[0,0],[-1,0],[0,0],[0,-1],[0,0],[0,0],[0,-1],[0,0],[0,-1],[0,0],[0,0],[0,0],[0,0],[0,0],[0,0],[0,-1],[0,0],[0,0],[1,0],[0,-1],[0,0],[1,0]],[[849,238],[0,0],[1,0],[0,0],[0,0],[0,-1],[0,0],[0,0],[0,0],[0,0],[0,0],[0,-1],[1,0],[0,0],[1,0],[0,0],[0,0],[0,0],[0,1],[0,0],[-1,0],[0,1],[0,0],[0,0],[0,0],[0,0],[1,1],[0,0],[0,0],[0,0],[0,0],[0,0],[0,0],[0,1],[-1,-1],[0,0],[0,0],[-1,0],[0,0],[0,0],[0,0],[0,0],[0,0],[0,1],[0,0],[0,0],[0,1],[0,0],[1,1],[0,0],[0,1],[0,0],[0,-1],[-1,0],[0,0],[0,-1],[-1,0],[0,0],[0,0],[0,0],[0,-1],[0,0],[0,0],[0,-1],[0,0],[0,0],[0,0],[0,-1],[0,0],[0,0],[0,0],[0,0],[0,0],[-1,-1],[0,0],[1,-1],[0,0],[0,0],[0,0],[0,-1],[0,0],[1,-1],[0,0],[0,0],[0,0],[0,0],[0,1],[0,0],[0,0],[0,0],[0,1],[0,0],[0,0],[0,1],[0,0],[0,0],[-1,0],[0,0],[0,1],[0,0],[0,0]],[[855,248],[0,0],[1,0],[0,0],[0,0],[1,1],[0,0],[0,0],[0,0],[0,0],[0,1],[1,0],[0,0],[0,1],[-1,-1],[-1,0],[0,0],[-1,0],[0,0],[0,-1],[0,0],[-1,0],[0,0],[0,0],[0,0],[0,1],[0,0],[0,-1],[-1,0],[0,0],[0,0],[-1,0],[0,0],[0,0],[0,0],[0,0],[0,0],[0,0],[0,0],[0,1],[-1,0],[0,0],[0,0],[0,-1],[-1,0],[0,0],[0,0],[0,0],[0,0],[0,0],[0,0],[0,1],[0,0],[0,0],[0,-1],[0,0],[0,0],[0,0],[0,-1],[0,0],[1,0],[1,0],[0,0],[1,0],[0,0],[0,0],[0,0],[0,0],[0,0],[1,0],[0,0],[0,0],[0,0],[0,0],[1,0]],[[847,249],[0,0],[0,0],[0,0],[0,0],[1,0],[0,0],[0,1],[0,0],[0,0],[-1,0],[0,0],[0,1],[0,0],[-1,0],[0,0],[0,-1],[0,0],[-1,0],[0,0],[0,0],[0,0],[-1,-1],[0,0],[1,0],[0,0],[0,0],[0,0],[1,0],[1,0],[0,0]],[[841,265],[0,0],[0,0],[1,0],[0,0],[0,0],[0,0],[0,0],[0,0],[0,0],[0,0],[0,0],[0,1],[0,0],[0,0],[0,0],[0,0],[0,1],[-1,0],[0,0],[0,0],[-1,1],[0,0],[0,0],[-1,0],[0,0],[0,0],[-1,0],[0,0],[0,0],[0,0],[0,0],[0,0],[0,0],[0,0],[0,-1],[0,0],[0,0],[0,-1],[1,0],[0,0],[0,0],[0,0],[0,0],[0,0],[0,0],[1,0],[0,0],[0,0],[0,0],[0,-1],[0,0],[1,0],[0,0],[0,0],[0,0],[0,0]],[[868,256],[0,0],[0,0],[0,0],[0,0],[0,1],[0,0],[0,0],[0,0],[0,0],[0,0],[0,0],[0,1],[-1,-1],[0,0],[0,0],[0,0],[0,0],[0,0],[0,0],[0,0],[0,0],[0,-1],[0,0],[0,0],[0,0],[0,0],[0,0],[1,-1],[0,0],[0,0],[0,0],[0,0],[0,0],[0,0],[0,0],[0,0],[0,1]],[[868,258],[0,0],[0,0],[-1,0],[0,1],[0,0],[0,0],[0,0],[-1,0],[1,-1],[0,0],[0,0],[0,0],[0,0],[0,-1],[0,0],[0,0],[0,0],[0,0],[0,1],[1,0]],[[879,263],[-1,0],[-1,0],[0,0],[-1,0],[0,0],[0,0],[1,-1],[0,-1],[0,0],[1,0],[0,-1],[1,0],[0,0],[0,0],[1,1],[0,0],[0,0],[0,1],[-1,0],[0,1],[0,0]],[[885,247],[0,0],[0,0],[0,1],[0,0],[0,1],[0,0],[0,1],[0,1],[0,0],[0,1],[0,0],[0,1],[0,0],[0,1],[0,0],[0,1],[0,1],[0,0],[0,1],[0,0],[0,1],[0,0],[0,0],[0,1],[0,0],[0,0],[0,0],[0,1],[0,1],[0,0],[0,1],[0,0],[0,1],[0,0],[0,1],[0,0],[0,1],[0,0],[0,0],[0,0],[-1,-1],[0,0],[0,0],[-1,-1],[0,0],[0,-1],[0,0],[0,0],[0,0],[0,0],[-1,0],[0,0],[0,0],[-1,1],[0,0],[0,-1],[0,0],[0,0],[0,0],[-1,0],[0,0],[0,1],[0,0],[0,0],[0,-1],[0,0],[0,0],[0,0],[0,0],[0,-1],[0,0],[0,0],[0,0],[0,0],[0,0],[0,-1],[0,0],[-1,0],[0,0],[0,0],[1,0],[0,0],[0,0],[0,0],[0,0],[0,0],[0,0],[0,0],[-1,-1],[0,0],[0,0],[0,0],[1,0],[-1,0],[0,0],[0,-1],[0,0],[0,0],[-1,0],[0,-1],[0,-1],[0,0],[0,0],[0,0],[0,0],[0,0],[0,0],[0,0],[0,0],[0,0],[-1,0],[0,0],[0,0],[0,-1],[0,0],[0,0],[0,0],[0,0],[0,0],[0,0],[0,0],[-2,-1],[0,0],[0,0],[0,0],[0,0],[0,0],[0,0],[-1,0],[0,0],[0,0],[-1,-1],[0,0],[-1,0],[0,0],[0,0],[-1,-1],[-1,0],[0,0],[0,0],[0,0],[-2,0],[0,-1],[0,0],[0,0],[1,0],[-1,0],[0,0],[0,0],[0,0],[0,0],[-1,0],[0,0],[0,0],[0,0],[0,0],[0,0],[-1,0],[0,0],[0,-1],[0,0],[0,0],[0,0],[0,0],[-1,0],[0,-1],[0,0],[1,0],[0,0],[0,-1],[-1,1],[0,0],[0,0],[0,0],[0,1],[0,-1],[0,1],[0,0],[0,0],[0,1],[0,0],[0,0],[-1,0],[0,0],[0,0],[-1,0],[0,0],[0,0],[0,0],[0,0],[0,-1],[0,0],[0,-1],[0,0],[-1,0],[0,-1],[0,0],[-1,0],[0,0],[0,0],[0,0],[0,0],[0,-1],[1,1],[0,0],[1,0],[0,0],[0,-1],[1,0],[0,0],[0,0],[0,0],[1,0],[0,0],[0,0],[0,0],[0,0],[0,0],[1,0],[0,0],[0,0],[0,0],[0,-1],[0,0],[0,0],[0,0],[0,0],[0,0],[-1,0],[0,0],[0,0],[-1,0],[-1,0],[0,0],[0,0],[-1,0],[0,0],[0,0],[-1,0],[0,0],[0,0],[0,0],[0,-1],[0,0],[0,-1],[-1,0],[0,0],[-1,0],[0,0],[0,0],[-1,0],[0,0],[0,0],[0,0],[0,0],[0,0],[0,-1],[1,0],[0,0],[0,0],[0,0],[0,0],[0,-1],[0,0],[1,0],[0,0],[1,0],[0,0],[0,0],[0,-1],[1,0],[0,0],[1,0],[0,0],[1,1],[0,0],[1,0],[1,0],[0,0],[0,0],[0,0],[1,0],[-1,1],[0,0],[1,0],[0,0],[0,1],[0,0],[0,0],[0,0],[0,1],[0,0],[0,0],[0,1],[0,0],[0,0],[0,0],[0,1],[1,1],[0,0],[0,-1],[0,0],[0,0],[0,0],[0,0],[0,1],[0,0],[0,0],[1,0],[0,0],[0,1],[0,0],[0,0],[0,0],[0,0],[1,0],[0,0],[0,0],[1,0],[0,0],[0,-1],[1,0],[0,0],[0,0],[0,-1],[0,0],[1,0],[0,0],[0,-1],[0,0],[1,0],[1,0],[0,0],[0,0],[0,-1],[0,0],[0,0],[1,0],[0,-1],[1,0],[0,0],[0,0],[1,1],[1,0],[0,0],[0,0],[1,1],[0,0],[0,0],[1,0],[0,0],[1,1],[0,0],[1,0],[0,0],[0,0],[0,0],[1,0],[1,0],[0,0],[0,0],[0,0]],[[778,234],[0,1],[0,0],[0,0],[0,0],[0,0],[-1,0],[0,0],[0,0],[0,0],[0,0],[1,0],[0,-1],[0,0]],[[782,238],[0,0],[-1,0],[0,0],[0,0],[-1,0],[0,0],[0,0],[0,0],[0,-1],[0,0],[0,0],[1,0],[0,0],[0,1],[0,0],[1,0],[0,0]],[[786,237],[0,0],[0,0],[0,0],[0,1],[0,0],[0,0],[0,0],[0,0],[0,0],[0,0],[-1,0],[1,-1],[-1,0],[0,0],[0,0],[0,0],[0,0],[0,0],[0,0],[1,0],[0,0]],[[786,241],[0,0],[1,0],[0,0],[0,0],[0,0],[0,0],[0,0],[0,0],[-1,0],[0,0],[0,0],[-1,0],[1,0],[0,-1],[0,0],[0,0],[0,0],[0,0],[0,1]],[[800,243],[-1,1],[0,0],[0,0],[0,-1],[0,0],[1,0],[0,0],[0,0],[0,0],[0,0],[0,0]],[[811,260],[0,0],[0,0],[-1,0],[0,0],[-1,0],[0,0],[0,0],[0,0],[0,0],[-1,0],[0,0],[0,-1],[1,0],[0,0],[3,0],[0,0],[0,0],[-1,0],[0,1]],[[849,241],[0,0],[0,1],[0,0],[0,0],[0,0],[0,0],[1,0],[-1,0],[0,1],[0,-1],[0,0],[0,0],[-1,0],[0,0],[0,0],[0,0],[0,0],[0,0],[0,-1],[0,0],[0,0],[0,0],[0,0],[0,0],[1,0],[0,0]],[[856,245],[0,0],[0,0],[0,0],[0,0],[0,0],[0,1],[0,0],[0,0],[0,0],[0,0],[0,0],[0,0],[-1,0],[0,-1],[0,0],[0,0],[1,0],[0,0],[0,0],[0,0]],[[774,249],[1,0],[-1,0],[0,0],[0,0],[0,0],[0,-1],[0,0],[0,0],[0,0],[1,0],[0,0],[0,1],[0,0],[-1,0]],[[764,234],[-1,0],[0,0],[0,0],[-1,-1],[0,0],[0,0],[0,0],[0,0],[0,-1],[0,0],[0,0],[0,0],[0,1],[1,0],[0,0],[0,0],[1,0],[0,0],[0,1],[0,0]],[[837,243],[0,1],[0,0],[0,0],[0,0],[0,0],[1,0],[0,0],[0,0],[0,0],[-1,0],[0,0],[0,0],[0,0],[0,0],[0,1],[0,0],[0,-1],[0,0],[0,0],[0,0],[-1,0],[0,0],[0,1],[0,-1],[0,0],[0,0],[0,-1],[0,0],[1,0],[0,0]],[[818,251],[-1,0],[0,0],[0,0],[0,-1],[0,0],[0,0],[0,-1],[1,0],[0,0],[0,0],[0,1],[0,0],[0,0],[0,0],[0,0],[0,1],[0,0]],[[836,270],[0,0],[0,0],[0,0],[0,0],[0,-1],[1,0],[0,0],[0,0],[0,0],[0,0],[0,0],[0,0],[0,0],[0,0],[0,1],[-1,0],[0,0]],[[839,263],[-1,0],[0,0],[0,0],[0,0],[0,0],[0,0],[0,1],[0,0],[0,-1],[-1,1],[0,0],[0,-1],[0,1],[0,-1],[0,0],[0,0],[1,0],[-1,0],[0,0],[0,0],[0,0],[1,0],[0,0],[0,0],[0,0],[1,0],[0,0],[0,0]],[[686,175],[1,0],[0,0],[0,0],[0,0],[0,0],[1,0],[0,-1],[0,0],[0,0],[0,0],[0,0],[0,0],[0,0],[0,0],[1,0],[0,0],[0,0],[0,0],[1,0],[0,0],[0,0],[1,0],[0,0],[0,0],[0,0],[1,0],[0,0],[0,0],[1,-1],[0,0],[0,1],[0,0],[0,0],[0,0],[0,0],[0,0],[1,0],[0,0],[0,0],[0,0],[0,-1],[0,0],[0,0],[0,0],[0,0],[0,0],[0,0],[0,0],[0,0],[0,-1],[0,0],[0,0],[0,-1],[-1,0],[0,0],[0,-1],[0,0],[0,0],[0,0],[0,0],[0,0],[-1,0],[0,0],[0,-1],[0,0],[0,0],[0,0],[0,-1],[0,0],[0,0],[0,0],[-1,0],[0,-1],[0,0],[-1,0],[0,0],[0,0],[0,0],[0,-1],[0,0],[0,0],[0,0],[0,0],[1,0],[0,-1],[0,-1],[1,0],[0,0],[0,0],[0,0],[0,0],[1,0],[0,0],[0,0],[0,0],[0,0],[0,0],[1,0],[0,0],[1,0],[0,0],[1,0],[0,0],[0,0],[0,0],[1,-1],[0,0],[0,-1],[0,0],[1,0],[0,0],[1,-1],[0,0],[0,0],[1,-1],[0,-1],[0,0],[0,0],[1,-1],[0,0],[0,0],[1,0],[0,0],[0,0],[0,-1],[0,0],[0,0],[0,0],[0,0],[1,-1],[0,0],[0,0],[1,0],[0,-1],[0,0],[0,0],[0,0],[0,0],[0,0],[0,-1],[0,0],[0,-1],[0,0],[0,0],[0,0],[0,0],[1,-1],[0,0],[1,0],[0,0],[0,0],[0,0],[0,0],[-1,0],[0,-1],[-1,0],[0,0],[0,0],[0,0],[0,0],[0,0],[0,0],[0,0],[-1,0],[0,-1],[0,0],[0,0],[0,0],[0,0],[0,0],[0,0],[-1,0],[0,-1],[0,0],[0,0],[0,0],[1,0],[0,0],[0,0],[0,-1],[-1,0],[0,0],[0,0],[0,0],[0,0],[0,0],[1,0],[0,-1],[0,0],[0,0],[0,0],[-1,0],[0,0],[0,0],[0,0],[0,0],[0,0],[0,0],[0,-1],[0,0],[0,0],[0,0],[0,0],[0,0],[0,-1],[0,0],[1,0],[0,0],[1,0],[0,0],[0,0],[1,0],[0,0],[1,0],[0,1],[0,0],[1,0],[0,0],[0,0],[1,0],[0,-1],[0,0],[1,0],[0,0],[0,0],[1,0],[0,0],[0,0],[0,0],[0,0],[0,0],[1,-1],[0,0],[0,0],[0,0],[1,0],[0,-1],[0,0],[1,0],[0,0],[0,0],[0,0],[0,0],[0,0],[0,0],[0,0],[0,0],[0,1],[0,0],[0,0],[1,1],[0,0],[0,0],[0,1],[1,0],[0,0],[0,0],[1,0],[0,0],[0,0],[0,1],[0,0],[0,0],[-1,0],[0,0],[0,0],[0,1],[0,0],[0,0],[0,1],[1,0],[0,0],[0,0],[0,0],[0,0],[0,0],[0,0],[0,1],[0,0],[0,0],[0,0],[0,0],[1,0],[-1,0],[1,1],[0,0],[0,0],[0,0],[0,0],[-1,0],[0,0],[0,1],[0,0],[0,0],[-1,0],[0,-1],[0,0],[0,0],[0,0],[0,0],[0,0],[-1,0],[0,0],[0,0],[0,0],[0,1],[0,0],[1,0],[0,0],[0,1],[0,0],[0,0],[0,0],[0,0],[0,0],[0,1],[0,0],[0,0],[0,0],[0,0],[0,1],[0,0],[0,0],[1,0],[0,0],[0,0],[0,0],[0,-1],[0,0],[0,0],[1,1],[0,0],[0,0],[0,0],[0,0],[0,1],[1,0],[0,0],[0,0],[0,0],[0,0],[0,0],[1,0],[0,0],[0,0],[0,0],[0,1],[0,0],[0,0],[1,0],[0,0],[0,0],[1,0],[0,0],[0,0],[0,1],[0,0],[0,0],[0,0],[0,0],[0,0],[0,0],[-1,0],[0,0],[0,1],[0,0],[-1,1],[0,0],[0,0],[0,1],[0,0],[0,0],[0,0],[0,0],[0,1],[0,0],[1,0],[0,0],[0,0],[0,0],[0,0],[0,0],[1,0],[0,0],[0,0],[0,0],[0,1],[1,0],[0,0],[0,0],[0,0],[1,0],[0,1],[0,0],[1,0],[0,0],[0,0],[0,0],[0,0],[0,0],[1,0],[0,1],[1,-1],[0,1],[0,0],[0,0],[1,0],[0,0],[0,0],[1,0],[0,0],[0,0],[0,0],[0,0],[1,0],[0,0],[0,0],[1,0],[0,0],[0,0],[1,0],[0,1],[0,0],[0,0],[0,0],[0,0],[1,1],[0,0],[1,0],[0,0],[0,0],[0,0],[0,0],[0,0],[0,0],[1,0],[0,0],[0,0],[0,0],[0,0],[0,0],[1,0],[0,0],[0,0],[0,0],[1,0],[0,1],[0,0],[1,0],[0,0],[0,0],[1,0],[0,0],[0,0],[0,0],[1,0],[0,0],[0,0],[1,0],[0,0],[0,0],[1,0],[0,0],[0,0],[0,-1],[0,0],[0,0],[0,0],[0,-1],[-1,0],[1,-1],[0,0],[0,0],[0,-1],[0,0],[0,0],[0,0],[0,0],[0,0],[0,0],[0,0],[1,0],[0,0],[0,-1],[0,0],[0,0],[1,1],[0,0],[0,0],[0,0],[0,0],[0,1],[0,0],[0,0],[0,1],[0,0],[0,0],[0,0],[0,0],[0,0],[0,0],[0,0],[0,1],[0,0],[1,0],[0,0],[0,0],[1,0],[0,0],[0,0],[0,0],[0,0],[0,0],[0,0],[0,0],[1,0],[0,0],[1,0],[0,0],[0,0],[0,0],[1,0],[0,0],[0,0],[0,0],[1,0],[1,0],[0,0],[0,0],[0,0],[1,0],[0,0],[0,0],[0,0],[0,0],[0,0],[1,0],[0,0],[0,-1],[0,0],[-1,0],[0,0],[0,0],[1,0],[0,0],[0,-1],[-1,0],[0,0],[0,0],[0,0],[0,0],[-1,0],[0,0],[0,0],[0,-1],[0,0],[1,0],[0,0],[0,0],[0,0],[1,0],[0,0],[0,0],[0,0],[0,0],[0,0],[1,0],[0,0],[0,0],[0,0],[0,0],[0,0],[0,-1],[0,0],[0,0],[0,0],[1,0],[0,0],[1,0],[0,-1],[0,0],[0,0],[0,0],[1,0],[0,0],[1,-1],[0,0],[0,0],[0,0],[0,0],[0,0],[1,0],[0,-1],[1,0],[0,0],[0,0],[0,0],[0,0],[1,1],[0,-1],[0,1],[0,0],[1,0],[0,0],[0,0],[0,0],[0,0],[0,-1],[0,0],[1,0],[0,0],[0,0],[1,0],[0,0],[0,0],[0,0],[0,0],[0,0],[0,0],[0,0],[0,1],[0,0],[0,0],[0,0],[0,0],[0,0],[1,0],[0,0],[0,0],[0,0],[0,1],[-1,0],[0,0],[0,0],[0,0],[0,0],[0,1],[0,0],[0,0],[0,0],[1,0],[0,-1],[0,0],[1,1],[0,0],[0,0],[0,0],[1,0],[0,0],[0,0],[0,0],[0,0],[0,1],[0,0],[0,0],[0,0],[0,0],[0,0],[-1,0],[0,0],[0,1],[0,0],[0,0],[0,0],[0,1],[0,0],[0,0],[0,0],[0,0],[0,0],[-1,-1],[0,0],[-1,1],[0,0],[0,0],[-1,0],[0,0],[0,0],[0,1],[-1,0],[0,0],[-1,0],[0,0],[0,1],[0,0],[0,0],[0,1],[0,0],[0,0],[0,0],[0,0],[0,0],[0,0],[0,1],[0,0],[-1,0],[0,0],[0,1],[0,0],[0,0],[-1,0],[0,0],[0,0],[1,0],[0,0],[0,1],[0,0],[0,0],[0,0],[-1,1],[0,0],[0,0],[0,1],[0,0],[-1,1],[0,0],[0,0],[0,0],[0,0],[-1,0],[0,0],[0,0],[0,0],[0,0],[-1,0],[0,-1],[0,0],[0,1],[0,0],[0,0],[0,1],[0,0],[0,1],[0,0],[0,0],[0,0],[0,0],[0,0],[0,0],[0,1],[0,0],[-1,0],[0,0],[0,1],[1,0],[0,0],[0,0],[0,0],[-1,0],[0,1],[0,0],[0,0],[0,0],[0,0],[0,0],[-1,0],[0,0],[0,0],[0,0],[0,0],[0,0],[0,0],[0,-1],[0,0],[0,-1],[0,0],[0,0],[0,0],[-1,-1],[0,0],[0,0],[0,-1],[0,0],[0,-1],[0,0],[0,0],[0,0],[0,0],[-1,0],[0,0],[0,1],[0,0],[0,0],[0,0],[0,1],[0,0],[0,0],[0,0],[0,0],[-1,0],[0,0],[0,0],[0,0],[0,0],[0,0],[0,0],[0,0],[0,0],[0,0],[0,0],[0,0],[-1,-1],[0,0],[0,-1],[0,0],[0,0],[1,0],[0,-1],[0,0],[0,0],[0,0],[0,0],[0,0],[1,0],[0,0],[0,0],[0,0],[0,0],[0,0],[0,0],[0,0],[0,0],[1,0],[0,0],[0,-1],[0,0],[0,0],[0,-1],[0,0],[0,0],[0,0],[1,0],[0,0],[0,0],[0,0],[0,0],[-1,0],[0,0],[0,-1],[-1,0],[-1,0],[0,0],[0,0],[-1,0],[-1,0],[0,0],[0,0],[-1,0],[0,0],[-1,0],[0,0],[0,0],[0,0],[-1,0],[0,0],[0,0],[1,-1],[-1,0],[1,-1],[-1,0],[0,0],[0,0],[0,0],[0,0],[0,0],[0,0],[0,0],[-1,0],[0,0],[0,0],[0,0],[0,-1],[-1,0],[0,0],[0,0],[0,0],[0,0],[0,0],[0,0],[0,0],[0,0],[0,0],[0,0],[0,0],[0,0],[-1,0],[0,0],[0,0],[0,0],[0,0],[0,0],[-1,0],[0,0],[1,0],[0,0],[0,0],[0,0],[0,0],[-1,0],[0,1],[0,0],[0,0],[0,0],[0,0],[0,1],[0,0],[0,0],[1,0],[0,0],[0,0],[0,0],[1,0],[0,1],[0,0],[0,0],[0,0],[0,0],[0,0],[0,0],[0,0],[0,0],[-1,0],[0,0],[0,0],[0,1],[-1,0],[0,0],[0,0],[0,0],[0,1],[0,0],[0,0],[0,0],[0,0],[0,0],[0,0],[0,0],[1,1],[0,0],[0,0],[1,0],[0,0],[0,0],[-1,0],[0,1],[0,0],[0,0],[0,1],[0,0],[0,0],[0,0],[1,0],[-1,1],[1,0],[0,0],[0,0],[0,0],[0,0],[0,0],[0,1],[0,0],[0,0],[0,0],[0,1],[0,0],[0,1],[0,0],[0,0],[0,0],[0,0],[0,1],[0,0],[0,0],[0,0],[0,0],[0,0],[0,0],[-1,0],[0,0],[0,0],[1,-1],[0,0],[-1,0],[0,0],[0,0],[0,0],[0,1],[0,0],[0,0],[-1,0],[0,0],[0,0],[0,0],[0,0],[0,0],[0,0],[0,-1],[0,0],[0,-1],[0,0],[-1,0],[0,0],[1,0],[0,1],[0,0],[0,0],[0,0],[-1,1],[0,0],[0,0],[-2,0],[0,0],[0,1],[-1,0],[0,0],[1,1],[0,0],[0,1],[0,0],[-1,0],[0,0],[0,1],[0,0],[-1,0],[0,0],[0,0],[0,0],[0,0],[0,1],[0,0],[0,0],[0,0],[-1,0],[-1,0],[0,0],[0,0],[0,0],[0,0],[0,0],[0,0],[-1,0],[0,1],[0,0],[0,0],[0,-1],[1,0],[0,1],[-1,0],[-1,1],[0,0],[-1,0],[0,1],[0,0],[-1,1],[0,0],[-1,1],[-1,0],[0,1],[-1,0],[0,0],[-1,1],[-1,0],[0,1],[0,0],[0,0],[0,0],[0,0],[0,1],[0,0],[0,0],[0,0],[-2,1],[0,0],[-1,-1],[0,1],[0,0],[0,1],[-1,0],[0,0],[0,0],[0,0],[0,0],[0,0],[0,0],[0,0],[-1,0],[0,0],[-1,0],[0,1],[0,1],[0,1],[0,0],[0,1],[0,0],[0,0],[0,0],[0,1],[0,0],[0,1],[0,0],[1,0],[-1,0],[0,0],[0,0],[0,0],[0,0],[0,0],[1,1],[-1,1],[0,1],[0,1],[0,0],[-1,0],[0,1],[0,1],[0,0],[0,0],[0,0],[0,0],[0,0],[0,1],[0,1],[0,1],[0,0],[0,0],[0,0],[-1,0],[0,0],[0,0],[0,0],[0,1],[-1,1],[0,0],[0,0],[0,0],[0,1],[0,0],[1,0],[0,0],[0,0],[0,0],[-1,0],[-2,0],[0,1],[0,0],[0,0],[0,1],[-1,0],[0,1],[-1,0],[0,0],[-1,0],[0,-1],[-1,0],[-1,-1],[0,0],[0,-1],[0,0],[0,0],[0,0],[0,0],[0,-1],[0,0],[-1,-1],[1,0],[0,0],[0,1],[0,0],[0,0],[0,0],[0,-1],[-1,0],[0,0],[0,0],[0,-1],[0,0],[0,0],[0,0],[0,-1],[-1,-1],[0,-1],[0,0],[-1,-1],[0,0],[0,-1],[0,0],[0,0],[-1,-1],[0,-1],[-1,0],[0,-1],[0,-1],[0,0],[0,0],[0,-1],[0,0],[0,-1],[0,0],[-1,0],[0,0],[0,-1],[0,0],[0,0],[0,-1],[-1,0],[0,0],[0,-1],[0,0],[0,0],[0,0],[0,0],[0,0],[0,-1],[0,0],[-1,0],[0,0],[0,-1],[0,0],[-1,-1],[0,-2],[0,-1],[0,0],[0,-1],[0,0],[-1,-1],[0,0],[0,-1],[0,0],[0,0],[0,0],[0,-1],[1,0],[-1,0],[0,0],[0,0],[0,0],[0,0],[0,0],[0,-1],[1,0],[-1,0],[0,0],[0,0],[0,0],[0,0],[0,-1],[0,0],[0,0],[0,-1],[0,-1],[0,0],[0,-1],[0,0],[0,0],[0,-1],[0,0],[0,0],[0,0],[0,0],[0,-1],[0,1],[-1,0],[1,-1],[0,0],[1,0],[0,0],[-1,0],[0,0],[-1,0],[0,-1],[1,0],[0,0],[-1,0],[0,0],[0,0],[1,-1],[0,0],[0,0],[0,0],[-1,0],[0,0],[0,0],[-1,0],[0,0],[1,1],[0,0],[-1,0],[0,0],[0,0],[0,0],[0,1],[0,0],[0,0],[0,0],[1,0],[-1,0],[0,1],[0,0],[-1,1],[-1,0],[-1,0],[0,1],[-1,-1],[0,0],[-1,0],[-1,-1],[0,-1],[-1,0],[0,-1],[-1,0],[0,-1],[0,0],[0,0],[0,0],[0,0],[0,0],[0,0],[0,0],[1,0],[0,0],[1,0],[0,0],[0,0],[1,0],[0,-1],[0,0],[1,-1],[0,0],[0,0],[0,0],[0,0],[-1,0],[0,0],[0,0],[0,0],[0,0],[0,0],[-1,1],[0,0],[-1,0],[-1,0],[-1,-1],[0,0],[-1,-1],[0,0],[0,0],[1,-1],[0,0],[0,0],[-1,0],[0,0],[0,1],[0,0],[-1,-1],[0,0]],[[757,221],[-1,1],[0,-1],[0,0],[0,0],[0,0],[0,-1],[1,0],[0,1],[0,0]],[[753,209],[0,0],[0,0],[0,-1],[0,0],[0,0],[0,0],[0,0],[0,-1],[0,0],[0,0],[0,0],[1,0],[0,0],[0,0],[-1,-1],[0,0],[0,0],[0,0],[1,0],[-1,-1],[1,0],[0,0],[0,0],[0,0],[0,-1],[0,0],[0,-1],[0,0],[0,0],[0,0],[0,1],[0,0],[0,0],[0,0],[0,0],[0,0],[0,0],[0,1],[0,0],[0,0],[0,1],[0,0],[0,0],[0,1],[0,0],[0,0],[0,0],[0,0],[0,1],[0,0],[0,0],[0,0],[0,0],[-1,1]],[[619,128],[0,0],[0,0],[0,0],[0,0],[-1,0],[0,0],[0,-1],[0,0],[0,0],[0,0],[0,0],[-1,0],[0,0],[0,0],[0,0],[0,-1],[-1,1],[0,0],[0,0],[0,0],[0,0],[0,0],[0,0],[-1,0],[0,0],[0,0],[-1,0],[0,0],[0,0],[0,0],[-1,0],[1,-1],[0,0],[0,0],[0,-1],[0,0],[0,-1],[-1,0],[0,-1],[-1,0],[0,0],[0,-1],[-1,0],[0,0],[-1,0],[-1,-1],[0,0],[1,0],[0,0],[0,0],[1,0],[0,0],[1,0],[0,0],[0,1],[1,0],[0,0],[1,0],[1,0],[0,0],[0,0],[1,0],[0,0],[0,0],[1,0],[0,0],[0,0],[1,0],[0,0],[0,1],[0,0],[1,0],[0,0],[1,0],[0,0],[0,0],[0,1],[0,0],[0,0],[0,0],[0,0],[0,0],[1,0],[0,0],[0,-1],[1,0],[0,0],[0,0],[0,0],[0,1],[1,-1],[0,0],[0,0],[0,0],[0,1],[1,0],[0,0],[1,0],[0,0],[0,0],[0,0],[0,0],[0,1],[0,0],[0,0],[0,0],[0,0],[1,0],[0,0],[0,0],[0,0],[0,0],[1,1],[0,0],[0,0],[0,0],[0,0],[-1,0],[0,0],[0,0],[0,0],[0,0],[0,0],[0,0],[1,1],[0,0],[0,0],[0,0],[1,0],[0,0],[-1,1],[0,0],[0,0],[0,0],[0,0],[-1,0],[0,0],[0,0],[0,0],[0,0],[-1,-1],[0,0],[0,0],[0,0],[-1,0],[0,0],[0,0],[-1,0],[0,0],[-1,0],[0,0],[1,0],[0,1],[-1,0],[0,0],[-1,0],[0,0],[-1,0],[0,0],[0,0],[-1,0],[0,0],[0,0]],[[593,144],[0,0],[0,0],[0,0],[-1,0],[0,0],[0,0],[0,0],[0,0],[0,0],[0,0],[-1,0],[0,0],[0,0],[0,0],[0,0],[0,0],[0,0],[0,0],[-1,0],[0,0],[0,0],[0,0],[0,0],[-1,0],[0,0],[1,0],[0,0],[0,0],[0,-1],[1,1],[0,0],[0,0],[1,0],[1,-1],[0,0],[1,0],[0,0],[0,0],[0,0],[-1,1],[0,0],[0,0],[0,0]],[[589,144],[0,0],[1,0],[0,0],[0,0],[0,0],[0,0],[1,0],[0,0],[0,0],[0,0],[0,0],[0,0],[0,0],[0,0],[1,0],[0,0],[0,0],[0,0],[0,0],[0,0],[0,0],[1,0],[0,0],[0,0],[0,0],[0,0],[0,1],[0,0],[-1,0],[0,0],[0,0],[0,0],[-1,0],[0,0],[0,0],[0,0],[-1,0],[0,0],[0,1],[0,0],[0,0],[0,-1],[0,0],[0,0],[-1,0],[0,0],[0,0],[0,0],[-1,0],[0,-1],[1,0],[0,0],[0,0],[0,0],[0,0]],[[833,154],[0,0],[-1,0],[0,0],[-1,-1],[0,0],[1,0],[0,0],[0,1],[0,0],[0,0],[1,0],[0,0],[0,0]],[[795,181],[0,0],[0,0],[0,0],[-1,0],[0,0],[0,0],[-1,0],[0,0],[0,0],[0,0],[0,-1],[-1,0],[0,0],[0,0],[0,0],[0,0],[0,0],[0,0],[0,0],[0,0],[0,0],[0,-1],[-1,0],[0,0],[0,0],[0,0],[0,0],[0,-1],[0,0],[1,0],[0,0],[0,0],[-1,0],[0,0],[0,0],[0,0],[-1,0],[0,0],[0,-1],[0,0],[0,0],[0,0],[0,0],[-1,1],[0,0],[0,-1],[0,0],[-1,0],[0,0],[0,0],[0,0],[0,-1],[0,0],[0,0],[0,1],[-1,0],[0,0],[0,0],[0,0],[-1,0],[0,1],[0,0],[0,0],[0,0],[0,0],[0,0],[-1,0],[0,0],[0,0],[0,0],[0,0],[-1,0],[0,0],[0,0],[0,1],[0,0],[0,0],[-1,-1],[0,0],[0,0],[0,0],[0,0],[0,0],[0,0],[-1,0],[0,0],[0,0],[0,0],[0,0],[0,1],[0,0],[0,0],[-1,0],[0,0],[0,0],[0,-1],[0,0],[-1,0],[0,0],[0,0],[0,0],[0,0],[0,0],[0,1],[-1,0],[0,0],[0,0],[0,0],[0,0],[0,0],[-1,0],[0,0],[0,0],[0,0],[0,0],[0,0],[0,0],[0,0],[-1,0],[1,0],[0,1],[0,0],[0,0],[0,0],[0,0],[0,1],[0,0],[0,0],[0,0],[0,1],[0,0],[0,0],[0,0],[0,0],[0,0],[0,0],[0,0],[0,0],[0,0],[0,0],[0,0],[-1,0],[0,0],[0,0],[0,0],[0,0],[0,0],[0,0],[0,0],[0,-1],[-1,0],[0,0],[0,0],[0,0],[0,0],[0,0],[0,0],[0,0],[-1,0],[0,0],[0,1],[0,-1],[-1,0],[0,1],[0,-1],[0,0],[0,0],[0,0],[0,0],[-1,0],[0,0],[0,0],[0,0],[0,-1],[0,0],[0,0],[0,0],[-1,0],[0,0],[-1,0],[0,0],[0,0],[0,0],[0,0],[0,-1],[0,0],[1,0],[0,-1],[0,0],[0,0],[0,-1],[0,0],[0,0],[0,0],[0,0],[0,0],[-1,0],[0,0],[-1,0],[0,-1],[0,0],[0,0],[0,0],[0,0],[0,0],[0,-1],[0,0],[0,0],[0,0],[0,0],[0,-1],[0,0],[0,0],[0,0],[-1,0],[0,0],[0,0],[0,0],[-1,0],[0,0],[-1,1],[0,0],[0,0],[0,0],[0,0],[0,0],[0,-1],[0,0],[0,0],[0,0],[0,-1],[0,0],[0,0],[0,0],[0,-1],[0,0],[0,0],[0,0],[0,0],[0,0],[0,-1],[0,0],[1,0],[0,0],[0,0],[0,0],[0,0],[0,-1],[0,0],[1,0],[0,0],[0,0],[0,0],[0,0],[1,0],[0,-1],[0,0],[-1,0],[0,0],[0,0],[1,0],[0,0],[0,-1],[0,0],[0,0],[0,-1],[0,0],[0,0],[0,-1],[0,0],[0,0],[0,-1],[0,0],[0,0],[-1,0],[0,0],[0,0],[0,0],[0,0],[0,0],[0,0],[0,0],[-1,-1],[0,-1],[0,0],[0,0],[0,0],[0,0],[0,0],[-1,0],[0,0],[0,0],[0,0],[0,-1],[0,0],[0,0],[0,0],[0,0],[-1,0],[0,1],[0,0],[0,0],[0,0],[0,0],[-1,0],[0,0],[0,0],[0,0],[-1,-1],[0,0],[0,1],[-1,0],[0,0],[0,0],[0,0],[0,-1],[0,0],[0,0],[0,0],[0,0],[1,0],[0,-1],[0,0],[0,0],[0,0],[-1,0],[0,0],[0,0],[0,0],[0,0],[0,0],[0,-1],[0,0],[0,0],[0,0],[0,0],[0,0],[0,0],[0,0],[-1,0],[0,0],[0,0],[-1,0],[0,0],[0,1],[0,0],[0,0],[0,0],[0,0],[-1,0],[0,0],[0,-1],[0,1],[-1,-1],[0,0],[0,0],[0,0],[0,0],[-1,0],[0,1],[-1,0],[0,0],[0,0],[0,0],[0,0],[0,0],[-1,1],[0,0],[-1,0],[0,0],[0,0],[0,0],[0,1],[-1,0],[0,0],[-1,0],[0,0],[0,0],[0,0],[0,1],[0,0],[0,0],[0,0],[0,0],[0,0],[-1,0],[0,0],[0,0],[0,0],[0,0],[0,0],[-1,0],[0,0],[0,0],[0,0],[-1,0],[0,0],[0,0],[0,0],[0,0],[0,0],[0,-1],[-1,0],[0,0],[0,1],[0,0],[0,0],[0,0],[-1,0],[0,-1],[0,0],[-1,0],[0,0],[0,0],[0,0],[0,0],[0,0],[0,0],[0,0],[-1,0],[0,0],[0,0],[-1,0],[0,0],[0,0],[0,0],[0,0],[-1,1],[0,0],[0,0],[0,1],[-1,0],[0,0],[0,1],[0,-1],[0,0],[0,0],[0,-1],[0,0],[0,0],[0,0],[0,0],[-1,-1],[0,0],[0,0],[0,1],[0,0],[-1,0],[0,0],[0,0],[0,0],[0,0],[0,0],[-1,0],[0,0],[0,0],[0,0],[-1,0],[0,0],[0,0],[-1,0],[0,0],[0,0],[-1,0],[0,0],[0,-1],[0,0],[0,0],[0,0],[-1,1],[0,0],[0,0],[0,0],[0,0],[0,-1],[-1,0],[0,0],[0,1],[0,0],[0,0],[0,0],[0,0],[0,-1],[-1,0],[0,0],[-1,0],[0,0],[0,0],[0,0],[0,-1],[0,0],[0,0],[0,0],[0,0],[-1,0],[0,0],[0,0],[0,0],[-1,0],[0,0],[0,0],[0,-1],[-1,0],[0,0],[0,0],[0,-1],[0,0],[0,0],[-1,0],[0,0],[0,0],[-1,0],[0,0],[0,0],[0,-1],[-1,0],[0,0],[-1,0],[0,0],[-1,-1],[0,0],[0,0],[0,0],[-1,-1],[0,0],[0,0],[-1,0],[0,0],[-1,1],[0,0],[0,0],[0,0],[-1,0],[0,0],[0,-1],[0,0],[0,0],[-1,0],[0,0],[0,0],[-1,0],[0,0],[0,0],[0,-1],[0,0],[0,0],[0,0],[-1,0],[0,0],[0,0],[0,0],[0,0],[0,0],[-1,0],[0,-1],[0,0],[0,0],[0,0],[0,0],[-1,-1],[0,0],[0,0],[0,1],[0,0],[0,0],[0,0],[-1,0],[0,0],[0,0],[0,-1],[0,0],[0,0],[0,0],[0,0],[0,-1],[0,0],[0,0],[0,0],[0,0],[0,0],[0,-1],[0,0],[-1,0],[0,0],[0,-1],[0,0],[0,0],[0,0],[1,0],[0,0],[0,0],[0,0],[0,0],[0,0],[0,1],[1,0],[0,0],[0,0],[0,-1],[0,0],[1,0],[0,0],[0,0],[0,0],[0,0],[-1,-1],[1,0],[-1,0],[0,0],[0,0],[0,0],[0,0],[0,-1],[0,0],[0,0],[0,0],[0,0],[0,0],[0,0],[-1,0],[0,-1],[0,0],[0,0],[0,-1],[0,0],[0,0],[1,0],[0,0],[0,0],[0,-1],[0,0],[0,0],[-1,0],[0,0],[0,0],[-1,0],[0,-1],[0,0],[0,0],[-1,-1],[0,0],[0,0],[0,-1],[0,0],[0,0],[0,0],[0,0],[0,0],[0,0],[0,0],[0,0],[-1,0],[0,0],[0,0],[0,0],[-1,0],[0,0],[-1,0],[0,0],[0,0],[-1,0],[0,-1],[0,0],[0,0],[0,0],[-1,0],[0,0],[0,0],[0,0],[0,0],[0,0],[0,0],[-1,0],[0,0],[1,-1],[0,0],[0,0],[0,0],[0,-1],[-1,0],[0,0],[0,0],[0,0],[0,0],[-1,0],[0,0],[0,-1],[0,0],[-1,0],[0,0],[0,0],[0,0],[0,0],[-1,0],[0,0],[0,0],[0,0],[0,0],[0,0],[-1,0],[0,0],[1,-1],[0,0],[0,0],[0,0],[0,0],[1,0],[0,0],[0,0],[0,0],[0,0],[0,0],[0,0],[0,0],[0,-1],[0,0],[0,0],[0,0],[0,0],[0,0],[0,0],[0,-1],[-1,0],[0,0],[0,0],[1,-1],[-1,0],[0,0],[0,0],[-1,-1],[0,1],[0,-1],[-1,1],[0,0],[0,0],[0,0],[0,0],[0,-1],[-1,0],[0,0],[0,0],[1,0],[0,0],[0,0],[0,0],[0,-1],[-1,0],[0,0],[0,0],[0,-1],[0,0],[0,0],[1,0],[0,0],[0,0],[0,0],[0,0],[0,-1],[0,0],[0,0],[0,0],[0,0],[0,0],[0,0],[1,0],[0,0],[0,-1],[1,0],[0,0],[0,0],[1,0],[0,0],[-1,0],[0,0],[1,0],[0,-1],[0,1],[0,0],[1,0],[0,-1],[1,0],[0,0],[0,0],[0,1],[0,0],[0,0],[1,0],[0,0],[0,0],[0,0],[0,0],[1,0],[0,0],[0,0],[0,-1],[0,0],[0,0],[0,0],[1,0],[0,0],[0,-1],[0,0],[0,0],[1,0],[0,0],[1,0],[0,0],[1,0],[0,0],[1,0],[0,-1],[0,0],[0,0],[0,0],[1,0],[0,0],[1,-1],[1,0],[0,0],[0,0],[1,0],[0,-1],[0,0],[1,0],[0,0],[0,0],[0,0],[0,0],[0,0],[0,0],[0,0],[0,-1],[0,0],[0,0],[0,0],[0,-1],[0,0],[1,0],[0,0],[0,0],[0,0],[0,0],[0,0],[0,0],[0,0],[0,-1],[0,0],[1,0],[0,0],[0,0],[0,0],[0,0],[-1,0],[0,0],[1,-1],[-1,0],[0,0],[0,-1],[0,0],[0,0],[0,0],[0,-1],[0,0],[0,0],[0,0],[0,-1],[0,0],[0,0],[0,0],[0,0],[0,0],[0,0],[0,0],[-1,0],[0,0],[0,0],[-1,0],[0,0],[0,-1],[1,0],[0,0],[0,0],[1,0],[0,0],[0,0],[1,0],[0,0],[1,0],[0,-1],[1,0],[0,0],[0,0],[1,1],[0,0],[0,0],[0,0],[0,0],[1,0],[0,0],[0,0],[0,0],[1,0],[0,0],[0,0],[0,-1],[0,0],[0,0],[0,0],[-1,0],[0,0],[0,0],[0,0],[0,-1],[0,0],[1,-1],[0,0],[0,-1],[0,0],[1,-1],[0,0],[0,-1],[0,0],[0,0],[0,0],[1,0],[1,1],[0,0],[0,0],[1,0],[0,0],[0,0],[1,0],[0,0],[0,0],[0,0],[1,0],[0,0],[0,0],[0,0],[0,0],[1,0],[0,0],[0,0],[1,0],[0,-1],[0,0],[0,0],[0,0],[0,0],[0,-1],[0,0],[0,0],[0,-1],[0,0],[0,-1],[0,0],[0,0],[0,0],[1,0],[0,0],[1,0],[0,0],[0,0],[1,0],[0,-1],[0,0],[0,0],[0,-1],[0,0],[0,0],[0,0],[1,0],[0,0],[0,0],[1,0],[0,0],[0,0],[0,0],[0,0],[1,0],[0,0],[0,0],[0,0],[0,0],[0,0],[0,0],[0,0],[0,0],[0,0],[0,1],[0,0],[0,0],[0,0],[1,0],[0,0],[0,0],[0,0],[-1,0],[0,0],[0,0],[1,0],[0,1],[0,0],[1,0],[0,0],[0,0],[0,0],[0,0],[1,1],[0,0],[0,0],[0,0],[1,0],[0,0],[0,0],[1,0],[0,0],[0,0],[0,0],[0,0],[0,0],[1,0],[0,0],[0,0],[0,0],[0,0],[0,1],[0,0],[1,0],[0,0],[0,0],[0,0],[0,0],[0,0],[0,1],[0,0],[0,0],[1,0],[0,0],[0,1],[0,0],[0,0],[0,0],[1,0],[0,1],[0,0],[0,0],[0,0],[0,0],[0,1],[-1,0],[1,0],[0,0],[0,0],[0,0],[-1,1],[0,0],[0,0],[0,0],[0,1],[0,0],[0,0],[0,0],[0,0],[0,0],[0,1],[0,0],[1,0],[0,0],[0,0],[0,0],[1,0],[0,0],[0,0],[0,0],[1,0],[0,0],[1,0],[0,0],[1,0],[0,0],[1,0],[0,0],[1,0],[1,0],[0,0],[0,1],[1,0],[0,0],[0,0],[1,0],[0,1],[1,0],[0,0],[1,0],[1,0],[0,0],[0,0],[0,1],[0,0],[0,0],[0,0],[0,0],[0,0],[0,0],[1,1],[0,1],[0,0],[0,0],[1,0],[0,1],[0,0],[0,0],[0,0],[0,0],[1,0],[1,0],[1,0],[1,0],[2,0],[1,1],[0,0],[2,0],[1,0],[0,0],[1,0],[1,0],[0,0],[1,0],[1,0],[0,0],[1,0],[0,0],[0,0],[0,1],[1,0],[0,0],[1,0],[1,0],[1,0],[0,1],[1,0],[0,0],[1,0],[1,0],[1,0],[0,0],[0,0],[1,0],[0,0],[0,0],[0,0],[1,0],[0,0],[0,0],[1,0],[0,-1],[2,0],[0,0],[0,0],[1,0],[0,0],[0,0],[1,-1],[0,0],[2,0],[0,0],[0,0],[1,0],[0,0],[1,0],[0,0],[1,0],[0,0],[1,0],[0,0],[1,0],[0,0],[0,0],[1,0],[0,-1],[0,0],[1,0],[0,0],[0,0],[0,0],[0,0],[1,-1],[0,0],[0,0],[0,0],[0,0],[1,0],[0,0],[1,-1],[0,0],[0,0],[0,0],[0,0],[1,0],[0,0],[0,0],[0,0],[0,-1],[0,0],[0,0],[-1,0],[0,0],[0,-1],[0,0],[0,0],[-1,0],[1,0],[0,0],[0,-1],[0,0],[0,0],[0,-1],[0,0],[1,0],[0,0],[0,0],[1,0],[0,0],[0,0],[1,0],[0,0],[1,1],[0,0],[1,0],[0,0],[0,0],[0,0],[1,0],[0,0],[0,-1],[0,0],[1,0],[0,0],[0,0],[0,0],[1,0],[0,-1],[0,0],[0,0],[0,0],[0,0],[1,0],[0,0],[1,0],[0,0],[1,0],[0,0],[0,0],[0,0],[1,-1],[0,0],[0,0],[1,0],[0,0],[0,0],[0,0],[0,0],[0,-1],[0,0],[0,0],[1,0],[0,0],[0,0],[0,-1],[0,0],[1,0],[0,0],[1,0],[0,0],[0,0],[0,0],[0,0],[0,0],[0,0],[0,0],[1,0],[0,0],[0,0],[0,0],[0,0],[1,0],[0,0],[0,-1],[1,1],[0,0],[0,0],[1,0],[0,-1],[0,0],[0,0],[0,1],[1,0],[0,0],[1,0],[0,0],[0,0],[0,0],[1,0],[0,-1],[0,0],[0,0],[0,0],[-1,0],[0,0],[0,-1],[0,0],[0,0],[0,0],[-1,0],[0,0],[0,0],[0,-1],[0,0],[0,0],[0,0],[0,0],[-1,0],[0,0],[0,0],[0,0],[0,0],[-1,-1],[0,0],[0,0],[-1,0],[0,0],[0,0],[-1,0],[0,0],[0,0],[0,0],[-1,0],[0,1],[0,0],[0,0],[0,0],[-1,0],[0,-1],[0,0],[0,0],[-1,0],[0,0],[-1,0],[0,0],[0,0],[0,0],[-1,1],[0,0],[0,0],[0,0],[-1,0],[0,-1],[0,0],[0,0],[0,-1],[0,0],[1,0],[0,0],[0,-1],[0,0],[0,0],[0,0],[0,-1],[1,0],[0,0],[0,-1],[1,-1],[0,0],[0,0],[1,0],[0,1],[1,0],[1,0],[0,0],[0,0],[1,-1],[1,0],[1,0],[0,0],[1,-1],[0,0],[0,0],[0,0],[0,0],[0,-1],[0,0],[0,0],[0,0],[0,0],[0,0],[0,0],[1,-1],[0,0],[0,0],[0,0],[0,-1],[0,0],[0,0],[1,0],[0,-1],[1,0],[0,-1],[1,0],[0,0],[0,-1],[0,0],[0,0],[0,0],[0,-1],[-1,0],[0,0],[-1,0],[0,0],[0,0],[0,0],[1,0],[0,-1],[1,0],[1,0],[1,-1],[1,0],[1,0],[0,0],[1,0],[0,0],[1,0],[0,0],[1,0],[0,0],[0,0],[1,0],[0,0],[0,0],[0,0],[0,0],[1,0],[0,0],[1,0],[0,0],[0,1],[0,0],[1,0],[0,0],[0,0],[0,0],[1,0],[0,0],[0,0],[1,0],[0,0],[0,0],[0,0],[1,0],[0,0],[0,0],[0,1],[0,0],[0,0],[0,0],[0,0],[1,0],[0,0],[0,0],[0,0],[-1,0],[0,0],[1,0],[0,1],[0,0],[0,0],[0,0],[0,0],[0,0],[0,0],[0,0],[0,0],[0,0],[0,1],[1,0],[0,0],[0,0],[0,1],[0,0],[0,0],[0,0],[1,0],[0,0],[0,1],[0,0],[0,0],[0,0],[0,0],[0,0],[0,0],[0,0],[0,1],[1,0],[0,1],[0,0],[0,0],[0,0],[0,0],[0,0],[0,0],[0,1],[0,0],[1,0],[0,0],[-1,1],[1,0],[0,0],[0,0],[0,0],[0,0],[0,1],[1,0],[1,0],[0,0],[1,0],[0,0],[0,0],[0,0],[0,0],[0,0],[1,0],[0,0],[0,0],[0,0],[0,0],[0,0],[1,0],[0,0],[0,0],[0,0],[0,0],[0,0],[0,0],[1,1],[0,0],[1,1],[0,0],[1,0],[0,0],[0,0],[0,0],[0,0],[0,1],[0,0],[0,0],[1,0],[-1,0],[0,1],[0,0],[1,0],[0,0],[0,1],[0,0],[0,0],[0,0],[1,0],[0,0],[1,0],[0,0],[1,0],[1,0],[0,0],[0,0],[1,-1],[0,0],[0,0],[0,0],[1,0],[0,0],[0,0],[1,0],[0,0],[0,-1],[1,0],[1,0],[0,0],[0,0],[1,0],[0,0],[0,0],[0,0],[0,1],[0,0],[0,0],[0,0],[0,0],[0,0],[0,1],[0,0],[0,0],[0,0],[0,0],[0,0],[0,0],[-1,1],[0,0],[0,0],[0,0],[0,0],[0,0],[0,0],[0,0],[0,0],[0,1],[-1,0],[0,0],[0,0],[0,0],[0,0],[0,1],[0,0],[0,0],[0,0],[0,1],[0,0],[0,0],[0,0],[0,0],[-1,0],[0,0],[0,0],[0,1],[0,0],[0,0],[0,0],[0,0],[0,0],[0,0],[0,0],[0,1],[0,0],[-1,0],[0,0],[0,0],[0,0],[0,1],[0,0],[0,0],[-1,0],[0,0],[0,0],[0,0],[0,0],[-1,0],[0,0],[-1,0],[0,0],[0,-1],[0,0],[-1,0],[0,0],[0,1],[0,0],[0,0],[0,0],[-1,0],[0,0],[0,0],[0,0],[-1,0],[0,0],[0,1],[0,0],[0,0],[0,0],[0,0],[0,1],[1,1],[0,0],[0,1],[0,0],[0,0],[0,0],[0,0],[0,0],[0,0],[0,1],[0,0],[0,0],[0,0],[-1,0],[0,0],[0,1],[0,0],[0,0],[0,0],[0,0],[0,0],[0,0],[-1,0],[0,0],[0,0],[0,0],[-1,0],[0,0],[1,0],[0,1],[0,0],[0,0],[0,0],[0,0],[0,0],[-1,0],[0,-1],[0,0],[0,0],[0,0],[0,0],[0,0],[0,0],[-1,0],[0,0],[0,0],[0,0],[0,0],[0,0],[0,0],[0,0],[0,1],[0,0],[0,0],[-1,0],[0,0],[0,0],[0,0],[0,0],[0,0],[0,0],[-1,0],[0,0],[0,1],[0,0],[0,0],[0,0],[0,0],[-1,0],[0,0],[0,0],[0,0],[0,0],[-1,0],[0,0],[-1,0],[0,0],[0,1],[0,0],[0,0],[0,0],[0,0],[0,0],[1,0],[0,0],[0,1],[0,0],[-1,0],[0,0],[0,0],[0,0],[0,0],[0,0],[-1,0],[0,0],[0,0],[-1,0],[0,0],[0,0],[0,0],[-1,-1],[0,0],[0,0],[0,0],[0,0],[0,0],[0,0],[0,0],[-1,0],[0,0],[0,0],[0,0],[0,0],[0,1],[0,0],[0,0],[0,0],[0,0],[-1,0],[0,1],[0,0],[0,0],[0,0],[-1,0],[0,0],[0,0],[0,0],[0,1],[-1,0],[0,0],[0,0],[0,0],[0,0],[0,0],[-1,0],[0,0],[0,0],[0,0],[0,1],[0,0],[-1,0],[0,0],[0,0],[-1,0],[0,1],[0,0],[0,0],[0,0],[-1,0],[-1,0],[0,0],[0,0],[0,0],[0,0],[-1,0],[0,1],[0,0],[-1,0],[0,0],[0,0],[-2,1],[0,0],[0,0],[0,0],[-1,0],[0,0],[0,1],[0,0],[0,0],[0,0],[-1,0],[1,0],[0,0],[-1,0],[0,0],[-1,0],[0,0],[0,0],[0,0],[0,0],[0,0],[0,0],[2,-1],[-1,0],[1,0],[0,0],[0,0],[0,-1],[-1,1],[0,0],[-1,0],[1,-1],[0,0],[-1,0],[1,0],[0,0],[0,0],[0,0],[0,0],[0,-1],[1,0],[0,0],[0,-1],[1,0],[0,0],[0,-1],[0,0],[0,0],[0,0],[-1,0],[0,-1],[0,0],[0,0],[0,1],[-1,0],[0,-1],[-1,0],[0,1],[0,0],[0,0],[-1,0],[0,0],[-1,1],[0,0],[-1,1],[-1,0],[-1,1],[0,0],[0,0],[0,0],[-1,1],[0,0],[0,0],[0,0],[0,0],[-1,0],[0,0],[-1,0],[0,0],[0,0],[-1,0],[0,0],[-1,1],[0,0],[0,1],[1,0],[0,0],[1,1],[1,0],[0,0],[1,0],[0,0],[0,1],[0,0],[0,0],[0,0],[1,0],[-1,0],[0,0],[0,1],[0,0],[0,0],[1,0],[0,1],[0,0],[1,0],[1,-1],[0,0],[0,0],[0,0],[1,-1],[0,0],[0,0],[0,0],[0,0],[1,0],[1,0],[0,0],[1,0],[0,1],[0,0],[1,0],[0,0],[0,0],[1,0],[0,0],[0,0],[0,0],[1,0],[0,0],[0,0],[0,0],[0,1],[0,0],[0,0],[0,0],[0,0],[0,0],[0,0],[-1,0],[0,0],[0,0],[0,0],[0,0],[0,0],[0,0],[-1,0],[0,0],[-1,1],[-1,0],[0,0],[0,0],[-1,0],[0,0],[0,0],[0,0],[0,0],[0,1],[0,0],[0,0],[0,0],[0,0],[0,0],[0,0],[-1,0],[0,1],[0,0],[0,-1],[0,0],[0,0],[0,0],[-1,0],[0,0],[0,0],[0,1],[1,0],[0,0],[0,0],[-1,0],[0,0],[0,0],[0,1],[0,0],[-1,0],[0,0],[0,0],[0,1],[-1,0],[0,0],[0,0],[0,1],[0,0],[0,0],[0,0],[1,1],[0,0],[1,0],[1,0],[0,0],[0,1],[0,1],[0,0],[0,0],[1,1],[0,0],[0,1],[0,0],[0,1],[0,0],[1,0],[1,0],[0,1],[0,0],[0,0],[0,0],[0,0],[1,1],[0,0],[0,0],[0,0],[0,1],[0,0],[0,-1],[-1,0],[-1,0],[0,0],[0,0],[-1,0],[0,-1],[-1,0],[0,1],[-1,0],[0,0],[0,0],[1,0],[0,0],[0,0],[1,0],[0,0],[0,0],[1,0],[0,0],[0,1],[1,0],[1,1],[0,0],[0,0],[0,1],[0,0],[0,0],[-1,0],[0,0],[0,0],[-1,1],[0,0],[-1,0],[0,0],[0,0],[-1,0],[0,0],[0,1],[0,-1],[0,0],[0,0],[0,0],[1,1],[0,0],[1,-1],[0,0],[1,0],[0,1],[1,0],[0,0],[0,0],[1,0],[0,1],[-1,0],[0,0],[-1,0],[0,1],[1,0],[0,-1],[0,0],[0,0],[0,1],[0,1],[0,0],[0,-1],[0,0],[0,0],[-1,0],[0,0],[0,1],[0,0],[1,0],[0,0],[-1,0],[0,0],[1,0],[-1,1],[0,0],[0,0],[0,0],[0,0],[0,1],[0,0],[0,0],[0,0],[-1,0],[0,0],[0,0],[0,0],[0,0],[0,1],[-1,0],[0,0],[0,0],[0,0],[0,0],[0,0],[0,0],[0,0],[0,1],[0,0],[0,0],[0,0],[-1,0],[0,1],[0,0],[0,0],[-1,1],[0,0],[0,0],[0,0],[0,0],[0,0],[0,0],[0,0],[0,0],[-1,0],[1,0],[-1,0],[0,0],[0,0],[0,0],[0,0],[0,0],[0,0],[0,0],[0,0],[0,1],[1,0],[0,0],[0,0],[0,0],[-1,0],[0,0],[0,1],[0,0],[-1,0],[0,0],[0,0],[0,0],[0,0],[0,0],[0,0],[1,0],[0,0],[0,0],[0,1],[0,0],[0,0],[0,1],[0,0],[0,0],[0,0],[-1,0],[0,0],[0,0],[0,0],[0,0],[0,0],[0,0],[0,0],[0,0],[-1,0],[0,0],[0,0],[0,1],[0,0],[0,0],[-1,0],[0,0],[0,0],[0,0],[1,1],[-1,0],[0,0],[0,0],[-1,0],[0,0],[0,0],[0,0],[0,0],[-1,0],[0,0],[0,0],[0,0],[0,0],[1,1],[0,0],[0,0],[-1,0],[0,1],[0,0],[0,0],[0,0],[-1,0],[0,0],[0,0],[0,0],[0,0],[0,1],[0,0],[0,0],[0,-1],[0,0],[-1,1],[0,0],[0,0],[0,0],[0,0],[-1,0],[0,0],[0,0],[0,0],[0,0],[0,1],[0,0],[0,0],[0,0],[-1,0],[0,0],[0,0],[0,0],[0,0],[0,1],[-1,0],[0,0],[0,0],[-1,0],[0,0],[0,0],[0,0],[0,0],[-1,0],[0,0],[0,0],[0,0],[-1,0],[0,0],[0,0],[0,0],[0,0],[0,0],[-1,0],[0,0],[0,0],[0,0],[0,1],[0,0],[0,-1],[0,0],[-1,1],[0,0],[0,-1],[0,0],[0,1],[0,0],[0,0],[0,0],[-1,0],[0,-1],[0,0],[0,0],[0,0],[0,-1],[-1,0],[0,0],[1,0],[-1,0],[0,0],[0,0],[0,0],[0,1],[0,0],[0,0],[0,0],[0,0],[0,0],[0,0],[0,1],[0,0],[0,0],[0,0],[0,0],[0,0],[0,0],[0,0],[0,0],[0,1],[0,0],[0,0],[0,0],[0,0],[-1,0],[0,-1],[0,1],[0,0],[0,0],[0,0],[-1,0],[0,0],[0,0],[0,1],[0,0],[-1,0],[0,-1],[0,0],[0,0],[0,0],[0,0],[0,0],[0,1],[0,0],[0,0],[0,0],[-1,0],[0,-1],[0,0],[0,1],[0,0],[0,0],[0,0],[-1,0],[0,0],[0,0],[-1,0],[0,0],[0,0],[0,0],[0,0],[0,0],[-1,0],[0,1],[0,0],[0,0],[-1,0],[0,0],[0,0],[0,0],[0,0],[0,0],[0,0],[0,0],[0,0],[-1,1],[0,0],[0,0],[1,0],[0,0],[0,0],[0,1],[0,0],[0,0],[0,0],[0,0],[0,1],[0,0],[-1,0],[0,0],[-1,0],[0,-1],[0,0],[1,0],[0,0],[0,0],[-1,0],[0,0],[0,0],[0,-1],[0,0],[0,0],[0,0],[0,0],[0,-1],[0,0],[0,0],[0,0],[0,-1],[0,0],[0,0],[0,0],[0,0],[0,0],[-1,0],[0,0],[0,0],[0,0],[0,1],[0,0],[-1,0],[0,0],[0,-1],[0,0],[0,0],[0,0],[0,0],[0,0],[-1,0],[0,0],[0,0],[0,0],[0,0],[0,-1],[0,0],[0,0],[0,1],[0,0],[0,0],[0,0],[-1,0],[0,0],[0,0],[0,0],[0,0],[0,0],[0,0],[-1,0],[0,0]],[[803,186],[0,0],[0,0],[0,0],[0,0],[0,1],[0,0],[-1,0],[0,1],[0,0],[0,0],[0,0],[0,0],[0,1],[0,0],[0,0],[0,0],[-1,0],[0,0],[0,0],[0,1],[0,0],[0,0],[0,0],[0,0],[-1,0],[0,0],[0,0],[0,0],[0,0],[-1,0],[0,0],[0,0],[-1,0],[0,0],[0,0],[-1,0],[0,-1],[0,0],[0,-1],[0,0],[0,-1],[0,0],[0,0],[1,0],[0,0],[0,-1],[1,0],[0,0],[-1,0],[1,0],[0,0],[0,0],[0,0],[0,0],[1,0],[0,0],[0,0],[1,0],[0,-1],[0,0],[1,0],[0,1],[0,-1],[0,0],[0,0],[0,1],[0,-1],[0,0],[0,0],[1,0],[0,0],[0,0],[0,1]],[[812,179],[0,0],[0,0],[0,0],[0,-1],[0,0],[0,1],[0,0],[0,0],[0,0],[0,0],[0,0],[1,0],[-1,0],[0,0],[0,0],[0,0],[0,0],[-1,0],[0,0],[0,0],[1,0],[0,0]],[[794,200],[0,0],[0,0],[0,1],[-1,0],[0,0],[0,1],[0,0],[0,0],[1,0],[0,0],[0,1],[0,0],[0,0],[0,1],[0,1],[0,0],[0,0],[0,0],[0,1],[0,0],[0,0],[0,1],[0,0],[-1,-1],[0,0],[0,1],[0,0],[0,0],[-1,0],[0,0],[0,0],[-1,0],[0,0],[0,1],[0,0],[0,0],[0,0],[0,0],[0,0],[-1,0],[0,0],[0,0],[0,0],[0,0],[-1,0],[0,0],[0,0],[0,1],[0,0],[0,0],[0,0],[0,0],[1,1],[0,0],[0,0],[0,0],[0,1],[0,0],[0,0],[0,-1],[-1,0],[0,0],[0,0],[0,0],[0,0],[0,0],[-1,0],[0,0],[0,0],[0,1],[0,-1],[-1,0],[0,0],[0,0],[0,1],[0,0],[0,0],[0,0],[0,0],[0,0],[-1,0],[0,0],[0,0],[0,1],[0,0],[-1,0],[0,-1],[-1,0],[0,0],[0,0],[0,0],[-1,0],[0,0],[0,0],[0,0],[0,0],[0,0],[1,-1],[-1,0],[0,0],[0,0],[0,0],[0,0],[0,0],[-1,0],[0,0],[0,0],[0,0],[0,-1],[0,0],[0,-1],[0,0],[-1,0],[0,0],[0,0],[0,0],[0,-1],[0,0],[0,-1],[0,0],[0,0],[0,0],[-1,0],[0,-1],[0,0],[0,-1],[0,0],[0,0],[0,-1],[0,0],[0,0],[0,0],[0,0],[0,0],[0,0],[1,-1],[0,0],[0,0],[0,0],[1,-1],[0,0],[0,0],[1,0],[0,0],[0,0],[1,0],[0,0],[0,0],[0,0],[0,0],[1,0],[0,0],[1,0],[0,0],[1,0],[0,0],[0,0],[0,0],[0,0],[0,0],[0,0],[0,0],[1,0],[0,0],[0,0],[0,0],[0,0],[0,1],[0,0],[0,-1],[1,1],[0,0],[0,0],[0,0],[1,0],[0,0],[0,0],[0,-1],[0,0],[0,0],[0,0],[0,0],[0,0],[0,0],[1,0],[0,-1],[0,0],[0,0],[0,1],[0,0],[1,0],[0,0],[0,0],[0,0],[0,0],[0,0],[0,0],[1,0],[0,0],[0,0],[0,0],[0,-1],[0,0],[1,0],[0,0],[0,0],[0,0]],[[774,185],[-1,-1],[0,0],[0,0],[0,0],[0,1],[0,0],[-1,0],[0,0],[0,0],[0,0],[0,0],[0,0],[0,0],[0,0],[0,0],[0,0],[-1,0],[0,0],[0,0],[0,0],[0,0],[0,0],[0,1],[-1,0],[0,0],[0,0],[0,0],[0,0],[-1,0],[0,0],[0,0],[0,0],[0,0],[-1,0],[0,0],[0,0],[0,0],[0,1],[-1,0],[0,1],[0,0],[0,0],[0,0],[0,1],[0,0],[0,0],[0,0],[0,1],[0,0],[-1,0],[0,0],[0,0],[0,0],[0,0],[1,0],[0,0],[0,0],[0,0],[0,0],[0,1],[0,0],[0,0],[0,1],[0,0],[0,0],[1,0],[0,1],[0,0],[1,0],[0,1],[0,0],[0,0],[0,1],[0,0],[0,0],[1,1],[0,0],[0,-1],[0,0],[0,0],[0,1],[0,0],[0,0],[-1,0],[0,1],[0,0],[0,1],[0,0],[0,0],[0,0],[0,0],[0,0],[0,0],[0,1],[-1,0],[0,0],[0,0],[1,1],[0,0],[0,0],[0,1],[0,0],[1,0],[0,1],[1,0],[0,0],[0,1],[0,0],[0,0],[0,1],[0,0],[0,0],[0,1],[0,0],[0,0],[0,0],[0,1],[1,0],[0,0],[0,0],[0,0],[0,1],[0,0],[0,0],[0,1],[0,0],[0,0],[0,0],[0,0],[0,1],[0,0],[-1,1],[0,0],[-1,1],[0,0],[0,0],[0,0],[0,0],[0,1],[0,0],[0,0],[0,0],[0,0],[-1,1],[0,0],[0,-1],[0,0],[0,-1],[0,0],[0,0],[1,-1],[0,0],[0,0],[0,-1],[0,0],[0,0],[0,0],[0,-1],[0,0],[0,0],[0,0],[0,0],[0,0],[0,0],[0,0],[0,0],[0,0],[0,-1],[0,0],[0,0],[0,0],[0,0],[0,0],[0,0],[0,-1],[0,0],[0,0],[0,0],[0,-1],[0,0],[-1,0],[0,-1],[0,0],[0,-1],[0,0],[0,-1],[0,0],[-1,0],[0,1],[0,0],[0,-1],[0,0],[0,-1],[0,0],[0,0],[0,-1],[0,0],[0,0],[0,0],[0,0],[-1,0],[0,-1],[0,-1],[0,0],[0,-1],[0,-1],[0,0],[0,0],[0,-1],[0,0],[0,0],[0,0],[0,0],[0,0],[-1,0],[0,0],[0,-1],[0,0],[0,0],[0,-1],[-1,0],[0,0],[0,0],[0,0],[0,0],[0,0],[0,0],[0,1],[0,0],[0,0],[-1,0],[0,1],[0,0],[0,0],[-1,0],[0,0],[0,0],[0,-1],[0,0],[0,0],[0,1],[0,0],[0,0],[0,0],[0,0],[0,0],[0,1],[-1,0],[0,0],[0,0],[0,0],[0,0],[-1,1],[0,0],[0,0],[-1,0],[1,0],[0,-1],[0,0],[0,0],[-1,1],[0,0],[0,0],[0,0],[-1,-1],[0,0],[0,0],[0,0],[0,0],[0,0],[0,0],[0,1],[0,0],[0,-1],[0,0],[0,0],[0,0],[0,-1],[0,0],[0,0],[0,0],[0,1],[0,0],[0,0],[-1,0],[0,0],[0,0],[0,0],[0,0],[0,-1],[0,0],[0,0],[0,-1],[0,0],[0,-1],[0,0],[0,0],[1,-1],[-1,0],[0,-1],[0,-1],[0,0],[0,-1],[-1,0],[1,0],[-1,0],[0,0],[0,-1],[0,-1],[0,0],[0,1],[0,0],[0,0],[0,0],[0,1],[-1,-1],[0,0],[0,0],[0,-1],[0,0],[0,0],[0,1],[0,0],[1,-1],[0,0],[0,0],[0,0],[0,0],[-1,0],[0,0],[0,-1],[0,0],[0,0],[0,0],[0,0],[0,0],[0,0],[-1,-1],[0,0],[0,0],[0,0],[0,0],[0,1],[0,0],[0,0],[-1,-1],[0,0],[0,0],[0,0],[0,0],[0,-1],[0,0],[0,1],[0,0],[0,0],[0,0],[0,0],[0,0],[0,0],[0,0],[0,-1],[0,0],[-1,0],[0,0],[0,0],[0,1],[0,-1],[0,0],[-1,-1],[0,0],[0,0],[0,0],[0,0],[0,-1],[0,0],[0,0],[0,0],[0,0],[0,0],[0,0],[1,0],[0,0],[0,0],[0,0],[0,0],[0,0],[0,-1],[0,0],[0,-1],[0,0],[0,0],[0,0],[0,0],[0,0],[0,0],[1,0],[0,0],[0,0],[0,0],[0,0],[0,0],[0,-1],[1,0],[0,0],[0,0],[0,0],[-1,0],[0,-1],[0,0],[1,0],[0,0],[0,-1],[0,0],[0,0],[0,0],[0,0],[0,0],[0,0],[0,-1],[0,0],[0,-1],[0,0],[0,0],[0,-1],[0,0],[0,1],[1,0],[0,0],[0,0],[0,0],[0,0],[1,0],[0,0],[0,0],[0,0],[0,0],[1,-1],[0,0],[0,-1],[0,0],[0,0],[1,-1],[0,0],[0,0],[0,0],[0,-1],[0,0],[-1,0],[0,0],[0,0],[1,0],[0,0],[0,0],[0,-1],[0,0],[1,0],[0,0],[0,-1],[0,0],[0,0],[0,0],[0,0],[0,0],[0,0],[0,-1],[0,0],[0,0],[0,-1],[0,0],[1,0],[0,0],[1,0],[0,-1],[0,0],[0,0],[1,0],[0,0],[0,0],[1,-1],[0,0],[1,1],[0,0],[0,0],[0,0],[0,0],[0,0],[0,-1],[0,0],[0,0],[0,0],[0,-1],[0,0],[1,0],[0,0],[0,0],[0,0],[0,0],[0,0],[0,-1],[0,0],[0,0],[0,0],[0,0],[0,-1],[1,0],[0,0],[0,0],[0,0],[0,0],[0,1],[0,0],[0,0],[0,0],[1,0],[0,0],[0,0],[0,0],[0,0],[0,0],[0,1],[1,1],[0,0],[0,0],[0,0],[0,0],[0,0],[0,0],[0,0],[1,0],[0,0],[0,0],[0,1],[0,0],[0,0],[0,1],[0,0],[0,0],[0,1],[0,0],[0,0],[0,1],[0,0],[-1,0],[0,0],[0,0],[1,0],[0,0],[0,1],[-1,0],[0,0],[0,0],[0,0],[0,0],[-1,0],[0,0],[0,1],[0,0],[0,0],[0,0],[0,0],[-1,0],[0,0],[0,1],[0,0],[0,0],[0,0],[0,0],[0,0],[0,1],[0,0],[0,0],[0,0],[0,1],[0,0],[0,0],[0,0],[0,1],[0,0],[0,0],[0,0],[0,0],[0,0],[1,-1],[0,0],[1,0],[0,0],[0,0],[0,0],[1,0],[0,0],[0,0],[0,0],[0,1],[0,0],[0,0],[0,0],[0,0],[0,1],[0,0],[0,0],[0,0],[0,0],[0,0],[0,1],[1,0],[0,0],[1,0],[0,0],[0,0],[0,0],[0,0],[0,0],[0,1],[0,0],[0,0],[0,1],[-1,0],[0,0],[0,1],[0,0],[0,0],[0,0],[0,0],[1,0],[0,0],[1,0],[0,0],[0,0],[0,0],[0,1],[0,0],[0,0],[0,0],[1,0],[0,0],[0,0],[0,0],[0,0],[0,1],[0,-1],[1,0],[0,1],[0,-1],[0,0],[1,0],[0,0],[0,0],[0,0],[0,0],[0,0],[0,0],[0,0],[0,0],[0,1],[0,0],[-1,0],[0,0],[0,0],[0,1],[0,0],[0,0],[0,0],[0,0],[0,0],[0,0],[0,0],[0,0],[-1,0],[0,0],[0,1],[0,0],[0,0],[0,1]],[[815,227],[0,0],[0,0],[0,1],[0,0],[0,0],[0,0],[0,0],[0,0],[0,0],[0,0],[-1,0],[0,-1],[0,0],[0,0],[1,0]],[[814,227],[0,0],[0,0],[0,0],[0,0],[0,0],[0,1],[0,0],[0,0],[0,0],[0,0],[0,0],[0,1],[0,0],[0,0],[-1,0],[0,0],[0,0],[0,0],[0,0],[0,0],[-1,0],[0,-1],[0,0],[0,0],[0,0],[0,0],[0,0],[0,0],[0,0],[0,0],[1,-1],[0,0],[0,0],[1,0],[0,0],[0,-1],[0,0],[0,1],[0,0]],[[750,164],[0,0],[0,1],[0,0],[0,0],[1,0],[0,0],[0,0],[0,0],[0,0],[1,0],[0,1],[0,0],[-1,0],[0,0],[0,0],[1,0],[0,0],[0,1],[0,0],[-1,0],[0,0],[0,0],[0,0],[0,0],[0,0],[-1,0],[0,0],[0,0],[0,0],[-1,0],[-1,0],[0,0],[0,0],[0,0],[-1,0],[0,0],[0,0],[0,0],[-1,0],[0,0],[-1,0],[0,0],[0,0],[0,0],[0,0],[0,0],[0,0],[0,0],[-1,0],[0,0],[0,0],[-1,0],[0,0],[0,-1],[0,0],[0,0],[0,0],[0,0],[0,0],[0,0],[0,0],[0,-1],[0,0],[1,0],[0,-1],[0,0],[0,0],[1,-1],[0,0],[0,0],[0,0],[0,0],[1,0],[0,0],[0,0],[1,0],[0,0],[0,0],[0,0],[0,0],[0,0],[0,0],[0,0],[1,0],[0,0],[0,1],[1,0],[0,0],[0,0],[0,0],[0,-1],[0,0],[1,0],[0,1],[0,0],[0,0],[0,0],[0,0],[0,0]],[[743,180],[0,0],[0,-1],[0,0],[0,-1],[0,0],[0,0],[0,0],[0,-1],[0,0],[0,0],[0,0],[0,0],[0,0],[-1,0],[1,-1],[-1,0],[0,0],[0,0],[0,0],[0,-1],[0,0],[0,0],[0,-1],[1,0],[0,0],[0,0],[-1,0],[0,0],[0,0],[-1,-1],[0,0],[0,0],[0,0],[0,0],[0,0],[0,0],[0,0],[0,-1],[0,0],[0,0],[0,0],[1,0],[0,-1],[0,0],[0,0],[1,0],[0,0],[0,0],[0,0],[0,0],[0,0],[0,0],[0,0],[0,0],[0,-1],[-1,0],[0,0],[0,0],[0,0],[-1,0],[0,0],[0,0],[0,-1],[0,0],[0,0],[0,0],[0,0],[0,-1],[1,0],[0,0],[0,0],[0,0],[0,0],[-1,0],[0,0],[1,0],[0,0],[0,0],[0,0],[0,0],[0,0],[1,0],[0,0],[0,0],[0,0],[0,0],[0,0],[0,0],[0,0],[0,0],[0,0],[0,0],[0,0],[0,0],[1,0],[0,1],[0,0],[0,0],[0,0],[1,0],[0,0],[0,0],[0,0],[0,0],[0,0],[0,0],[0,0],[1,0],[-1,1],[1,0],[-1,1],[0,0],[0,0],[1,0],[0,0],[0,0],[0,0],[1,0],[0,0],[1,0],[0,0],[0,0],[1,0],[1,0],[0,0],[0,0],[1,0],[1,0],[0,1],[0,0],[1,0],[0,0],[0,0],[0,0],[0,0],[-1,0],[0,0],[0,0],[0,0],[0,1],[0,0],[0,0],[0,1],[0,0],[-1,0],[0,0],[0,0],[0,0],[0,0],[0,0],[0,0],[0,0],[0,0],[-1,0],[0,0],[0,0],[0,0],[0,0],[0,0],[0,1],[-1,0],[0,0],[0,0],[0,1],[0,0],[1,1],[0,0],[0,0],[0,0],[0,0],[0,0],[0,0],[0,0],[0,0],[0,0],[0,0],[0,0],[1,0],[0,0],[0,0],[0,0],[0,0],[0,-1],[0,0],[0,0],[0,0],[0,-1],[0,0],[1,0],[0,0],[0,0],[0,0],[0,0],[0,1],[0,0],[0,1],[0,0],[0,0],[1,1],[0,0],[0,0],[0,0],[0,1],[0,0],[0,1],[0,0],[0,0],[0,1],[0,0],[0,1],[0,0],[0,0],[0,0],[0,0],[0,0],[-1,0],[0,0],[0,0],[0,0],[0,0],[0,0],[0,0],[0,1],[0,0],[0,0],[0,0],[0,0],[0,0],[0,0],[0,0],[0,-1],[-1,-1],[0,0],[0,-1],[0,0],[0,-1],[0,0],[0,0],[0,0],[0,0],[0,0],[0,0],[-1,-1],[0,0],[0,0],[0,0],[0,0],[-1,0],[0,0],[0,0],[-1,0],[0,-1],[0,0],[0,0],[0,-1],[0,0],[0,0],[0,0],[0,0],[0,0],[0,0],[-1,0],[0,0],[0,0],[0,0],[1,1],[0,0],[0,0],[-1,0],[0,0],[0,0],[1,1],[-1,0],[0,0],[0,0],[0,0],[0,0],[0,0],[0,1],[1,0],[0,0],[0,0],[0,0],[-1,1],[0,0],[0,0],[0,1],[-1,0],[0,-1],[0,0],[0,0],[0,0],[1,0],[-1,0],[0,0],[0,0],[0,0],[0,-1],[0,0],[0,0],[0,0],[0,0],[0,1],[0,0],[-1,0],[0,0],[0,0],[0,1],[0,0],[0,-1],[0,0],[0,-1],[0,0],[0,1],[0,0],[0,1],[-1,0],[0,0],[0,0],[0,0],[0,-1],[-1,0],[0,0]],[[748,180],[0,0],[-1,0],[1,-1],[0,0],[0,0],[0,-1],[0,0],[-1,0],[0,0],[1,0],[0,0],[0,0],[0,0],[0,0],[0,1],[0,0],[0,1],[0,0]],[[623,132],[-1,0],[0,0],[1,0],[0,-1],[0,1],[0,0],[0,0],[0,0],[0,0],[1,0],[0,0],[0,0],[0,0],[1,0],[0,0],[0,0],[0,0],[0,0],[0,0],[0,1],[0,0],[1,0],[0,0],[0,0],[0,1],[0,0],[0,0],[0,0],[-1,0],[-1,0],[0,-1],[0,0],[0,0],[0,0],[-1,0],[0,0],[0,0],[0,-1],[0,0],[0,0]],[[634,135],[-1,0],[0,0],[0,0],[-1,0],[0,0],[0,0],[0,0],[0,-1],[0,0],[-1,0],[0,0],[0,0],[0,0],[0,0],[1,0],[0,0],[0,0],[0,0],[0,-1],[0,0],[0,0],[-1,0],[0,0],[1,0],[0,0],[0,0],[0,-1],[0,0],[0,0],[-1,0],[0,0],[0,0],[-1,0],[0,0],[-1,0],[0,1],[0,0],[-1,0],[0,0],[0,0],[-1,1],[0,0],[0,0],[0,-1],[0,0],[0,0],[0,0],[0,0],[0,0],[0,0],[0,0],[0,0],[0,0],[0,0],[0,-1],[0,0],[0,0],[0,0],[0,0],[0,0],[0,0],[-1,0],[0,0],[0,0],[0,-1],[-1,0],[0,0],[0,0],[0,0],[0,0],[0,0],[0,0],[0,0],[0,0],[0,0],[1,0],[0,-1],[0,0],[-1,0],[0,0],[-1,-1],[0,0],[0,0],[0,0],[1,0],[0,0],[0,0],[-1,-1],[0,0],[0,0],[0,0],[0,0],[-1,0],[0,0],[0,0],[0,0],[1,0],[0,0],[-1,0],[0,0],[0,-1],[0,0],[1,0],[0,0],[0,0],[1,0],[0,0],[0,0],[0,0],[1,1],[0,0],[0,0],[0,0],[0,0],[1,0],[0,0],[0,0],[0,0],[0,0],[1,-1],[0,0],[-1,0],[0,0],[0,0],[0,0],[-1,-1],[0,0],[0,0],[0,0],[0,0],[0,0],[0,0],[1,0],[0,0],[0,0],[0,0],[0,0],[0,0],[0,0],[0,0],[1,0],[0,0],[0,0],[0,0],[0,0],[0,0],[1,1],[0,0],[0,0],[0,0],[0,0],[1,0],[0,1],[1,0],[0,0],[0,-1],[0,0],[1,0],[0,0],[0,-1],[0,0],[1,0],[0,0],[0,0],[0,0],[1,1],[0,0],[0,1],[0,0],[1,0],[0,1],[0,0],[1,0],[0,0],[0,0],[1,0],[0,0],[0,0],[0,1],[1,0],[0,0],[-1,0],[-1,0],[0,0],[0,0],[-1,0],[0,1],[0,0],[0,1],[0,0],[0,0],[0,1],[0,0],[0,0],[-1,0],[0,0],[0,1],[0,-1],[0,0],[0,0],[0,0],[0,1],[0,0],[0,0],[0,1]],[[622,132],[0,0],[0,-1],[-1,0],[0,0],[0,0],[-1,0],[0,0],[0,0],[-1,-1],[0,0],[0,0],[0,0],[0,0],[0,0],[0,0],[0,0],[0,-1],[0,0],[1,0],[-1,0],[0,-1],[0,0],[0,0],[0,0],[0,0],[0,0],[0,0],[1,0],[0,0],[0,0],[1,0],[0,0],[1,0],[0,0],[1,0],[0,-1],[-1,0],[0,0],[1,0],[0,0],[0,0],[0,1],[0,0],[1,0],[0,0],[-1,0],[0,0],[0,0],[0,0],[1,0],[0,0],[0,0],[0,0],[0,0],[1,1],[0,0],[0,0],[-1,0],[0,0],[0,0],[0,0],[1,1],[0,0],[1,0],[0,0],[0,1],[-1,0],[0,0],[0,0],[0,0],[0,0],[0,0],[0,0],[0,0],[0,0],[0,0],[1,0],[0,1],[0,0],[0,0],[1,0],[0,0],[0,0],[0,0],[0,0],[0,0],[0,0],[0,1],[0,0],[0,0],[0,0],[0,0],[0,0],[0,0],[0,0],[0,0],[0,0],[0,0],[0,1],[0,0],[0,0],[-1,0],[0,0],[0,0],[0,0],[0,-1],[0,0],[0,0],[-1,0],[0,0],[0,-1],[0,0],[0,0],[0,0],[0,0],[0,0],[-1,0],[0,0],[0,0],[0,0],[-1,0],[0,0],[0,0],[0,0],[0,0],[0,-1],[0,1],[-1,0]],[[682,138],[1,0],[0,0],[1,0],[0,0],[0,0],[1,0],[0,0],[0,0],[0,0],[0,0],[0,1],[0,0],[0,0],[1,0],[0,0],[0,0],[1,0],[0,0],[0,0],[0,0],[0,0],[1,-1],[0,0],[0,0],[0,0],[0,0],[0,0],[0,0],[0,0],[0,0],[0,0],[1,0],[0,1],[0,0],[0,0],[1,0],[0,-1],[0,0],[0,0],[0,0],[0,0],[0,-1],[1,0],[0,0],[0,0],[0,1],[1,0],[0,-1],[0,0],[0,0],[0,0],[0,0],[0,-1],[0,0],[0,0],[1,0],[0,-1],[0,0],[1,0],[0,0],[1,0],[0,1],[0,0],[0,1],[0,0],[0,0],[0,-1],[1,0],[0,1],[0,0],[0,0],[-1,0],[0,1],[0,0],[0,1],[0,0],[1,0],[0,1],[0,0],[0,0],[0,0],[1,0],[0,-1],[1,0],[1,0],[0,0],[0,-1],[1,0],[1,0],[0,0],[0,0],[0,0],[0,0],[1,0],[0,0],[-1,0],[0,0],[0,0],[0,0],[1,0],[0,0],[0,0],[1,0],[0,0],[0,0],[0,0],[0,0],[1,0],[0,0],[0,0],[1,0],[0,0],[0,0],[0,0],[-1,0],[0,0],[0,0],[0,0],[0,0],[-1,1],[0,0],[1,0],[0,0],[0,0],[-1,0],[0,0],[-1,1],[0,0],[0,-1],[0,0],[0,0],[-1,0],[-1,0],[0,0],[-1,0],[-1,0],[0,1],[0,0],[0,0],[-1,0],[0,0],[0,0],[0,0],[-1,0],[0,1],[0,0],[0,0],[0,0],[-1,0],[0,0],[0,0],[0,1],[0,0],[0,0],[0,0],[0,0],[0,1],[0,0],[1,0],[0,0],[0,0],[0,0],[0,1],[0,0],[0,0],[0,0],[0,0],[0,0],[0,0],[-1,0],[0,1],[0,0],[0,0],[0,0],[-1,0],[0,1],[0,0],[0,0],[0,0],[0,0],[0,0],[0,0],[0,1],[0,0],[0,0],[0,0],[-1,0],[-1,0],[0,0],[0,0],[-1,0],[0,0],[0,1],[0,0],[1,0],[0,1],[0,0],[0,0],[0,0],[-1,1],[0,0],[-1,0],[0,0],[0,0],[0,1],[0,0],[0,0],[-1,0],[0,1],[0,0],[0,1],[0,0],[0,0],[0,1],[-1,0],[0,0],[0,-1],[0,0],[-1,0],[0,0],[0,0],[0,0],[-1,0],[0,0],[0,0],[0,1],[-1,0],[0,0],[0,0],[0,0],[0,0],[0,0],[0,0],[0,1],[0,0],[-1,0],[0,0],[-1,0],[0,0],[0,0],[0,0],[-1,0],[0,0],[0,0],[0,0],[0,1],[-1,0],[0,0],[0,1],[0,0],[0,0],[0,1],[0,0],[0,0],[0,0],[0,0],[0,1],[0,0],[-1,0],[-1,0],[0,0],[-1,0],[0,0],[-1,0],[0,0],[0,0],[-1,0],[0,0],[0,1],[-1,0],[0,0],[0,0],[0,0],[-1,0],[-3,0],[-1,0],[-1,-1],[-1,0],[-1,0],[-1,0],[1,-1],[1,-1],[0,0],[1,-1],[0,0],[0,-1],[0,0],[0,-1],[-1,0],[-1,0],[-1,0],[0,0],[0,0],[0,-1],[0,0],[0,0],[0,-1],[0,0],[0,-1],[0,0],[0,-1],[0,0],[0,0],[0,-1],[0,0],[0,0],[1,0],[-1,-1],[0,0],[0,0],[0,0],[-1,0],[0,0],[0,0],[0,-1],[1,0],[0,-1],[0,0],[0,0],[0,0],[0,0],[0,0],[0,0],[0,0],[0,0],[0,0],[1,-1],[0,0],[0,0],[0,0],[0,0],[0,0],[0,-1],[0,0],[0,0],[0,0],[0,0],[0,0],[0,0],[0,0],[0,0],[0,-1],[0,0],[0,0],[1,0],[-1,0],[1,0],[0,0],[0,0],[0,0],[0,0],[1,0],[0,0],[0,0],[0,0],[1,0],[0,1],[0,0],[0,0],[0,0],[1,0],[0,0],[0,0],[0,0],[0,0],[0,0],[1,0],[0,-1],[0,0],[0,0],[1,0],[0,0],[0,0],[0,-1],[-1,0],[1,0],[0,0],[0,0],[1,0],[0,0],[1,0],[0,0],[0,0],[0,0],[0,0],[0,-1],[0,0],[1,0],[0,0],[0,0],[1,-1],[0,0],[0,-1],[0,0],[0,0],[1,0],[0,-1],[0,0],[1,0],[0,0],[0,0],[1,0],[0,0],[0,-1],[0,1],[1,0],[0,0],[1,0],[0,0]],[[711,144],[-1,0],[0,0],[0,0],[0,-1],[0,0],[0,0],[0,0],[1,0],[0,0],[1,0],[0,0],[0,0],[0,0],[1,0],[-1,0],[0,0],[0,1],[-1,0],[0,0],[0,0]],[[488,92],[-1,0],[0,0],[0,0],[0,0],[0,0],[0,0],[0,0],[1,0],[0,-1],[0,0],[0,0],[0,1],[0,0],[0,0]],[[493,99],[0,0],[-1,0],[0,0],[-1,1],[0,0],[-1,0],[0,-1],[-1,0],[0,0],[0,0],[0,0],[-1,0],[1,0],[0,0],[-1,0],[0,0],[0,0],[0,0],[-1,0],[0,0],[0,0],[-1,0],[0,0],[0,0],[0,-1],[0,0],[0,0],[0,0],[1,0],[1,0],[0,-1],[0,0],[1,0],[0,0],[0,0],[0,0],[0,0],[0,-1],[0,0],[0,0],[0,0],[0,0],[0,0],[0,0],[-1,0],[0,0],[0,0],[-1,0],[0,0],[0,0],[0,0],[1,-1],[0,0],[0,0],[0,0],[0,0],[1,0],[1,-1],[0,0],[0,0],[0,0],[1,0],[0,0],[1,1],[-1,-1],[1,0],[0,0],[0,1],[0,-1],[0,0],[0,0],[0,0],[0,0],[0,0],[0,0],[0,-1],[0,0],[0,0],[0,0],[0,0],[0,0],[0,0],[0,-1],[0,0],[0,0],[0,0],[0,0],[0,0],[-1,0],[0,0],[0,0],[-1,-1],[0,0],[1,-1],[0,0],[1,0],[0,0],[-1,0],[-1,0],[0,0],[0,0],[0,0],[-1,0],[0,0],[0,0],[0,0],[0,0],[0,0],[0,0],[-1,0],[0,0],[0,0],[0,0],[-1,0],[0,0],[0,0],[0,0],[0,1],[-1,-1],[0,0],[0,0],[0,0],[0,0],[0,0],[0,-1],[1,0],[0,0],[0,-1],[0,0],[0,0],[0,0],[0,0],[0,-1],[0,0],[0,0],[0,0],[0,0],[0,0],[0,0],[0,0],[0,0],[0,0],[0,0],[-1,0],[0,0],[0,0],[0,0],[0,0],[0,0],[0,0],[0,0],[0,0],[0,0],[0,0],[0,-1],[0,1],[0,0],[-1,0],[0,0],[0,0],[0,0],[0,1],[0,0],[0,1],[0,0],[0,0],[0,0],[-1,0],[0,0],[0,0],[0,0],[0,-1],[1,0],[0,0],[0,0],[0,0],[0,0],[0,0],[0,0],[0,-1],[0,0],[0,-1],[0,0],[0,0],[0,0],[0,0],[0,-1],[1,0],[0,0],[0,0],[-1,1],[0,0],[-1,0],[0,0],[0,-1],[0,0],[-1,0],[0,0],[0,0],[1,0],[0,0],[0,0],[0,0],[0,0],[0,-1],[1,0],[0,0],[0,0],[0,-1],[-1,0],[0,0],[0,0],[0,0],[0,0],[1,0],[-1,0],[0,0],[0,0],[0,0],[0,-1],[1,0],[0,0],[0,0],[0,0],[1,0],[0,0],[0,0],[-1,0],[0,-1],[0,0],[0,0],[0,0],[0,0],[1,0],[0,0],[0,0],[0,0],[0,0],[0,0],[0,-1],[0,0],[0,0],[0,0],[0,0],[1,0],[0,0],[0,0],[0,0],[0,0],[1,0],[0,0],[0,0],[1,0],[0,0],[1,0],[1,0],[0,0],[1,0],[0,0],[0,0],[0,0],[0,0],[-1,1],[0,0],[0,0],[0,0],[-1,0],[-1,1],[0,0],[0,0],[0,0],[0,0],[0,0],[0,1],[0,0],[0,0],[0,0],[1,0],[1,-1],[0,0],[1,1],[0,0],[0,-1],[0,0],[2,1],[0,-1],[1,1],[0,0],[0,0],[0,0],[0,0],[0,0],[-1,1],[0,0],[0,0],[0,0],[0,1],[-1,0],[0,0],[0,1],[0,0],[-1,0],[0,0],[-1,0],[0,0],[0,0],[0,0],[1,0],[0,0],[1,0],[0,0],[-1,1],[0,0],[-1,0],[0,0],[0,0],[-1,0],[0,0],[0,0],[0,0],[0,0],[2,0],[0,0],[0,0],[1,0],[1,0],[0,1],[1,0],[0,0],[0,0],[1,0],[0,1],[0,1],[0,0],[1,1],[0,0],[1,0],[0,0],[1,0],[0,1],[0,0],[1,0],[0,0],[-1,1],[1,0],[0,0],[0,0],[0,1],[0,0],[0,0],[0,0],[0,0],[0,-1],[-1,0],[0,0],[-1,0],[0,0],[1,0],[0,0],[1,1],[1,0],[0,1],[0,0],[0,0],[-1,0],[0,1],[1,0],[0,0],[0,0],[0,0],[0,-1],[1,0],[0,0],[0,0],[1,0],[0,0],[0,1],[1,0],[1,0],[0,0],[0,0],[0,1],[0,0],[0,0],[-1,1],[0,0],[0,0],[0,0],[0,0],[-1,0],[0,0],[0,0],[0,0],[0,0],[0,1],[0,0],[0,0],[-1,0],[0,0],[1,0],[-1,0],[0,0],[0,0],[0,0],[-1,0],[0,0],[0,0],[1,0],[0,1],[0,0],[0,0],[1,0],[0,0],[1,0],[0,0],[0,0],[0,0],[0,0],[-1,1],[0,0],[0,0],[-1,0],[0,0],[-1,0],[0,0],[0,0],[0,0],[-2,0],[0,0],[-1,0],[0,0],[-1,0],[0,0],[-1,0],[0,0],[0,0],[0,0],[0,0],[-1,0],[0,1],[-1,0],[1,0],[0,0],[0,0],[-1,0],[0,0],[-1,0],[0,0],[0,0],[0,0],[-1,0],[0,0],[0,0],[-1,0],[-1,0],[0,0],[0,1],[0,0],[0,0],[-1,0],[0,0],[0,-1],[0,0],[-1,0],[0,1],[0,0],[0,0],[-1,0],[0,0],[-1,0],[0,0],[0,0],[0,0],[-1,0],[0,0],[0,0],[0,0],[0,0],[0,0],[0,0],[0,0],[1,-1],[0,0],[0,0],[0,0],[1,0],[0,0],[0,-1],[1,0],[0,0],[0,0],[0,0],[1,-1],[0,0],[0,0],[1,0],[1,0],[0,0],[0,0],[1,0],[0,0],[0,-1],[1,0],[0,0],[0,0],[0,0],[0,0]],[[489,94],[0,0],[0,0],[0,1],[0,0],[-1,0],[0,0],[0,0],[0,0],[0,0],[0,-1],[0,0],[0,0],[1,0]],[[496,75],[0,0],[1,0],[0,0],[0,0],[0,0],[0,0],[0,1],[0,0],[0,0],[0,0],[0,0],[0,0],[-1,0],[0,0],[0,0],[0,0],[1,0],[-1,0],[0,0],[0,0],[0,0],[0,0],[0,0],[0,0],[0,0],[0,0],[-1,-1],[0,0],[1,0],[0,0],[0,0],[0,0],[0,0],[0,0],[0,0],[0,0],[0,0],[0,0],[0,0],[0,0]],[[492,79],[0,0],[0,0],[0,0],[0,0],[0,0],[0,0],[0,0],[0,0],[0,0],[-1,0],[0,0],[0,0],[0,0],[0,0],[0,0],[0,0],[0,0],[0,0],[0,0],[0,0],[0,0],[0,0],[0,0],[1,0],[0,0],[0,0],[0,0]],[[484,86],[-1,0],[0,0],[0,0],[0,0],[0,0],[0,0],[0,0],[0,0],[0,-1],[0,0],[0,0],[0,0],[0,0],[1,0],[0,1],[0,0],[0,0],[0,0]],[[483,87],[0,1],[0,0],[0,0],[0,0],[0,0],[0,0],[0,0],[0,0],[0,0],[0,0],[0,0],[0,0],[-1,0],[0,0],[0,0],[0,0],[0,0],[0,0],[0,-1],[1,0],[0,0],[0,0],[0,0],[0,0]],[[483,81],[0,0],[0,0],[-1,0],[0,0],[0,0],[0,0],[0,1],[0,0],[0,0],[0,0],[-1,0],[0,0],[0,0],[0,0],[0,0],[0,0],[0,0],[0,0],[0,0],[0,0],[0,0],[0,0],[0,0],[0,0],[0,-1],[0,0],[0,0],[0,0],[0,0],[0,0],[0,0],[0,0],[0,0],[0,0],[0,0],[0,0],[0,0],[1,0],[0,0],[-1,0],[0,0],[1,0],[0,0],[1,-1],[0,0],[0,0],[0,0],[0,1]],[[483,83],[0,0],[0,0],[0,0],[0,1],[0,0],[0,0],[1,0],[0,0],[0,0],[1,0],[-1,0],[0,0],[0,0],[0,0],[0,0],[0,0],[0,0],[-1,0],[0,0],[0,0],[0,0],[-1,-1],[0,0],[0,0],[0,0],[0,0],[0,0],[0,0],[0,0],[0,0],[0,0],[0,0],[0,0],[1,0],[0,0],[0,0],[0,0],[0,0],[0,0]],[[483,92],[0,0],[0,0],[-1,0],[0,0],[0,0],[0,0],[0,0],[0,0],[0,0],[0,0],[-1,0],[0,0],[0,0],[0,0],[0,0],[0,-1],[0,0],[0,1],[-1,0],[0,0],[0,0],[0,0],[0,0],[0,0],[0,0],[0,0],[-1,0],[0,0],[0,0],[0,0],[-1,0],[0,0],[0,-1],[0,0],[0,0],[0,0],[1,0],[0,0],[0,0],[0,0],[-1,0],[0,0],[0,0],[0,0],[1,0],[0,0],[0,0],[0,0],[0,-1],[0,0],[1,0],[0,0],[0,0],[0,0],[0,0],[0,0],[1,0],[0,0],[0,-1],[0,0],[0,0],[1,0],[0,0],[1,0],[0,0],[0,0],[1,0],[0,1],[0,0],[0,0],[0,0],[0,1],[0,0],[0,0],[0,0],[0,0],[1,0],[0,0],[0,0],[0,0],[0,0],[0,0],[0,0],[0,0],[-1,0],[1,0],[0,1],[0,0],[0,0],[0,0],[-1,0],[0,0],[0,0],[0,0],[0,0],[0,0],[-1,0],[0,0]],[[604,111],[0,0],[-1,0],[0,0],[0,0],[-1,1],[0,0],[-1,0],[0,0],[0,0],[-1,0],[0,0],[0,0],[-1,1],[0,0],[-1,0],[0,0],[-1,0],[-1,1],[0,0],[0,0],[0,0],[0,0],[0,0],[0,0],[0,0],[0,-1],[0,0],[0,1],[0,0],[-1,0],[0,0],[0,0],[0,1],[1,0],[0,0],[-1,0],[0,0],[0,-1],[-1,0],[0,1],[0,-1],[0,0],[-1,0],[0,0],[-1,0],[0,0],[0,0],[0,0],[0,0],[-1,0],[0,0],[0,0],[-1,0],[0,0],[-1,0],[-1,0],[0,0],[-1,0],[0,0],[0,0],[0,-1],[0,0],[0,0],[1,0],[-1,0],[0,0],[0,0],[-1,0],[0,0],[1,0],[0,0],[1,0],[0,0],[1,0],[0,0],[0,0],[-1,0],[0,0],[0,0],[-1,-1],[0,0],[0,0],[0,0],[0,-1],[0,0],[0,0],[0,0],[0,1],[0,0],[0,0],[0,1],[0,0],[0,0],[-1,0],[0,-1],[0,0],[0,1],[0,0],[-1,0],[-1,0],[0,0],[0,0],[0,1],[0,0],[-1,0],[0,0],[0,1],[0,0],[-1,0],[0,0],[0,0],[-1,0],[0,0],[0,0],[0,1],[0,0],[0,0],[0,0],[0,0],[0,0],[-1,0],[0,0],[-1,0],[0,0],[0,0],[0,0],[0,0],[0,0],[0,0],[0,1],[0,0],[-1,-1],[-1,0],[0,0],[0,0],[0,0],[1,0],[0,0],[0,0],[0,0],[0,-1],[0,0],[0,0],[0,0],[1,0],[0,0],[0,-1],[0,0],[0,0],[0,0],[0,0],[0,-1],[0,0],[0,0],[0,0],[1,0],[0,0],[0,0],[0,0],[0,0],[0,0],[0,0],[0,0],[0,0],[0,0],[1,0],[0,0],[0,0],[0,0],[0,0],[0,0],[0,0],[1,0],[0,0],[0,0],[0,0],[0,0],[0,0],[0,0],[0,-1],[0,0],[0,0],[-1,0],[0,0],[0,0],[0,0],[0,0],[0,-1],[0,0],[0,0],[0,0],[0,0],[0,0],[0,0],[-1,0],[0,0],[0,-1],[0,0],[0,0],[0,0],[0,0],[0,0],[0,0],[0,0],[0,-1],[0,0],[0,0],[-1,0],[0,0],[0,0],[0,0],[0,0],[-1,0],[0,0],[0,0],[0,0],[0,0],[0,0],[-1,0],[0,0],[0,-1],[0,0],[0,0],[0,0],[0,0],[0,0],[-1,0],[0,0],[0,0],[0,0],[-1,0],[0,0],[0,0],[0,0],[0,0],[0,0],[-1,0],[0,0],[0,0],[-1,0],[0,0],[0,0],[0,0],[-1,0],[0,0],[0,1],[0,0],[0,0],[-1,0],[-1,0],[0,0],[-1,0],[0,1],[-1,0],[0,0],[0,0],[-1,-1],[0,0],[0,0],[0,0],[-1,0],[0,0],[0,0],[0,0],[0,0],[-1,0],[0,0],[0,0],[0,0],[-1,0],[-1,0],[0,0],[0,0],[0,0],[0,0],[0,0],[-1,0],[0,0],[0,0],[0,0],[0,0],[0,0],[0,0],[0,0],[0,0],[0,0],[0,-1],[-1,0],[0,0],[0,0],[0,0],[0,0],[0,0],[0,0],[0,0],[0,0],[-1,0],[1,-1],[0,0],[0,0],[0,0],[0,-1],[0,0],[1,0],[0,0],[0,0],[0,0],[0,0],[0,0],[0,0],[0,0],[0,0],[0,0],[0,0],[0,0],[0,-1],[0,0],[0,0],[0,0],[0,0],[1,-1],[0,0],[0,0],[1,-1],[0,0],[0,0],[1,0],[0,-1],[1,0],[0,0],[0,0],[0,0],[0,0],[0,0],[0,-1],[0,0],[0,0],[0,0],[0,0],[0,0],[0,0],[0,0],[-1,0],[0,-1],[0,0],[0,0],[0,0],[0,0],[0,0],[0,-1],[0,0],[0,0],[0,0],[0,0],[0,0],[0,0],[0,0],[1,0],[0,0],[0,0],[0,-1],[1,0],[0,0],[0,0],[0,0],[1,0],[0,0],[1,0],[0,0],[1,0],[0,0],[1,0],[1,0],[0,0],[0,1],[1,0],[0,0],[1,0],[0,0],[0,0],[1,0],[0,0],[0,0],[0,0],[0,0],[1,0],[0,0],[0,0],[0,0],[0,0],[0,0],[0,0],[1,0],[0,0],[0,0],[0,0],[0,0],[1,0],[0,0],[0,0],[0,1],[0,0],[1,0],[0,-1],[0,0],[0,0],[0,0],[0,0],[0,0],[1,0],[0,0],[0,0],[0,0],[0,1],[0,0],[1,0],[0,0],[0,0],[1,0],[0,-1],[0,0],[1,1],[0,0],[0,0],[0,0],[0,0],[1,0],[0,0],[0,0],[0,-1],[0,0],[-1,0],[1,0],[0,0],[0,0],[0,-1],[0,0],[1,0],[0,0],[0,0],[0,0],[1,0],[0,0],[1,0],[0,0],[0,0],[0,0],[1,0],[0,0],[0,0],[0,0],[0,-1],[1,0],[0,0],[0,0],[0,0],[1,0],[0,0],[1,0],[0,0],[0,0],[1,0],[0,0],[0,0],[1,0],[0,1],[0,0],[1,1],[0,0],[0,0],[0,0],[-1,0],[0,0],[0,0],[0,0],[1,0],[-1,1],[1,0],[0,0],[0,0],[0,0],[0,0],[0,0],[0,0],[1,0],[0,0],[0,0],[0,0],[1,0],[0,0],[0,0],[0,0],[0,1],[0,0],[0,0],[1,0],[0,0],[0,0],[0,0],[0,0],[0,0],[0,0],[0,1],[0,0],[0,0],[0,0],[0,0],[0,0],[0,0],[0,0],[1,1],[0,-1],[0,0],[0,0],[1,0],[0,0],[0,1],[0,0],[0,0],[1,0],[0,0],[0,0],[0,0],[0,0],[1,0],[0,0],[1,0],[0,-1],[0,0],[0,0],[0,1],[1,0],[0,0],[0,0],[1,1],[0,0],[0,0],[0,0],[0,0],[0,-1],[0,0],[1,0],[0,1],[0,0],[1,0],[0,0],[0,0],[1,0],[0,0],[0,0],[0,0],[0,0],[0,0],[1,0],[0,0],[0,0],[1,1],[0,0],[0,0],[0,0],[1,0],[0,0],[-1,0],[0,0],[1,0],[0,0],[0,1],[0,0],[-1,0],[0,0],[0,0],[-1,0],[1,0],[0,0],[0,1],[0,0],[0,0],[0,0],[0,0],[0,0],[0,0],[0,0],[-1,0],[0,0],[1,0],[0,0],[0,1],[0,0],[0,0],[0,0],[0,0],[0,0],[0,0],[0,0],[0,0],[0,1],[0,0],[0,0],[0,0],[0,0],[-1,0],[0,0],[-1,0],[0,0],[-1,0],[0,0],[0,1],[0,0],[-1,0],[0,0],[0,0],[0,0],[0,1],[0,0],[-1,0],[0,0],[0,0],[1,0],[0,0],[0,0],[0,0],[-1,0],[0,0],[0,0],[0,0]],[[526,110],[0,0],[0,0],[0,1],[0,0],[0,0],[0,0],[0,1],[0,0],[0,0],[0,0],[1,0],[0,0],[0,0],[0,0],[0,0],[1,0],[0,0],[0,0],[0,0],[1,0],[0,0],[-1,0],[0,1],[1,0],[0,0],[0,0],[-1,0],[0,0],[0,0],[0,0],[0,0],[-1,0],[0,0],[0,0],[1,0],[0,0],[0,1],[0,0],[0,0],[0,0],[-1,0],[0,0],[0,-1],[0,0],[0,0],[-1,1],[0,0],[0,0],[0,-1],[0,0],[0,0],[0,0],[-1,0],[0,0],[0,0],[0,1],[0,0],[0,0],[0,0],[0,0],[0,0],[0,1],[0,0],[0,0],[-1,0],[0,0],[0,0],[0,-1],[0,0],[0,0],[0,0],[-1,0],[0,0],[0,0],[0,-1],[0,0],[0,0],[0,0],[0,0],[-1,0],[0,1],[0,0],[0,0],[0,0],[0,0],[0,0],[-1,1],[0,0],[0,0],[0,-1],[-1,1],[0,0],[-1,0],[0,0],[0,0],[0,0],[0,-1],[0,0],[0,0],[0,0],[0,0],[0,0],[0,0],[-1,-1],[1,0],[-1,0],[0,0],[0,0],[-1,0],[0,1],[0,0],[0,0],[0,0],[0,0],[0,0],[-1,0],[0,0],[0,0],[0,0],[1,0],[0,0],[0,-1],[0,0],[0,0],[0,0],[0,0],[0,0],[0,0],[1,-1],[0,0],[0,0],[0,0],[0,0],[0,0],[0,0],[1,-1],[0,0],[0,0],[0,0],[0,0],[0,0],[0,0],[0,0],[0,-1],[0,0],[1,0],[0,0],[0,0],[0,1],[0,0],[0,0],[0,-1],[0,0],[0,0],[1,0],[0,0],[1,0],[0,0],[0,0],[1,0],[0,0],[0,0],[0,0],[0,0],[0,0],[0,0],[0,0],[0,0],[0,0],[0,0],[0,0],[0,0],[0,0],[0,0],[1,0],[0,0],[0,0],[0,0],[0,0],[0,0],[0,0],[0,0],[1,0],[0,0],[1,0],[0,0]],[[552,82],[0,0],[0,0],[0,0],[-1,0],[0,1],[1,0],[0,0],[-1,0],[0,0],[0,1],[0,0],[0,0],[-1,0],[0,0],[0,1],[0,0],[0,-1],[0,0],[0,0],[0,0],[-1,0],[1,-1],[0,0],[0,0],[0,0],[0,0],[0,-1],[1,0],[0,0],[0,0],[0,0],[1,0],[0,0],[0,0]],[[545,86],[0,0],[0,0],[0,0],[0,0],[0,0],[0,-1],[1,0],[0,-1],[0,0],[0,0],[0,-1],[1,0],[0,0],[0,0],[0,1],[0,0],[0,0],[-1,0],[0,1],[0,0],[-1,1]],[[531,79],[0,0],[1,0],[0,0],[0,0],[0,-1],[0,0],[0,0],[0,-1],[0,0],[0,0],[0,0],[1,0],[0,-1],[0,0],[0,0],[1,0],[0,0],[0,0],[0,0],[0,-1],[0,0],[0,0],[0,0],[0,-1],[0,0],[0,-1],[0,0],[0,0],[1,0],[0,0],[0,0],[0,0],[0,0],[0,0],[0,-1],[0,0],[-1,0],[0,0],[0,0],[-1,-1],[0,0],[1,-1],[0,0],[0,0],[-1,-1],[0,0],[0,0],[0,-1],[0,0],[0,0],[0,0],[0,0],[0,0],[0,-1],[0,0],[0,-1],[1,0],[0,0],[1,-1],[0,0],[0,0],[0,0],[1,0],[0,0],[1,0],[1,0],[0,0],[0,0],[1,0],[0,0],[0,-1],[-1,0],[0,0],[-1,0],[1,-1],[1,0],[0,-1],[0,0],[1,0],[0,-1],[0,-1],[0,0],[0,0],[0,0],[0,-1],[1,0],[0,0],[0,0],[1,0],[0,0],[0,-1],[1,0],[0,0],[1,-1],[1,0],[0,0],[0,0],[0,-1],[0,0],[-1,0],[0,0],[1,0],[0,0],[0,-1],[0,0],[1,0],[1,-1],[0,0],[1,0],[1,0],[0,0],[1,0],[0,0],[0,-1],[0,0],[0,0],[0,0],[0,0],[1,0],[1,0],[0,0],[1,0],[1,0],[0,0],[1,0],[0,0],[0,0],[0,0],[0,0],[0,-1],[1,0],[0,0],[0,0],[-1,0],[0,0],[1,-1],[0,0],[1,1],[0,0],[0,0],[0,0],[1,0],[0,0],[1,0],[0,0],[0,1],[0,0],[1,0],[0,0],[1,0],[0,0],[1,0],[0,0],[1,0],[0,1],[0,0],[1,0],[0,0],[0,0],[1,0],[0,0],[-1,1],[0,0],[0,0],[0,0],[0,0],[0,0],[0,1],[0,0],[0,0],[0,0],[0,0],[1,0],[0,0],[0,0],[0,0],[0,0],[0,0],[0,1],[0,0],[0,0],[0,0],[0,0],[0,0],[1,0],[0,1],[-1,0],[0,0],[0,0],[0,0],[0,0],[0,0],[0,1],[0,0],[0,0],[0,0],[0,0],[0,0],[0,0],[1,1],[0,0],[0,0],[-1,0],[0,0],[-1,0],[0,0],[-1,0],[0,0],[0,0],[0,0],[-1,0],[0,0],[0,0],[-1,0],[0,0],[0,0],[0,0],[0,0],[0,1],[0,0],[0,0],[-1,0],[0,0],[0,0],[1,0],[-1,0],[0,0],[0,0],[0,0],[0,0],[0,0],[-1,0],[0,0],[0,0],[0,1],[0,0],[0,0],[0,0],[0,0],[0,0],[0,0],[0,0],[0,0],[0,0],[0,0],[0,0],[0,0],[0,0],[-1,1],[0,0],[0,0],[0,0],[0,0],[0,1],[0,0],[1,0],[0,0],[0,0],[-1,0],[-1,1],[0,1],[0,0],[-1,0],[0,0],[-1,0],[-1,0],[0,0],[0,1],[0,0],[0,0],[-1,0],[0,0],[0,0],[0,0],[0,0],[0,0],[-1,0],[-1,0],[0,0],[1,0],[0,0],[-1,0],[0,0],[0,0],[0,0],[0,1],[0,0],[-1,0],[0,0],[0,0],[1,0],[0,0],[0,0],[-1,0],[0,0],[0,0],[0,1],[-1,0],[0,-1],[0,0],[0,0],[0,0],[0,0],[0,0],[0,1],[0,0],[0,0],[0,0],[0,0],[0,0],[0,0],[0,0],[0,0],[-1,0],[0,0],[0,0],[0,0],[0,0],[0,0],[-1,1],[1,0],[0,0],[0,0],[0,0],[0,0],[0,1],[0,0],[-1,0],[1,0],[0,0],[0,1],[-1,0],[0,-1],[0,1],[0,0],[0,0],[0,0],[0,0],[0,0],[0,1],[0,0],[0,0],[0,0],[0,0],[0,1],[0,0],[0,0],[0,0],[0,0],[1,0],[0,0],[0,0],[0,1],[0,0],[0,0],[1,0],[0,0],[0,0],[1,0],[0,0],[0,0],[1,0],[0,1],[0,0],[0,0],[1,0],[0,0],[0,0],[0,1],[0,0],[0,0],[-1,0],[0,0],[0,0],[-1,1],[0,0],[0,0],[0,0],[0,0],[-1,0],[0,0],[1,0],[0,0],[0,0],[0,0],[0,0],[0,0],[1,0],[0,0],[0,0],[0,0],[-1,0],[0,0],[0,1],[0,0],[-1,0],[0,0],[0,0],[0,0],[-1,0],[0,0],[-1,1],[0,0],[-1,0],[-1,0],[0,0],[-1,0],[1,0],[0,0],[0,0],[1,0],[0,0],[0,0],[0,0],[0,0],[0,1],[0,0],[0,0],[0,1],[-1,0],[0,0],[0,0],[0,1],[0,0],[1,0],[-1,0],[0,1],[0,0],[0,0],[0,0],[0,1],[0,0],[0,0],[-1,0],[0,1],[0,0],[0,1],[-1,0],[0,0],[0,0],[-1,0],[0,0],[-1,0],[-1,0],[0,0],[0,0],[0,0],[0,0],[0,0],[-1,0],[0,0],[0,1],[0,0],[0,0],[0,0],[0,1],[-1,0],[0,0],[-2,0],[-1,0],[0,0],[0,-1],[0,0],[0,0],[0,0],[0,0],[0,-1],[-1,0],[0,-1],[0,0],[0,0],[1,0],[0,0],[0,0],[0,0],[0,0],[0,0],[0,0],[0,0],[0,0],[0,-1],[0,0],[0,0],[-1,0],[0,0],[-1,-1],[0,-1],[0,0],[0,0],[-1,0],[0,0],[0,-1],[0,0],[0,0],[0,0],[-1,-1],[0,0],[0,0],[0,0],[0,-1],[0,0],[0,0],[0,-1],[0,0],[-1,0],[1,0],[0,0],[0,0],[0,0]],[[509,131],[0,0],[0,0],[0,0],[0,0],[0,1],[0,0],[0,0],[0,0],[0,1],[0,0],[-1,0],[0,0],[0,0],[0,-1],[0,0],[-1,0],[0,0],[0,0],[0,0],[0,0],[0,0],[-1,0],[0,0],[2,-1],[0,0],[1,0],[0,0],[0,0],[0,0],[0,0],[0,0],[0,0],[0,0]],[[512,131],[0,0],[-1,0],[0,0],[0,0],[0,0],[0,0],[0,0],[1,0],[0,0],[0,0],[0,0]],[[495,122],[0,0],[0,0],[0,0],[1,0],[0,0],[0,0],[0,0],[0,0],[0,0],[0,0],[0,0],[0,0],[0,1],[0,0],[0,0],[0,-1],[0,0],[0,0],[0,0],[0,0],[1,1],[0,0],[1,0],[0,0],[0,0],[0,0],[0,0],[1,0],[0,0],[0,0],[0,0],[0,0],[0,0],[1,0],[0,0],[0,0],[1,0],[0,0],[0,0],[0,0],[0,0],[1,0],[0,0],[0,0],[0,0],[0,0],[0,0],[1,0],[0,0],[0,0],[1,0],[0,0],[0,1],[0,0],[0,0],[0,0],[0,0],[0,0],[0,0],[0,0],[0,0],[1,0],[0,0],[0,0],[0,0],[0,0],[0,0],[1,0],[0,0],[0,0],[0,0],[1,0],[0,0],[0,0],[0,0],[0,0],[1,0],[0,0],[0,0],[0,0],[0,0],[1,0],[0,0],[0,0],[0,0],[0,1],[0,0],[0,0],[0,0],[0,0],[0,0],[0,0],[0,1],[0,0],[-1,0],[-2,1],[0,0],[0,0],[-2,1],[-1,0],[0,0],[-1,0],[0,1],[0,0],[0,0],[0,0],[0,0],[0,0],[0,0],[0,0],[-1,1],[-1,1],[0,0],[0,0],[-1,1],[0,0],[0,1],[1,1],[0,0],[0,0],[1,0],[-1,0],[0,1],[-1,0],[0,0],[-1,1],[0,0],[0,0],[0,1],[0,0],[0,0],[0,0],[0,0],[0,0],[0,0],[-1,0],[-1,1],[0,0],[-1,0],[0,1],[-1,1],[0,0],[0,0],[-1,-1],[0,1],[0,0],[-1,0],[0,0],[-1,0],[0,0],[0,0],[-1,0],[0,0],[-2,0],[0,0],[0,0],[-1,0],[0,0],[-1,1],[0,0],[-1,0],[0,0],[0,0],[0,0],[0,0],[0,1],[0,0],[0,0],[-1,0],[0,-1],[-1,0],[0,0],[0,0],[0,-1],[0,0],[0,0],[0,0],[-1,0],[1,-1],[0,0],[0,0],[0,0],[0,0],[-1,0],[-1,0],[0,-1],[0,0],[0,0],[0,0],[-1,0],[0,1],[0,-1],[0,0],[-1,-1],[1,0],[0,0],[0,0],[0,-1],[1,0],[0,0],[0,0],[0,0],[0,0],[0,0],[-1,-1],[0,0],[0,0],[0,0],[0,-1],[0,0],[1,0],[0,0],[0,0],[0,-1],[0,0],[-1,0],[0,0],[0,-1],[0,0],[0,0],[-1,0],[0,0],[1,0],[1,0],[0,0],[0,0],[0,-1],[0,0],[0,0],[0,0],[0,-1],[0,0],[0,0],[0,0],[0,0],[0,0],[0,0],[0,0],[0,0],[0,0],[0,-1],[0,0],[0,0],[0,-1],[0,0],[0,0],[0,0],[0,0],[1,0],[0,-1],[0,0],[1,0],[0,0],[0,0],[0,0],[0,-1],[0,0],[0,0],[-1,0],[0,0],[0,0],[0,0],[0,0],[0,0],[0,0],[0,0],[-1,-1],[0,0],[0,1],[0,0],[0,-1],[-1,0],[0,0],[0,0],[0,1],[0,0],[0,0],[0,0],[-1,0],[0,0],[0,0],[0,0],[-1,0],[0,0],[0,0],[0,0],[0,0],[0,0],[0,0],[0,0],[0,0],[0,-1],[0,0],[0,0],[0,0],[0,0],[-1,0],[0,0],[0,0],[0,0],[-1,0],[0,1],[0,0],[0,0],[0,-1],[0,0],[0,0],[0,0],[0,0],[0,-1],[0,0],[0,0],[0,0],[0,0],[0,0],[0,0],[0,0],[-1,0],[0,0],[0,0],[1,-1],[0,0],[-1,0],[0,0],[0,0],[0,0],[0,0],[0,-1],[0,0],[0,0],[1,0],[0,0],[1,0],[0,0],[0,0],[0,-1],[0,0],[0,0],[0,0],[1,0],[0,0],[1,0],[0,0],[0,0],[0,0],[1,0],[0,0],[1,0],[0,0],[1,0],[0,0],[1,0],[0,0],[1,0],[1,0],[0,0],[1,0],[2,0],[0,1],[1,-1],[0,0],[1,0],[0,0],[0,0],[1,0],[1,1],[0,-1],[0,0],[1,1],[1,0],[0,0],[1,0],[0,0],[0,0]],[[455,163],[0,0],[0,0],[0,1],[-1,0],[0,-1],[0,0],[0,0],[0,0],[0,0],[1,0],[0,0],[0,-1],[1,0],[0,0],[-1,1]],[[463,161],[-1,0],[0,0],[0,0],[0,0],[1,0],[0,0],[0,-1],[0,0],[0,0],[0,0],[0,1],[0,0],[0,0]],[[461,163],[0,0],[-1,0],[0,0],[1,0],[0,0],[0,0],[1,-1],[0,0],[0,0],[0,0],[0,0],[0,0],[0,0],[0,1],[0,0],[-1,0]],[[458,163],[0,0],[0,1],[0,0],[0,0],[-1,0],[0,0],[0,0],[0,0],[0,0],[0,-1],[0,0],[1,0],[0,0],[0,0],[0,0]],[[562,106],[0,0],[-1,0],[0,0],[0,1],[0,0],[0,0],[0,0],[-1,1],[0,0],[-1,0],[0,0],[0,0],[0,0],[0,0],[0,0],[0,0],[0,0],[0,-1],[-1,0],[0,1],[0,0],[-1,0],[0,-1],[-1,0],[0,1],[0,0],[0,0],[-1,0],[0,1],[-1,0],[0,0],[0,-1],[0,0],[-1,0],[0,1],[0,0],[0,0],[-1,0],[-1,0],[0,0],[0,0],[0,0],[0,0],[0,1],[0,0],[-1,0],[-1,0],[0,0],[-1,-1],[0,0],[-1,0],[0,0],[0,0],[0,0],[0,0],[0,0],[0,0],[-1,-1],[0,0],[0,0],[0,0],[0,-1],[0,0],[0,0],[0,0],[1,0],[0,0],[0,0],[0,0],[1,0],[0,0],[1,0],[0,-1],[0,0],[0,0],[0,0],[0,0],[0,0],[0,0],[1,0],[0,0],[0,0],[0,-1],[0,0],[0,0],[1,0],[0,0],[0,0],[0,0],[0,0],[0,0],[0,0],[1,0],[0,0],[0,0],[0,0],[1,0],[0,0],[0,0],[0,0],[0,0],[0,0],[1,0],[0,0],[0,0],[0,0],[0,0],[0,0],[0,0],[0,0],[0,1],[0,0],[0,0],[0,0],[0,0],[1,0],[0,-1],[0,0],[0,0],[0,0],[1,0],[0,0],[0,0],[0,0],[0,0],[0,0],[1,0],[0,0],[0,0],[0,0],[0,0],[1,0],[0,0],[0,0],[0,0],[1,0],[0,0],[1,0],[0,0],[0,1],[0,0],[1,0],[0,0],[1,0]],[[545,113],[0,0],[0,0],[0,0],[-1,0],[0,0],[0,0],[0,0],[0,0],[0,0],[0,1],[0,0],[-1,0],[0,0],[0,0],[0,0],[0,0],[0,0],[0,0],[0,0],[0,0],[0,1],[0,0],[0,0],[-1,0],[0,0],[0,0],[0,0],[0,0],[0,0],[0,1],[0,0],[0,0],[0,0],[0,0],[-1,0],[0,0],[0,0],[0,0],[-1,0],[0,0],[0,0],[0,-1],[0,0],[0,0],[0,0],[0,1],[-1,0],[0,0],[0,0],[0,0],[-1,0],[0,0],[0,0],[0,0],[0,0],[0,0],[-1,0],[0,0],[0,0],[1,0],[0,0],[0,0],[0,-1],[0,0],[0,0],[-1,0],[0,0],[0,0],[0,0],[0,-1],[0,1],[0,-1],[0,0],[0,0],[0,0],[0,0],[0,0],[0,0],[0,0],[0,0],[0,0],[0,0],[0,0],[0,0],[0,0],[0,-1],[0,0],[0,0],[0,0],[0,0],[1,0],[0,0],[0,0],[0,0],[1,0],[0,0],[0,0],[1,0],[0,0],[0,0],[0,0],[0,0],[0,0],[0,0],[0,0],[1,0],[0,0],[0,0],[0,0],[1,0],[0,0],[0,0],[1,0],[0,-1],[0,0],[1,1],[0,0],[0,0],[0,-1],[0,0],[0,0],[1,0],[0,0],[0,0],[0,0],[0,1],[0,0],[0,0],[0,0],[0,0],[0,0]],[[562,119],[0,0],[0,0],[0,0],[0,1],[-1,0],[0,0],[0,0],[0,0],[0,0],[0,1],[0,0],[0,0],[0,0],[0,0],[1,0],[0,1],[0,0],[0,0],[0,0],[1,0],[0,0],[0,0],[0,0],[-1,1],[0,0],[0,0],[0,0],[0,0],[-1,0],[0,0],[0,0],[0,0],[0,1],[0,0],[1,0],[0,0],[0,0],[-1,0],[0,0],[0,1],[0,-1],[0,0],[0,0],[0,0],[-1,1],[0,-1],[0,0],[0,1],[0,0],[-1,0],[0,0],[0,0],[0,0],[0,-1],[0,0],[0,0],[0,0],[0,0],[0,0],[0,0],[0,0],[0,0],[-1,-1],[1,0],[-1,0],[0,0],[0,0],[0,0],[0,-1],[-1,0],[0,0],[0,0],[0,0],[0,0],[0,0],[0,0],[0,0],[-1,0],[0,0],[0,0],[0,0],[0,0],[0,1],[0,0],[0,0],[0,0],[0,0],[0,0],[0,0],[0,0],[-1,0],[0,0],[0,-1],[-1,0],[0,0],[0,0],[0,0],[-1,0],[0,0],[0,0],[0,-1],[-1,0],[0,0],[0,0],[1,0],[0,0],[0,0],[0,0],[0,0],[0,0],[0,0],[0,0],[0,-1],[0,0],[0,0],[0,0],[0,0],[0,0],[0,0],[0,0],[1,0],[0,0],[-1,0],[0,-1],[0,0],[0,0],[-1,0],[0,0],[0,0],[0,0],[0,0],[0,-1],[1,0],[0,0],[0,0],[0,0],[0,-1],[0,0],[0,0],[-1,0],[0,1],[0,0],[0,-1],[0,0],[0,0],[0,0],[0,0],[0,0],[0,0],[0,0],[0,0],[0,0],[0,0],[1,0],[0,0],[0,0],[0,0],[0,0],[0,-1],[0,0],[0,0],[-1,0],[0,0],[0,0],[0,0],[0,0],[0,0],[0,0],[0,0],[0,-1],[0,0],[-1,0],[1,0],[0,0],[0,0],[0,0],[0,0],[0,-1],[0,0],[0,0],[0,0],[1,0],[0,0],[0,0],[0,0],[0,0],[0,0],[0,0],[1,0],[0,0],[0,0],[0,0],[1,0],[0,0],[0,0],[0,0],[1,1],[0,0],[0,0],[0,0],[0,0],[1,0],[0,0],[0,0],[0,0],[0,0],[0,0],[0,0],[0,1],[0,0],[0,0],[0,0],[0,0],[0,0],[0,0],[0,0],[0,0],[1,0],[0,0],[0,1],[0,0],[1,0],[0,0],[0,0],[0,0],[0,0],[0,0],[0,0],[-1,0],[0,0],[0,0],[0,0],[0,0],[1,0],[0,0],[0,0],[0,0],[0,0],[0,1],[-1,0],[0,0],[0,0],[1,0],[0,0],[0,0],[0,0],[1,0],[0,0],[0,0],[1,0],[0,0],[0,0],[1,0],[0,0],[0,0],[0,0],[0,0],[0,0],[0,1],[-1,0],[1,0],[0,0],[0,0],[0,0],[0,0],[0,0]],[[577,116],[0,0],[1,0],[1,1],[0,0],[0,-1],[0,0],[0,0],[0,0],[0,0],[0,0],[0,0],[1,0],[0,0],[1,0],[0,0],[0,0],[0,1],[0,0],[0,0],[0,0],[0,1],[-2,0],[0,0],[0,0],[0,-1],[1,0],[-1,0],[0,0],[0,0],[0,1],[0,0],[0,0],[0,0],[0,0],[0,0],[0,0],[0,1],[-1,0],[0,0],[0,1],[0,0],[0,1],[0,0],[0,0],[-1,0],[0,-1],[-1,0],[0,0],[0,0],[0,0],[0,0],[-1,0],[0,0],[-1,0],[0,-1],[-1,1],[-1,0],[0,0],[-1,0],[0,1],[-1,0],[0,0],[-1,0],[-1,0],[-1,-1],[-1,1],[-1,-1],[-1,0],[-1,0],[0,0],[0,0],[-1,0],[1,0],[0,0],[0,0],[0,0],[0,0],[0,0],[-1,-1],[0,0],[0,0],[0,0],[0,0],[0,0],[0,0],[-1,0],[1,0],[0,-1],[0,0],[0,0],[0,0],[0,0],[0,0],[-1,0],[0,0],[0,0],[-1,0],[0,0],[0,0],[-1,0],[0,0],[0,0],[0,0],[-1,0],[0,0],[0,0],[1,0],[0,-1],[0,0],[0,0],[0,0],[0,0],[-1,0],[0,0],[0,0],[0,0],[0,0],[1,0],[0,0],[0,0],[0,0],[0,0],[0,0],[0,0],[-1,0],[0,0],[0,-1],[0,0],[-1,0],[0,0],[0,0],[0,0],[0,0],[0,0],[0,0],[0,0],[0,0],[0,-1],[0,0],[0,0],[0,0],[0,0],[0,0],[0,0],[-1,0],[0,0],[0,0],[0,0],[0,0],[-1,-1],[0,0],[0,0],[1,0],[0,0],[0,0],[1,0],[0,0],[0,0],[0,0],[0,0],[1,0],[0,0],[0,0],[0,-1],[0,0],[0,0],[0,0],[0,0],[0,0],[0,0],[0,0],[1,0],[0,0],[0,-1],[0,0],[0,0],[0,0],[0,0],[0,0],[0,-1],[1,0],[0,0],[0,0],[0,0],[0,0],[0,-1],[0,0],[0,0],[1,0],[0,0],[0,0],[0,0],[0,0],[0,0],[1,0],[0,0],[0,0],[0,-1],[1,0],[0,0],[0,0],[0,0],[0,0],[0,0],[1,0],[1,0],[0,0],[0,0],[0,0],[1,0],[0,0],[0,0],[0,0],[0,0],[1,0],[0,0],[0,0],[0,0],[1,1],[0,0],[0,0],[1,0],[0,-1],[1,0],[0,0],[1,0],[1,0],[0,0],[0,0],[0,-1],[0,0],[1,0],[0,0],[0,0],[0,0],[1,0],[0,1],[0,0],[0,0],[0,0],[0,0],[0,1],[1,0],[0,0],[0,0],[0,0],[0,0],[0,1],[1,0],[0,0],[0,0],[0,0],[0,1],[1,0],[0,0],[0,1],[0,0],[0,0],[0,0],[0,0],[0,1],[0,1],[0,0],[0,0],[0,0],[0,0],[0,0],[0,0],[0,0],[0,1],[0,0],[0,0],[0,0]],[[453,150],[0,0],[1,0],[0,1],[0,0],[0,0],[0,0],[-1,0],[0,0],[0,0],[0,-1],[0,0]],[[476,126],[0,-1],[1,0],[0,0],[0,0],[0,0],[1,0],[0,0],[0,0],[0,0],[0,0],[0,1],[0,0],[0,0],[0,0],[0,0],[0,0],[0,0],[0,0],[0,0],[1,0],[0,0],[0,0],[0,0],[1,0],[0,0],[0,0],[0,0],[0,-1],[0,0],[0,0],[1,0],[0,1],[0,0],[0,-1],[0,0],[1,1],[0,0],[0,0],[0,0],[0,0],[0,0],[0,0],[0,0],[1,0],[0,0],[0,0],[0,1],[0,0],[0,0],[0,0],[-1,0],[0,0],[0,1],[-1,0],[0,0],[0,0],[0,0],[0,0],[0,1],[0,0],[0,0],[0,1],[0,0],[0,0],[0,0],[0,0],[0,0],[0,0],[0,0],[0,0],[0,0],[0,1],[0,0],[0,0],[0,0],[0,1],[0,0],[0,0],[-1,0],[-1,0],[0,0],[1,0],[0,0],[0,0],[0,1],[0,0],[1,0],[0,0],[0,1],[0,0],[0,0],[-1,0],[0,0],[0,1],[0,0],[0,0],[0,0],[1,1],[0,0],[0,0],[0,0],[0,0],[0,0],[-1,0],[0,1],[0,0],[0,0],[-1,0],[1,1],[0,0],[0,1],[0,0],[-1,0],[-1,0],[0,0],[-1,0],[-1,0],[0,0],[0,0],[0,0],[-1,0],[1,0],[0,-1],[0,-1],[0,0],[0,0],[0,-1],[0,0],[0,-1],[0,0],[0,0],[0,0],[0,0],[0,0],[0,0],[-1,0],[0,0],[0,0],[0,0],[0,0],[0,-1],[0,0],[0,0],[0,0],[0,0],[1,0],[0,-1],[0,0],[0,1],[-1,0],[0,0],[0,0],[-1,0],[0,0],[0,0],[0,0],[0,0],[0,0],[0,-1],[0,0],[0,0],[0,0],[1,-1],[0,0],[0,0],[0,-1],[1,0],[0,-1],[0,0],[0,0],[0,-1],[0,0],[0,0],[0,-1],[0,0],[0,0],[0,0],[0,-1],[0,0],[0,-1],[0,0],[0,0],[0,0],[0,0],[0,0]],[[430,137],[0,0],[1,0],[0,0],[0,0],[0,0],[-1,0],[0,0],[-1,0],[0,0],[0,0],[1,0],[0,0]],[[565,99],[0,1],[0,0],[0,0],[0,0],[0,0],[0,0],[0,1],[1,0],[0,0],[0,0],[0,0],[0,0],[0,0],[0,0],[0,0],[0,1],[0,0],[0,0],[0,0],[0,0],[0,0],[-1,0],[0,1],[-1,0],[0,0],[0,0],[-1,1],[0,0],[0,0],[-1,1],[0,0],[0,0],[0,0],[0,0],[0,1],[0,0],[0,0],[0,0],[0,0],[0,0],[0,0],[0,0],[0,0],[0,0],[0,0],[-1,0],[0,0],[-1,0],[0,0],[0,-1],[0,0],[-1,0],[0,0],[-1,0],[0,0],[0,0],[0,0],[-1,0],[0,0],[0,0],[0,0],[0,0],[-1,0],[0,0],[0,0],[0,0],[0,0],[0,0],[-1,0],[0,0],[0,0],[0,0],[0,1],[-1,0],[0,0],[0,0],[0,0],[0,0],[0,-1],[0,0],[0,0],[0,0],[0,0],[0,0],[0,0],[0,0],[-1,0],[0,0],[0,0],[0,0],[0,0],[0,0],[-1,0],[0,0],[0,0],[0,0],[-1,0],[0,0],[0,0],[0,-1],[0,0],[0,0],[0,0],[0,0],[-1,0],[0,0],[0,0],[0,0],[-1,0],[0,-1],[0,0],[0,0],[0,0],[0,1],[0,0],[0,0],[0,-1],[0,0],[-1,0],[0,0],[0,0],[0,0],[0,0],[0,0],[0,0],[0,0],[0,0],[0,0],[0,0],[0,0],[-1,-1],[-1,0],[0,0],[0,0],[0,1],[0,0],[0,0],[0,0],[0,0],[0,0],[0,0],[0,0],[-1,0],[0,0],[0,0],[0,0],[0,-1],[0,0],[-1,0],[0,0],[0,0],[1,0],[0,0],[0,0],[0,0],[0,0],[0,0],[0,0],[0,0],[-1,0],[0,0],[0,0],[0,0],[-1,0],[0,0],[0,-1],[0,0],[-1,0],[0,0],[0,0],[0,0],[0,0],[0,0],[-1,0],[0,0],[0,0],[0,0],[0,0],[0,0],[-1,0],[0,0],[1,0],[0,0],[0,-1],[0,0],[0,0],[0,0],[-1,-1],[0,0],[0,0],[0,0],[0,0],[0,0],[0,-1],[0,0],[0,0],[0,0],[0,0],[0,0],[0,0],[0,0],[0,-1],[0,0],[0,0],[0,0],[0,0],[0,0],[0,0],[0,-1],[-1,0],[0,0],[0,-1],[0,0],[0,0],[0,0],[0,0],[0,0],[0,0],[0,-1],[0,0],[0,-1],[0,0],[1,0],[0,1],[0,-1],[0,0],[0,0],[0,0],[-1,0],[0,0],[0,0],[0,0],[0,0],[0,0],[1,0],[2,-1],[1,0],[1,0],[0,0],[0,0],[1,0],[0,-1],[0,0],[1,0],[0,0],[1,0],[2,-1],[0,0],[1,0],[1,0],[0,1],[0,0],[0,0],[0,0],[-1,0],[1,0],[0,0],[0,1],[1,0],[1,0],[0,-1],[1,0],[0,0],[0,0],[1,0],[1,0],[2,0],[1,1],[2,0],[1,0],[0,0],[0,-1],[1,0],[0,1],[0,0],[0,0],[0,0],[0,0],[0,0],[1,0],[0,0],[0,0],[0,0],[0,1],[0,0],[0,0],[1,1],[0,1],[0,0],[0,0],[0,1],[0,0],[0,0],[0,0],[0,0],[-1,1],[0,0],[0,0],[-1,0],[0,0],[0,0],[0,0],[1,0],[0,1],[0,0],[0,0],[1,0],[0,0],[0,0],[0,0],[0,1],[-1,0],[0,0],[0,0],[1,0]],[[556,51],[0,0],[-1,1],[0,0],[1,0],[0,0],[0,0],[-1,0],[0,1],[0,0],[0,0],[0,0],[0,0],[-1,0],[0,0],[-1,0],[-1,0],[0,0],[-1,0],[-1,0],[0,0],[0,0],[0,0],[0,0],[0,1],[0,0],[-1,0],[0,0],[-1,0],[-1,0],[0,0],[-1,1],[-1,0],[0,0],[0,1],[0,0],[-1,0],[0,0],[1,0],[0,0],[0,1],[0,0],[0,0],[-1,0],[-1,1],[0,0],[-1,0],[0,1],[0,0],[-1,0],[0,0],[0,0],[-1,0],[0,1],[0,0],[0,0],[0,0],[0,1],[0,1],[-1,0],[0,0],[0,1],[-1,0],[-1,1],[1,0],[0,0],[1,0],[0,1],[0,0],[-1,0],[0,0],[0,0],[-1,0],[-1,0],[0,0],[-1,0],[0,0],[0,0],[0,0],[-1,1],[0,0],[-1,0],[0,1],[0,0],[0,1],[0,0],[0,0],[0,0],[0,0],[0,0],[0,1],[0,0],[0,0],[1,1],[0,0],[0,0],[-1,1],[0,0],[1,1],[0,0],[0,0],[1,0],[0,0],[0,1],[0,0],[0,0],[0,0],[0,0],[0,0],[-1,0],[0,0],[0,0],[0,1],[0,0],[0,1],[0,0],[0,0],[0,0],[0,1],[0,0],[0,0],[0,0],[-1,0],[0,0],[0,0],[0,1],[-1,0],[0,0],[0,0],[0,0],[0,1],[0,0],[0,0],[0,1],[0,0],[0,0],[-1,0],[0,0],[0,0],[0,0],[-1,0],[0,0],[0,-1],[0,0],[0,0],[-1,0],[0,0],[0,0],[0,-1],[0,0],[0,0],[0,0],[0,0],[0,0],[-1,0],[0,1],[1,0],[0,0],[0,0],[-1,1],[0,0],[0,0],[0,0],[-1,0],[0,0],[0,0],[-1,0],[0,0],[0,0],[1,0],[-1,0],[0,0],[0,0],[-1,0],[1,0],[-1,1],[0,0],[0,0],[0,0],[-1,0],[-1,1],[0,0],[-1,0],[0,0],[0,0],[-2,1],[0,0],[-1,0],[0,-1],[0,0],[0,0],[0,0],[0,0],[0,0],[0,0],[-1,0],[0,0],[0,0],[0,0],[0,0],[0,0],[0,0],[0,0],[0,0],[0,0],[-1,0],[0,0],[-1,-1],[0,0],[-1,0],[0,0],[0,-1],[0,0],[0,0],[1,0],[1,0],[0,0],[0,0],[0,0],[0,0],[0,0],[-1,0],[0,0],[0,0],[0,0],[0,-1],[0,0],[0,0],[1,0],[0,0],[0,0],[1,-1],[0,0],[-1,0],[0,1],[-1,0],[0,0],[0,0],[-1,0],[0,0],[0,0],[0,0],[-1,0],[0,0],[0,0],[0,-1],[0,0],[1,0],[0,0],[0,0],[0,0],[1,0],[0,0],[0,0],[1,0],[0,0],[0,0],[-1,0],[0,0],[0,0],[0,0],[0,-1],[0,0],[1,0],[0,0],[0,0],[0,0],[0,-1],[1,0],[0,0],[0,1],[0,0],[0,-1],[0,0],[1,0],[0,0],[0,0],[0,0],[-2,0],[0,0],[0,0],[-1,1],[0,0],[0,0],[0,0],[0,0],[-1,0],[0,1],[0,0],[-1,0],[0,0],[0,0],[0,0],[0,0],[0,0],[0,0],[0,-1],[0,0],[0,0],[0,0],[0,0],[1,0],[0,0],[1,0],[-1,0],[0,0],[0,0],[-1,0],[0,-1],[0,0],[0,0],[1,-1],[0,0],[0,0],[0,0],[-1,1],[0,-1],[0,0],[0,0],[0,0],[0,-1],[0,0],[0,0],[0,0],[1,0],[1,0],[1,0],[1,0],[0,0],[1,0],[0,0],[0,0],[0,0],[0,1],[0,0],[0,-1],[0,0],[2,0],[0,0],[-1,0],[0,0],[0,-1],[0,0],[0,0],[0,1],[0,0],[0,0],[0,0],[-1,0],[0,0],[-1,0],[0,0],[0,0],[0,0],[0,0],[0,0],[-1,0],[0,0],[-2,0],[0,0],[0,0],[-1,0],[0,0],[0,-1],[0,0],[0,0],[0,0],[1,0],[-1,0],[0,0],[0,0],[0,0],[-1,-1],[0,0],[0,0],[1,0],[0,0],[1,0],[1,0],[0,0],[2,0],[0,0],[0,0],[-1,0],[0,0],[-2,0],[0,0],[-1,0],[0,0],[0,0],[0,-1],[0,0],[0,0],[1,0],[0,0],[0,0],[0,0],[1,0],[0,0],[0,0],[0,0],[0,0],[1,0],[0,0],[1,0],[0,0],[0,-1],[0,0],[-1,1],[0,0],[0,-1],[0,0],[0,0],[0,0],[0,0],[1,0],[0,0],[0,0],[1,0],[1,0],[0,0],[1,0],[0,0],[0,0],[0,0],[0,0],[0,0],[0,0],[1,0],[0,0],[-2,0],[0,0],[-1,0],[0,0],[0,0],[-1,0],[1,0],[0,-1],[0,0],[0,0],[1,0],[1,0],[0,0],[0,0],[0,0],[1,0],[0,0],[1,0],[1,0],[0,0],[-1,0],[0,0],[-1,0],[0,-1],[1,0],[0,0],[1,0],[0,0],[-1,0],[0,0],[0,0],[0,0],[0,0],[0,-1],[1,0],[0,0],[1,0],[0,0],[0,1],[0,0],[0,0],[0,-1],[1,0],[0,0],[1,0],[0,1],[0,0],[0,0],[0,0],[0,0],[1,0],[0,0],[0,0],[1,0],[0,0],[0,0],[0,-1],[0,0],[0,0],[0,0],[1,0],[0,0],[1,0],[0,0],[0,0],[0,0],[0,0],[0,0],[0,-1],[0,0],[0,0],[0,0],[0,0],[-1,0],[0,0],[0,1],[0,0],[0,0],[-2,0],[-1,1],[0,0],[0,-1],[0,0],[0,0],[-1,0],[0,0],[0,0],[0,0],[1,0],[0,-1],[0,0],[0,0],[1,0],[1,-1],[1,0],[0,0],[0,0],[1,-1],[0,0],[1,0],[0,0],[0,0],[-1,0],[0,0],[0,0],[0,0],[0,0],[2,-1],[0,0],[1,0],[0,0],[1,0],[0,0],[0,0],[0,0],[-1,0],[0,0],[0,0],[0,0],[0,0],[-1,0],[0,0],[0,0],[0,-1],[1,0],[0,0],[1,-1],[0,0],[0,0],[0,0],[1,0],[-1,0],[0,0],[0,-1],[2,0],[0,0],[1,0],[0,0],[0,0],[0,0],[-1,0],[0,0],[0,0],[-1,0],[0,0],[0,0],[0,-1],[0,0],[0,0],[0,0],[1,0],[0,0],[0,0],[1,0],[0,0],[0,0],[-1,-1],[0,0],[1,0],[0,0],[0,0],[0,0],[1,0],[0,0],[0,0],[1,0],[0,0],[0,0],[2,-1],[0,0],[0,0],[-1,0],[-1,0],[0,0],[-1,0],[0,0],[1,0],[0,0],[0,0],[1,-1],[0,1],[1,0],[0,0],[0,0],[1,0],[0,0],[0,0],[0,0],[0,0],[-1,0],[0,0],[0,-1],[0,0],[0,0],[0,0],[0,0],[-1,0],[0,0],[-1,0],[1,0],[-1,0],[1,-1],[0,0],[1,0],[0,1],[0,-1],[1,0],[0,0],[-1,0],[0,0],[0,0],[0,0],[1,0],[0,0],[1,0],[0,0],[0,0],[0,0],[0,1],[1,0],[-1,-1],[1,0],[0,0],[0,0],[0,0],[-1,0],[0,0],[0,-1],[1,0],[0,0],[1,0],[0,0],[1,0],[0,0],[1,0],[0,0],[0,0],[0,0],[0,0],[0,0],[-1,0],[-2,0],[0,0],[0,0],[0,0],[1,0],[0,-1],[1,0],[1,0],[0,0],[0,0],[0,-1],[1,0],[1,0],[-1,0],[0,0],[1,-1],[0,0],[0,0],[0,0],[1,1],[0,0],[1,0],[0,0],[-1,0],[0,-1],[0,0],[0,0],[0,0],[1,0],[0,0],[0,0],[0,0],[0,0],[0,0],[2,-1],[0,0],[0,1],[0,0],[0,0],[0,0],[0,0],[1,-1],[0,0],[0,0],[0,0],[1,0],[0,0],[0,0],[0,1],[0,0],[-1,0],[0,1],[0,0],[0,0],[0,0],[1,-1],[1,0],[0,0],[-1,0],[0,0],[0,0],[0,-1],[0,0],[1,0],[0,0],[0,0],[1,0],[0,0],[1,0],[0,0],[1,0],[0,0],[0,0],[0,0],[0,0],[-1,0],[-1,-1],[0,0],[0,0],[1,0],[1,0],[0,0],[0,0],[1,0],[0,0],[0,0],[0,0],[1,0],[0,0],[1,0],[0,0],[0,1],[0,0],[1,0],[0,0],[0,0],[0,0],[0,0],[0,-1],[0,0],[1,0],[0,0],[1,0],[0,-1],[1,0],[0,0],[0,0],[-1,0],[0,0],[1,-1],[0,0],[1,0],[0,0],[0,0],[1,0],[0,1],[0,0],[0,-1],[1,0],[0,0],[0,0],[0,0],[0,0],[0,1],[0,0],[0,0],[-1,0],[0,0],[0,1],[-1,0],[0,0],[0,1],[1,-1],[0,0],[1,0],[1,-1],[1,0],[0,-1],[1,0],[0,0],[0,1],[0,0],[0,0],[0,0],[0,0],[0,1],[0,0],[0,0],[1,-1],[0,0],[0,0],[0,0],[1,0],[0,0],[0,0],[0,-1],[-1,0],[1,0],[0,0],[1,0],[0,0],[1,0],[1,0],[0,0],[-1,1],[0,0],[-1,0],[0,0],[1,0],[0,0],[0,0],[0,0],[0,1],[0,0],[0,0],[0,0],[0,0],[0,0],[1,-1],[0,0],[0,0],[1,0],[0,-1],[1,0],[0,1],[0,0],[0,0],[1,0],[0,0],[0,0],[0,0],[1,0],[0,0],[1,0],[0,0],[0,0],[0,0],[1,0],[1,1],[0,0],[0,0],[-2,0],[0,0],[-1,1],[-3,-1],[0,1],[2,0],[0,0],[0,0],[0,0],[0,0],[0,1],[0,0],[1,0],[0,0],[0,0],[0,-1],[1,0],[0,0],[0,1],[0,0],[0,-1],[1,0],[0,0],[0,0],[1,1],[0,0],[-1,0],[0,0],[0,0],[0,0],[-1,0],[0,0],[-1,0],[0,0],[1,0],[0,0],[-1,0],[0,0],[0,0],[0,0],[0,1],[-2,0],[0,0],[0,0],[0,0],[0,0],[-1,1],[0,-1],[0,0],[0,0],[0,0],[1,0],[0,-1],[0,0],[0,0],[-1,0],[-1,-1],[-1,0],[0,0],[-1,0],[0,0],[-1,0],[0,0],[-1,0],[0,0],[0,0],[0,0],[-1,0],[0,0],[0,0],[-1,0],[-1,1],[0,0],[0,0],[0,0],[0,1],[-1,0],[0,0],[0,0],[0,1],[0,0],[0,0],[0,0],[-1,0],[0,0],[0,0],[0,1],[-1,0],[0,0],[0,0],[-1,-1],[0,0],[-1,0],[0,0],[-1,0],[0,0],[0,0],[-1,0],[0,1],[-1,0],[0,-1],[-1,0],[0,0],[-1,0],[0,0],[0,0],[-1,0],[0,-1],[0,0],[-1,0],[0,0],[0,0],[-1,0],[0,0],[0,0],[0,0],[0,0],[0,0],[0,0],[-1,0],[0,0],[-1,0]],[[564,47],[0,0],[0,0],[0,0],[-1,0],[0,0],[0,0],[-1,0],[0,0],[0,0],[0,0],[-1,0],[0,0],[0,0],[-1,0],[0,0],[1,0],[0,0],[0,0],[0,0],[1,0],[0,0],[1,0],[0,0],[1,0],[0,0],[0,0]],[[570,46],[1,0],[0,0],[0,0],[0,0],[0,0],[0,0],[-1,0],[0,0],[0,0],[0,0],[-1,0],[0,0],[0,0],[1,0]],[[565,47],[0,0],[0,1],[-1,0],[0,0],[0,0],[0,0],[-1,0],[0,0],[0,0],[0,0],[0,0],[0,0],[0,0],[0,0],[0,0],[0,-1],[1,0],[0,0],[0,0],[1,0]],[[538,54],[0,0],[1,0],[0,0],[0,0],[-1,0],[0,0],[0,0],[0,0],[-1,0],[0,0],[0,0],[0,0],[0,0],[0,0],[-1,0],[0,0],[0,0],[0,0],[0,0],[1,0],[0,0],[0,0],[0,0],[1,0],[0,0]],[[542,52],[0,0],[0,0],[0,0],[0,1],[-1,0],[0,0],[-1,0],[0,-1],[0,0],[0,1],[0,0],[-1,-1],[0,0],[1,0],[0,0],[0,0],[0,0],[0,0],[1,0],[0,0],[0,0],[0,0],[0,0],[0,0],[0,0],[0,0],[1,0]],[[553,49],[0,0],[0,0],[0,0],[0,0],[1,0],[0,0],[-1,0],[0,0],[-1,0],[0,0],[0,0],[0,1],[-1,0],[0,0],[0,0],[-1,0],[0,0],[0,0],[-1,0],[0,0],[1,0],[0,0],[0,0],[0,0],[0,-1],[0,0],[1,0],[0,0],[0,0],[0,0],[0,0],[0,0],[0,0],[0,0],[1,0],[0,0],[0,0],[0,0],[0,-1],[0,0],[0,0],[1,0],[0,0],[0,1]],[[548,50],[0,0],[0,0],[1,0],[0,0],[0,0],[0,0],[0,0],[0,0],[0,1],[0,0],[0,0],[0,0],[0,0],[-1,0],[0,0],[-1,0],[0,0],[0,1],[0,-1],[-1,0],[0,0],[0,0],[0,0],[0,0],[0,0],[0,0],[0,0],[0,0],[1,-1],[0,1],[1,-1],[-1,0],[0,0],[0,0],[0,0],[1,0],[0,0],[0,0],[0,0]],[[543,53],[0,0],[0,0],[1,-1],[0,0],[0,0],[0,0],[0,0],[0,0],[0,0],[1,0],[0,0],[0,0],[0,0],[0,1],[0,0],[-1,0],[0,0],[0,0],[-1,0],[0,0],[0,0],[0,0],[0,0],[-1,0],[0,0],[0,0],[0,0],[0,0],[-1,1],[0,0],[0,-1],[-1,1],[-1,0],[0,0],[0,0],[0,-1],[1,0],[1,0],[1,0],[0,-1],[1,0],[-1,0],[0,0],[0,0],[0,-1],[1,0],[0,0],[0,0],[1,0],[0,0],[0,0],[0,0],[0,0],[-1,1],[0,0],[0,0],[1,0],[0,0],[-1,1],[0,0]],[[476,47],[-1,0],[0,-1],[0,0],[2,0],[0,0],[1,0],[0,0],[0,0],[-1,0],[-1,0],[0,1]],[[589,21],[-3,0],[0,0],[4,0],[0,0],[1,0],[1,0],[0,0],[-3,0]],[[559,25],[0,0],[1,0],[1,1],[0,0],[0,0],[1,0],[1,0],[0,0],[1,0],[0,1],[0,0],[-1,0],[0,0],[1,0],[1,0],[0,0],[1,0],[1,0],[1,1],[-2,0],[0,0],[-1,0],[0,0],[0,0],[-1,1],[0,0],[-1,0],[0,0],[0,0],[-1,0],[0,0],[-1,0],[0,0],[0,0],[0,0],[1,-1],[0,0],[0,0],[0,0],[-1,0],[0,0],[0,0],[-1,0],[0,0],[-2,0],[-1,0],[0,0],[1,0],[0,0],[0,0],[1,-1],[0,0],[0,0],[-1,0],[0,0],[-1,0],[0,-1],[-1,0],[0,0],[0,0],[-1,0],[1,0],[2,-1],[1,0],[0,0]],[[557,21],[0,0],[2,0],[0,0],[0,0],[1,0],[0,0],[1,0],[0,0],[0,0],[0,0],[0,0],[0,0],[0,-1],[1,0],[0,0],[0,0],[1,0],[0,0],[1,0],[0,0],[0,0],[-1,1],[0,0],[1,0],[1,0],[0,0],[0,0],[1,0],[0,0],[0,0],[0,0],[1,0],[0,0],[0,0],[1,0],[0,0],[0,0],[2,0],[0,0],[0,0],[1,0],[1,0],[1,0],[1,0],[0,0],[0,1],[0,0],[-2,0],[-1,1],[0,0],[-1,0],[0,0],[-1,0],[0,0],[-1,0],[0,0],[-1,0],[-1,1],[0,0],[-1,0],[0,0],[-2,0],[-1,0],[0,-1],[0,0],[-2,0],[-3,0],[0,0],[0,0],[-1,0],[-1,0],[-1,0],[0,0],[0,0],[0,0],[1,-1],[0,1],[1,0],[0,-1],[1,0],[0,0],[-1,0],[-1,0],[-1,0],[0,0],[-1,0],[-1,0],[-1,0],[-1,0],[0,0],[0,0],[0,0],[1,0],[0,0],[1,-1],[-2,0],[0,0],[-1,0],[0,0],[2,0],[1,0],[0,0],[1,0],[0,0],[0,0],[-1,0],[0,0],[0,0],[1,0],[0,0],[0,0],[1,0],[0,0],[0,0],[0,0],[0,-1],[0,0],[0,0],[0,0],[1,0],[1,0],[0,0],[1,1],[0,0]],[[546,22],[0,0],[0,0],[0,0],[0,0],[1,0],[1,0],[0,0],[1,0],[0,0],[0,0],[-1,1],[0,0],[0,0],[0,0],[0,0],[1,0],[1,0],[0,0],[0,0],[1,0],[0,0],[0,0],[0,0],[0,0],[0,0],[0,0],[0,0],[0,1],[0,0],[1,0],[0,0],[0,0],[1,0],[1,0],[0,0],[1,0],[0,0],[0,0],[1,0],[0,0],[1,0],[-1,0],[1,0],[1,1],[0,0],[0,0],[0,0],[0,0],[0,0],[-1,0],[-1,0],[-2,0],[0,0],[0,0],[0,0],[-1,1],[-1,0],[0,0],[0,0],[0,0],[0,1],[0,0],[-1,0],[0,0],[0,0],[-1,0],[0,0],[0,0],[0,1],[0,0],[0,0],[0,0],[0,0],[-1,0],[-1,1],[0,0],[-1,0],[0,1],[0,0],[0,0],[0,0],[-1,0],[0,0],[1,0],[0,1],[-1,0],[0,0],[-1,0],[0,0],[-1,0],[0,-1],[0,0],[-2,0],[-1,-1],[-1,0],[0,0],[-1,0],[0,0],[0,0],[-1,0],[0,-1],[0,0],[0,0],[0,0],[1,0],[1,0],[0,0],[0,0],[1,0],[3,0],[1,0],[2,0],[-1,-1],[0,0],[0,0],[-1,0],[-1,0],[-1,0],[0,0],[-1,0],[-1,0],[0,1],[-1,0],[-1,0],[-1,0],[0,-1],[0,0],[-1,0],[0,0],[0,0],[1,0],[0,0],[0,0],[0,0],[1,0],[0,0],[2,0],[1,-1],[0,0],[1,0],[0,0],[0,0],[0,0],[0,0],[1,0],[2,0],[0,0],[1,0],[-1,0],[0,0],[0,0],[-1,0],[0,0],[1,-1],[0,0],[-1,0],[0,0],[-1,0],[0,1],[-1,0],[-1,0],[0,0],[0,-1],[0,0],[0,0],[0,0],[0,0],[0,0],[0,0],[0,0],[-1,0],[0,0],[0,0],[0,0],[-1,0],[0,0],[0,0],[0,0],[0,0],[0,0],[0,0],[0,0],[-1,1],[1,0],[0,0],[0,0],[-1,0],[0,0],[0,0],[-1,0],[-1,0],[-1,0],[-1,0],[0,0],[0,0],[0,0],[-1,0],[0,-1],[-1,0],[0,0],[-1,0],[0,0],[0,0],[0,0],[0,0],[0,0],[-1,-1],[0,0],[1,0],[2,0],[0,0],[0,0],[0,0],[-1,0],[0,0],[0,0],[0,0],[0,0],[0,0],[0,0],[0,0],[0,0],[0,-1],[-1,0],[0,0],[0,1],[-1,0],[0,0],[0,0],[-1,0],[0,-1],[0,0],[0,0],[0,0],[-1,0],[0,0],[0,0],[1,-1],[-1,0],[0,0],[0,0],[0,0],[1,0],[0,0],[0,0],[0,0],[1,0],[0,0],[0,0],[1,0],[1,0],[0,0],[1,0],[-1,0],[0,0],[1,0],[0,0],[1,0],[1,0],[1,0],[1,0],[0,0],[0,0],[0,0],[0,0],[-2,0],[-2,1],[2,0],[0,0],[1,0],[0,0],[0,0],[0,0],[1,0],[0,0],[0,0],[0,0],[0,0],[0,0],[0,0],[0,0],[1,0],[0,-1],[1,0],[1,0],[0,0],[1,1],[0,0],[1,1],[0,0],[0,0],[2,0],[0,0],[-1,0],[0,-1],[-1,0],[0,0],[0,-1],[0,0],[0,0],[1,0],[0,0],[0,0],[0,-1],[0,0],[1,0],[0,0],[1,1]],[[531,25],[0,0],[0,0],[1,1],[0,0],[0,0],[1,0],[0,0],[0,0],[0,0],[-1,0],[0,0],[-1,0],[0,0],[-1,0],[0,-1],[-1,0],[0,0],[0,0],[0,-1],[0,1],[1,0],[0,0],[0,0],[0,0],[0,0],[1,0]],[[579,24],[1,0],[1,0],[0,0],[-1,1],[-1,0],[-1,0],[-1,0],[-1,0],[1,-1],[1,0],[0,0],[0,0],[1,0],[0,0]],[[516,101],[0,0],[0,0],[0,0],[0,0],[-1,0],[0,0],[0,0],[1,0],[0,0],[0,0],[0,0],[0,0],[0,-1],[0,0],[0,0],[-1,0],[0,0],[0,0],[0,0],[0,0],[0,0],[-1,0],[0,0],[0,0],[0,0],[0,-1],[0,1],[0,0],[-1,0],[0,0],[0,0],[0,0],[0,-1],[0,0],[0,1],[0,0],[-1,0],[0,-1],[0,1],[0,0],[0,0],[0,0],[0,0],[0,0],[-1,0],[0,0],[-1,0],[0,0],[0,0],[0,-1],[-1,0],[1,0],[0,0],[0,0],[1,0],[0,1],[0,0],[1,-1],[0,0],[-1,0],[0,0],[0,0],[0,0],[0,0],[0,0],[0,0],[0,-1],[0,0],[0,0],[0,0],[1,0],[0,-1],[0,0],[0,0],[1,-1],[0,0],[0,-1],[0,0],[0,1],[1,-1],[1,0],[0,0],[0,0],[1,-1],[1,0],[0,0],[1,0],[1,0],[0,0],[0,0],[0,0],[1,1],[0,0],[0,0],[0,0],[-1,1],[0,0],[0,0],[0,0],[-1,0],[0,0],[0,0],[0,0],[0,1],[0,0],[0,0],[0,0],[1,0],[0,0],[0,0],[0,0],[0,0],[0,0],[0,0],[0,0],[0,1],[0,0],[-1,0],[0,0],[0,0],[0,0],[1,0],[0,0],[0,0],[-1,0],[0,0],[0,0],[-1,0],[0,1],[0,-1],[0,0],[0,0],[0,0],[-1,0],[0,1],[0,0],[1,0],[0,0],[0,0],[0,0],[0,0],[0,1],[0,0],[0,0],[0,0],[0,0],[0,0],[0,0],[0,0],[0,0],[-1,1],[0,0],[0,0],[0,0],[0,0],[0,0],[0,0],[0,0],[1,0],[-1,0]],[[512,100],[0,0],[-1,0],[0,0],[0,0],[-1,0],[0,0],[0,0],[0,0],[0,0],[0,0],[-1,0],[0,0],[0,0],[0,0],[0,0],[0,0],[1,0],[0,0],[1,0],[0,0],[0,0],[1,0]],[[552,121],[0,0],[0,0],[1,0],[0,1],[0,0],[0,0],[1,0],[0,0],[0,0],[0,0],[1,0],[0,1],[0,0],[1,0],[0,0],[0,0],[-1,0],[0,0],[0,0],[0,0],[0,0],[0,0],[0,1],[0,0],[0,0],[0,0],[-1,0],[0,0],[0,0],[0,0],[0,0],[0,0],[0,0],[0,0],[0,0],[0,0],[-1,0],[0,0],[0,0],[0,1],[0,0],[0,0],[0,0],[0,0],[0,0],[0,1],[0,0],[-1,0],[0,-1],[0,0],[-1,-1],[0,0],[0,0],[0,0],[0,0],[0,0],[0,0],[0,0],[-1,0],[0,0],[0,0],[1,0],[0,0],[0,0],[0,0],[-1,-1],[0,0],[0,0],[0,0],[1,0],[0,0],[0,-1],[0,0],[0,0],[0,0],[0,0],[1,0],[0,0],[0,0],[0,0],[0,0],[0,0],[0,-1],[0,0],[0,0],[0,0],[0,0],[0,0],[0,0],[0,0],[0,0]],[[573,108],[0,0],[0,0],[1,0],[0,0],[0,0],[1,0],[0,0],[0,0],[0,0],[0,0],[0,0],[1,0],[0,0],[0,0],[0,0],[1,0],[0,0],[0,0],[0,0],[0,0],[0,0],[0,1],[0,0],[1,0],[0,0],[0,0],[0,0],[0,0],[0,0],[1,0],[0,0],[0,0],[0,0],[0,0],[1,0],[0,0],[0,0],[0,1],[0,0],[0,0],[0,0],[0,0],[0,0],[0,0],[0,0],[0,1],[0,0],[1,0],[0,0],[0,0],[0,0],[0,0],[0,0],[0,0],[0,1],[0,0],[0,0],[0,0],[0,0],[1,0],[0,0],[0,0],[0,1],[0,0],[0,0],[0,0],[0,0],[0,0],[0,0],[-1,0],[0,0],[0,0],[0,0],[0,0],[0,0],[0,0],[-1,0],[0,0],[0,0],[0,0],[0,0],[0,0],[0,0],[0,0],[0,0],[0,0],[-1,0],[0,0],[0,0],[0,0],[0,1],[0,0],[0,0],[0,0],[0,0],[0,1],[0,0],[-1,0],[0,0],[0,0],[0,0],[0,1],[0,0],[0,0],[0,0],[-1,0],[0,0],[0,0],[0,0],[0,0],[0,0],[0,-1],[0,0],[0,0],[0,0],[0,0],[0,0],[0,0],[0,0],[0,-1],[0,-1],[0,0],[0,0],[0,0],[0,0],[0,-1],[0,0],[-1,0],[0,-1],[0,0],[0,0],[0,0],[-1,0],[0,-1],[0,0],[0,0],[0,0],[0,0],[-1,0],[0,-1],[0,0],[0,0],[0,0],[0,0],[0,-1],[-1,0],[0,0],[0,0]],[[559,125],[0,0],[0,0],[1,0],[0,0],[0,-1],[0,0],[0,1],[1,-1],[0,0],[0,0],[0,0],[0,1],[0,0],[1,0],[0,0],[0,0],[0,0],[1,1],[0,0],[0,0],[0,0],[0,0],[0,0],[0,1],[0,0],[-1,0],[0,0],[0,0],[0,1],[0,0],[-1,0],[0,0],[0,0],[0,0],[0,0],[-1,0],[0,0],[0,0],[-1,0],[0,0],[0,0],[0,0],[-1,0],[0,0],[0,0],[-1,1],[0,-1],[0,0],[0,0],[0,0],[0,0],[-1,0],[0,0],[0,0],[0,-1],[0,0],[0,0],[0,0],[0,0],[0,0],[0,-1],[0,0],[0,0],[0,0],[0,0],[1,0],[0,0],[0,0],[0,-1],[0,0],[1,0],[0,0],[0,0],[0,0],[0,0],[0,0],[0,0],[0,0],[1,0]],[[517,103],[0,0],[0,0],[0,1],[0,0],[0,0],[0,0],[1,0],[0,0],[0,0],[0,0],[0,0],[0,0],[-1,1],[0,0],[0,0],[0,0],[0,0],[0,0],[0,0],[0,0],[-1,0],[0,0],[0,0],[0,0],[0,0],[0,0],[0,0],[0,0],[0,0],[0,-1],[0,0],[0,0],[0,0],[0,0],[0,0],[0,0],[0,0],[0,0],[0,-1],[0,0],[0,0],[1,0],[0,0],[0,0],[0,0]],[[562,92],[0,-1],[0,0],[0,0],[0,0],[0,-1],[0,0],[0,0],[0,0],[0,0],[-1,0],[0,0],[-1,0],[0,0],[-1,-1],[0,0],[0,0],[-1,0],[0,0],[0,0],[0,0],[0,0],[0,0],[0,-1],[0,0],[0,-1],[0,0],[0,0],[1,-1],[0,0],[1,0],[0,0],[1,0],[1,0],[0,0],[1,0],[0,0],[0,0],[0,0],[0,0],[2,0],[0,0],[0,0],[1,0],[0,0],[1,0],[0,0],[0,0],[1,0],[0,0],[0,0],[0,0],[0,0],[1,1],[0,0],[1,0],[0,0],[1,0],[0,0],[0,0],[1,1],[0,0],[0,0],[1,0],[0,0],[0,0],[0,0],[-1,1],[0,0],[0,0],[0,0],[1,0],[0,0],[0,0],[0,0],[0,0],[0,0],[0,0],[-1,0],[0,0],[0,1],[0,0],[0,0],[-1,0],[0,0],[0,0],[-1,0],[0,1],[0,0],[0,0],[0,0],[0,0],[0,0],[0,1],[0,0],[0,0],[0,0],[0,0],[0,0],[0,0],[0,0],[0,0],[0,0],[0,0],[0,0],[0,0],[0,0],[0,0],[0,0],[-1,0],[0,0],[0,0],[0,0],[-1,0],[0,0],[0,0],[0,1],[0,0],[-1,0],[0,0],[-1,0],[0,0],[0,0],[0,0],[0,0],[-1,0],[0,0],[0,0],[-1,0],[0,0],[0,0],[0,0],[0,-1],[0,0],[0,0],[0,0],[-1,0],[0,0],[0,0],[0,0],[0,0],[0,0],[0,-1],[-1,0],[0,1]],[[573,88],[0,0],[-1,0],[0,0],[0,0],[-1,-1],[0,0],[0,0],[-1,0],[0,0],[-1,0],[0,0],[-1,-1],[0,0],[0,0],[0,0],[0,0],[-1,0],[0,0],[0,0],[-1,0],[0,0],[-1,0],[0,0],[0,0],[-2,0],[0,0],[0,0],[0,0],[0,0],[-1,0],[0,0],[-1,0],[-1,0],[0,0],[-1,0],[0,0],[-1,1],[0,0],[-1,-1],[0,-1],[1,0],[0,0],[0,-1],[1,0],[0,0],[0,-1],[0,0],[1,0],[1,0],[1,-1],[0,1],[0,0],[1,0],[0,0],[1,1],[1,0],[0,0],[1,0],[0,0],[1,0],[0,-1],[0,0],[-1,-1],[0,0],[1,0],[0,0],[1,0],[0,0],[0,0],[1,-1],[0,1],[0,0],[0,0],[0,0],[0,0],[0,-1],[0,1],[1,0],[0,0],[0,0],[0,0],[1,0],[0,0],[0,0],[1,1],[0,0],[0,0],[1,0],[0,0],[1,0],[0,0],[0,0],[0,0],[1,0],[0,0],[0,0],[0,0],[0,0],[1,0],[0,1],[0,0],[0,0],[0,0],[0,0],[0,0],[0,0],[0,0],[0,1],[0,0],[0,0],[0,0],[0,0],[0,0],[0,0],[1,0],[0,0],[0,1],[0,0],[0,0],[0,0],[0,0],[0,1],[0,0],[0,0],[0,0],[-1,0],[0,0],[0,0],[-1,1],[0,0],[0,0],[0,0],[0,0],[-1,0],[0,0],[-1,0],[0,0],[0,0],[0,0]],[[556,123],[0,0],[0,0],[0,0],[0,0],[0,0],[0,-1],[0,0],[0,0],[0,0],[0,0],[1,0],[0,0],[0,0],[0,0],[0,0],[0,0],[0,0],[0,0],[1,0],[0,1],[0,0],[0,0],[0,0],[1,0],[-1,0],[1,1],[0,0],[0,0],[0,0],[0,0],[0,0],[0,0],[0,0],[0,0],[0,1],[0,0],[-1,0],[0,0],[0,0],[0,0],[0,0],[0,0],[0,0],[0,0],[-1,0],[0,0],[0,1],[0,0],[0,0],[-1,0],[0,0],[0,0],[0,-1],[0,0],[0,0],[0,0],[0,0],[-1,-1],[0,0],[0,0],[0,0],[0,0],[0,0],[0,-1],[0,0],[0,0],[0,0],[0,0],[0,0],[1,0]],[[519,115],[0,0],[0,0],[1,0],[0,0],[1,-1],[0,1],[0,0],[0,0],[1,-1],[0,0],[0,0],[0,0],[0,0],[0,0],[0,-1],[1,0],[0,0],[0,0],[0,0],[0,0],[0,1],[0,0],[0,0],[1,0],[0,0],[0,0],[0,0],[0,1],[0,0],[0,0],[1,0],[0,0],[0,0],[0,-1],[0,0],[0,0],[0,0],[0,0],[0,0],[0,-1],[0,0],[0,0],[1,0],[0,0],[0,0],[0,0],[0,1],[0,0],[0,0],[1,-1],[0,0],[0,0],[0,1],[0,0],[1,0],[0,0],[0,0],[0,0],[0,-1],[0,0],[-1,0],[0,0],[0,0],[1,0],[0,0],[0,0],[0,0],[0,0],[1,0],[0,0],[0,0],[-1,0],[0,-1],[1,0],[0,0],[0,0],[0,0],[0,0],[1,0],[0,0],[0,0],[0,0],[0,0],[0,0],[1,0],[0,0],[1,0],[0,0],[0,0],[0,0],[1,0],[0,-1],[0,0],[0,1],[0,0],[0,0],[0,0],[1,0],[0,0],[0,1],[0,0],[0,0],[1,0],[0,0],[1,0],[0,0],[1,0],[0,0],[0,0],[0,0],[0,0],[0,0],[0,1],[0,0],[0,0],[0,0],[0,0],[0,0],[0,0],[0,0],[0,0],[0,0],[0,0],[0,0],[0,0],[0,0],[0,1],[0,-1],[0,1],[0,0],[0,0],[0,0],[1,0],[0,0],[0,0],[0,1],[0,0],[0,0],[0,-1],[-1,0],[0,0],[0,0],[-1,0],[0,0],[0,0],[0,0],[-1,0],[0,1],[-1,0],[0,0],[0,0],[0,0],[0,0],[0,0],[0,0],[-1,0],[0,1],[1,0],[0,0],[0,0],[0,0],[0,1],[0,0],[0,0],[0,0],[-1,0],[1,1],[0,0],[0,1],[1,0],[0,0],[1,1],[1,0],[0,0],[0,1],[1,0],[0,1],[0,0],[1,1],[1,1],[1,0],[0,1],[1,0],[2,0],[0,0],[0,0],[0,0],[0,0],[0,0],[-1,0],[0,1],[1,0],[1,0],[2,1],[0,0],[1,1],[1,0],[0,0],[1,1],[0,0],[1,1],[-1,0],[0,0],[0,0],[0,0],[-1,0],[0,-1],[-1,0],[0,0],[-1,0],[0,0],[0,0],[0,-1],[0,0],[-1,1],[0,0],[0,0],[-1,1],[0,1],[0,0],[1,0],[0,0],[1,1],[0,0],[0,1],[0,0],[-1,0],[0,0],[-1,0],[0,0],[0,1],[0,0],[0,1],[-1,0],[0,0],[0,0],[-1,0],[0,0],[0,0],[0,0],[0,-1],[0,0],[0,0],[1,-1],[0,0],[0,0],[0,0],[0,0],[0,0],[0,-1],[0,0],[-1,-1],[0,-1],[0,0],[0,0],[-1,0],[0,0],[-1,-1],[0,0],[0,0],[0,0],[0,0],[0,-1],[0,0],[-1,0],[0,0],[0,0],[0,0],[-1,0],[0,0],[1,0],[-1,0],[0,0],[0,0],[0,0],[-1,0],[0,0],[0,-1],[0,0],[0,-1],[-1,0],[0,0],[0,0],[-1,0],[0,0],[0,0],[0,0],[0,0],[-1,0],[0,0],[-2,-1],[0,0],[-1,-1],[0,0],[-1,-1],[0,0],[0,0],[0,0],[-1,0],[0,0],[0,0],[1,0],[0,0],[-1,-1],[0,0],[-1,0],[0,0],[0,0],[0,0],[0,0],[0,0],[0,-1],[0,0],[0,0],[0,0],[-1,-1],[0,-1],[0,0],[-1,0],[0,0],[-2,-1],[0,0],[-1,0],[0,0],[-1,0],[0,1],[-1,0],[0,0],[-1,0],[-1,1],[0,-1],[0,0],[1,0],[0,0],[0,0],[0,0],[0,0],[0,-1],[0,0],[-1,1],[0,0],[0,-1],[-1,0],[0,0],[0,0],[0,0],[0,0],[0,0],[0,-1],[0,0],[0,0],[0,0],[0,0],[0,0],[0,0],[0,0],[0,0],[0,-1],[-1,0],[0,0],[0,0],[0,0],[0,0],[0,0],[1,0],[0,0],[0,0],[0,0],[0,0],[0,-1],[1,0],[0,0],[-1,0],[0,0],[0,0],[0,-1],[0,0],[0,0],[0,0],[0,0],[0,0],[0,0]],[[543,136],[-1,0],[0,0],[0,1],[0,0],[0,0],[-1,0],[0,1],[0,0],[0,0],[0,0],[0,0],[1,0],[0,0],[-1,0],[1,1],[0,0],[0,0],[0,0],[0,0],[-1,0],[0,0],[0,1],[0,0],[0,0],[0,0],[0,0],[-1,0],[0,0],[0,0],[0,0],[-1,-1],[0,0],[0,0],[-1,0],[0,0],[0,0],[-1,-1],[0,0],[-1,0],[0,0],[0,0],[0,0],[-1,-1],[0,0],[0,0],[0,0],[0,0],[-1,0],[0,0],[0,0],[0,-1],[0,0],[0,0],[1,0],[0,0],[0,0],[0,0],[0,0],[0,0],[1,0],[0,0],[0,0],[0,0],[0,0],[1,0],[0,0],[0,0],[0,0],[1,0],[0,0],[0,0],[0,0],[1,0],[0,0],[1,0],[0,0],[0,0],[0,0],[1,0],[0,0],[0,0],[0,0],[1,0],[0,0],[0,0],[0,0],[1,-1],[0,1],[0,0]],[[526,128],[0,1],[1,0],[0,0],[0,1],[0,0],[-1,0],[0,0],[1,1],[0,0],[-1,0],[0,2],[0,0],[0,0],[0,0],[0,0],[-1,0],[0,0],[0,0],[0,0],[0,0],[0,0],[0,1],[-1,0],[0,0],[0,0],[0,0],[-1,0],[0,-1],[0,0],[0,0],[0,0],[0,-1],[0,0],[0,0],[0,0],[0,0],[0,0],[0,0],[0,0],[0,-1],[0,0],[0,0],[0,0],[0,0],[0,0],[0,0],[0,-1],[0,0],[0,0],[0,0],[0,-1],[0,0],[-1,0],[0,0],[0,0],[0,-1],[0,0],[1,0],[0,0],[0,1],[0,0],[0,0],[1,-1],[0,0],[1,0],[0,0],[0,0],[0,-1],[0,0],[0,1],[1,0],[0,0],[0,0],[0,0],[0,0],[0,0],[0,0],[0,0],[0,0],[0,0],[0,0]],[[480,90],[0,0],[0,0],[0,0],[0,0],[-1,0],[0,0],[0,1],[0,0],[0,0],[0,0],[-1,0],[0,0],[0,0],[0,0],[1,0],[0,0],[0,0],[0,0],[-1,0],[0,0],[0,0],[0,0],[0,1],[0,0],[1,0],[0,0],[0,0],[0,0],[1,0],[0,0],[0,0],[0,0],[0,0],[0,0],[0,0],[0,0],[1,0],[0,-1],[0,0],[0,1],[0,0],[0,0],[0,0],[0,0],[1,0],[0,0],[0,0],[0,0],[0,0],[0,0],[0,0],[0,0],[1,0],[0,0],[0,0],[0,0],[0,1],[0,0],[0,0],[0,0],[0,0],[0,0],[0,0],[0,0],[0,1],[0,0],[0,0],[0,0],[0,0],[0,0],[0,0],[0,1],[0,0],[1,0],[-1,1],[0,0],[0,0],[0,0],[0,1],[0,0],[0,0],[-1,0],[1,0],[-1,0],[0,1],[0,-1],[-1,0],[0,1],[0,0],[0,0],[0,-1],[0,1],[0,0],[-1,0],[0,0],[-1,0],[0,0],[0,0],[0,0],[0,0],[0,0],[-1,0],[0,0],[0,1],[0,0],[0,-1],[-1,0],[0,0],[0,0],[0,0],[0,0],[0,1],[0,0],[0,0],[0,0],[0,0],[-1,0],[0,0],[-1,0],[0,0],[-1,0],[0,0],[0,0],[-1,0],[0,0],[0,0],[1,0],[0,0],[0,0],[-1,0],[0,0],[-1,0],[0,0],[1,0],[0,0],[0,0],[0,0],[1,-1],[-2,1],[0,0],[0,0],[0,0],[0,-1],[0,0],[0,0],[1,0],[0,0],[0,0],[0,0],[-1,0],[0,0],[0,0],[0,-1],[0,0],[0,0],[1,0],[0,0],[0,0],[0,0],[0,0],[0,0],[0,0],[0,0],[0,0],[1,0],[0,0],[0,-1],[1,0],[1,0],[0,0],[-1,0],[0,0],[0,0],[-1,0],[0,0],[0,0],[0,0],[0,0],[-1,0],[0,0],[0,0],[1,0],[0,0],[0,0],[0,-1],[0,0],[1,0],[0,0],[0,0],[0,0],[0,0],[0,0],[1,0],[-1,0],[0,0],[-1,0],[0,0],[0,0],[0,0],[0,-1],[0,0],[-1,0],[0,0],[0,0],[0,0],[0,0],[0,0],[0,0],[-1,0],[0,0],[1,0],[-1,0],[0,0],[1,0],[0,0],[0,0],[0,0],[0,0],[0,0],[0,-1],[0,0],[0,0],[1,0],[0,0],[0,0],[-1,0],[0,0],[0,0],[0,0],[0,-1],[0,0],[0,0],[0,0],[0,0],[-1,0],[0,0],[1,0],[0,0],[0,0],[0,0],[0,0],[1,0],[1,0],[0,0],[0,0],[0,0],[0,0],[1,0],[1,0],[0,0],[0,0],[-1,0],[1,-1],[0,0],[0,0],[0,0],[1,0],[0,0],[0,0],[-1,0],[-1,0],[0,0],[0,-1],[1,0],[0,0],[0,0],[0,0],[0,0],[0,0],[0,0],[0,0],[0,-1],[1,0],[0,0],[0,0],[1,0],[0,0],[0,0],[0,0],[0,0],[0,0],[0,0],[0,0],[0,1],[0,0],[0,0],[0,0],[0,0],[1,0],[0,0],[-1,-1],[0,0],[0,0],[1,0],[0,0],[0,0],[0,0],[0,0],[0,0],[1,0],[0,0],[0,0],[-1,0],[0,1]],[[458,59],[0,0],[0,0],[1,0],[0,0],[0,0],[1,0],[0,0],[0,0],[0,0],[0,0],[-1,0],[0,0],[0,0],[0,0],[0,1],[0,0],[1,0],[0,0],[0,0],[0,0],[0,0],[0,0],[0,0],[-1,0],[0,0],[1,0],[1,0],[0,0],[0,0],[0,0],[0,1],[0,0],[0,0],[-1,0],[1,0],[0,0],[1,0],[0,0],[0,0],[1,0],[0,0],[0,0],[0,0],[0,0],[0,0],[0,0],[-1,0],[0,1],[0,0],[0,0],[1,0],[0,0],[0,0],[0,0],[0,0],[0,0],[-1,0],[1,0],[0,0],[0,0],[0,0],[0,0],[0,0],[-1,0],[0,1],[0,0],[0,0],[0,0],[0,0],[0,0],[-1,0],[0,0],[0,0],[0,0],[-1,0],[1,1],[0,0],[0,0],[-1,0],[0,0],[0,0],[0,0],[-1,0],[0,0],[-1,0],[0,1],[-1,0],[-1,0],[0,0],[-1,0],[0,1],[-1,0],[0,0],[-1,0],[-1,0],[-1,0],[0,0],[0,0],[0,0],[0,0],[0,0],[0,1],[0,0],[-1,0],[0,0],[0,0],[0,0],[0,0],[0,0],[0,0],[-1,0],[-2,0],[0,0],[-1,-1],[-1,0],[0,0],[-1,0],[0,0],[0,0],[0,0],[0,0],[0,0],[0,0],[0,0],[0,0],[0,0],[0,0],[0,0],[-1,0],[0,0],[0,0],[0,0],[-1,0],[0,-1],[0,0],[0,0],[0,0],[0,0],[0,1],[-1,0],[-2,0],[-1,0],[0,0],[0,0],[0,-1],[0,0],[0,0],[0,0],[0,0],[0,0],[0,0],[0,0],[1,0],[1,0],[0,0],[0,0],[0,0],[0,0],[1,-1],[0,0],[0,0],[0,0],[0,0],[0,0],[0,0],[-1,0],[0,0],[0,0],[0,0],[0,0],[0,0],[0,0],[0,0],[0,0],[1,0],[0,0],[0,0],[0,-1],[0,0],[-1,1],[0,0],[-1,0],[0,0],[0,0],[0,0],[0,-1],[0,0],[0,0],[0,0],[0,0],[-1,0],[-2,0],[0,0],[-1,0],[0,0],[0,0],[0,0],[-1,0],[0,0],[0,0],[1,0],[0,0],[0,0],[1,0],[0,0],[0,0],[0,0],[1,-1],[0,1],[0,0],[0,-1],[1,0],[0,0],[0,0],[0,0],[0,0],[1,0],[0,0],[1,0],[0,0],[0,0],[1,0],[-1,0],[0,0],[0,0],[-1,0],[-1,0],[1,0],[0,0],[0,0],[1,-1],[0,0],[0,0],[0,0],[-1,0],[0,0],[-1,0],[0,0],[-1,0],[0,0],[-2,0],[0,0],[0,0],[-1,0],[0,0],[-1,0],[0,0],[0,0],[1,0],[0,0],[0,0],[1,0],[-1,0],[0,0],[0,0],[0,0],[0,-1],[0,0],[0,0],[1,0],[0,1],[1,0],[0,0],[0,-1],[0,0],[0,0],[-1,0],[0,0],[0,0],[0,0],[0,0],[1,0],[-1,0],[0,0],[0,0],[0,0],[0,0],[0,0],[1,0],[0,0],[0,0],[0,0],[-1,-1],[1,0],[0,0],[0,0],[0,0],[0,0],[0,0],[1,1],[0,0],[0,0],[0,0],[0,0],[0,0],[1,0],[0,0],[0,0],[0,0],[0,0],[0,0],[0,0],[0,0],[0,0],[0,0],[1,0],[0,0],[0,0],[0,0],[0,0],[-1,-1],[-1,0],[0,0],[0,0],[1,0],[0,0],[0,0],[1,0],[-1,0],[0,0],[0,0],[0,0],[0,0],[-1,0],[0,0],[0,0],[0,0],[0,0],[0,0],[1,0],[0,0],[1,0],[0,0],[0,0],[1,0],[0,0],[0,0],[1,1],[0,0],[1,0],[-1,0],[0,0],[0,0],[1,0],[0,0],[0,0],[0,0],[-1,1],[0,0],[0,0],[0,0],[0,0],[0,0],[0,0],[0,0],[1,0],[0,0],[0,0],[0,0],[-1,0],[0,0],[1,0],[0,0],[0,0],[0,1],[0,0],[0,0],[0,-1],[0,0],[1,0],[0,0],[0,0],[0,0],[0,0],[0,0],[0,0],[1,0],[0,0],[0,0],[0,0],[0,0],[0,0],[0,-1],[0,0],[0,0],[1,0],[0,-1],[0,1],[0,0],[1,0],[0,0],[0,0],[0,0],[1,0],[0,0],[0,0],[0,0],[0,0],[0,0],[0,0],[1,0],[0,-1],[0,0],[0,0],[0,0],[1,0],[0,0],[0,1],[1,0],[0,0],[0,0],[0,0],[0,0],[0,0],[1,0],[0,0],[-1,0],[0,0],[0,-1],[0,0],[0,0],[1,0],[0,0],[1,1],[0,0],[0,0],[0,0],[0,0],[0,0],[1,0],[0,-1],[0,0],[0,0],[1,0],[0,0],[0,0],[0,0],[1,0],[0,0],[0,0],[0,0],[0,0],[0,-1],[1,0],[0,0],[0,0],[1,1],[0,0],[0,0],[0,0],[0,0],[1,0]],[[560,108],[1,0],[0,0],[0,0],[0,0],[0,0],[0,0],[0,0],[0,0],[0,0],[1,0],[0,1],[0,0],[0,0],[0,0],[0,0],[0,0],[0,0],[0,0],[0,0],[0,0],[1,0],[-1,0],[0,1],[0,0],[0,0],[-1,0],[0,0],[0,0],[0,0],[0,0],[0,0],[-1,0],[0,0],[0,0],[0,1],[0,0],[0,0],[0,0],[0,0],[-1,0],[0,1],[0,0],[0,0],[0,0],[0,0],[0,0],[0,1],[0,0],[-1,0],[0,0],[0,0],[0,0],[0,0],[0,0],[0,0],[0,0],[0,1],[0,0],[0,0],[-1,0],[0,0],[0,0],[0,0],[0,0],[-1,0],[0,0],[0,0],[-1,0],[0,0],[0,0],[0,0],[-1,0],[0,0],[0,0],[0,0],[-1,0],[0,0],[0,0],[0,0],[0,0],[0,0],[0,0],[-1,0],[0,0],[0,0],[0,0],[0,1],[0,0],[0,0],[0,0],[-1,0],[0,0],[0,0],[0,0],[0,0],[-1,0],[0,0],[0,0],[0,0],[-1,0],[0,0],[-1,0],[0,0],[0,0],[0,0],[0,0],[-1,-1],[0,0],[0,0],[0,0],[-1,0],[0,0],[0,-1],[-1,0],[0,0],[0,0],[0,0],[0,0],[0,0],[0,0],[0,-1],[0,0],[0,0],[0,0],[-1,0],[0,0],[1,0],[0,0],[0,0],[0,0],[0,0],[0,-1],[0,0],[0,0],[0,0],[0,0],[0,0],[0,0],[0,0],[0,0],[0,0],[0,0],[0,-1],[0,0],[1,0],[-1,0],[0,0],[0,0],[0,0],[0,0],[0,0],[0,0],[1,0],[0,0],[0,0],[0,0],[0,0],[0,0],[1,0],[0,0],[0,-1],[0,0],[0,0],[0,0],[0,0],[0,0],[0,0],[0,0],[0,0],[0,0],[1,0],[0,0],[1,1],[0,0],[1,0],[1,0],[0,0],[0,-1],[0,0],[0,0],[0,0],[0,0],[1,0],[1,0],[0,0],[0,0],[0,-1],[1,0],[0,0],[0,1],[0,0],[1,0],[0,-1],[1,0],[0,0],[0,0],[0,-1],[1,0],[0,1],[1,0],[0,0],[0,-1],[1,0],[0,1],[0,0],[0,0],[0,0],[0,0],[0,0],[0,0],[0,0],[1,0],[0,0]],[[556,135],[0,1],[1,0],[0,0],[0,0],[0,0],[-1,0],[0,0],[0,0],[0,0],[0,0],[0,0],[0,0],[0,0],[0,0],[0,0],[0,-1],[0,0],[0,0],[0,0],[0,0],[0,0],[0,0],[0,0]],[[564,134],[0,0],[0,0],[1,0],[0,0],[0,0],[1,0],[0,1],[0,0],[0,0],[0,0],[0,0],[0,0],[0,1],[1,0],[0,0],[0,0],[0,0],[0,0],[0,0],[0,0],[0,0],[0,0],[0,0],[0,0],[-1,0],[0,0],[0,0],[0,0],[0,0],[0,-1],[0,0],[0,0],[0,0],[-1,0],[0,0],[0,0],[0,0],[-1,0],[0,0],[0,0],[0,-1],[0,0],[-1,0],[0,0],[0,0],[0,0],[0,0],[0,0],[0,0],[1,-1],[0,0],[0,1]],[[571,136],[0,0],[0,0],[0,0],[0,-1],[0,0],[0,0],[0,0],[0,0],[0,0],[0,0],[1,0],[-1,0],[0,0],[0,0],[0,1],[0,0],[0,0]],[[572,133],[0,0],[1,0],[0,0],[0,0],[0,0],[0,0],[-1,0],[0,0],[1,1],[-1,0],[0,0],[0,-1],[-1,0],[1,0],[0,0],[0,0],[-1,0],[0,0],[0,0],[0,0],[0,0],[0,0],[0,0],[1,0],[0,0],[0,0],[0,0]],[[576,142],[0,0],[0,0],[0,0],[0,0],[0,-1],[0,0],[0,0],[0,0],[0,0],[1,0],[0,0],[0,0],[0,0],[0,0],[0,1],[-1,0],[0,0]],[[565,143],[0,0],[1,0],[0,0],[0,0],[0,0],[0,0],[0,0],[0,0],[0,0],[0,0],[0,0],[0,0],[0,0],[0,1],[1,0],[0,-1],[0,0],[0,0],[1,0],[0,0],[1,1],[0,0],[1,0],[0,0],[0,0],[0,0],[0,0],[0,0],[0,0],[1,0],[0,0],[0,0],[1,0],[0,0],[0,0],[0,0],[0,0],[0,0],[0,0],[0,0],[-1,0],[0,0],[-1,0],[-1,1],[-1,0],[0,0],[0,-1],[0,0],[0,0],[-1,0],[0,0],[-1,0],[-1,0],[0,0],[0,0],[-1,0],[0,0],[0,-1],[0,0],[1,0],[0,0],[0,0],[0,0],[0,0],[0,0],[0,0],[0,0],[0,0]],[[572,126],[0,0],[0,0],[0,0],[1,0],[0,0],[0,1],[0,0],[0,0],[0,0],[-1,0],[0,1],[0,0],[0,0],[0,0],[0,0],[0,0],[0,0],[0,1],[-1,0],[0,0],[0,0],[0,0],[0,0],[-1,-1],[-1,0],[0,0],[0,0],[-1,0],[0,0],[-1,0],[0,0],[0,0],[0,0],[-1,1],[0,0],[-1,0],[0,0],[0,0],[0,0],[0,0],[0,1],[0,0],[0,0],[1,0],[0,0],[0,0],[1,0],[-1,0],[0,0],[0,0],[-1,0],[0,0],[0,0],[0,0],[0,0],[0,0],[1,1],[0,0],[0,0],[-1,0],[0,0],[0,-1],[-1,0],[0,0],[0,1],[0,0],[1,0],[0,0],[0,0],[-1,0],[0,0],[0,-1],[-1,0],[0,0],[-1,-1],[1,0],[0,0],[-1,0],[0,0],[0,0],[0,1],[0,0],[0,0],[0,1],[0,0],[0,0],[1,1],[0,0],[0,0],[1,1],[0,0],[0,0],[-1,0],[0,0],[0,0],[0,0],[0,0],[0,0],[0,0],[-1,0],[1,0],[0,0],[0,0],[0,0],[0,1],[-1,0],[0,0],[0,0],[0,0],[0,0],[0,0],[0,0],[1,0],[0,0],[1,0],[0,1],[0,0],[1,0],[0,0],[1,1],[0,0],[0,0],[0,0],[0,1],[0,0],[0,0],[0,0],[0,0],[-1,0],[0,0],[-1,-1],[0,0],[0,0],[0,0],[-1,0],[0,1],[0,0],[0,0],[0,0],[0,0],[0,0],[0,0],[1,0],[0,0],[0,0],[0,1],[0,0],[0,0],[0,0],[0,0],[-1,0],[0,0],[0,0],[0,0],[0,0],[0,0],[-1,0],[0,-1],[0,1],[0,0],[0,0],[1,1],[0,0],[0,1],[0,0],[0,0],[0,1],[0,0],[0,-1],[0,0],[-1,0],[0,0],[0,0],[0,0],[-1,0],[0,1],[0,-1],[0,0],[0,0],[0,0],[0,-1],[0,0],[0,0],[-1,0],[0,0],[0,0],[0,0],[0,1],[0,0],[-1,-1],[0,0],[0,-1],[0,0],[0,0],[0,0],[0,-1],[-1,0],[0,0],[0,0],[0,0],[0,0],[0,0],[0,-1],[1,0],[0,0],[0,0],[0,0],[0,0],[1,-1],[0,0],[1,1],[1,0],[0,0],[0,0],[0,0],[1,0],[0,0],[0,0],[0,0],[0,0],[0,0],[0,0],[0,0],[0,0],[0,0],[0,0],[0,0],[-1,0],[0,0],[0,0],[0,-1],[-1,0],[0,0],[0,0],[0,0],[-1,0],[0,0],[-1,0],[0,0],[0,0],[0,0],[-1,0],[0,0],[0,0],[0,0],[0,0],[0,0],[0,0],[0,0],[-1,0],[0,-1],[0,0],[0,0],[0,0],[0,0],[1,0],[0,0],[0,0],[0,0],[0,-1],[0,0],[-1,0],[0,0],[0,1],[0,-1],[0,0],[-1,0],[0,0],[-1,0],[0,-1],[0,0],[0,0],[0,0],[0,0],[0,0],[0,0],[0,0],[0,0],[0,0],[0,-1],[1,0],[0,0],[0,0],[0,0],[0,0],[0,0],[0,0],[0,0],[0,0],[0,0],[0,0],[0,0],[0,0],[0,0],[0,-1],[1,0],[0,0],[0,0],[0,0],[0,0],[0,0],[0,-1],[0,0],[0,0],[0,0],[0,0],[0,0],[0,0],[1,-1],[0,0],[0,0],[1,0],[0,0],[0,0],[0,0],[1,0],[0,0],[0,0],[1,0],[0,0],[0,0],[0,0],[0,0],[1,0],[0,0],[0,-1],[0,0],[0,0],[1,0],[0,0],[0,0],[1,0],[0,0],[0,0],[0,0],[1,0],[0,0],[0,0],[1,0],[0,0],[0,0],[0,0],[0,0],[0,0],[1,0],[0,0],[0,0],[0,0],[0,0],[0,0],[1,0],[0,0],[0,0],[0,0],[1,0],[0,0],[0,0],[1,0],[0,0],[0,0],[0,0],[1,0],[0,0],[0,0],[0,0],[0,0],[0,-1],[0,0],[0,0],[0,0],[0,0],[1,0],[0,0]],[[526,110],[0,0],[-1,0],[0,0],[-1,0],[0,0],[0,0],[0,0],[0,0],[0,0],[0,0],[0,0],[-1,0],[0,0],[0,0],[0,0],[0,0],[0,0],[0,0],[0,0],[0,0],[0,0],[0,0],[0,0],[0,0],[0,0],[0,0],[-1,0],[0,0],[0,0],[-1,0],[0,0],[0,0],[0,0],[0,0],[0,-1],[0,0],[0,0],[0,0],[0,-1],[0,0],[0,-1],[0,0],[1,0],[0,0],[0,0],[0,-1],[0,0],[0,0],[-1,0],[0,0],[0,0],[-1,0],[0,0],[0,0],[0,0],[-1,0],[0,0],[0,0],[0,0],[0,0],[0,0],[0,0],[0,0],[0,0],[0,0],[-1,0],[0,-1],[0,0],[0,0],[0,0],[0,0],[-1,0],[0,0],[0,0],[0,0],[1,-1],[0,0],[0,0],[0,0],[0,0],[0,0],[-1,0],[0,0],[0,0],[0,0],[0,-1],[0,0],[0,0],[0,0],[0,0],[0,0],[0,-1],[0,0],[0,0],[0,0],[0,0],[0,0],[0,0],[0,0],[0,0],[-1,-1],[0,0],[1,0],[-1,0],[0,0],[0,0],[0,0],[0,0],[0,0],[0,0],[0,0],[1,-1],[0,0],[0,0],[0,0],[0,0],[0,0],[0,0],[0,0],[0,0],[0,-1],[0,0],[0,0],[0,0],[0,0],[-1,0],[0,0],[0,-1],[1,0],[0,0],[0,0],[0,0],[0,1],[0,-1],[1,0],[0,0],[0,0],[1,0],[0,0],[0,0],[-1,0],[0,0],[0,0],[0,0],[1,0],[0,0],[0,-1],[0,0],[0,0],[0,0],[0,0],[0,0],[0,0],[0,0],[-1,0],[0,0],[0,0],[0,0],[0,-1],[0,0],[0,0],[0,0],[1,0],[0,0],[0,0],[0,0],[1,-1],[0,0],[0,0],[0,0],[0,-1],[-1,0],[0,0],[0,0],[1,0],[0,-1],[1,0],[1,0],[0,1],[0,0],[0,0],[1,0],[0,0],[0,0],[0,0],[0,0],[0,0],[0,0],[0,0],[0,-1],[0,0],[0,0],[1,0],[0,0],[1,0],[0,0],[1,1],[0,0],[1,0],[-1,0],[-1,-1],[0,0],[0,0],[0,0],[-1,0],[0,0],[0,-1],[0,0],[0,0],[0,0],[0,0],[0,0],[0,-1],[0,0],[0,0],[0,0],[0,0],[0,0],[0,-1],[0,0],[0,0],[0,0],[1,0],[0,0],[1,0],[0,0],[0,0],[0,0],[1,0],[0,0],[0,0],[0,0],[0,1],[0,0],[0,0],[0,0],[0,0],[1,0],[0,0],[0,0],[0,0],[1,1],[1,0],[0,0],[0,0],[0,0],[0,0],[0,1],[0,0],[0,0],[1,0],[0,0],[1,-1],[0,0],[1,0],[0,0],[1,0],[0,0],[0,-1],[1,0],[0,0],[1,0],[0,1],[1,0],[1,0],[0,1],[0,0],[0,0],[0,0],[1,0],[0,0],[0,0],[0,1],[0,0],[0,1],[0,0],[0,0],[0,0],[0,0],[0,0],[0,0],[0,1],[0,0],[1,0],[0,1],[0,0],[0,0],[0,0],[0,0],[0,0],[0,0],[0,1],[0,0],[0,0],[0,0],[0,0],[0,0],[0,0],[0,0],[0,1],[0,0],[0,0],[0,0],[0,0],[0,0],[1,1],[0,0],[0,0],[0,0],[0,1],[0,0],[-1,0],[0,0],[0,0],[0,0],[0,0],[0,0],[0,0],[0,0],[0,0],[0,0],[0,0],[0,0],[-1,0],[0,0],[0,0],[0,0],[0,0],[0,0],[0,0],[0,0],[0,0],[0,0],[-1,0],[0,0],[-1,1],[0,0],[0,0],[0,0],[0,0],[0,0],[0,0],[-1,0],[0,0],[0,0],[0,0],[0,0],[0,0],[0,0],[-1,0],[0,0],[0,0],[0,0],[0,0],[0,0],[-1,0],[0,1],[0,0],[0,0],[0,0],[-1,0],[0,0],[0,0],[0,0],[0,0],[0,0],[0,0],[0,0],[0,0],[0,0],[1,0],[0,1],[0,0],[0,0],[0,0],[0,0],[0,0],[0,0],[0,0],[0,0],[0,0],[0,0],[0,1],[1,0],[0,0],[0,0],[0,0],[0,0],[1,1],[0,0],[0,0],[0,0],[0,0],[1,0],[0,0],[0,0],[0,0],[0,1],[1,0],[0,0],[0,0],[0,0],[0,0],[0,0],[0,0],[-1,1],[0,0],[0,-1],[0,0],[0,0],[0,1],[0,0],[-1,0],[0,0],[0,0],[0,0],[-1,0],[0,1],[0,0],[0,0],[0,0],[0,0],[0,0],[0,1],[0,0],[0,0],[0,0],[1,0],[0,0],[0,0],[0,0],[0,0],[-1,0],[0,0],[0,0],[0,0],[0,0],[0,0],[0,0],[0,0],[-1,0],[0,0],[0,0],[0,0],[0,0],[0,0],[-1,0],[0,0],[0,0],[0,0],[-1,0],[0,0],[-1,0],[0,0],[0,0],[0,1],[0,0],[0,0],[-1,0],[0,0],[0,0],[0,0],[0,-1],[0,0],[0,0],[-1,0],[0,0],[0,0],[0,0],[0,0],[-1,1],[0,0],[0,0],[0,0],[0,0],[0,0],[0,0],[0,0],[0,0],[0,0],[0,0],[-1,-1],[0,0],[0,0],[0,0],[0,0],[0,0],[-1,0],[0,0],[0,0]],[[537,92],[1,0],[-1,0],[0,0],[0,0],[0,0],[0,0],[-1,0],[0,0],[0,-1],[0,0],[0,0],[0,0],[0,0],[0,0],[1,0],[0,0],[0,0],[0,0],[0,0],[0,0],[0,0],[0,0],[0,0],[0,1]],[[526,123],[0,1],[0,0],[0,0],[0,0],[0,1],[0,0],[0,0],[0,1],[0,0],[0,0],[0,0],[-1,1],[0,0],[0,0],[-1,0],[0,0],[0,-1],[0,0],[0,0],[0,0],[0,0],[0,0],[0,0],[0,0],[0,0],[0,0],[0,0],[0,-1],[0,0],[0,0],[0,0],[0,0],[-1,0],[0,0],[1,0],[0,0],[0,-1],[-1,0],[0,0],[0,0],[1,0],[0,0],[0,0],[1,0],[0,0],[0,-1],[0,0],[0,0],[0,0],[0,0],[0,0],[1,0],[-1,0],[1,0],[0,0],[0,0],[0,0],[0,0],[0,0],[0,0]],[[521,110],[-1,0],[0,0],[0,0],[0,1],[0,0],[0,0],[0,-1],[0,0],[0,0],[-1,0],[0,0],[0,1],[0,0],[0,0],[0,0],[0,0],[0,0],[0,0],[0,0],[-1,1],[0,0],[0,0],[0,0],[0,0],[0,0],[0,0],[-1,1],[0,0],[0,0],[0,0],[0,0],[0,0],[0,0],[0,1],[0,0],[-1,0],[0,0],[0,0],[0,0],[1,0],[0,0],[0,0],[0,0],[0,0],[0,0],[0,-1],[1,0],[0,0],[0,0],[1,0],[-1,0],[1,1],[0,0],[0,0],[0,0],[0,0],[0,0],[0,0],[0,1],[0,0],[0,0],[0,0],[0,0],[0,0],[0,0],[0,0],[0,1],[0,0],[0,0],[1,0],[0,0],[-1,0],[0,1],[0,0],[0,0],[0,0],[0,0],[-1,0],[0,0],[0,0],[0,0],[0,0],[0,0],[1,0],[0,1],[0,0],[0,0],[0,0],[0,0],[0,0],[0,0],[0,0],[0,0],[0,1],[0,0],[0,0],[0,0],[0,0],[0,0],[1,0],[0,1],[0,0],[1,-1],[0,0],[0,1],[0,0],[0,0],[0,0],[0,0],[-1,0],[0,0],[0,1],[0,0],[0,0],[0,0],[0,0],[0,0],[0,0],[0,0],[0,0],[-1,0],[-1,1],[0,0],[0,0],[0,0],[0,0],[-1,0],[0,0],[-1,0],[0,0],[0,0],[-1,0],[0,0],[-1,0],[0,0],[0,0],[0,0],[0,-1],[0,0],[-1,0],[0,1],[0,0],[0,0],[0,0],[0,0],[0,0],[0,0],[-1,-1],[0,0],[0,0],[-1,0],[0,0],[0,0],[0,0],[0,0],[0,0],[-1,0],[-1,1],[0,0],[-1,1],[0,0],[0,1],[1,0],[0,0],[0,0],[-1,0],[0,0],[0,0],[0,0],[0,0],[-1,0],[0,0],[0,0],[0,0],[0,0],[-1,0],[0,0],[0,0],[0,0],[-1,0],[0,0],[0,0],[0,0],[0,0],[0,0],[0,0],[0,0],[0,0],[-1,0],[0,0],[0,0],[0,0],[0,-1],[0,0],[-1,0],[0,0],[0,0],[-1,0],[0,0],[0,0],[0,0],[0,0],[0,0],[-1,0],[0,0],[0,0],[0,0],[0,0],[-1,0],[0,0],[0,0],[-1,0],[0,0],[0,0],[0,0],[0,0],[0,0],[-1,0],[0,0],[0,0],[0,0],[0,0],[-1,0],[0,0],[-1,-1],[0,0],[0,0],[0,0],[0,0],[0,1],[0,0],[0,0],[0,-1],[0,0],[0,0],[0,0],[0,0],[0,0],[0,0],[0,0],[0,0],[-1,0],[0,0],[0,0],[0,0],[1,-1],[0,0],[0,-1],[1,-2],[0,0],[0,0],[0,0],[0,0],[0,0],[0,0],[0,-1],[0,-1],[0,0],[0,0],[1,0],[0,0],[0,1],[0,0],[0,0],[0,0],[0,0],[0,-1],[0,0],[0,0],[-1,-1],[0,0],[0,0],[0,0],[0,0],[0,0],[0,0],[0,0],[0,-1],[0,0],[0,0],[0,0],[-1,0],[0,-1],[-1,0],[0,0],[-1,-1],[0,0],[0,0],[0,0],[0,-1],[0,0],[0,0],[0,0],[0,0],[0,0],[1,0],[0,0],[0,0],[0,0],[-1,0],[-1,0],[0,0],[0,0],[0,0],[0,-1],[0,0],[0,0],[0,0],[-1,0],[0,0],[1,0],[-1,0],[0,0],[0,0],[0,0],[-1,0],[0,0],[0,0],[0,0],[0,0],[0,0],[-1,0],[-1,-1],[0,0],[-1,0],[0,0],[0,0],[0,0],[-1,0],[0,0],[1,0],[0,0],[0,0],[0,-1],[0,0],[0,0],[-1,0],[1,0],[0,0],[0,0],[0,0],[0,0],[0,0],[0,0],[0,0],[-1,0],[0,0],[0,0],[0,0],[0,-1],[1,0],[1,0],[0,0],[1,0],[0,0],[1,0],[0,0],[1,0],[0,0],[1,0],[0,0],[1,0],[1,0],[0,0],[0,0],[0,0],[0,0],[1,0],[0,0],[0,0],[0,0],[0,-1],[-1,-1],[0,0],[0,0],[0,0],[0,-1],[0,0],[1,0],[0,0],[1,0],[0,1],[0,0],[0,0],[0,0],[0,0],[1,0],[1,0],[1,0],[0,0],[0,0],[1,0],[0,0],[0,0],[-1,0],[0,0],[0,0],[1,-1],[1,0],[1,0],[0,0],[1,-1],[0,0],[0,0],[0,0],[0,0],[0,-2],[0,0],[1,0],[0,0],[0,0],[2,0],[0,0],[0,0],[0,0],[0,0],[0,0],[0,0],[0,0],[1,0],[0,1],[0,0],[0,0],[0,-1],[0,0],[1,0],[0,0],[0,1],[0,0],[0,0],[0,0],[1,0],[0,0],[0,0],[0,1],[0,0],[0,0],[0,0],[0,0],[1,0],[0,0],[0,0],[0,0],[0,0],[0,0],[0,0],[0,0],[0,0],[0,0],[0,0],[0,1],[0,0],[0,0],[0,0],[1,0],[0,0],[1,-1],[0,0],[0,0],[0,0],[0,0],[0,0],[0,1],[0,0],[0,0],[0,0],[0,0],[1,0],[0,0],[0,0],[0,0],[0,0],[0,0],[1,1],[0,0],[0,0],[0,0],[0,0],[1,0],[0,0],[0,0],[0,0],[0,0],[0,0],[0,0],[1,0],[0,0],[0,0],[0,0],[0,0],[0,0],[0,0],[1,0],[0,0],[0,0],[0,0],[0,0],[0,1],[1,0],[0,0],[0,0],[0,0],[0,0],[0,0],[0,0],[0,0],[0,0],[0,0],[1,0],[0,0],[0,0],[0,0],[1,0],[0,0],[0,0],[1,0],[0,0],[0,0],[0,1],[0,0],[0,0],[-1,0],[0,0],[0,1],[0,0],[0,1],[0,0],[0,0],[0,0],[0,1],[0,0],[0,0],[0,0]],[[653,298],[-1,1],[0,0],[-1,-1],[0,0],[0,0],[0,0],[0,-1],[1,0],[0,0],[0,0],[0,1],[1,0],[0,0],[0,0]],[[334,201],[0,0],[0,0],[0,0],[-1,0],[0,0],[0,-1],[0,0],[0,0],[0,0],[0,0],[0,0],[0,0],[0,0],[0,0],[0,0],[0,0],[0,0],[0,0],[1,0],[0,0],[0,1]],[[332,196],[-1,1],[0,0],[0,-1],[0,0],[0,0],[0,-1],[1,1],[0,0],[0,0],[0,0],[0,0],[0,0]],[[351,234],[0,0],[0,0],[0,0],[0,0],[0,-1],[1,0],[0,-1],[0,0],[0,0],[0,0],[0,-1],[0,0],[0,0],[0,0],[0,-1],[0,0],[0,0],[0,0],[0,0],[0,0],[0,0],[-1,-1],[0,0],[0,0],[0,0],[0,0],[0,-1],[0,0],[0,0],[0,0],[0,-1],[0,0],[0,0],[0,0],[0,0],[0,-1],[0,0],[1,0],[0,0],[0,-1],[0,0],[1,-1],[0,0],[1,1],[0,0],[1,0],[1,1],[1,0],[0,1],[0,0],[0,0],[0,0],[1,0],[0,0],[0,1],[0,0],[0,0],[0,0],[0,0],[0,0],[0,0],[0,0],[0,-1],[0,1],[1,0],[0,1],[0,0],[0,0],[0,0],[0,0],[0,0],[-1,0],[0,1],[0,0],[0,0],[0,0],[0,0],[0,0],[0,1],[-1,0],[0,0],[0,0],[0,0],[0,1],[0,0],[0,0],[0,0],[0,0],[-1,1],[0,0],[0,0],[0,1],[0,0],[0,0],[-1,0],[0,0],[0,0],[0,0],[0,0],[0,0],[0,0],[-1,0],[0,0],[0,0],[0,0],[0,0],[0,0],[0,0],[-1,0],[0,0],[0,0],[0,0],[0,0],[0,0],[0,0],[0,0],[-1,0],[0,0],[0,0],[0,0],[0,0],[-1,0],[0,0],[0,0],[0,0],[0,0]],[[555,75],[0,0],[0,0],[0,0],[0,0],[0,0],[0,0],[0,0],[0,1],[0,0],[0,0],[0,0],[0,0],[0,0],[0,0],[-1,0],[0,0],[0,0],[0,-1],[0,0],[0,0],[0,1],[0,0],[0,-1],[0,0],[0,0],[0,0],[0,0],[0,0],[0,0],[1,0],[0,0]],[[566,60],[0,0],[0,0],[-1,-1],[0,0],[0,0],[0,0],[0,0],[0,0],[0,0],[0,-1],[0,0],[0,0],[0,0],[0,0],[0,0],[1,0],[0,-1],[-1,0],[0,0],[0,0],[0,0],[0,0],[0,0],[0,-1],[0,0],[0,0],[0,0],[0,0],[0,0],[-1,0],[0,0],[0,0],[0,0],[0,0],[0,-1],[0,0],[0,0],[0,0],[0,0],[0,0],[1,-1],[0,0],[-1,0],[0,0],[0,0],[-1,0],[0,0],[0,-1],[-1,0],[0,0],[-1,0],[0,0],[-1,0],[0,0],[-1,0],[0,0],[0,-1],[0,0],[-1,0],[0,0],[-1,0],[0,0],[0,0],[0,0],[-1,-1],[1,0],[0,0],[1,0],[0,0],[0,0],[0,0],[0,0],[0,0],[0,0],[1,0],[0,0],[0,0],[1,0],[0,0],[0,1],[1,0],[0,0],[0,0],[1,0],[0,0],[1,0],[0,1],[1,0],[0,-1],[1,0],[0,0],[0,0],[1,0],[0,0],[1,0],[0,0],[1,1],[0,0],[0,0],[1,0],[0,-1],[0,0],[0,0],[1,0],[0,0],[0,0],[0,0],[0,-1],[0,0],[0,0],[1,0],[0,-1],[0,0],[0,0],[0,0],[1,-1],[1,0],[0,0],[0,0],[1,0],[0,0],[0,0],[0,0],[1,0],[0,0],[1,0],[0,0],[1,0],[0,0],[1,0],[1,1],[1,0],[0,0],[0,0],[0,1],[-1,0],[0,0],[0,0],[0,0],[0,1],[0,0],[-1,0],[0,0],[0,0],[0,0],[0,0],[1,0],[0,0],[0,0],[0,0],[-1,1],[0,0],[0,0],[0,1],[1,0],[1,0],[1,0],[1,1],[0,0],[0,0],[0,1],[-1,0],[0,0],[-1,0],[0,1],[0,0],[-1,0],[0,0],[1,0],[0,1],[0,0],[1,0],[0,1],[0,0],[0,0],[0,0],[0,0],[1,1],[0,0],[0,0],[0,1],[0,0],[0,0],[0,0],[-1,0],[0,0],[1,0],[-1,0],[0,1],[0,0],[0,0],[0,0],[0,0],[0,0],[1,0],[0,0],[-1,0],[0,0],[0,0],[0,0],[0,1],[0,0],[0,0],[0,0],[1,0],[0,0],[0,0],[0,0],[0,1],[0,0],[0,0],[0,0],[1,0],[0,1],[0,0],[0,0],[0,0],[0,0],[0,0],[0,1],[-1,0],[0,0],[0,0],[1,1],[1,0],[1,0],[0,0],[0,1],[1,0],[0,0],[0,0],[0,0],[0,0],[0,1],[0,0],[0,0],[-1,0],[0,1],[-1,0],[-1,1],[0,0],[-1,0],[0,0],[-1,1],[0,0],[0,0],[-1,1],[-1,0],[0,0],[-1,0],[0,1],[0,0],[0,0],[-1,0],[-1,1],[0,0],[0,0],[-1,0],[0,0],[-1,0],[0,0],[0,0],[0,0],[-1,0],[0,0],[0,0],[-1,0],[1,0],[0,0],[0,-1],[0,0],[-1,1],[0,0],[0,0],[0,0],[-1,0],[0,0],[0,0],[0,0],[0,0],[0,0],[0,0],[-1,0],[0,0],[0,0],[0,0],[0,0],[-1,0],[0,1],[-1,0],[0,0],[-1,0],[0,0],[0,0],[0,0],[-1,0],[-1,0],[-1,0],[0,0],[0,0],[-1,1],[0,0],[0,0],[0,0],[0,-1],[0,0],[0,0],[0,0],[0,0],[0,0],[0,0],[-1,0],[0,0],[0,0],[0,0],[0,0],[0,0],[0,0],[-1,0],[0,0],[0,0],[0,0],[0,0],[0,0],[1,0],[0,0],[0,0],[0,-1],[0,0],[0,0],[0,0],[0,0],[0,0],[0,0],[-1,0],[-1,0],[0,0],[0,0],[-1,0],[0,0],[0,0],[0,0],[0,-1],[0,0],[0,0],[-1,0],[0,0],[0,-1],[1,0],[0,0],[0,0],[0,-1],[0,0],[0,0],[0,0],[0,0],[0,0],[0,0],[0,0],[0,0],[0,0],[0,0],[0,0],[0,0],[0,-1],[-1,0],[0,0],[0,-1],[0,0],[0,0],[0,0],[0,0],[0,-1],[0,0],[0,0],[0,0],[0,0],[1,-1],[0,0],[0,0],[0,0],[0,0],[0,-1],[1,0],[0,0],[0,0],[1,0],[0,0],[0,0],[0,0],[0,0],[0,0],[0,0],[0,0],[0,0],[1,-1],[0,0],[0,0],[1,0],[0,0],[1,0],[0,-1],[1,0],[0,0],[0,0],[0,-1],[1,0],[0,0],[1,-1],[0,0],[0,0],[0,0],[1,0],[0,0],[1,0],[0,0],[0,0],[0,0],[0,0],[0,0],[0,-1],[0,0],[0,0],[0,0],[0,0],[0,0],[0,-1],[0,0],[-1,0],[0,0],[-1,0],[0,-1],[0,0],[0,0],[0,0],[0,0],[0,0],[-1,0],[0,0]],[[575,83],[0,0],[-1,0],[0,0],[0,0],[0,0],[-1,0],[0,0],[-1,0],[0,0],[0,0],[-1,-1],[0,0],[0,0],[-1,0],[0,0],[0,0],[0,0],[-1,0],[0,-1],[0,1],[0,0],[0,0],[0,0],[0,0],[0,-1],[-1,1],[0,0],[0,0],[-1,0],[0,0],[-1,0],[1,0],[0,-1],[0,0],[0,0],[0,0],[0,0],[0,0],[0,0],[-1,0],[0,0],[0,0],[0,0],[-1,0],[0,-1],[0,0],[-1,0],[0,0],[0,0],[1,0],[0,-1],[-1,0],[0,0],[0,0],[0,0],[0,0],[0,0],[0,0],[0,0],[0,0],[0,-1],[1,0],[0,0],[1,0],[0,0],[0,0],[1,0],[0,0],[1,-1],[2,0],[0,0],[0,0],[0,0],[0,0],[0,0],[2,0],[1,0],[0,1],[1,0],[1,0],[1,0],[1,0],[0,0],[0,0],[0,0],[0,0],[0,0],[0,0],[0,0],[0,0],[-1,0],[0,0],[0,0],[0,1],[-1,0],[0,0],[0,0],[0,0],[0,1],[0,0],[0,1],[0,0],[0,0],[0,0],[0,0],[1,1],[0,0],[0,0],[0,0],[0,0],[0,0],[0,0],[-1,0],[0,0],[0,0],[0,1],[0,0],[0,0],[0,0]],[[562,80],[0,0],[0,0],[0,0],[1,0],[1,0],[0,0],[-1,0],[0,1],[0,0],[0,0],[0,0],[-1,0],[0,0],[-1,0],[0,0],[0,0],[0,0],[0,1],[-1,0],[0,0],[0,0],[0,0],[1,-1],[0,0],[-1,0],[0,0],[0,0],[0,0],[0,0],[0,0],[0,0],[0,0],[0,-1],[0,0],[0,0],[0,0],[1,0],[0,0],[0,0],[0,0],[0,0],[1,0],[0,0]],[[563,79],[-1,1],[0,-1],[0,0],[0,1],[0,0],[-1,0],[0,0],[0,-1],[0,0],[0,0],[-1,0],[1,0],[1,0],[0,0],[0,0],[0,0],[0,0],[0,0],[1,0],[0,0],[0,0],[0,0]],[[482,70],[0,0],[0,0],[-1,0],[0,0],[0,0],[0,0],[0,0],[1,1],[0,0],[0,0],[-1,0],[0,-1],[-1,0],[1,0],[0,0],[1,0]],[[534,88],[0,0],[0,0],[0,0],[0,0],[0,0],[-1,0],[0,1],[1,0],[0,0],[0,0],[0,0],[-1,0],[0,1],[0,0],[0,0],[0,0],[-1,0],[0,0],[0,0],[0,0],[0,0],[0,-1],[-1,0],[0,0],[0,0],[0,0],[0,0],[0,0],[-1,-1],[0,0],[0,0],[0,0],[0,0],[0,0],[0,0],[1,0],[0,0],[0,0],[0,-1],[0,0],[0,0],[1,0],[0,0],[0,1],[0,0],[0,0],[0,0],[0,0],[0,0],[1,0],[0,-1],[0,0],[-1,0],[1,0],[0,0],[1,0],[0,0],[0,0],[0,0],[0,0],[0,0],[0,0],[0,1]],[[527,90],[0,0],[-1,0],[0,0],[0,0],[0,0],[-1,0],[0,0],[-1,0],[0,0],[0,0],[0,0],[0,0],[-1,-1],[1,0],[0,0],[0,0],[-1,-1],[-1,0],[0,-1],[0,0],[0,0],[0,-1],[0,-1],[0,0],[1,0],[0,1],[0,0],[1,0],[0,0],[0,0],[0,-1],[0,0],[1,0],[0,0],[0,0],[0,0],[0,0],[0,-1],[0,0],[0,0],[-1,1],[0,0],[0,0],[-1,0],[0,0],[0,0],[0,0],[0,0],[0,-1],[1,0],[0,0],[0,0],[1,0],[0,0],[1,0],[0,0],[1,-1],[0,0],[1,0],[1,-1],[0,0],[0,1],[0,0],[0,0],[0,0],[0,0],[0,1],[0,0],[-1,0],[0,0],[0,1],[0,0],[0,0],[0,1],[1,0],[1,0],[0,0],[0,0],[0,0],[0,0],[-1,0],[0,1],[0,0],[0,-1],[-1,0],[0,1],[0,0],[0,0],[0,1],[0,-1],[-1,0],[0,1],[0,0],[0,0],[0,0],[0,0],[0,0],[0,0],[-1,0],[0,0],[0,1],[0,0],[0,0],[0,0],[0,1],[0,0],[0,0],[0,0],[0,0],[1,0],[0,0],[0,0]],[[529,88],[0,0],[0,1],[1,0],[-1,0],[1,0],[-1,0],[0,1],[0,0],[-1,0],[-1,-1],[0,0],[0,0],[0,0],[0,-1],[0,0],[1,0],[0,0],[0,0],[1,0],[0,0],[0,0]],[[531,90],[1,0],[0,0],[0,0],[0,0],[0,1],[0,0],[0,0],[-1,0],[-1,-1],[0,0],[0,0],[1,0],[0,0]],[[541,90],[0,0],[0,0],[-1,0],[0,-1],[0,0],[1,0],[0,1],[0,0]],[[551,105],[0,0],[0,0],[0,0],[0,0],[0,0],[0,0],[-1,0],[0,0],[0,0],[0,1],[0,0],[0,0],[-1,0],[0,0],[0,0],[0,0],[0,0],[0,0],[0,0],[0,1],[-1,0],[0,0],[-1,0],[0,0],[0,0],[0,0],[-1,0],[0,0],[0,0],[0,0],[0,0],[0,0],[0,0],[-1,0],[0,0],[0,0],[0,0],[0,0],[-1,0],[0,0],[-1,0],[0,0],[0,0],[0,0],[-1,-1],[0,0],[0,0],[0,0],[-1,0],[0,0],[0,0],[0,0],[0,0],[0,1],[0,0],[0,0],[-1,0],[0,0],[0,0],[0,0],[0,0],[-1,0],[0,0],[0,0],[-1,0],[0,0],[0,0],[0,0],[0,0],[0,0],[-1,0],[0,-1],[0,0],[0,0],[0,0],[-1,0],[0,0],[0,0],[0,0],[0,0],[-1,-1],[0,0],[0,0],[0,0],[0,0],[-1,0],[0,-1],[0,0],[0,0],[0,0],[0,0],[0,0],[0,0],[0,0],[0,0],[0,0],[0,0],[0,-1],[-1,0],[0,0],[0,0],[0,0],[0,0],[0,0],[0,0],[0,0],[0,0],[0,0],[1,0],[0,0],[0,0],[0,0],[0,-1],[1,0],[0,0],[0,0],[0,0],[0,0],[0,0],[1,0],[0,0],[0,0],[0,0],[0,0],[0,0],[0,0],[1,0],[0,0],[0,0],[0,0],[0,0],[0,0],[0,0],[1,-1],[0,0],[1,0],[0,0],[0,0],[0,0],[0,0],[0,0],[0,0],[0,0],[0,0],[0,0],[1,0],[0,0],[0,0],[0,0],[0,0],[0,0],[0,0],[0,0],[0,0],[0,0],[0,0],[1,0],[0,0],[0,0],[0,0],[0,0],[0,0],[1,0],[0,0],[0,0],[0,0],[0,0],[0,0],[1,0],[0,0],[0,1],[0,0],[1,0],[0,0],[0,0],[0,0],[1,0],[0,0],[0,0],[0,0],[0,0],[0,0],[0,0],[0,0],[-1,0],[0,0],[0,0],[1,0],[0,0],[0,1],[0,0],[0,0],[0,0],[1,0],[0,0],[0,0],[0,0],[0,0],[0,0],[0,0],[0,0],[0,-1],[0,0],[0,0],[1,0],[1,1],[0,0],[0,0],[0,0],[0,0],[0,0],[0,0],[0,0],[0,0],[0,0],[0,0],[0,0],[1,0],[0,0],[0,1],[0,0],[0,0],[0,-1],[0,0],[0,0],[0,0],[0,1],[1,0],[0,0],[0,0],[0,0],[1,0],[0,0],[0,0],[0,0],[0,0],[0,1],[0,0],[0,0]],[[537,116],[0,0],[1,0],[0,0],[0,0],[0,0],[0,0],[0,0],[1,0],[0,0],[0,0],[0,0],[1,0],[0,-1],[0,0],[0,0],[0,0],[0,1],[0,0],[0,0],[1,0],[0,0],[0,0],[0,0],[1,0],[0,0],[0,0],[0,0],[0,0],[0,-1],[0,0],[0,0],[0,0],[0,0],[0,0],[1,0],[0,0],[0,0],[0,-1],[0,0],[0,0],[0,0],[0,0],[0,0],[0,0],[0,0],[0,0],[1,0],[0,0],[0,-1],[0,0],[0,0],[0,0],[0,0],[0,0],[1,0],[0,0],[0,0],[0,0],[0,0],[1,0],[0,1],[0,0],[1,0],[0,0],[0,0],[0,0],[1,1],[0,0],[0,0],[0,0],[0,0],[1,0],[0,0],[1,0],[0,0],[0,0],[0,0],[1,0],[0,0],[0,0],[0,0],[0,0],[1,0],[0,0],[0,0],[0,0],[-1,0],[1,0],[0,0],[0,1],[0,0],[0,0],[0,0],[0,0],[0,0],[0,0],[0,0],[1,0],[0,0],[0,0],[0,1],[0,0],[0,0],[0,0],[0,0],[-1,0],[0,0],[0,0],[0,0],[0,0],[0,0],[0,0],[0,0],[0,0],[0,0],[0,0],[0,1],[0,0],[-1,-1],[0,0],[0,0],[0,0],[0,0],[0,0],[0,0],[-1,0],[0,0],[0,0],[0,0],[0,0],[-1,0],[0,0],[0,0],[0,0],[-1,0],[0,0],[0,0],[0,0],[0,0],[-1,0],[0,0],[0,0],[0,0],[-1,-1],[0,1],[-1,0],[0,0],[0,0],[0,0],[-1,0],[0,0],[0,0],[0,0],[-1,0],[0,0],[0,0],[0,0],[0,1],[0,0],[0,0],[1,0],[0,0],[0,1],[0,0],[0,0],[1,1],[0,0],[0,0],[0,0],[1,0],[0,1],[0,0],[1,0],[0,0],[0,0],[0,1],[0,0],[1,0],[0,1],[0,0],[0,0],[0,0],[0,0],[0,0],[-1,-1],[0,0],[-1,0],[-1,-1],[0,0],[-1,0],[0,0],[0,0],[0,0],[0,0],[0,0],[0,0],[-1,0],[0,-1],[-1,0],[0,-1],[-1,0],[1,0],[0,0],[0,0],[0,0],[0,0],[0,0],[0,0],[-1,-1],[0,0],[0,0],[0,-1],[0,0],[-1,0],[0,-1],[-1,0],[0,0],[0,0],[0,1],[0,0],[-1,0],[0,1],[0,0],[0,0],[0,-1],[-1,0],[0,0],[0,0],[0,-1],[0,0]],[[550,124],[0,0],[1,0],[0,0],[-1,0],[0,0],[-1,-1],[-1,0],[-1,0],[0,0],[0,0],[0,0],[1,0],[0,0],[0,0],[1,0],[0,0],[0,0],[0,0],[1,0],[0,1],[0,0],[0,0]],[[577,125],[-1,0],[0,0],[0,0],[0,0],[0,0],[-1,1],[0,0],[0,0],[0,-1],[0,0],[-1,0],[0,0],[0,0],[0,0],[-1,0],[0,0],[0,0],[0,0],[0,1],[0,0],[0,0],[-1,0],[0,0],[0,0],[0,0],[0,0],[0,0],[-1,0],[0,0],[0,0],[0,0],[0,0],[0,1],[0,0],[0,0],[0,0],[0,0],[-1,0],[0,0],[0,0],[0,0],[-1,0],[0,0],[0,0],[-1,0],[0,0],[0,0],[0,0],[-1,0],[0,0],[0,0],[0,0],[0,0],[0,0],[-1,0],[0,0],[0,0],[0,0],[0,0],[0,0],[-1,0],[0,0],[0,0],[-1,0],[0,0],[0,0],[0,0],[-1,0],[0,0],[0,0],[0,0],[0,-1],[0,0],[0,0],[0,0],[0,0],[0,0],[-1,-1],[0,0],[0,0],[0,0],[-1,0],[0,0],[0,-1],[0,0],[1,0],[0,0],[0,0],[-1,0],[0,0],[0,-1],[0,0],[0,0],[0,0],[1,0],[0,0],[0,0],[0,0],[0,0],[1,-1],[0,0],[0,0],[0,0],[-1,0],[0,0],[0,0],[0,0],[0,-1],[-1,0],[0,0],[0,0],[0,0],[0,0],[0,-1],[0,0],[0,0],[0,0],[0,0],[1,0],[0,-1],[0,0],[0,0],[0,0],[0,0],[1,1],[0,0],[0,0],[0,0],[0,0],[0,0],[-1,0],[1,0],[0,0],[0,0],[1,0],[1,0],[1,1],[1,-1],[1,1],[1,0],[1,0],[0,0],[1,0],[0,-1],[1,0],[0,0],[1,0],[1,-1],[0,1],[1,0],[0,0],[1,0],[0,0],[0,0],[0,0],[0,0],[1,0],[0,1],[1,0],[0,0],[0,0],[0,0],[0,1],[-1,-1],[0,1],[0,0],[-1,0],[0,0],[0,1],[0,0],[0,0],[0,0],[-1,1],[1,0],[0,0],[0,1],[0,0],[1,0]],[[552,121],[0,0],[0,0],[0,0],[0,0],[0,0],[0,0],[0,0],[0,0],[0,1],[0,0],[0,0],[0,0],[0,0],[0,0],[-1,0],[0,0],[0,0],[0,0],[0,0],[0,1],[0,0],[-1,0],[0,0],[0,0],[0,0],[1,1],[0,0],[0,0],[0,0],[-1,0],[0,0],[0,0],[0,0],[0,-1],[-1,0],[0,0],[0,0],[0,0],[-1,0],[0,0],[0,0],[0,0],[0,0],[0,0],[0,0],[0,-1],[-1,0],[0,0],[0,-1],[0,0],[0,0],[-1,0],[0,0],[0,-1],[-1,0],[0,0],[0,0],[0,0],[-1,-1],[0,0],[0,0],[0,-1],[0,0],[-1,0],[0,0],[0,0],[0,-1],[0,0],[0,0],[0,0],[1,0],[0,0],[0,0],[0,0],[1,0],[0,0],[0,0],[0,0],[1,0],[0,-1],[1,1],[0,0],[0,0],[0,0],[1,0],[0,0],[0,0],[0,0],[0,0],[1,0],[0,0],[0,0],[0,0],[1,0],[0,0],[0,0],[0,0],[0,0],[1,0],[0,0],[0,0],[0,0],[0,0],[0,0],[0,0],[1,1],[0,0],[0,0],[0,-1],[1,0],[0,0],[0,0],[0,1],[0,0],[0,0],[0,0],[-1,0],[0,1],[0,0],[0,0],[0,0],[0,0],[1,0],[0,0],[0,0],[0,1],[1,0],[0,0],[-1,0],[0,0],[0,0],[0,0],[0,0],[0,0],[0,0],[0,0],[0,1],[0,0],[0,0],[0,0],[0,0],[0,0],[0,0],[0,0],[-1,0]],[[512,100],[0,0],[0,0],[0,0],[0,0],[0,0],[0,-1],[0,1],[1,0],[0,0],[0,-1],[0,0],[0,1],[0,0],[0,0],[0,0],[1,0],[0,0],[0,-1],[0,1],[0,0],[0,0],[0,0],[1,0],[0,0],[0,0],[0,0],[0,0],[0,0],[1,0],[0,0],[0,0],[0,1],[0,0],[0,0],[0,0],[0,0],[-1,0],[0,0],[0,0],[1,0],[0,0],[0,0],[0,0],[0,0],[0,0],[1,1],[0,0],[0,0],[0,0],[0,0],[0,0],[0,0],[0,0],[0,0],[0,1],[0,0],[0,0],[0,0],[0,0],[0,0],[0,0],[-1,0],[0,0],[0,0],[0,1],[0,0],[0,0],[0,0],[0,0],[0,0],[0,0],[0,0],[0,0],[0,1],[0,0],[0,0],[0,0],[0,0],[-1,0],[0,0],[0,0],[0,0],[0,0],[-1,-1],[0,0],[0,0],[0,0],[0,0],[0,0],[-1,0],[0,0],[0,0],[0,0],[0,0],[0,-1],[0,0],[0,0],[0,0],[0,0],[0,0],[-1,1],[0,0],[-1,0],[0,0],[0,0],[0,0],[0,-1],[0,0],[0,0],[0,0],[0,0],[0,0],[0,0],[0,0],[0,0],[0,0],[0,0],[-1,0],[0,0],[0,0],[0,0],[0,0],[0,-1],[0,0],[0,0],[-1,0],[0,0],[0,0],[0,0],[0,-1],[0,0],[-1,0],[0,0],[0,1],[0,0],[0,0],[0,-1],[-1,0],[0,0],[0,0],[0,0],[0,0],[0,0],[0,0],[1,-1],[1,0],[0,0],[0,0],[0,0],[0,0],[0,0],[1,0],[0,0],[0,0],[0,0],[0,0],[0,0],[1,0],[0,0],[0,0],[1,0],[0,0]],[[587,98],[-1,0],[0,0],[-1,0],[0,0],[0,0],[0,0],[-1,0],[0,0],[0,1],[0,0],[0,0],[-1,0],[1,0],[0,0],[0,1],[0,0],[0,0],[-1,0],[0,0],[0,0],[0,0],[0,0],[-1,-1],[0,0],[0,1],[-1,0],[0,0],[0,0],[-1,0],[0,0],[0,-1],[0,0],[0,0],[0,0],[-1,0],[0,0],[0,0],[0,0],[0,0],[0,0],[0,1],[-1,0],[0,0],[0,-1],[0,0],[0,0],[-1,0],[0,0],[0,0],[0,0],[0,0],[-1,0],[0,0],[0,0],[0,0],[0,0],[0,0],[0,0],[-1,0],[0,0],[0,0],[0,0],[0,0],[-1,0],[0,0],[0,0],[-1,0],[0,0],[-1,0],[0,-1],[0,0],[-1,0],[-1,0],[0,0],[-1,0],[0,0],[-1,0],[0,0],[-1,0],[0,0],[0,0],[0,0],[-1,0],[0,1],[0,0],[0,0],[-1,0],[0,0],[0,0],[0,0],[0,0],[0,0],[0,0],[0,0],[-1,0],[0,0],[0,0],[1,0],[0,-1],[0,0],[0,0],[0,0],[-1,0],[0,0],[0,0],[0,-1],[-1,0],[0,0],[0,0],[0,0],[1,0],[0,0],[0,0],[1,-1],[0,0],[0,0],[0,0],[0,0],[0,-1],[0,0],[0,0],[0,-1],[-1,-1],[0,0],[1,0],[0,0],[0,0],[1,0],[0,0],[0,0],[0,0],[0,0],[1,0],[0,0],[1,0],[0,0],[0,-1],[0,0],[0,0],[1,0],[0,0],[0,0],[0,0],[1,0],[0,0],[0,0],[0,0],[0,0],[0,0],[0,0],[0,0],[0,0],[0,0],[0,0],[0,0],[0,0],[0,0],[0,0],[0,0],[0,-1],[0,0],[0,0],[0,0],[0,0],[0,0],[0,-1],[1,0],[0,0],[0,0],[1,0],[0,0],[0,0],[0,-1],[0,0],[1,0],[0,0],[0,0],[0,0],[0,0],[0,0],[0,0],[-1,0],[0,0],[0,0],[0,0],[1,-1],[0,0],[0,0],[0,0],[0,0],[0,0],[1,0],[0,0],[1,0],[0,0],[0,0],[0,0],[0,0],[1,-1],[0,0],[0,0],[1,0],[0,0],[0,0],[0,0],[0,0],[1,0],[0,0],[0,0],[0,0],[0,0],[1,0],[0,0],[0,0],[0,0],[1,0],[0,0],[0,0],[0,0],[0,0],[0,1],[0,0],[0,0],[1,0],[0,0],[0,0],[0,0],[1,0],[0,0],[0,0],[0,0],[1,0],[0,0],[0,0],[1,0],[0,0],[0,0],[0,0],[0,0],[0,0],[0,0],[0,0],[0,0],[0,1],[0,0],[0,0],[0,0],[0,0],[0,0],[1,0],[0,1],[0,0],[-1,0],[0,0],[0,0],[0,0],[0,0],[1,1],[0,0],[0,0],[0,0],[0,0],[0,0],[0,0],[0,0],[1,1],[0,0],[0,0],[1,0],[0,0],[0,1],[0,0],[0,0],[0,0],[0,0],[0,0],[1,0],[1,0],[0,1],[0,0],[0,0],[0,0],[0,0],[0,0],[0,0],[0,0],[0,0],[0,0],[0,1],[0,0],[-1,0],[0,0],[0,0],[-1,0],[0,0],[0,0],[0,0],[-1,0],[0,0],[0,0],[0,0],[0,0],[-1,0],[1,0],[0,0],[0,1],[0,0],[0,0],[0,0],[0,0],[0,0],[0,1],[0,0],[0,0],[0,0],[0,0],[1,0],[0,0],[0,1],[0,0]],[[526,111],[0,0],[0,-1],[0,0],[0,0],[0,0],[0,0],[1,0],[0,0],[0,0],[0,0],[0,0],[0,0],[1,1],[0,0],[0,0],[0,0],[0,0],[0,0],[0,0],[0,0],[0,0],[0,0],[0,0],[1,-1],[0,0],[0,0],[0,0],[0,0],[1,0],[0,0],[0,0],[0,1],[0,0],[0,0],[0,0],[1,0],[0,0],[0,0],[0,-1],[0,0],[0,0],[1,0],[0,0],[1,0],[0,0],[0,0],[0,0],[1,0],[0,0],[0,0],[0,0],[0,0],[0,0],[1,0],[0,0],[0,0],[0,0],[0,0],[0,0],[0,0],[0,0],[1,0],[0,0],[0,0],[0,0],[0,0],[-1,0],[0,0],[0,0],[0,0],[0,-1],[0,0],[0,0],[0,0],[0,0],[0,0],[0,-1],[1,0],[0,0],[0,0],[0,0],[1,0],[0,0],[0,-1],[0,0],[0,0],[0,1],[0,0],[1,-1],[0,0],[0,0],[0,0],[0,0],[0,0],[0,0],[0,0],[0,0],[0,0],[1,0],[0,0],[0,0],[1,0],[0,0],[0,0],[0,0],[0,0],[1,0],[0,0],[0,0],[0,-1],[0,0],[0,0],[0,0],[0,0],[1,0],[0,0],[0,0],[0,0],[1,1],[0,0],[0,0],[0,0],[1,0],[0,0],[1,0],[0,0],[0,0],[0,0],[0,0],[1,0],[0,0],[0,0],[0,0],[0,0],[0,0],[0,0],[0,0],[0,1],[0,0],[0,0],[0,0],[1,1],[0,0],[0,0],[0,0],[0,0],[0,0],[0,0],[0,0],[0,1],[0,0],[-1,0],[0,0],[0,0],[0,0],[0,0],[0,0],[-1,0],[0,0],[0,0],[0,0],[0,0],[0,0],[0,0],[1,0],[-1,0],[0,0],[0,1],[0,0],[0,0],[0,0],[0,0],[0,0],[0,0],[0,0],[0,0],[0,0],[0,0],[0,1],[0,0],[0,0],[0,0],[0,0],[-1,0],[0,0],[0,0],[0,0],[0,1],[0,0],[0,0],[-1,-1],[0,0],[0,1],[-1,0],[0,0],[0,0],[-1,0],[0,0],[0,0],[0,0],[-1,0],[0,0],[0,0],[0,0],[0,0],[0,0],[0,0],[0,0],[-1,0],[0,0],[0,0],[-1,0],[0,0],[0,0],[0,0],[-1,0],[0,0],[-1,0],[0,0],[-1,0],[0,0],[-1,0],[0,0],[0,0],[0,-1],[0,0],[-1,0],[0,0],[0,0],[0,0],[0,-1],[0,0],[0,1],[-1,0],[0,0],[0,0],[0,0],[-1,0],[0,0],[-1,0],[0,0],[0,0],[0,0],[0,0],[0,0],[-1,0],[0,0],[0,0],[0,0],[0,0],[0,0],[-1,0],[0,0],[0,0],[0,0],[-1,0],[0,0],[0,0],[0,0],[0,0],[-1,0],[0,0],[0,-1],[0,0],[0,0],[0,0],[0,0],[0,0],[0,0],[0,0],[0,0]],[[553,126],[0,0],[0,-1],[0,0],[0,0],[0,0],[0,0],[0,0],[0,-1],[0,0],[0,0],[1,0],[0,0],[0,0],[0,0],[0,0],[0,0],[0,0],[0,0],[0,0],[0,0],[1,0],[0,0],[0,0],[0,0],[0,0],[1,1],[0,0],[0,0],[0,0],[0,0],[0,1],[0,0],[0,0],[0,0],[0,0],[0,1],[0,0],[0,0],[0,0],[0,0],[0,0],[0,1],[0,0],[0,0],[1,0],[0,0],[0,0],[0,0],[0,0],[0,1],[0,0],[0,0],[0,0],[0,0],[0,0],[0,0],[0,1],[0,0],[0,0],[0,0],[0,0],[0,0],[-1,0],[0,1],[0,0],[0,0],[0,0],[0,0],[0,0],[0,0],[0,0],[0,0],[0,0],[0,0],[0,0],[0,0],[0,0],[-1,0],[0,1],[0,0],[0,0],[0,0],[0,0],[0,0],[0,0],[0,0],[0,-1],[0,0],[-1,0],[-1,-1],[0,0],[0,0],[0,0],[0,0],[0,0],[0,0],[0,0],[0,0],[0,-1],[0,0],[0,0],[0,-1],[0,0],[0,-1],[0,0],[0,0],[0,0],[0,-1],[1,0],[0,0],[-1,0],[0,0]],[[319,190],[0,0],[0,0],[0,0],[0,0],[1,0],[0,0],[1,0],[0,0],[-1,0],[0,1],[0,0],[0,0],[-1,0],[0,0],[0,0],[0,0],[-1,0],[0,0],[0,0],[-1,0],[0,0],[0,0],[0,0],[0,0],[-1,0],[0,0],[0,0],[0,-1],[0,0],[0,0],[0,0],[0,0],[0,0],[0,0],[1,0],[0,0],[0,0],[2,0],[0,0],[0,0]],[[31,66],[0,0],[1,0],[0,0],[1,0],[0,0],[0,0],[1,0],[0,0],[1,0],[0,0],[0,0],[0,0],[0,1],[0,0],[1,0],[0,0],[0,0],[1,0],[0,0],[0,0],[0,0],[1,0],[1,0],[0,0],[-1,0],[0,0],[-1,1],[0,0],[0,0],[0,0],[-1,0],[0,0],[0,0],[0,0],[0,0],[0,0],[-1,-1],[0,0],[0,0],[0,0],[0,0],[-1,0],[0,0],[0,0],[-1,0],[0,0],[-1,0],[0,0],[0,0],[0,0],[-1,0],[0,0],[0,0],[-1,0],[0,0],[0,0],[0,-1],[1,0],[0,0],[0,0]],[[46,75],[0,0],[0,0],[1,0],[0,0],[0,0],[0,0],[0,1],[0,0],[0,0],[0,0],[0,0],[0,0],[0,0],[0,0],[-1,0],[0,1],[0,0],[0,0],[0,0],[0,0],[0,0],[-1,0],[0,0],[-1,-1],[-1,0],[0,0],[-1,0],[1,0],[0,0],[1,0],[0,-1],[0,0],[1,0],[0,0],[0,0],[0,0],[1,0],[0,0],[0,0]],[[82,82],[0,0],[0,0],[1,0],[0,0],[0,0],[0,0],[0,0],[0,0],[0,0],[0,0],[0,1],[1,0],[0,0],[0,0],[0,0],[-1,0],[0,0],[0,0],[-1,0],[0,0],[0,0],[0,0],[0,0],[0,0],[1,0],[0,0],[0,0],[0,0],[-1,0],[0,0],[0,1],[0,0],[-1,0],[0,0],[-1,0],[0,0],[0,0],[0,0],[0,0],[0,0],[0,0],[0,0],[0,1],[-1,0],[0,0],[0,0],[0,0],[0,0],[1,-1],[0,0],[-1,0],[0,0],[0,0],[0,0],[0,0],[0,0],[0,0],[0,0],[0,0],[-1,0],[0,0],[0,0],[0,0],[0,0],[0,0],[0,0],[1,0],[0,0],[-1,0],[0,1],[0,0],[0,-1],[0,0],[-1,-1],[0,0],[0,0],[1,0],[0,0],[0,0],[1,0],[0,0],[0,0],[0,0],[0,0],[0,0],[0,0],[0,0],[1,0],[0,0],[0,1],[0,-1],[0,0],[0,0],[0,0],[0,0],[0,0],[0,0],[0,-1],[-1,0],[0,0],[0,0],[0,0],[1,0],[0,0],[0,0],[0,0],[0,0],[0,0],[0,0],[1,0],[0,0],[0,0],[0,0],[0,0],[0,0],[0,0],[0,0],[0,0],[0,0],[0,0],[0,0],[1,0],[0,0],[0,0]],[[145,87],[-1,1],[0,0],[0,0],[0,0],[0,0],[0,0],[1,1],[0,0],[0,0],[-1,0],[0,1],[0,0],[0,0],[-1,0],[0,0],[0,0],[-1,0],[0,0],[0,0],[0,-1],[0,0],[0,0],[1,0],[0,0],[-1,0],[0,0],[0,0],[0,-1],[0,0],[0,0],[0,0],[0,-1],[0,0],[0,0],[0,0],[-1,0],[-1,0],[0,0],[0,0],[0,1],[0,0],[0,0],[0,0],[0,0],[-1,0],[0,0],[0,0],[0,0],[0,0],[0,0],[0,0],[0,0],[0,-1],[1,0],[0,0],[0,0],[0,-1],[0,0],[-1,0],[0,0],[0,0],[0,0],[0,0],[-1,0],[0,0],[0,0],[0,-1],[0,0],[0,0],[0,0],[0,0],[-1,0],[0,0],[0,0],[0,0],[0,-1],[0,0],[0,0],[0,0],[-2,0],[0,-1],[0,0],[0,0],[0,0],[0,-1],[0,0],[1,1],[0,0],[0,0],[-1,-1],[0,0],[0,0],[0,0],[0,0],[1,0],[0,0],[-1,0],[0,0],[0,0],[0,0],[-1,0],[0,0],[0,0],[0,0],[0,-1],[0,0],[0,0],[0,0],[0,-1],[0,0],[0,0],[0,0],[0,0],[0,0],[-1,1],[0,0],[0,0],[0,0],[-1,0],[0,0],[0,-1],[-1,0],[0,0],[0,0],[0,-1],[0,0],[-1,0],[0,-1],[0,0],[0,0],[0,0],[0,0],[0,0],[0,0],[0,0],[0,0],[0,0],[0,0],[0,1],[0,0],[0,1],[0,0],[0,0],[1,0],[0,1],[0,0],[0,0],[0,0],[0,0],[-1,0],[0,0],[0,0],[-1,0],[0,0],[0,0],[0,-1],[0,0],[0,0],[-1,-1],[0,0],[1,0],[-1,0],[0,0],[0,0],[0,0],[0,0],[0,0],[0,0],[0,0],[0,0],[0,0],[0,0],[0,1],[0,0],[-1,-1],[0,0],[0,0],[0,0],[0,0],[0,0],[-1,0],[0,0],[0,0],[0,0],[0,0],[0,0],[-1,0],[0,0],[1,0],[0,0],[0,0],[1,0],[0,0],[0,1],[0,0],[0,0],[0,0],[0,0],[0,0],[1,0],[0,0],[0,0],[0,1],[0,0],[0,0],[-1,0],[0,0],[0,0],[-1,0],[0,0],[-1,0],[-1,-1],[0,0],[0,0],[0,0],[0,0],[-1,0],[0,-1],[0,0],[0,0],[0,0],[-1,0],[0,0],[0,0],[-1,0],[0,0],[0,-1],[0,0],[0,0],[-1,0],[-1,0],[-1,0],[0,0],[0,-1],[0,0],[0,0],[0,0],[0,0],[1,0],[0,0],[0,0],[-1,0],[0,-1],[1,0],[0,0],[0,0],[0,0],[0,0],[0,1],[0,0],[0,0],[0,0],[0,0],[0,0],[0,0],[0,0],[0,0],[1,0],[0,0],[0,0],[-1,-1],[0,0],[0,0],[0,0],[-1,0],[0,1],[0,0],[-1,0],[-1,0],[0,0],[-1,0],[-1,0],[-1,-1],[1,0],[0,0],[0,0],[0,0],[-1,0],[0,0],[0,0],[0,0],[0,0],[0,0],[0,0],[-1,0],[-2,0],[-1,0],[-1,0],[-1,0],[-1,0],[0,0],[0,0],[0,0],[0,0],[0,0],[-1,0],[0,0],[0,0],[0,-1],[-1,0],[0,0],[0,0],[0,0],[0,0],[0,0],[1,-1],[-1,0],[0,1],[0,0],[-1,0],[0,0],[0,0],[0,0],[-1,0],[0,0],[-1,0],[0,0],[0,0],[1,0],[0,-1],[0,0],[-1,0],[-1,0],[0,0],[0,0],[0,0],[0,0],[0,0],[-1,0],[0,0],[1,0],[0,0],[-1,0],[0,0],[0,0],[0,-1],[0,0],[1,0],[0,0],[-1,0],[0,0],[0,0],[-1,0],[0,0],[0,0],[0,0],[0,0],[-1,1],[0,0],[0,0],[0,0],[0,0],[0,0],[0,-1],[0,0],[-1,1],[0,0],[0,0],[0,0],[-1,0],[0,0],[1,-1],[0,0],[0,0],[0,0],[0,0],[-1,0],[0,0],[0,0],[0,0],[0,0],[-1,0],[0,0],[0,0],[1,0],[0,0],[0,0],[0,1],[0,0],[-1,0],[0,0],[0,0],[0,0],[0,0],[1,0],[0,0],[0,0],[0,1],[0,0],[0,0],[-1,0],[0,0],[0,0],[0,0],[0,0],[0,0],[0,0],[1,0],[0,0],[0,0],[0,0],[1,0],[0,0],[-1,0],[0,0],[0,0],[0,0],[0,0],[0,0],[0,0],[0,1],[0,0],[0,0],[0,0],[0,0],[-1,0],[0,0],[0,0],[0,0],[0,0],[0,0],[-1,0],[0,0],[0,0],[0,0],[-1,0],[0,0],[0,0],[0,0],[0,0],[0,0],[-1,0],[0,0],[0,1],[0,0],[0,0],[0,-1],[0,0],[0,1],[0,0],[0,0],[0,0],[-1,0],[0,0],[0,0],[0,0],[0,0],[-1,0],[0,0],[0,0],[0,0],[0,0],[0,0],[-1,0],[0,0],[0,0],[0,1],[0,0],[0,0],[0,0],[-1,0],[0,0],[0,0],[0,0],[0,0],[0,0],[0,0],[0,0],[-1,0],[0,0],[0,0],[0,0],[-1,0],[0,0],[0,0],[0,0],[0,0],[0,0],[0,0],[0,0],[1,0],[0,-1],[1,0],[0,0],[0,0],[0,0],[0,0],[-1,0],[0,0],[0,0],[-1,0],[0,0],[0,0],[0,-1],[0,0],[1,0],[0,0],[0,-1],[0,0],[0,0],[0,-1],[0,0],[0,0],[1,0],[1,0],[1,-1],[0,0],[0,0],[0,1],[1,0],[0,0],[0,0],[1,0],[1,0],[1,0],[0,0],[-1,0],[-1,0],[0,-1],[-1,0],[0,0],[0,0],[0,0],[0,0],[0,0],[0,0],[1,-1],[0,0],[1,0],[0,0],[-1,0],[0,0],[-1,0],[0,0],[0,1],[0,0],[0,0],[-1,0],[0,0],[-1,0],[0,0],[-1,0],[0,0],[0,0],[-1,0],[0,0],[0,0],[-1,1],[0,0],[0,0],[0,0],[0,0],[0,0],[0,0],[-1,1],[0,0],[0,0],[0,0],[0,0],[0,0],[-1,0],[0,1],[0,0],[-1,-1],[0,0],[0,0],[0,0],[0,1],[0,0],[1,0],[0,0],[0,0],[0,0],[-1,0],[0,0],[0,1],[-1,0],[0,0],[1,0],[0,0],[0,0],[0,0],[-1,0],[0,0],[0,0],[0,0],[0,0],[0,0],[-1,0],[0,0],[0,0],[0,0],[0,0],[0,0],[0,1],[0,0],[-1,0],[0,0],[0,0],[0,0],[0,1],[0,0],[1,0],[0,0],[1,0],[0,0],[0,0],[0,0],[0,0],[0,1],[-1,0],[0,0],[0,0],[-1,0],[0,0],[0,0],[0,1],[0,0],[-1,0],[0,0],[0,0],[0,0],[0,0],[0,0],[0,0],[0,0],[-1,0],[0,0],[-1,1],[0,0],[0,0],[-1,0],[0,0],[0,0],[0,0],[0,0],[0,1],[-1,0],[0,0],[0,0],[0,0],[-1,0],[0,0],[0,0],[0,0],[0,0],[-1,0],[0,0],[0,1],[0,0],[1,0],[0,0],[-1,0],[0,0],[0,0],[0,0],[0,0],[-1,0],[0,0],[0,1],[0,0],[0,0],[0,0],[-1,0],[0,0],[0,0],[0,0],[0,0],[0,0],[0,0],[-1,0],[0,0],[0,0],[0,0],[0,0],[-1,0],[0,0],[0,1],[0,0],[0,0],[0,0],[0,0],[0,0],[0,0],[0,0],[-1,0],[0,0],[0,0],[0,0],[0,0],[0,0],[0,0],[0,0],[0,0],[0,1],[0,0],[0,0],[0,0],[0,0],[0,0],[0,0],[0,0],[0,0],[-1,0],[0,0],[0,0],[-2,1],[0,0],[0,0],[0,0],[0,0],[0,0],[0,0],[0,0],[0,0],[-1,0],[0,0],[0,0],[0,0],[0,0],[0,0],[0,0],[-1,0],[0,0],[0,0],[-1,0],[0,0],[0,0],[0,0],[0,0],[0,0],[0,1],[-1,-1],[0,0],[0,1],[0,0],[-1,0],[0,0],[0,0],[0,0],[0,0],[0,-1],[0,0],[0,0],[0,0],[0,0],[0,0],[0,0],[0,0],[0,0],[0,0],[-1,0],[0,0],[0,0],[0,1],[0,0],[-1,0],[0,0],[0,0],[0,1],[-1,0],[0,0],[0,0],[0,0],[0,0],[0,0],[0,0],[0,-1],[0,0],[0,0],[-1,0],[0,0],[1,1],[0,0],[-1,0],[0,0],[0,0],[-1,0],[0,0],[0,0],[0,0],[0,0],[0,0],[0,0],[0,0],[0,0],[0,0],[0,0],[0,0],[0,0],[0,-1],[0,0],[0,0],[0,0],[1,0],[0,0],[0,0],[0,0],[0,0],[0,0],[1,0],[0,-1],[1,0],[0,0],[1,-1],[1,0],[0,0],[0,0],[0,0],[1,0],[0,0],[0,0],[0,0],[0,0],[0,0],[0,0],[0,1],[0,0],[1,0],[0,0],[0,-1],[0,0],[0,0],[0,0],[0,1],[0,0],[1,0],[0,0],[0,0],[0,-1],[-1,0],[0,0],[0,0],[0,0],[0,0],[1,-1],[0,0],[0,0],[1,0],[0,0],[2,-1],[0,0],[0,0],[1,0],[0,0],[0,0],[0,0],[0,0],[0,0],[0,0],[0,0],[0,0],[0,-1],[0,0],[1,0],[0,0],[0,0],[1,-1],[0,0],[0,0],[0,0],[1,0],[0,0],[0,0],[0,0],[0,0],[0,0],[1,0],[0,0],[-1,0],[0,0],[0,0],[0,0],[0,0],[0,-1],[0,0],[0,-1],[0,0],[1,0],[0,0],[0,0],[0,0],[0,0],[-1,0],[0,-1],[1,0],[0,0],[1,0],[0,0],[0,0],[0,-1],[0,0],[0,0],[-1,0],[-1,1],[-1,0],[0,0],[-1,0],[0,0],[0,-1],[0,0],[0,0],[0,0],[0,0],[1,0],[0,0],[0,0],[-1,0],[0,0],[0,0],[-1,0],[0,0],[0,0],[0,0],[0,0],[0,1],[0,0],[0,0],[0,1],[-1,-1],[-1,0],[0,-1],[0,0],[-1,0],[0,0],[0,0],[-1,0],[0,0],[0,0],[-1,0],[0,0],[-1,0],[0,0],[-1,0],[0,0],[0,1],[0,0],[0,0],[-1,0],[-1,0],[0,0],[1,0],[0,-1],[0,0],[0,0],[0,0],[0,0],[0,0],[-1,0],[0,0],[0,-1],[0,0],[1,0],[0,-1],[0,0],[-1,0],[0,-1],[0,0],[-1,-1],[0,0],[1,-1],[0,0],[0,0],[0,0],[0,0],[0,0],[-1,1],[0,0],[0,0],[-1,0],[1,1],[0,0],[0,0],[0,0],[0,0],[-1,0],[0,0],[-1,1],[-1,0],[-1,0],[-1,-1],[0,0],[0,0],[-1,0],[0,-1],[0,0],[-1,0],[0,0],[0,0],[0,0],[0,0],[-1,0],[0,0],[1,-1],[0,0],[1,0],[0,0],[0,0],[1,0],[0,0],[0,0],[0,0],[0,1],[0,0],[0,-1],[1,0],[0,0],[0,0],[0,0],[0,1],[1,-1],[0,0],[0,0],[0,0],[-1,0],[0,0],[1,0],[0,0],[0,0],[-1,0],[0,0],[-1,0],[-1,0],[-1,0],[0,0],[0,0],[0,-1],[0,0],[0,0],[0,0],[0,0],[0,0],[0,0],[0,0],[-1,0],[0,0],[0,0],[0,0],[0,0],[0,0],[0,0],[0,0],[0,0],[0,0],[0,0],[-1,0],[0,0],[0,0],[0,0],[0,-1],[0,0],[0,0],[-1,0],[0,0],[0,0],[0,0],[0,0],[0,0],[0,0],[1,0],[0,0],[-1,-1],[0,0],[0,0],[1,0],[0,0],[0,0],[0,0],[0,0],[0,-1],[1,0],[0,-1],[1,0],[0,0],[0,0],[1,0],[0,0],[0,0],[-1,0],[1,0],[0,0],[0,0],[0,0],[0,0],[-1,0],[0,0],[1,-1],[0,0],[0,0],[1,0],[0,0],[0,0],[-1,0],[0,-1],[1,0],[0,0],[1,0],[0,0],[1,1],[0,0],[0,0],[-1,0],[0,0],[0,0],[1,0],[0,0],[0,0],[0,0],[1,0],[0,0],[1,0],[0,-1],[0,0],[1,0],[0,0],[1,-1],[0,1],[0,0],[0,0],[2,0],[0,0],[1,-1],[0,0],[0,0],[1,0],[-1,-1],[0,0],[0,0],[-1,-1],[0,0],[0,0],[0,0],[0,0],[1,0],[0,0],[0,0],[0,-1],[0,0],[0,0],[0,0],[0,0],[0,0],[-1,0],[0,0],[-1,0],[0,0],[0,0],[-1,0],[-1,1],[-1,0],[0,0],[0,0],[0,0],[-1,-1],[0,1],[0,0],[0,0],[0,0],[0,0],[0,0],[0,0],[-1,0],[0,0],[-2,0],[-1,0],[0,0],[0,0],[-1,0],[0,0],[0,0],[0,0],[0,0],[-1,0],[-2,0],[-1,0],[0,-1],[0,0],[0,0],[0,0],[0,0],[-1,-1],[0,0],[0,0],[0,0],[0,0],[1,0],[0,0],[1,0],[0,0],[0,0],[0,0],[-1,0],[-1,0],[-2,-1],[-1,0],[0,0],[0,0],[0,0],[0,-1],[0,1],[0,0],[1,-1],[0,0],[1,0],[1,0],[0,0],[0,0],[1,-1],[0,0],[1,0],[0,0],[0,0],[1,0],[0,0],[0,0],[0,0],[0,0],[0,0],[0,0],[1,0],[0,0],[1,0],[1,-1],[0,0],[2,0],[0,0],[1,0],[-1,0],[0,0],[0,0],[0,0],[0,0],[0,1],[0,0],[0,0],[0,0],[1,1],[1,0],[1,-1],[0,1],[1,0],[1,0],[0,0],[1,0],[0,-1],[1,0],[0,0],[0,0],[1,0],[0,0],[0,0],[0,0],[-2,0],[0,0],[-1,0],[1,-1],[-1,0],[-1,0],[0,0],[0,0],[0,-1],[0,0],[0,0],[1,0],[0,1],[0,0],[0,0],[0,0],[1,1],[1,-1],[1,0],[0,0],[1,1],[0,0],[1,0],[0,-1],[0,0],[0,0],[-1,0],[-1,0],[0,0],[-1,0],[-1,0],[0,0],[0,0],[0,0],[0,-1],[0,0],[0,0],[-1,0],[-1,0],[0,0],[0,0],[0,0],[-1,0],[-1,0],[-1,0],[-1,-1],[0,0],[0,0],[-1,-1],[-3,-1],[-2,0],[0,0],[-1,-1],[0,0],[-1,0],[1,0],[0,0],[-1,0],[1,0],[0,0],[0,0],[0,0],[1,-1],[0,0],[2,0],[1,0],[0,0],[2,0],[0,0],[1,-1],[1,0],[1,0],[0,-1],[0,1],[0,0],[0,-1],[0,0],[1,-1],[1,0],[1,-1],[0,0],[1,0],[0,0],[0,0],[0,0],[0,0],[-1,0],[0,0],[0,0],[0,0],[1,0],[0,0],[2,0],[1,0],[0,0],[1,-1],[1,0],[0,0],[-1,1],[1,0],[-1,0],[1,0],[0,0],[0,0],[0,0],[0,0],[0,-1],[1,1],[0,-1],[-1,0],[0,0],[-1,0],[2,0],[1,-1],[0,0],[0,0],[0,1],[0,0],[-1,0],[1,0],[0,0],[0,0],[0,0],[1,0],[1,0],[0,0],[1,0],[0,-1],[1,0],[1,0],[0,0],[1,-1],[0,0],[1,0],[1,0],[-1,0],[0,0],[0,0],[2,1],[1,0],[0,0],[0,0],[-1,0],[-1,0],[0,0],[1,1],[0,0],[0,-1],[1,0],[0,0],[1,0],[0,0],[0,0],[1,0],[0,0],[0,0],[0,0],[0,1],[1,0],[1,0],[0,-1],[1,0],[0,0],[1,0],[1,0],[1,0],[0,0],[1,1],[0,0],[-1,0],[0,0],[0,0],[1,0],[0,0],[0,0],[1,0],[0,0],[0,0],[0,1],[2,0],[0,0],[0,0],[1,-1],[1,0],[0,1],[0,0],[1,0],[0,-1],[1,0],[1,0],[0,0],[1,1],[1,0],[0,0],[0,0],[1,0],[0,0],[0,0],[1,0],[0,0],[0,0],[2,0],[1,0],[1,0],[1,0],[0,0],[1,1],[1,0],[0,0],[2,0],[0,0],[1,0],[1,0],[1,0],[0,0],[0,0],[1,0],[1,0],[1,0],[0,0],[2,0],[0,1],[0,0],[1,0],[0,0],[0,0],[1,0],[0,1],[0,0],[0,1],[0,1],[0,1],[0,1],[0,0],[0,1],[0,1],[0,1],[0,1],[0,0],[0,1],[0,1],[0,1],[0,1],[0,0],[0,1],[0,1],[0,1],[0,1],[0,0],[0,1],[0,1],[0,1],[0,1],[0,0],[0,1],[0,1],[0,1],[0,1],[0,0],[0,0],[1,1],[0,-1],[1,1],[0,0],[1,-1],[0,0],[1,0],[0,0],[1,0],[0,0],[0,1],[0,0],[0,0],[0,0],[1,0],[0,1],[1,0],[0,0],[0,0],[1,1],[0,0],[1,0],[0,0],[0,1],[0,0],[0,0],[0,0],[1,0],[0,0],[1,0],[0,-1],[1,0],[0,0],[0,0],[0,0],[1,0],[0,-1],[-1,0],[1,0],[0,0],[1,0],[1,0],[0,0],[0,0],[1,0],[0,0],[0,1],[0,0],[0,0],[0,0],[1,0],[0,0],[0,0],[1,1],[0,0],[0,0],[0,0],[0,0],[0,0],[0,0],[1,0],[0,1],[0,0],[1,0],[0,0],[0,1],[0,0],[1,0],[0,0],[0,1],[1,0],[0,0],[0,1],[1,0],[0,0],[0,1],[1,0],[-1,0],[0,0],[1,0],[0,0],[0,0],[0,1],[0,0],[1,0],[0,0],[0,0],[0,0],[0,0],[0,0],[1,1],[0,0],[0,0],[1,0],[0,0],[1,0],[0,0],[0,0],[1,1],[0,0],[0,0],[1,0],[0,0],[0,0],[0,0]],[[53,90],[0,0],[1,0],[0,0],[0,1],[0,0],[0,0],[0,0],[-1,0],[0,0],[0,0],[-1,0],[-1,0],[0,0],[0,0],[0,0],[-1,0],[0,0],[0,0],[-1,0],[0,0],[0,0],[0,0],[0,0],[1,0],[0,0],[0,-1],[0,0],[1,0],[0,0],[0,0],[1,0],[0,0],[1,0],[0,0],[0,0],[0,0]],[[141,90],[0,0],[0,0],[0,0],[0,0],[0,0],[0,0],[0,0],[0,0],[-1,0],[0,0],[0,0],[0,-1],[0,0],[0,0],[0,0],[1,0],[0,0],[0,1]],[[139,87],[0,0],[0,0],[0,0],[-1,0],[0,0],[0,0],[0,0],[0,0],[0,0],[0,0],[-1,0],[0,0],[0,0],[0,-1],[1,0],[0,0],[0,0],[0,0],[0,0],[1,0],[0,0],[0,1]],[[142,88],[0,1],[0,0],[-1,0],[0,0],[0,0],[0,0],[0,0],[0,0],[0,0],[0,0],[0,0],[0,0],[-1,0],[0,0],[0,0],[0,0],[0,0],[0,0],[0,-1],[0,0],[0,0],[1,-1],[0,0],[1,0],[0,1],[0,0],[0,0],[0,0]],[[135,84],[1,0],[0,0],[0,0],[0,0],[0,1],[1,0],[0,0],[0,0],[0,0],[0,0],[0,0],[-1,0],[0,0],[0,0],[0,0],[0,0],[0,0],[0,0],[0,0],[0,0],[0,0],[0,0],[0,1],[0,0],[0,0],[0,0],[0,0],[-1,0],[0,0],[0,0],[0,0],[0,0],[0,-1],[0,0],[0,0],[-1,0],[0,0],[0,-1],[0,0],[0,0],[0,0],[1,0],[0,0]],[[137,90],[0,0],[0,0],[0,0],[0,0],[0,0],[1,0],[-1,0],[0,1],[0,0],[0,0],[0,0],[0,-1],[-1,0],[0,0],[0,0],[0,0],[0,0],[0,-1],[0,0],[-1,0],[0,0],[0,0],[1,0],[0,0],[0,0],[0,1],[1,0],[0,0],[0,0]],[[96,77],[0,0],[0,0],[0,-1],[0,0],[0,0],[1,0],[0,0],[0,0],[1,-1],[0,0],[0,0],[0,0],[0,0],[0,0],[-1,1],[0,0],[0,0],[0,0],[0,0],[0,0],[0,0],[0,1],[0,0],[-1,0],[0,0],[0,0]],[[131,83],[0,1],[0,0],[1,0],[0,1],[0,0],[0,0],[0,0],[0,1],[0,0],[0,0],[0,0],[0,0],[0,0],[0,1],[0,-1],[0,0],[-1,0],[0,0],[0,0],[0,0],[0,-1],[0,0],[0,0],[0,0],[0,0],[0,0],[0,0],[0,0],[0,0],[0,0],[-1,0],[0,0],[0,0],[0,0],[0,0],[0,-1],[0,0],[0,0],[0,0],[0,0],[0,0],[0,0],[-1,0],[0,0],[0,0],[0,0],[0,0],[0,0],[0,0],[0,0],[0,-1],[0,0],[0,0],[0,0],[1,0],[0,0],[0,0],[1,0],[0,0],[0,0]],[[132,81],[1,0],[0,0],[1,1],[0,0],[0,0],[0,0],[0,1],[0,0],[0,0],[0,-1],[0,0],[0,0],[-1,0],[0,0],[0,0],[0,0],[0,-1],[0,1],[0,0],[0,0],[0,0],[1,0],[0,1],[0,0],[0,0],[0,0],[0,0],[0,0],[0,0],[-1,1],[0,0],[0,0],[-1,0],[0,0],[0,0],[0,0],[0,0],[0,0],[0,-1],[0,0],[0,0],[0,0],[0,-1],[0,0],[0,-1],[-1,0],[0,0],[0,0],[0,0],[0,0],[0,0],[1,0],[0,0]],[[129,81],[0,0],[0,0],[0,0],[0,1],[0,0],[0,0],[0,0],[1,-1],[0,0],[0,0],[1,0],[0,0],[0,1],[0,0],[0,0],[0,0],[0,0],[-1,0],[0,0],[0,0],[1,0],[0,1],[0,0],[0,0],[0,0],[-1,0],[0,0],[-1,0],[0,0],[0,0],[0,0],[0,0],[0,0],[-1,0],[0,0],[-1,-1],[0,0],[0,0],[0,-1],[0,0],[0,0],[0,0],[0,0],[1,0],[0,0],[0,0],[0,0],[0,0],[0,0],[1,0],[0,0],[0,0]],[[135,86],[0,0],[1,0],[0,0],[0,0],[0,1],[0,0],[0,0],[0,0],[0,0],[1,0],[1,0],[0,1],[0,0],[0,0],[0,0],[1,0],[0,1],[0,0],[-1,-1],[0,0],[0,0],[0,0],[0,0],[-1,1],[1,0],[0,0],[0,0],[1,0],[0,0],[0,0],[0,0],[0,0],[0,0],[0,0],[0,0],[0,0],[0,1],[0,0],[0,0],[0,0],[0,0],[0,0],[0,0],[0,1],[0,0],[0,0],[0,0],[-1,-1],[0,0],[0,0],[0,0],[0,0],[0,0],[0,0],[0,0],[-1,0],[0,-1],[0,0],[0,0],[0,1],[0,0],[0,0],[0,-1],[-1,0],[0,0],[0,0],[0,0],[1,0],[0,0],[-1,-1],[0,0],[0,0],[0,0],[0,0],[0,0],[0,0],[-1,0],[0,0],[0,0],[0,0],[0,0],[0,0],[0,0],[0,0],[0,0],[0,0],[1,0],[0,-1],[0,0],[0,0],[0,0],[-1,0],[0,0],[0,0],[-1,0],[0,0],[1,0],[0,0],[0,0],[0,0],[0,-1],[0,0]],[[134,85],[0,0],[0,0],[0,0],[0,0],[0,0],[0,0],[0,1],[0,0],[0,0],[0,0],[0,1],[0,0],[0,0],[0,0],[0,0],[0,0],[-1,0],[0,0],[0,0],[0,-1],[1,0],[-1,0],[0,0],[0,-1],[0,0],[0,0],[0,0],[0,0],[0,0],[1,0],[0,0],[0,0]],[[83,81],[0,0],[1,0],[0,0],[0,0],[0,0],[0,0],[0,0],[1,0],[0,0],[0,0],[-1,0],[0,0],[0,0],[0,0],[0,0],[0,0],[0,0],[0,0],[0,0],[0,0],[0,0],[-1,0],[0,0],[0,0],[0,0],[0,0],[0,0],[0,0],[0,0],[-1,1],[0,0],[0,0],[0,0],[0,0],[-1,-1],[0,0],[0,0],[1,0],[0,0],[0,0],[0,0],[0,0],[0,0],[0,-1],[1,0],[0,0],[0,0],[0,1],[0,0]],[[41,94],[-1,1],[0,0],[0,0],[-1,0],[0,0],[0,0],[0,0],[0,0],[-1,1],[0,0],[0,0],[0,0],[0,-1],[1,0],[0,0],[0,0],[0,0],[0,0],[0,0],[0,0],[0,0],[1,0],[0,0],[0,-1],[0,0],[0,0],[0,0],[0,0],[0,0],[0,0],[1,0],[0,0],[0,0],[0,0],[0,0],[0,0],[0,0]],[[45,93],[0,0],[0,0],[0,0],[0,0],[0,0],[0,0],[1,0],[-1,0],[0,0],[0,0],[0,0],[0,0],[0,0],[0,0],[0,0],[0,1],[0,0],[-1,0],[0,0],[0,0],[0,0],[-1,0],[0,0],[0,0],[0,0],[-1,0],[0,0],[0,1],[0,0],[0,0],[0,0],[0,0],[-1,-1],[0,0],[1,0],[0,0],[0,0],[0,0],[1,0],[0,0],[0,0],[0,0],[0,-1],[1,0],[0,1],[0,0],[0,0],[0,-1],[0,0],[0,0],[0,0],[0,0],[-1,0],[0,0],[0,0],[0,0],[0,0],[0,0],[0,0],[1,0],[0,0],[0,0],[0,0],[1,0],[0,0]],[[23,98],[-2,0],[0,0],[0,0],[0,0],[1,0],[1,0],[0,0],[1,-1],[0,0],[-1,0],[0,0],[0,0],[1,0],[0,0],[0,0],[0,0],[0,0],[0,0],[0,0],[0,0],[0,1],[-1,0],[0,0]],[[17,98],[0,0],[1,0],[0,1],[0,0],[0,0],[0,0],[0,0],[-1,0],[0,0],[0,0],[-1,0],[1,0],[0,0],[0,-1],[0,0],[0,0],[0,0],[0,0],[0,0],[0,0]],[[14,99],[0,0],[0,0],[-1,0],[0,0],[0,0],[1,0],[0,0],[-1,0],[0,-1],[0,0],[0,0],[0,0],[1,0],[0,0],[0,0],[0,1],[0,0],[0,0],[0,0],[0,0]],[[972,95],[1,0],[0,0],[1,0],[0,1],[0,0],[0,0],[0,0],[-1,0],[0,0],[0,0],[-1,0],[0,0],[0,0],[-1,-1],[1,0],[0,0]],[[75,188],[0,0],[-1,0],[0,0],[0,0],[0,-1],[0,0],[-1,-1],[1,0],[0,0],[0,-1],[0,0],[0,0],[0,0],[1,0],[1,1],[0,0],[0,0],[0,0],[0,0],[1,1],[0,0],[0,0],[-1,0],[-1,1],[0,0],[0,0]],[[72,183],[0,0],[1,0],[0,0],[0,0],[0,0],[1,0],[0,0],[0,1],[-1,0],[0,0],[0,0],[-1,0],[0,0],[0,0],[0,-1],[0,0],[0,0],[0,0],[0,0],[0,0],[0,0],[0,0],[0,0]],[[69,182],[0,0],[0,0],[0,0],[0,0],[0,0],[0,0],[0,0],[0,0],[-1,0],[0,0],[0,0],[0,0],[0,0],[0,0],[0,0],[0,0],[0,0],[-1,-1],[0,0],[0,0],[1,0],[0,0],[0,0],[1,0],[0,0],[0,0],[0,1]],[[64,180],[0,0],[0,0],[0,0],[0,0],[-1,0],[0,0],[0,0],[1,-1],[0,0],[1,1],[0,0],[0,0],[-1,0],[0,0]],[[296,117],[0,0],[1,0],[1,0],[1,0],[1,0],[1,0],[1,0],[1,0],[2,0],[0,0],[0,-1],[0,0],[1,0],[0,0],[0,0],[0,0],[0,0],[0,0],[0,0],[0,0],[0,0],[0,0],[1,0],[0,0],[0,0],[0,0],[0,0],[0,0],[0,-1],[0,0],[1,0],[0,0],[0,0],[0,0],[0,0],[0,-1],[0,0],[0,0],[0,0],[0,-1],[0,0],[1,0],[0,-1],[0,0],[0,0],[1,-1],[0,0],[0,0],[1,0],[0,-1],[0,0],[0,1],[0,0],[0,0],[0,0],[1,0],[0,0],[0,0],[0,0],[1,0],[0,0],[0,0],[0,0],[0,0],[1,0],[0,0],[1,0],[0,1],[0,0],[0,1],[0,0],[0,1],[0,0],[0,0],[0,1],[0,0],[0,0],[0,0],[0,0],[0,0],[0,0],[0,0],[0,0],[0,0],[0,0],[0,0],[0,0],[0,0],[0,0],[0,0],[0,0],[1,0],[0,1],[0,0],[0,0],[0,0],[0,0],[0,0],[0,0],[0,0],[0,0],[0,0],[0,0],[0,0],[0,0],[0,1],[0,0],[0,0],[0,0],[0,0],[0,0],[0,0],[0,0],[1,0],[0,0],[0,0],[0,0],[0,0],[0,0],[0,1],[0,0],[0,0],[-1,0],[0,0],[0,0],[-1,0],[0,0],[0,0],[0,0],[0,0],[0,0],[-1,1],[0,0],[0,0],[0,0],[0,0],[0,0],[0,0],[0,0],[0,-1],[-1,0],[0,1],[0,0],[0,0],[0,0],[0,0],[0,0],[0,0],[0,0],[0,0],[0,0],[-1,0],[0,0],[0,0],[0,0],[0,0],[0,0],[0,0],[0,0],[0,0],[0,-1],[0,0],[0,1],[0,0],[0,0],[-1,0],[0,1],[0,0],[0,0],[-1,0],[0,0],[0,0],[0,0],[0,0],[0,0],[0,0],[0,0],[0,0],[0,0],[-1,0],[0,0],[0,0],[0,0],[0,0],[0,0],[0,0],[0,1],[0,-1],[0,0],[0,0],[0,0],[0,0],[0,0],[-1,0],[0,1],[0,0],[0,0],[0,0],[0,0],[-1,1],[0,0],[0,0],[0,0],[0,1],[-1,0],[0,0],[1,0],[0,1],[0,0],[0,0],[0,0],[0,0],[0,0],[0,0],[0,0],[-1,0],[0,0],[0,0],[0,0],[0,1],[0,0],[1,0],[0,0],[0,0],[0,0],[0,1],[0,0],[1,0],[0,0],[0,0],[1,0],[0,0],[-1,-1],[0,0],[0,0],[0,0],[0,0],[0,0],[0,0],[0,0],[0,0],[1,0],[0,1],[0,0],[0,0],[0,0],[0,0],[-1,0],[-1,1],[0,0],[0,0],[0,-1],[0,0],[0,0],[-1,1],[0,0],[-1,0],[0,0],[0,-1],[1,0],[-1,0],[0,0],[0,0],[0,0],[0,0],[0,0],[0,0],[0,0],[0,1],[0,0],[-1,0],[-1,0],[0,0],[-1,0],[0,0],[0,0],[-1,0],[0,0],[-1,1],[0,0],[-1,0],[0,0],[-1,0],[0,1],[0,0],[0,0],[0,0],[0,0],[0,-1],[0,0],[0,0],[0,0],[0,-1],[0,1],[0,0],[0,0],[0,1],[0,0],[-1,0],[0,0],[0,0],[0,0],[0,0],[0,1],[1,0],[0,0],[0,0],[0,0],[0,0],[0,0],[0,1],[0,0],[0,0],[0,0],[0,0],[-1,0],[0,0],[0,1],[0,0],[0,0],[0,0],[0,0],[0,0],[0,1],[-1,0],[0,0],[0,0],[0,0],[0,0],[0,0],[0,1],[-1,0],[0,0],[0,-1],[0,0],[0,0],[0,0],[0,0],[-1,0],[0,0],[0,-1],[0,0],[0,0],[0,0],[0,-1],[0,0],[1,0],[0,0],[0,0],[0,0],[-1,0],[0,0],[0,0],[0,1],[-1,0],[0,0],[0,0],[0,0],[1,0],[0,1],[0,0],[0,1],[0,0],[1,0],[0,0],[0,1],[-1,0],[1,0],[0,0],[0,0],[0,0],[0,0],[0,0],[0,0],[0,0],[0,0],[0,0],[0,0],[0,1],[-1,0],[0,0],[0,0],[-1,1],[0,1],[0,0],[0,0],[0,0],[0,0],[0,0],[-1,1],[0,-1],[0,0],[0,0],[1,-1],[0,0],[0,0],[0,-1],[0,0],[0,0],[0,0],[0,0],[0,0],[0,0],[-1,0],[1,0],[0,0],[0,-1],[0,0],[0,0],[-1,0],[0,1],[0,-1],[0,0],[0,0],[0,1],[0,-1],[0,0],[0,0],[-1,0],[1,0],[0,0],[0,0],[0,0],[0,0],[0,0],[0,-1],[0,0],[0,0],[-1,0],[0,0],[0,0],[1,0],[0,0],[0,0],[0,0],[-1,0],[0,0],[0,0],[1,0],[0,0],[0,-1],[0,0],[0,0],[0,0],[0,0],[0,0],[0,0],[1,0],[-1,-1],[0,0],[0,0],[1,0],[0,0],[-1,0],[0,0],[0,0],[0,0],[0,0],[0,0],[0,0],[0,0],[0,1],[0,-1],[0,0],[0,1],[0,0],[-1,-1],[0,1],[0,0],[0,0],[0,0],[0,0],[0,0],[0,0],[0,0],[0,0],[0,0],[0,0],[0,0],[0,0],[0,0],[0,1],[0,0],[0,0],[0,0],[0,0],[0,0],[0,1],[0,0],[0,0],[0,0],[0,0],[0,0],[0,0],[-1,0],[0,0],[0,0],[0,0],[1,0],[0,1],[0,0],[0,0],[0,0],[0,0],[0,0],[0,0],[-1,0],[0,-1],[0,0],[0,1],[0,-1],[0,0],[0,0],[-1,0],[0,0],[0,0],[0,0],[0,0],[0,0],[0,-1],[0,0],[0,0],[0,0],[0,0],[0,0],[0,1],[0,0],[0,0],[0,0],[0,0],[0,0],[0,0],[1,1],[0,0],[1,0],[0,0],[0,0],[1,1],[0,0],[-1,0],[0,0],[0,0],[0,0],[0,0],[-1,-1],[0,0],[0,0],[-1,0],[0,0],[1,0],[0,0],[0,1],[1,0],[0,0],[0,0],[0,0],[0,1],[1,0],[0,0],[0,0],[-1,0],[0,0],[0,0],[0,0],[0,0],[-1,0],[0,0],[0,0],[1,0],[0,0],[0,0],[0,1],[0,0],[0,0],[0,0],[0,0],[0,0],[0,0],[0,0],[0,-1],[-1,0],[0,0],[-1,0],[0,0],[0,0],[1,0],[0,0],[0,1],[0,0],[1,0],[0,0],[0,0],[0,0],[1,0],[0,0],[0,0],[0,0],[0,1],[1,0],[0,1],[0,1],[1,0],[-1,0],[0,-1],[0,0],[0,-1],[-1,0],[0,0],[0,0],[0,0],[0,0],[0,0],[0,1],[0,0],[1,0],[0,0],[0,0],[-1,0],[0,0],[0,0],[0,0],[0,0],[0,0],[0,0],[0,0],[-1,0],[0,0],[0,1],[0,0],[0,0],[-1,0],[0,-1],[0,0],[0,0],[0,1],[0,0],[1,0],[0,0],[0,0],[1,0],[0,0],[0,0],[0,0],[0,0],[0,1],[0,0],[0,0],[0,-1],[1,0],[0,0],[0,0],[0,0],[0,0],[0,1],[-1,0],[0,0],[0,1],[0,-1],[-1,0],[0,0],[0,0],[0,0],[0,0],[0,0],[0,0],[0,0],[-1,0],[0,0],[-1,0],[1,0],[1,1],[0,0],[0,0],[0,0],[0,0],[0,0],[0,0],[-1,1],[0,-1],[-1,0],[1,0],[0,1],[0,0],[1,0],[0,0],[0,0],[0,0],[0,0],[-1,0],[0,0],[0,0],[0,0],[-1,0],[0,0],[0,1],[0,0],[0,0],[-1,-1],[0,0],[0,1],[0,0],[0,0],[0,0],[0,0],[0,0],[-1,0],[0,1],[0,0],[0,0],[0,0],[0,0],[0,0],[0,0],[0,0],[-1,0],[-1,1],[-1,0],[0,0],[0,1],[0,0],[-1,0],[0,0],[0,0],[0,0],[0,0],[0,1],[0,0],[0,0],[-1,0],[0,0],[0,0],[0,1],[0,-1],[0,1],[-1,0],[0,0],[0,0],[0,0],[0,0],[0,0],[-1,0],[0,0],[0,0],[0,0],[0,0],[0,1],[0,0],[0,0],[0,0],[0,0],[0,0],[0,0],[-1,0],[0,0],[0,0],[0,-1],[0,1],[0,0],[0,0],[0,0],[0,0],[0,0],[0,0],[0,0],[0,1],[0,0],[0,0],[-1,0],[0,0],[0,0],[0,0],[0,0],[0,0],[0,0],[0,0],[0,1],[0,0],[0,0],[0,0],[0,0],[0,0],[0,0],[0,0],[0,0],[0,0],[0,0],[0,0],[0,0],[0,1],[0,0],[0,0],[0,0],[-1,0],[0,0],[0,0],[0,0],[0,0],[0,1],[0,0],[0,0],[0,0],[0,0],[1,1],[0,1],[0,1],[0,1],[1,1],[1,1],[0,0],[0,0],[0,1],[0,0],[0,0],[0,0],[0,1],[0,0],[0,-1],[0,0],[0,-1],[0,0],[0,0],[0,1],[-1,0],[0,-1],[0,0],[0,0],[0,0],[0,0],[0,0],[0,0],[0,0],[0,0],[0,0],[0,0],[0,1],[0,0],[1,0],[1,3],[0,0],[0,0],[0,1],[0,1],[0,1],[0,1],[0,0],[0,-1],[0,0],[0,1],[0,0],[-1,1],[0,0],[0,0],[0,0],[-1,0],[0,0],[0,0],[-1,0],[0,0],[0,0],[0,0],[0,0],[1,0],[0,0],[0,0],[-1,0],[0,0],[0,-1],[0,0],[0,0],[-1,-1],[0,0],[-1,0],[0,-1],[0,0],[0,0],[0,-1],[0,0],[0,0],[0,0],[0,1],[0,0],[0,0],[0,-1],[0,0],[0,-1],[0,0],[-1,1],[0,0],[0,0],[0,0],[0,0],[0,0],[0,-1],[-1,-1],[0,0],[0,0],[0,0],[0,0],[0,0],[1,-1],[0,0],[0,0],[0,0],[0,0],[-1,0],[0,0],[0,0],[0,0],[0,0],[0,0],[0,0],[0,0],[0,0],[0,0],[0,0],[0,0],[0,0],[0,0],[0,-1],[0,-1],[0,0],[0,-1],[0,0],[0,0],[-2,-1],[-1,-2],[-1,0],[0,0],[-1,0],[0,0],[0,0],[0,0],[0,0],[0,0],[-1,1],[0,0],[0,0],[0,0],[-1,0],[0,0],[0,0],[0,0],[0,0],[0,0],[0,0],[0,0],[0,0],[0,0],[-1,-1],[0,0],[0,0],[0,0],[0,0],[0,0],[0,-1],[0,0],[0,1],[0,0],[0,0],[0,0],[-1,0],[-1,-1],[0,0],[0,0],[1,0],[0,0],[-1,0],[0,0],[0,0],[0,0],[-1,0],[0,0],[0,0],[-1,0],[0,0],[0,0],[0,0],[0,0],[0,0],[0,0],[0,0],[0,0],[0,0],[0,0],[0,0],[0,0],[-1,0],[0,0],[0,0],[0,0],[0,0],[0,0],[-1,0],[-1,1],[1,-1],[0,0],[0,0],[0,0],[0,0],[0,0],[0,0],[0,0],[0,-1],[-1,0],[0,0],[0,1],[0,0],[0,0],[0,0],[0,0],[-1,0],[-1,0],[0,0],[0,0],[0,0],[-1,0],[0,0],[0,0],[0,1],[-1,0],[-1,-1],[0,0],[0,0],[-1,0],[0,0],[0,1],[0,0],[1,0],[0,0],[0,0],[1,0],[0,0],[0,0],[0,0],[0,0],[0,0],[0,0],[0,0],[0,0],[0,0],[0,0],[0,0],[0,0],[1,0],[0,0],[0,0],[0,0],[0,1],[0,0],[-1,0],[0,0],[0,0],[0,0],[0,0],[0,0],[0,0],[0,0],[0,0],[0,0],[0,1],[0,0],[1,0],[0,0],[0,0],[1,0],[0,0],[0,1],[-1,0],[0,0],[0,0],[0,0],[0,0],[0,0],[0,0],[0,0],[0,0],[0,-1],[-1,0],[0,0],[0,0],[0,0],[0,0],[0,0],[0,0],[-1,0],[0,0],[0,-1],[0,1],[0,0],[0,0],[0,0],[0,0],[0,0],[0,0],[0,0],[0,1],[-1,0],[0,0],[0,-1],[0,0],[0,0],[-1,0],[0,0],[0,1],[-1,-1],[-1,0],[0,0],[1,0],[0,0],[0,0],[0,0],[0,0],[0,-1],[0,0],[-1,0],[0,0],[0,0],[-1,0],[0,0],[0,0],[-1,0],[0,0],[0,0],[0,0],[0,0],[0,0],[0,0],[-1,0],[-1,0],[0,0],[-1,0],[0,0],[0,0],[-1,0],[0,0],[0,0],[-1,0],[0,0],[0,0],[1,0],[0,-1],[0,0],[0,0],[0,0],[-1,1],[0,0],[0,0],[0,0],[-2,1],[0,0],[0,0],[1,-1],[-1,0],[0,0],[0,0],[0,0],[0,0],[0,0],[0,0],[0,0],[-1,0],[0,0],[0,0],[1,1],[0,0],[-1,0],[0,0],[0,1],[0,0],[-1,0],[0,1],[-1,0],[0,0],[0,0],[-1,0],[0,0],[0,0],[1,0],[-1,0],[0,0],[0,0],[0,0],[-1,0],[0,0],[0,0],[0,0],[0,0],[0,0],[0,0],[0,0],[0,0],[0,1],[0,0],[0,0],[-1,-1],[0,1],[0,0],[0,0],[0,0],[0,0],[0,0],[0,0],[0,0],[0,0],[-1,0],[0,0],[0,0],[1,0],[0,1],[-1,0],[0,0],[0,0],[0,0],[0,0],[0,1],[0,0],[0,0],[0,1],[-1,0],[0,-1],[0,0],[0,1],[1,0],[0,0],[0,0],[-1,0],[0,0],[0,1],[1,0],[0,0],[0,1],[0,0],[0,1],[0,0],[0,0],[0,0],[0,0],[0,0],[0,0],[0,0],[0,0],[0,0],[-1,0],[0,0],[-1,0],[-1,0],[0,0],[0,-1],[-1,0],[0,0],[0,0],[0,0],[-1,0],[0,0],[0,0],[0,0],[0,-1],[0,0],[-1,-1],[0,0],[0,0],[0,0],[0,0],[0,0],[0,-1],[0,0],[0,0],[0,0],[0,0],[-1,-1],[0,0],[0,0],[-1,-1],[0,0],[0,0],[0,-1],[0,0],[0,0],[0,0],[-1,-1],[0,0],[0,0],[0,-1],[-1,0],[0,0],[0,0],[-1,-1],[0,0],[0,0],[0,0],[-1,0],[0,0],[0,0],[0,0],[0,0],[-1,0],[0,0],[-1,0],[0,0],[0,0],[0,0],[0,0],[-1,0],[0,1],[0,0],[0,0],[0,0],[0,0],[-1,1],[0,0],[0,0],[0,0],[-1,0],[0,-1],[-1,0],[0,0],[-1,0],[0,0],[0,-1],[0,0],[-1,0],[0,0],[0,-1],[0,0],[-1,-1],[0,0],[0,-1],[0,0],[-1,0],[0,-1],[-1,0],[-1,-1],[0,0],[0,0],[-1,0],[0,-1],[0,0],[0,0],[-1,0],[0,0],[-1,0],[0,0],[-1,0],[-1,0],[0,0],[-1,0],[0,1],[0,0],[0,0],[0,1],[-1,0],[-1,0],[-1,0],[-1,0],[-1,0],[-1,0],[-1,0],[-1,0],[-1,-1],[-1,0],[-1,-1],[-2,0],[-1,0],[-1,-1],[-2,0],[-1,-1],[0,0],[0,0],[0,0],[-1,0],[0,0],[-1,0],[-1,0],[-1,0],[-1,0],[0,0],[-1,0],[0,0],[0,0],[0,0],[0,0],[-1,-1],[1,0],[-1,0],[0,0],[0,-1],[-1,-1],[0,0],[-1,0],[0,0],[0,0],[0,0],[-1,0],[0,0],[0,-1],[0,0],[-1,0],[-1,0],[0,0],[0,0],[0,-1],[-1,0],[0,0],[-1,0],[0,0],[0,0],[-1,0],[0,0],[-1,0],[0,0],[0,-1],[0,0],[0,0],[0,0],[0,-1],[0,0],[0,0],[0,0],[0,0],[0,0],[0,-1],[-1,0],[0,0],[-1,0],[0,-1],[0,0],[0,0],[-1,-1],[0,0],[0,0],[0,-1],[0,0],[0,0],[0,0],[0,-1],[0,0],[-1,0],[-1,-1],[0,0],[0,0],[0,-1],[0,0],[0,0],[0,0],[0,0],[1,0],[0,0],[0,0],[0,1],[0,0],[0,0],[0,0],[0,0],[0,-1],[0,0],[0,0],[0,0],[0,0],[-1,-1],[1,0],[0,0],[0,0],[1,0],[1,0],[0,0],[0,0],[0,0],[-1,0],[0,0],[0,0],[0,0],[0,0],[-1,0],[0,0],[0,0],[0,0],[-1,0],[0,0],[0,0],[0,1],[0,0],[0,0],[0,0],[-1,-1],[0,0],[0,0],[0,0],[0,0],[0,0],[0,0],[0,0],[0,0],[0,0],[0,-1],[-1,0],[0,0],[0,-1],[-1,0],[0,-1],[0,0],[0,-1],[0,0],[0,-1],[-1,0],[0,0],[-1,-1],[0,0],[0,-1],[0,0],[0,0],[0,0],[0,0],[0,0],[0,0],[0,0],[1,0],[-1,0],[0,0],[1,0],[0,-1],[0,0],[0,-1],[0,0],[0,-1],[0,0],[-1,0],[0,0],[0,-1],[0,0],[0,0],[0,-1],[0,0],[0,0],[0,-1],[0,0],[0,0],[0,-1],[0,0],[0,0],[1,-1],[-1,0],[0,1],[0,-1],[1,0],[0,0],[0,-1],[0,-1],[0,0],[0,-1],[0,0],[0,0],[0,-2],[0,0],[0,0],[0,-1],[0,-1],[0,0],[0,0],[0,0],[0,0],[1,0],[0,0],[1,0],[0,0],[0,0],[0,0],[0,0],[0,0],[0,0],[0,0],[-1,0],[0,0],[-1,0],[0,0],[0,0],[0,-1],[0,0],[0,0],[0,0],[0,0],[0,0],[0,0],[0,-1],[0,0],[0,0],[0,0],[0,0],[0,0],[0,0],[0,0],[0,0],[0,0],[0,-1],[0,0],[-1,0],[0,-1],[0,0],[-1,-1],[0,0],[0,0],[0,-1],[0,0],[0,0],[1,0],[1,0],[0,0],[0,1],[2,0],[0,0],[0,0],[0,0],[1,0],[0,0],[0,0],[0,0],[0,0],[0,0],[0,0],[1,0],[0,0],[0,0],[-1,1],[0,0],[0,0],[0,0],[0,0],[-1,1],[0,0],[0,0],[1,0],[0,0],[0,0],[0,0],[0,0],[0,0],[0,-1],[0,0],[0,0],[0,0],[0,0],[0,0],[1,0],[0,-1],[0,0],[0,0],[0,0],[0,0],[0,0],[0,1],[0,0],[0,0],[0,0],[0,0],[0,0],[0,0],[0,0],[0,0],[0,1],[0,0],[0,0],[0,0],[0,0],[0,0],[-1,0],[0,0],[0,0],[0,0],[0,0],[0,0],[0,0],[0,0],[0,0],[0,0],[1,0],[0,0],[0,0],[0,0],[0,0],[0,0],[0,0],[0,0],[1,0],[0,0],[0,-1],[0,0],[-1,0],[0,0],[0,0],[0,0],[0,0],[0,0],[0,-1],[1,0],[0,0],[0,0],[0,0],[0,0],[0,0],[-1,0],[0,-1],[0,0],[0,1],[0,0],[0,0],[0,0],[0,-1],[0,0],[0,0],[0,0],[0,0],[0,0],[0,0],[0,0],[0,0],[0,0],[0,0],[0,0],[0,0],[0,0],[0,0],[0,-1],[0,0],[0,0],[0,0],[0,0],[0,0],[0,0],[0,0],[0,0],[0,0],[-1,-1],[1,0],[1,0],[1,0],[1,0],[1,0],[1,0],[2,0],[1,0],[1,0],[1,0],[1,0],[1,0],[2,0],[1,0],[1,0],[1,0],[1,0],[1,0],[2,0],[1,0],[1,0],[1,0],[1,0],[1,0],[2,0],[1,0],[1,0],[1,0],[1,0],[1,0],[2,0],[1,0],[1,0],[1,0],[1,0],[1,0],[2,0],[1,0],[1,0],[1,0],[1,0],[1,0],[2,0],[1,0],[1,0],[1,0],[1,0],[1,0],[2,0],[1,0],[1,0],[1,0],[1,0],[1,0],[2,0],[1,0],[1,0],[1,0],[1,0],[1,0],[2,0],[1,0],[1,0],[1,0],[1,0],[1,0],[0,0],[0,-1],[1,0],[0,0],[0,0],[0,1],[0,0],[0,0],[0,1],[0,0],[0,0],[0,0],[0,0],[1,0],[1,0],[0,0],[1,0],[0,1],[0,-1],[1,0],[0,0],[0,0],[0,0],[1,0],[0,0],[0,0],[1,1],[0,0],[0,0],[0,0],[0,0],[1,0],[0,0],[0,0],[1,0],[0,0],[0,1],[1,0],[0,0],[1,0],[0,-1],[0,0],[1,0],[0,1],[0,0],[0,0],[1,0],[1,0],[0,0],[0,0],[0,0],[1,0],[0,0],[0,0],[1,0],[0,0],[1,0],[0,0],[1,-1],[0,0],[1,0],[1,1],[0,0],[0,0],[1,0],[1,0],[0,1],[1,0],[1,0],[0,0],[0,0],[1,1],[0,0],[1,0],[0,0],[1,1],[0,0],[1,0],[0,0],[0,1],[1,0],[0,0],[0,0],[0,0],[0,0],[0,0],[1,0],[0,0],[0,0],[0,0],[0,0],[0,0],[0,0],[0,1],[0,0],[0,0],[0,0],[1,0],[0,0],[0,0],[0,0],[1,0],[0,0],[0,0],[0,1],[0,0],[1,0],[0,1],[1,0],[0,0],[0,1],[1,0],[0,0],[0,1],[0,0],[0,1],[0,0],[0,1],[0,0],[0,1],[0,0],[0,1],[0,0],[0,1],[0,0],[-1,1],[0,0],[0,0],[-1,0],[0,0],[0,1],[0,0],[0,0],[0,0],[0,1],[0,0],[1,0],[1,0],[0,0],[1,0],[1,-1],[0,0],[1,0],[1,0],[0,0],[2,-1],[0,0],[1,0],[1,0],[1,-1],[0,0],[0,0],[0,0],[0,0],[0,0],[0,0],[0,0],[0,0],[0,-1],[0,0],[0,0],[0,0],[0,0],[0,-1],[0,0],[0,0],[1,0],[1,0],[0,0],[1,0],[1,0],[1,0],[0,0],[1,0],[0,-1],[1,0],[0,0],[1,-1],[0,0],[0,0],[0,0],[1,0],[0,0],[0,0],[1,-1],[1,-1],[0,0],[0,0],[1,0],[0,0]],[[302,128],[0,0],[0,0],[0,0],[0,0],[0,0],[1,0],[0,0],[0,0],[0,0],[0,0],[-1,0],[0,0],[0,1],[-1,0],[0,0],[-1,0],[0,0],[0,0],[-1,0],[-1,0],[0,0],[0,0],[0,0],[0,0],[0,0],[0,0],[0,0],[0,0],[0,0],[0,0],[0,0],[0,0],[1,-1],[0,1],[0,-1],[0,0],[0,0],[0,0],[0,0],[0,0],[0,0],[1,0],[0,0],[0,0],[0,0],[1,0],[0,0],[1,0],[0,0],[0,0],[0,0],[0,0]],[[333,212],[0,1],[-1,0],[-1,0],[0,0],[0,-1],[1,0],[0,0],[0,0],[0,-1],[0,0],[0,0],[0,0],[0,0],[-1,0],[1,0],[0,0],[0,0],[1,0],[0,0],[0,0],[0,0],[0,0],[0,0],[0,1],[0,0],[0,0],[0,0],[0,0],[0,0]],[[289,217],[-1,0],[0,0],[0,0],[0,0],[0,0],[1,1],[0,0],[0,0],[0,0],[0,0],[0,1],[0,0],[0,0],[0,0],[-1,0],[0,1],[0,-1],[0,0],[0,0],[0,0],[-1,0],[0,0],[0,0],[0,1],[0,0],[0,0],[0,0],[0,0],[-1,0],[0,-1],[0,-1],[0,0],[0,0],[0,0],[0,0],[0,0],[0,-1],[0,0],[0,0],[1,1],[0,0],[0,0],[0,0],[0,0],[0,-1],[0,0],[0,0],[-1,0],[0,0],[0,0],[0,0],[0,0],[0,0],[0,0],[0,0],[0,0],[0,0],[0,0],[0,0],[0,0],[0,0],[-1,0],[0,-1],[0,0],[0,0],[0,0],[-1,0],[0,0],[0,0],[-1,0],[0,0],[0,0],[0,0],[-1,0],[0,0],[0,0],[0,0],[0,1],[0,0],[-1,0],[0,0],[-1,1],[0,0],[0,0],[0,0],[0,0],[0,0],[0,0],[1,1],[0,0],[0,0],[0,1],[0,0],[0,0],[0,0],[-1,0],[0,0],[0,0],[0,0],[-1,0],[0,0],[0,0],[0,-1],[-1,0],[0,0],[0,0],[0,0],[0,0],[0,0],[0,0],[0,0],[-1,0],[0,-1],[0,0],[0,0],[-1,0],[0,0],[0,0],[-1,0],[0,0],[0,-1],[0,1],[-1,0],[0,-1],[0,0],[-1,1],[1,0],[-1,0],[0,0],[0,0],[0,0],[0,-1],[0,0],[0,0],[1,0],[0,0],[0,0],[0,0],[-1,-1],[0,0],[1,0],[0,0],[0,0],[0,0],[0,0],[-1,-1],[0,0],[0,0],[0,-1],[0,0],[0,0],[1,0],[0,0],[0,0],[0,0],[0,0],[0,0],[0,0],[0,0],[0,0],[0,0],[1,0],[0,1],[0,0],[0,0],[0,0],[0,0],[0,0],[0,0],[0,0],[0,0],[1,1],[0,0],[0,0],[0,0],[0,0],[0,-1],[0,0],[0,0],[0,0],[0,0],[1,1],[0,0],[1,0],[0,0],[0,0],[1,0],[0,0],[1,-1],[1,0],[0,0],[1,0],[0,0],[0,-1],[0,0],[0,0],[1,0],[0,0],[1,0],[0,0],[0,0],[0,0],[1,0],[0,0],[2,1],[0,0],[1,1],[1,1]],[[273,199],[0,0],[0,0],[-1,1],[0,0],[0,-1],[0,0],[0,1],[0,0],[0,0],[0,0],[0,0],[1,1],[0,0],[-1,0],[0,1],[0,0],[0,1],[0,1],[0,1],[0,1],[0,0],[0,0],[0,0],[0,0],[-1,0],[0,0],[1,0],[0,0],[0,-1],[-1,1],[0,0],[0,0],[0,0],[0,0],[0,0],[0,1],[0,0],[0,0],[0,0],[0,0],[0,0],[0,0],[0,1],[0,0],[0,0],[0,0],[0,0],[0,0],[0,0],[0,0],[0,1],[0,0],[0,0],[0,0],[0,0],[0,1],[0,0],[0,0],[0,0],[0,1],[0,0],[0,0],[0,0],[-1,0],[0,0],[0,0],[0,0],[0,-1],[-1,0],[0,0],[0,0],[0,0],[-1,0],[0,0],[0,0],[-1,0],[0,0],[-1,0],[0,0],[0,0],[0,0],[0,0],[0,0],[0,0],[0,0],[0,0],[-1,0],[0,-1],[-1,-1],[-1,-1],[0,0],[0,0],[-1,-1],[0,0],[-1,-1],[-1,0],[0,0],[1,0],[0,0],[0,0],[0,0],[0,0],[0,0],[0,0],[1,0],[0,0],[0,-1],[0,0],[0,0],[0,0],[1,0],[0,0],[0,0],[0,0],[0,0],[0,-1],[0,0],[0,0],[0,0],[0,0],[1,0],[0,0],[0,-1],[1,0],[0,0],[0,0],[0,0],[1,0],[0,0],[0,0],[0,0],[0,0],[0,0],[0,0],[0,0],[1,-1],[0,0],[0,0],[0,0],[0,0],[0,0],[0,-1],[0,0],[1,0],[0,0],[0,0],[0,0],[0,0],[0,0],[0,0],[0,0],[1,0],[0,0],[0,0],[0,0],[0,0],[1,0],[0,0],[0,0],[0,0],[0,0],[0,0],[0,0],[0,0],[0,0],[0,0],[0,0],[1,0],[0,0],[0,-1],[0,1],[1,-1],[0,0],[0,0],[1,0]],[[180,151],[1,0],[0,0],[1,0],[1,0],[1,0],[1,0],[0,0],[1,0],[0,0],[0,0],[0,0],[1,1],[2,0],[1,1],[1,0],[2,0],[1,1],[1,0],[1,1],[1,0],[1,0],[1,0],[1,0],[1,0],[1,0],[1,0],[1,0],[0,-1],[0,0],[0,0],[0,-1],[1,0],[0,0],[1,0],[1,0],[0,0],[1,0],[0,0],[1,0],[0,0],[0,0],[0,1],[1,0],[0,0],[0,0],[1,1],[1,0],[0,1],[1,0],[0,0],[0,1],[0,0],[1,1],[0,0],[0,1],[0,0],[1,0],[0,0],[0,1],[0,0],[1,0],[0,0],[1,0],[0,1],[1,0],[0,0],[0,0],[0,0],[1,-1],[0,0],[0,0],[0,0],[0,0],[0,-1],[1,0],[0,0],[0,0],[0,0],[0,0],[1,0],[0,0],[1,0],[0,0],[0,0],[0,0],[0,0],[1,0],[0,0],[0,0],[0,0],[1,1],[0,0],[0,0],[1,0],[0,1],[0,0],[0,0],[1,1],[0,0],[0,0],[0,0],[0,1],[0,0],[0,0],[1,1],[0,0],[0,0],[1,1],[0,0],[0,0],[0,0],[0,0],[0,1],[0,0],[0,0],[0,0],[0,0],[0,0],[1,1],[0,0],[0,1],[0,0],[0,0],[0,0],[1,0],[0,0],[0,0],[0,0],[1,0],[0,1],[0,0],[1,0],[1,0],[0,0],[1,0],[0,0],[0,0],[0,0],[0,0],[0,0],[0,0],[0,1],[0,0],[0,1],[-1,1],[0,2],[0,1],[0,0],[0,0],[0,0],[0,1],[0,1],[0,1],[0,0],[0,0],[0,1],[0,0],[0,0],[0,1],[0,1],[1,0],[0,0],[0,0],[0,1],[0,0],[0,0],[0,0],[0,-1],[0,0],[0,0],[0,0],[-1,0],[0,-1],[0,1],[0,0],[0,0],[0,0],[0,1],[0,0],[1,0],[0,1],[0,1],[1,0],[1,1],[0,1],[1,1],[0,0],[0,0],[0,1],[0,0],[1,0],[0,1],[0,0],[0,0],[0,0],[0,0],[0,0],[1,0],[0,0],[0,0],[-1,0],[0,0],[1,0],[1,0],[0,0],[1,1],[0,0],[1,0],[0,1],[0,0],[1,-1],[0,0],[1,0],[0,0],[1,0],[0,0],[1,0],[0,0],[1,-1],[0,0],[0,0],[0,0],[1,0],[0,0],[1,0],[0,0],[0,0],[0,0],[0,1],[0,0],[1,0],[0,0],[0,-1],[1,0],[0,0],[-1,0],[0,0],[0,0],[0,0],[0,0],[0,0],[0,0],[0,0],[0,0],[1,-1],[0,0],[0,0],[1,-1],[0,-1],[0,0],[1,0],[0,0],[0,-1],[0,0],[0,-1],[0,0],[0,0],[0,-1],[0,0],[1,-1],[0,0],[0,0],[3,0],[0,0],[1,-1],[0,0],[1,0],[0,0],[0,0],[0,0],[0,0],[0,0],[1,0],[0,0],[1,0],[1,1],[0,0],[0,-1],[0,0],[0,0],[0,0],[0,0],[-1,0],[0,0],[0,0],[0,0],[1,0],[0,0],[0,0],[0,1],[1,0],[0,0],[0,0],[0,0],[0,1],[0,0],[-1,0],[0,1],[0,0],[-1,1],[0,0],[0,1],[0,0],[0,0],[0,0],[0,0],[0,0],[-1,0],[0,1],[0,0],[1,0],[0,0],[0,0],[0,0],[0,0],[0,0],[0,0],[0,0],[-1,0],[0,0],[0,1],[0,0],[1,-1],[0,0],[0,0],[0,1],[-1,1],[0,0],[0,1],[0,0],[0,0],[0,0],[0,0],[-1,0],[0,0],[0,-1],[0,0],[0,0],[0,0],[0,0],[0,0],[0,1],[0,0],[-1,0],[0,0],[0,0],[0,0],[-1,1],[0,0],[0,0],[0,0],[0,0],[0,0],[-1,0],[0,0],[0,0],[0,0],[-1,0],[-1,0],[-2,0],[-1,0],[0,1],[0,0],[0,1],[0,0],[-1,0],[0,0],[0,0],[1,0],[0,1],[0,0],[1,0],[0,0],[0,1],[0,0],[0,0],[0,0],[1,0],[0,0],[0,0],[0,1],[0,0],[0,0],[0,0],[-1,0],[-1,0],[0,0],[-1,0],[-1,0],[0,1],[0,0],[-1,1],[0,0],[0,0],[0,1],[0,0],[0,0],[0,0],[0,0],[0,0],[0,1],[0,0],[0,0],[0,0],[0,0],[0,0],[0,0],[-1,0],[-1,-1],[0,0],[0,-1],[-1,0],[-1,-1],[0,0],[-1,-1],[0,0],[-1,0],[0,0],[0,0],[0,0],[0,0],[0,0],[0,0],[0,0],[1,0],[0,0],[0,0],[-1,0],[-1,0],[0,0],[0,0],[0,-1],[0,0],[0,1],[0,0],[0,0],[0,-1],[0,0],[0,0],[0,0],[-1,1],[0,0],[1,0],[0,0],[0,0],[-1,0],[0,0],[-1,1],[-1,0],[-1,0],[-1,0],[0,0],[-1,0],[-1,0],[-1,0],[-1,-1],[-1,0],[-1,-1],[0,0],[-1,0],[-1,0],[0,-1],[-1,0],[-1,0],[-1,0],[-1,-1],[0,0],[0,0],[-1,-1],[0,0],[-1,0],[0,-1],[0,0],[-1,0],[0,0],[0,0],[-1,0],[-1,0],[-1,-1],[-1,0],[0,0],[0,-1],[-1,0],[0,-1],[-1,0],[0,0],[-1,0],[-1,-1],[0,0],[0,0],[-1,-1],[0,0],[0,-1],[-1,0],[0,0],[0,-1],[0,0],[1,0],[0,0],[0,0],[0,0],[0,0],[0,-1],[0,0],[0,0],[0,0],[0,0],[0,0],[0,0],[0,-1],[0,0],[0,0],[0,-1],[0,0],[0,0],[0,0],[-1,-1],[0,-1],[0,-1],[-1,0],[0,0],[0,-1],[-1,0],[0,-1],[-1,0],[0,-1],[-1,0],[-2,-2],[1,0],[0,1],[0,0],[0,-1],[0,0],[0,0],[0,0],[0,0],[0,0],[-1,0],[0,0],[0,0],[0,-1],[-1,0],[0,0],[0,0],[0,0],[0,0],[1,0],[0,0],[0,0],[0,0],[-1,-1],[0,0],[-1,0],[0,0],[0,-1],[-1,0],[0,0],[0,1],[0,-1],[0,0],[0,0],[0,0],[0,0],[0,0],[0,0],[0,0],[0,0],[-1,0],[0,0],[0,0],[0,-1],[0,0],[0,-1],[1,0],[0,0],[0,0],[0,0],[-1,0],[0,0],[0,0],[0,0],[0,-1],[-1,0],[0,0],[0,0],[0,0],[0,-1],[0,0],[-1,0],[0,0],[-1,0],[0,-1],[0,0],[0,0],[0,0],[0,0],[0,-1],[0,0],[-1,0],[0,0],[0,0],[0,0],[-1,0],[0,-1],[-1,0],[0,-1],[0,0],[-1,0],[0,0],[0,-1],[0,0],[0,0],[-1,0],[0,0],[0,-1],[0,0],[0,0],[0,0],[0,0],[0,-1],[-1,0],[0,0],[0,-1],[0,0],[0,0],[0,-1],[-1,0],[0,-1],[0,0],[0,0],[0,-1],[0,0],[0,0],[0,0],[0,0],[0,0],[0,0],[0,0],[0,0],[-1,0],[-1,-1],[0,0],[0,0],[0,0],[0,0],[-1,0],[0,0],[0,0],[0,0],[0,0],[-1,-1],[0,0],[-1,0],[0,0],[0,0],[0,0],[0,0],[0,1],[0,0],[0,1],[0,0],[0,1],[0,0],[1,0],[0,1],[0,1],[0,0],[0,0],[0,0],[0,1],[1,0],[0,0],[1,1],[0,0],[1,1],[0,0],[0,0],[0,0],[0,0],[0,0],[0,0],[0,0],[1,0],[0,1],[0,0],[0,0],[0,0],[0,1],[0,0],[1,0],[0,0],[0,1],[0,0],[0,0],[0,1],[1,0],[0,0],[0,1],[1,0],[0,0],[0,0],[0,0],[0,1],[0,0],[1,1],[0,0],[0,0],[-1,-1],[0,0],[0,0],[0,0],[1,0],[0,1],[0,0],[0,0],[0,0],[0,0],[1,1],[0,0],[0,1],[0,0],[1,0],[0,1],[0,0],[0,1],[0,0],[0,0],[0,1],[0,0],[1,1],[0,0],[0,0],[0,0],[0,0],[0,0],[0,0],[1,0],[-1,0],[0,0],[1,0],[0,0],[0,0],[0,0],[1,0],[0,1],[0,0],[0,0],[0,0],[1,1],[0,0],[0,0],[0,1],[0,0],[-1,0],[0,0],[0,1],[0,0],[-1,0],[0,-1],[0,-1],[0,0],[0,0],[-1,0],[0,-1],[-1,0],[0,0],[-1,-1],[-1,0],[0,-1],[0,0],[0,0],[-1,0],[0,0],[0,0],[0,0],[0,-1],[0,0],[0,0],[0,-1],[0,-1],[0,0],[0,0],[0,0],[0,0],[-1,-1],[0,0],[-1,-1],[0,0],[-1,0],[0,-1],[0,0],[0,0],[0,0],[-1,0],[0,0],[0,0],[-1,0],[0,0],[0,-1],[0,0],[-1,0],[0,0],[0,0],[-1,0],[0,0],[0,0],[0,-1],[0,0],[-1,0],[0,0],[0,-1],[0,0],[0,0],[0,0],[1,0],[0,0],[0,0],[1,0],[0,0],[0,0],[0,0],[0,1],[0,0],[0,-1],[0,0],[0,0],[0,0],[0,0],[0,0],[0,0],[0,-1],[0,-1],[0,0],[0,0],[-1,-1],[-1,-1],[0,0],[0,0],[-1,0],[0,-1],[-1,0],[0,0],[0,-1],[-1,0],[1,0],[-1,-1],[0,0],[0,0],[0,0],[0,-1],[0,0],[-1,0],[0,-1],[0,0],[0,0],[0,-1],[-1,0],[0,0],[0,0],[0,-1],[0,0],[0,0],[0,0],[0,0],[0,0],[-1,-1],[0,0],[0,0],[0,-1]],[[191,161],[0,0],[-1,0],[0,-1],[0,0],[0,0],[0,-1],[0,0],[0,1],[0,0],[0,0],[1,0],[0,1],[0,0]],[[193,161],[0,1],[0,0],[-1,-1],[0,0],[1,-1],[0,0],[0,0],[0,0],[0,1],[0,0]],[[289,190],[0,0],[0,0],[1,0],[0,0],[0,0],[0,0],[1,1],[1,0],[0,0],[-1,0],[0,0],[0,0],[0,0],[-1,0],[0,0],[0,0],[0,0],[0,0],[0,0],[0,0],[-1,0],[0,0],[0,0],[0,0],[0,1],[0,0],[0,-1],[-1,0],[0,0],[-1,0],[0,0],[0,0],[0,0],[0,-1],[0,0],[-1,0],[0,0],[0,0],[0,0],[0,0],[1,0],[0,0],[0,0],[0,0],[1,0],[1,0],[0,0]],[[273,199],[-1,0],[0,0],[0,0],[-1,1],[0,-1],[0,1],[0,0],[-1,0],[0,0],[0,0],[0,0],[0,0],[0,0],[0,0],[0,0],[0,0],[0,0],[0,0],[-1,0],[0,0],[0,0],[0,0],[0,0],[-1,0],[0,0],[0,0],[0,0],[0,0],[0,0],[0,0],[0,0],[-1,0],[0,0],[0,1],[0,0],[0,0],[0,0],[0,0],[0,0],[-1,1],[0,0],[0,0],[0,0],[0,0],[0,0],[0,0],[0,0],[-1,0],[0,0],[0,0],[0,0],[-1,0],[0,1],[0,0],[-1,0],[0,0],[0,0],[0,0],[0,0],[0,1],[0,0],[0,0],[0,0],[0,0],[-1,0],[0,0],[0,0],[0,0],[0,1],[0,0],[-1,0],[0,-1],[0,0],[0,0],[0,0],[0,0],[0,0],[0,0],[-1,0],[0,0],[0,0],[0,-1],[0,0],[0,0],[0,0],[0,0],[0,0],[0,-1],[0,0],[0,0],[0,0],[-1,0],[0,0],[0,0],[0,0],[0,0],[-1,0],[0,0],[0,0],[0,0],[0,0],[0,0],[0,0],[0,0],[0,0],[-1,0],[0,0],[0,-1],[0,0],[0,0],[0,0],[-1,0],[0,0],[0,0],[0,0],[0,0],[0,-1],[0,0],[0,0],[0,0],[0,0],[0,-1],[0,0],[0,0],[1,0],[0,0],[0,-1],[1,0],[0,0],[0,-1],[1,0],[0,0],[0,0],[0,0],[0,0],[1,0],[0,0],[0,0],[1,0],[0,0],[0,0],[0,0],[0,0],[1,0],[1,0],[1,0],[0,0],[0,0],[1,0],[0,0],[0,-1],[0,0],[1,0],[0,1],[1,0],[1,0],[0,-1],[1,1],[0,0],[0,0],[0,0],[0,0],[0,0],[0,0],[1,0],[1,1],[0,0],[-1,0],[0,0],[0,0],[0,0],[0,0],[0,0],[0,0],[1,0],[0,0],[0,0],[0,1],[0,0],[0,-1],[1,0],[0,1],[0,0],[0,-1],[-1,0],[0,0],[1,1],[0,0],[1,0],[0,0]],[[304,186],[0,0],[0,1],[0,0],[0,0],[0,0],[0,1],[0,0],[0,0],[0,0],[0,0],[0,0],[0,1],[0,0],[0,0],[0,0],[0,0],[-1,0],[0,0],[0,1],[1,0],[0,0],[0,0],[0,0],[0,1],[0,0],[-1,-1],[0,0],[0,0],[-1,0],[0,0],[0,0],[-1,0],[0,1],[0,0],[-1,-1],[0,0],[-1,0],[0,0],[0,0],[-1,0],[0,1],[0,0],[0,0],[0,0],[-1,-1],[0,0],[0,0],[-1,0],[0,0],[1,-1],[0,0],[0,0],[0,0],[1,0],[0,0],[1,0],[0,1],[2,0],[0,0],[0,0],[0,0],[0,0],[1,-1],[0,0],[0,0],[0,0],[0,0],[0,0],[-1,0],[0,-1],[0,0],[0,0],[0,-1],[0,0],[0,0],[-1,0],[0,-1],[-1,0],[0,0],[0,0],[1,0],[0,0],[0,0],[1,0],[0,0],[1,0],[1,0],[0,0],[1,0],[0,0]],[[248,200],[0,0],[0,0],[0,0],[0,0],[0,0],[0,-1],[0,0],[0,0],[0,0],[0,0],[0,0],[0,-1],[0,0],[0,0],[1,-1],[0,0],[0,-1],[1,0],[1,0],[0,0],[1,0],[1,0],[0,0],[0,0],[0,0],[0,-1],[0,0],[0,0],[-1,0],[0,0],[0,0],[0,0],[0,-1],[0,0],[-1,0],[0,0],[0,-1],[-1,0],[0,0],[0,0],[1,0],[0,0],[0,-1],[0,0],[0,-1],[1,0],[2,0],[1,0],[1,0],[0,0],[0,1],[0,1],[0,0],[0,1],[0,1],[0,1],[0,1],[0,0],[0,0],[1,0],[0,0],[0,0],[0,0],[1,0],[0,0],[0,0],[0,0],[0,0],[0,0],[1,0],[0,0],[-1,0],[0,1],[0,0],[-1,0],[0,1],[0,0],[-1,0],[0,0],[0,0],[0,1],[0,0],[0,0],[0,0],[0,0],[0,1],[0,0],[0,0],[0,0],[-1,0],[0,0],[0,0],[0,0],[0,0],[0,0],[0,0],[0,0],[0,1],[0,0],[0,0],[-1,0],[0,0],[0,0],[0,0],[0,0],[0,0],[0,1],[-1,-1],[-1,0],[-1,0],[-1,0],[0,0],[-1,-1],[-1,-1]],[[256,201],[0,0],[0,0],[0,0],[1,0],[0,0],[0,0],[0,0],[0,1],[0,0],[1,0],[0,0],[0,0],[0,0],[0,0],[0,0],[0,0],[0,0],[0,0],[1,0],[0,0],[0,0],[0,0],[0,0],[1,0],[0,0],[0,0],[0,0],[0,1],[0,0],[0,0],[0,0],[0,0],[0,0],[0,1],[0,0],[0,0],[0,0],[0,0],[-1,0],[0,0],[-1,0],[0,0],[0,0],[0,0],[0,0],[0,0],[0,0],[-1,0],[-1,-1],[-1,0],[0,0],[-1,0],[0,0],[0,-1],[0,0],[0,0],[0,0],[0,0],[0,0],[1,0],[0,0],[0,0],[0,-1],[0,0],[0,0],[0,0],[0,0],[0,0],[0,0],[0,0],[1,0],[0,0],[0,0]],[[304,191],[0,-1],[0,0],[0,0],[0,0],[-1,0],[0,-1],[0,0],[1,0],[0,0],[0,0],[0,0],[0,0],[0,-1],[0,0],[0,0],[0,0],[0,0],[0,0],[0,-1],[0,0],[0,0],[0,0],[0,-1],[0,0],[0,0],[0,0],[0,0],[0,0],[0,0],[1,0],[0,0],[0,0],[1,0],[0,0],[0,0],[1,0],[0,0],[0,0],[0,0],[0,0],[1,0],[0,0],[0,0],[1,0],[0,0],[0,1],[0,0],[0,0],[0,0],[2,0],[0,0],[0,1],[0,0],[-1,0],[0,0],[0,0],[0,0],[0,0],[0,0],[1,0],[0,0],[0,0],[1,0],[0,0],[1,1],[0,0],[0,0],[0,0],[0,1],[0,0],[0,0],[-1,0],[0,0],[0,0],[0,0],[0,0],[0,0],[0,0],[-1,0],[0,0],[-1,0],[0,0],[0,0],[-1,0],[0,0],[0,0],[-1,0],[0,0],[0,0],[-1,0],[0,0],[0,0],[0,0],[-1,0],[0,0],[0,0],[0,0],[0,1],[0,0],[-1,0],[0,1],[0,0],[0,0],[0,0],[-1,0],[0,0],[0,-1],[0,0],[0,0],[0,0],[0,0]],[[418,12],[3,0],[1,0],[0,0],[2,0],[2,0],[3,1],[0,0],[0,0],[-1,0],[-3,0],[-7,0],[-4,0],[-1,0],[-1,0],[1,0],[1,0],[3,0],[1,0],[2,0],[3,0],[1,0],[2,0],[3,0],[2,0],[1,0],[1,1],[1,0],[1,0],[0,0],[0,0],[1,0],[2,0],[2,0],[1,0],[0,0],[0,0],[0,1],[-1,0],[-1,0],[-2,0],[-2,0],[-16,1],[0,0],[-1,0],[1,0],[0,0],[2,0],[3,0],[2,0],[5,0],[2,0],[1,1],[1,0],[1,0],[0,0],[0,-1],[0,0],[1,0],[0,0],[0,0],[1,0],[3,0],[1,0],[0,0],[0,0],[0,0],[0,1],[0,0],[0,0],[-1,1],[0,0],[-1,0],[-1,0],[-1,0],[-1,1],[0,0],[0,0],[0,0],[0,0],[0,0],[1,0],[2,0],[0,0],[1,-1],[1,0],[1,0],[0,0],[2,-1],[1,0],[1,0],[1,0],[1,0],[1,0],[0,0],[1,1],[1,0],[0,0],[1,0],[0,0],[1,-1],[1,0],[0,0],[1,0],[0,0],[0,0],[1,-1],[1,0],[0,1],[3,0],[2,0],[2,0],[1,0],[1,0],[1,0],[0,0],[1,0],[0,1],[-1,0],[-1,0],[-1,0],[-2,1],[-1,0],[-1,0],[-1,0],[-1,0],[0,0],[1,0],[0,0],[0,0],[0,0],[-1,0],[-2,1],[0,0],[-2,0],[-1,0],[-1,0],[1,0],[0,0],[1,0],[0,0],[0,1],[-1,0],[-1,0],[0,0],[-1,0],[0,0],[-1,0],[-1,0],[-2,0],[-1,0],[0,0],[-1,0],[0,0],[-1,0],[-1,0],[0,0],[0,1],[0,0],[0,0],[0,0],[0,0],[1,0],[1,0],[0,0],[0,0],[0,0],[0,0],[0,1],[0,0],[0,0],[0,0],[0,0],[0,0],[1,0],[0,0],[0,1],[0,0],[0,0],[0,0],[-1,0],[-1,0],[0,0],[0,0],[0,0],[0,0],[-1,1],[0,0],[0,0],[-1,0],[0,0],[-2,0],[0,0],[1,0],[0,0],[-1,1],[0,0],[0,0],[0,1],[-1,0],[0,0],[0,1],[0,0],[0,0],[1,0],[0,-1],[1,0],[1,0],[0,0],[1,1],[1,0],[1,0],[0,0],[0,0],[0,0],[0,0],[0,0],[-2,0],[0,0],[-1,0],[-1,0],[1,0],[1,1],[1,0],[0,0],[1,0],[0,0],[1,0],[0,0],[1,0],[1,0],[0,0],[0,0],[0,1],[0,0],[0,0],[-1,0],[0,0],[0,0],[-1,0],[0,0],[0,0],[-1,0],[-1,0],[-1,0],[-1,0],[-1,0],[0,0],[-2,1],[0,0],[-1,-1],[-1,0],[0,0],[-1,0],[0,1],[0,0],[1,0],[0,0],[0,0],[1,0],[0,0],[1,0],[0,1],[0,0],[0,0],[1,0],[1,0],[0,0],[1,0],[0,0],[1,0],[0,0],[1,0],[-1,0],[1,1],[1,0],[0,0],[0,0],[0,0],[0,1],[0,0],[0,0],[0,0],[0,0],[0,1],[0,0],[-1,0],[0,0],[0,0],[-1,-1],[0,0],[-1,0],[-1,1],[-1,0],[0,0],[-1,0],[0,0],[-1,0],[-1,0],[1,0],[0,0],[0,0],[1,0],[0,0],[0,0],[1,0],[0,0],[1,0],[0,0],[0,0],[0,0],[0,1],[0,0],[0,0],[-1,0],[0,0],[1,0],[1,0],[0,0],[0,-1],[1,0],[0,0],[1,1],[1,0],[0,0],[0,0],[0,1],[0,0],[0,0],[0,0],[0,0],[0,0],[-1,0],[-1,0],[0,0],[0,0],[-1,1],[-2,0],[-1,-1],[-1,0],[0,0],[1,0],[-1,-1],[0,0],[0,1],[0,0],[-1,0],[0,0],[0,0],[0,0],[0,0],[0,0],[0,0],[0,1],[0,0],[0,0],[0,0],[0,0],[1,0],[2,0],[1,0],[1,0],[0,0],[0,1],[0,0],[0,0],[-2,0],[-1,0],[-1,1],[-1,0],[0,0],[-2,0],[-1,0],[-1,-1],[-1,0],[-1,0],[0,0],[0,0],[0,0],[-1,0],[0,0],[-1,0],[0,-1],[-1,0],[0,0],[0,0],[1,1],[1,0],[0,0],[0,0],[0,0],[-1,0],[-1,1],[0,0],[0,0],[-1,0],[-1,0],[0,0],[-1,0],[-1,0],[-1,-1],[1,1],[1,0],[0,0],[0,0],[0,0],[0,0],[-1,0],[-1,0],[0,0],[0,0],[0,0],[0,0],[0,0],[0,0],[1,0],[0,0],[1,0],[1,0],[0,0],[1,0],[2,0],[0,0],[1,0],[1,-1],[1,1],[1,0],[0,0],[1,0],[0,0],[1,0],[1,0],[1,1],[0,0],[1,0],[0,0],[0,1],[0,0],[-1,0],[0,1],[0,0],[0,0],[-1,0],[-1,-1],[-2,0],[0,0],[-1,0],[-1,-1],[0,0],[0,0],[-1,0],[0,0],[-1,0],[0,0],[-2,0],[0,0],[-1,0],[-1,0],[1,1],[0,0],[0,-1],[1,0],[1,0],[1,0],[0,0],[1,0],[0,0],[0,0],[0,0],[1,1],[-1,0],[0,0],[-1,0],[0,0],[0,0],[1,0],[1,0],[0,0],[0,0],[1,1],[1,0],[1,0],[0,0],[1,0],[0,0],[1,1],[1,0],[0,0],[0,0],[1,0],[0,0],[-1,1],[0,0],[-1,0],[1,0],[0,0],[0,0],[0,0],[0,0],[0,0],[0,0],[1,0],[1,0],[0,0],[0,1],[0,0],[0,0],[0,0],[0,1],[0,0],[0,0],[0,1],[-1,0],[0,0],[-1,0],[0,-1],[0,0],[0,0],[0,0],[0,-1],[-1,1],[0,0],[0,0],[0,0],[0,1],[-1,0],[0,0],[-1,0],[-1,-1],[-1,0],[0,0],[0,-1],[0,0],[-1,0],[0,-1],[-1,0],[0,0],[-1,0],[-1,0],[0,0],[-1,0],[-1,-1],[-1,1],[-1,-1],[0,0],[0,0],[0,1],[1,0],[1,0],[1,0],[0,0],[1,0],[0,0],[0,0],[0,1],[-1,0],[0,0],[-2,0],[0,0],[-1,0],[-1,0],[-1,0],[0,0],[-1,0],[-1,0],[1,0],[0,0],[0,0],[1,1],[-1,0],[0,0],[0,0],[-1,0],[0,0],[-1,1],[0,0],[0,0],[1,0],[0,0],[1,0],[2,0],[2,0],[0,0],[0,0],[0,0],[1,0],[-1,0],[0,0],[-1,0],[0,0],[-1,0],[0,0],[-1,1],[1,0],[0,0],[1,-1],[0,0],[1,0],[1,0],[1,0],[1,0],[0,0],[2,0],[2,0],[1,0],[2,1],[2,-1],[0,1],[0,0],[0,0],[0,0],[-1,0],[0,0],[0,0],[-1,0],[0,0],[0,0],[0,0],[-1,0],[0,1],[-1,0],[0,0],[0,0],[0,0],[0,0],[0,0],[0,0],[0,0],[-1,0],[0,0],[0,0],[0,0],[0,0],[0,0],[-1,0],[-1,1],[0,0],[-1,0],[0,0],[0,0],[0,0],[0,0],[-1,0],[0,1],[0,0],[0,0],[0,0],[-1,0],[0,0],[-1,0],[0,0],[0,0],[-1,0],[0,1],[-1,0],[-1,0],[-1,0],[-1,0],[-1,0],[-1,0],[-1,0],[0,0],[0,1],[-1,-1],[-1,0],[0,0],[0,1],[-1,0],[0,0],[-1,0],[0,0],[0,0],[0,0],[0,0],[-1,0],[0,0],[-1,0],[-1,0],[-1,-1],[0,0],[0,0],[0,0],[0,1],[0,0],[0,0],[0,0],[0,0],[0,0],[0,0],[0,0],[0,0],[0,1],[0,0],[-1,0],[-1,0],[0,0],[0,0],[-1,0],[0,1],[0,0],[0,0],[-1,0],[0,0],[0,0],[0,0],[0,1],[-1,0],[0,1],[0,0],[-1,0],[0,0],[0,0],[0,0],[0,0],[-1,0],[0,1],[-1,0],[0,0],[0,0],[-1,0],[0,0],[-1,0],[0,0],[0,0],[0,0],[0,0],[0,0],[1,0],[-1,0],[0,1],[-1,0],[0,0],[0,0],[0,0],[0,0],[-1,0],[0,0],[0,0],[0,0],[0,0],[0,0],[-1,0],[0,0],[0,0],[0,0],[-1,0],[0,0],[0,1],[0,0],[-1,0],[0,0],[0,0],[-1,0],[0,0],[1,-1],[0,0],[0,0],[0,0],[1,-1],[0,0],[0,0],[-1,0],[0,0],[-1,0],[0,0],[0,0],[1,0],[-1,0],[0,0],[0,1],[0,0],[-1,0],[0,0],[0,0],[1,0],[0,0],[0,1],[-2,0],[-1,0],[-1,0],[-1,0],[-1,0],[0,0],[2,0],[0,1],[0,0],[-1,0],[0,0],[0,0],[-1,0],[-1,0],[-1,0],[0,0],[0,0],[0,1],[0,0],[0,0],[1,0],[0,0],[0,0],[1,1],[0,0],[0,0],[0,0],[-1,0],[0,0],[0,1],[0,0],[-1,0],[0,0],[-1,-1],[-1,0],[1,1],[1,0],[0,0],[0,0],[1,0],[0,0],[0,1],[0,0],[0,0],[0,1],[-1,0],[0,0],[0,0],[0,0],[0,0],[0,0],[-1,0],[0,1],[0,0],[0,0],[-1,0],[0,0],[-1,0],[0,-1],[0,0],[0,1],[0,0],[0,0],[1,0],[0,0],[0,0],[-1,1],[0,0],[0,0],[-1,0],[0,0],[-1,0],[0,0],[0,0],[0,0],[0,0],[1,0],[1,0],[0,0],[0,0],[0,1],[0,0],[0,0],[-1,0],[1,1],[0,0],[0,0],[0,0],[0,0],[-1,0],[0,0],[0,0],[0,1],[0,0],[0,0],[0,0],[-1,1],[0,1],[-1,1],[0,0],[0,0],[0,0],[-1,0],[-1,0],[0,0],[0,0],[0,0],[1,0],[0,0],[1,0],[0,0],[0,0],[0,0],[0,0],[0,1],[0,0],[0,0],[-1,0],[0,0],[-1,0],[0,0],[0,0],[1,1],[0,0],[-1,0],[0,0],[-1,0],[0,0],[1,-1],[-1,0],[0,0],[0,0],[0,0],[0,0],[-1,0],[1,0],[0,0],[0,-1],[0,0],[0,1],[-1,0],[0,0],[0,0],[0,0],[-2,0],[0,-1],[0,0],[0,0],[1,0],[0,0],[0,0],[1,-1],[0,0],[-1,1],[-1,0],[0,0],[0,0],[-1,0],[0,0],[-1,0],[0,0],[0,-1],[0,0],[0,0],[0,-1],[1,0],[0,0],[0,0],[-1,0],[0,0],[0,0],[0,0],[-1,0],[0,1],[-1,0],[0,0],[0,0],[0,0],[-1,0],[0,0],[0,0],[-1,0],[0,0],[0,0],[-1,0],[0,0],[1,0],[-1,0],[0,0],[0,0],[-1,0],[0,0],[0,0],[1,0],[0,-1],[0,0],[-1,0],[0,0],[0,0],[0,0],[0,0],[0,0],[-1,0],[0,0],[0,0],[-1,0],[0,-1],[0,0],[0,0],[0,0],[-1,0],[0,0],[1,0],[-1,-1],[0,0],[0,0],[0,0],[0,0],[0,0],[1,0],[0,0],[0,0],[1,-1],[-1,0],[0,0],[0,0],[-1,1],[0,0],[-1,0],[0,0],[0,-1],[0,0],[1,0],[-1,0],[0,0],[-1,0],[0,0],[0,0],[0,-1],[-1,0],[1,0],[0,0],[0,0],[0,0],[0,-1],[0,0],[1,0],[-1,0],[-1,0],[0,0],[0,0],[0,0],[0,0],[0,0],[-1,0],[0,0],[0,0],[0,-1],[-1,0],[-1,-1],[0,0],[0,-1],[0,0],[1,0],[1,0],[0,0],[1,0],[0,0],[1,0],[-1,0],[0,0],[0,0],[0,0],[0,-1],[0,0],[-1,1],[-1,0],[0,0],[0,0],[-1,0],[0,0],[0,0],[0,0],[0,0],[0,-1],[0,0],[1,0],[0,0],[1,0],[0,0],[0,0],[0,-1],[0,0],[1,0],[0,0],[1,1],[0,0],[0,0],[0,0],[0,0],[0,-1],[0,0],[0,0],[-1,0],[0,0],[-1,0],[0,0],[0,-1],[0,0],[0,0],[0,0],[0,0],[0,0],[0,1],[0,0],[0,0],[0,0],[0,0],[-1,1],[0,-1],[0,0],[0,0],[0,0],[0,1],[-1,0],[0,0],[0,0],[-1,1],[0,0],[0,0],[0,-1],[0,0],[0,0],[0,-1],[0,0],[-1,-1],[0,0],[0,0],[0,0],[-1,0],[0,0],[0,0],[1,0],[0,-1],[1,0],[1,0],[0,0],[1,-1],[0,0],[0,0],[0,0],[0,0],[-1,1],[-1,0],[0,0],[0,0],[-1,0],[-1,0],[0,0],[-1,0],[0,0],[0,0],[-1,-1],[1,0],[-1,0],[0,0],[0,0],[0,0],[0,0],[1,-1],[1,0],[1,0],[0,-1],[1,0],[0,0],[0,0],[0,0],[1,0],[0,0],[1,-1],[0,0],[0,0],[-1,0],[0,1],[-1,0],[-1,1],[-1,0],[0,0],[-1,0],[0,0],[0,0],[-1,0],[0,0],[-1,0],[0,0],[0,0],[0,0],[1,-1],[0,0],[0,0],[0,0],[1,0],[0,0],[0,0],[1,-1],[1,0],[0,0],[0,0],[0,0],[-1,0],[-1,0],[0,0],[-1,0],[0,0],[0,0],[-1,0],[0,0],[0,-1],[0,0],[1,0],[0,0],[1,-1],[0,0],[1,0],[0,0],[1,0],[1,0],[1,0],[0,0],[1,0],[1,1],[1,0],[0,0],[-2,-1],[0,0],[1,0],[0,0],[0,0],[-1,0],[-1,0],[0,0],[-1,0],[0,0],[-1,0],[-1,0],[0,0],[-1,0],[0,0],[-1,0],[-1,1],[0,0],[0,-1],[0,0],[0,0],[1,0],[0,-1],[1,0],[0,0],[0,0],[0,0],[2,0],[1,0],[0,0],[1,0],[0,0],[0,0],[0,0],[0,0],[1,0],[0,0],[0,-1],[0,0],[0,0],[0,0],[-1,0],[0,0],[0,0],[0,1],[-1,0],[-1,0],[0,0],[-1,0],[0,0],[0,-1],[-1,0],[-1,0],[0,0],[0,0],[1,0],[0,0],[0,-1],[1,0],[1,0],[1,1],[1,0],[0,0],[1,0],[0,0],[1,-1],[0,0],[0,0],[0,0],[-1,0],[0,0],[0,0],[0,-1],[0,0],[1,0],[1,0],[1,0],[0,0],[-1,0],[0,0],[-1,0],[0,0],[-1,0],[0,0],[1,-1],[0,0],[0,0],[0,0],[0,0],[1,-1],[0,0],[0,0],[0,0],[0,0],[0,0],[1,0],[-1,0],[0,0],[0,0],[-1,0],[0,0],[-1,0],[0,0],[-1,0],[0,0],[0,0],[-2,0],[0,0],[-1,-1],[0,0],[-1,0],[-1,0],[-1,0],[-1,0],[0,0],[-1,-1],[0,0],[0,0],[0,0],[0,0],[1,0],[1,0],[0,0],[1,0],[0,0],[1,0],[1,0],[0,0],[1,0],[1,0],[1,1],[0,0],[2,0],[0,0],[0,0],[1,0],[-1,0],[0,0],[-1,-1],[0,0],[0,0],[0,0],[0,0],[0,0],[0,-1],[-1,0],[0,0],[-1,0],[1,0],[0,0],[1,0],[0,0],[1,0],[0,0],[-1,0],[0,0],[-2,0],[0,0],[-1,0],[0,0],[-1,0],[0,0],[-1,0],[0,0],[0,-1],[0,0],[0,0],[0,0],[0,0],[1,0],[2,-1],[0,0],[0,0],[0,0],[0,0],[-1,0],[-1,0],[0,0],[-1,0],[0,1],[-1,0],[0,0],[0,-1],[0,0],[0,0],[0,0],[1,0],[0,0],[-1,0],[0,0],[0,0],[0,0],[0,-1],[0,0],[-1,0],[0,0],[0,0],[0,-1],[0,0],[0,0],[0,0],[0,0],[0,1],[0,0],[0,0],[0,0],[0,0],[0,0],[1,0],[0,1],[0,0],[0,0],[-1,0],[0,0],[0,0],[0,0],[0,0],[-1,0],[1,0],[0,1],[0,0],[-1,0],[0,0],[0,0],[-1,0],[-1,0],[0,0],[-1,0],[-1,0],[0,0],[0,-1],[0,0],[0,0],[0,0],[0,-1],[1,0],[1,0],[0,-1],[0,0],[0,0],[0,0],[-1,1],[-1,0],[0,0],[0,0],[0,-1],[1,1],[0,-1],[-1,0],[0,0],[0,0],[0,0],[1,0],[1,0],[0,0],[0,0],[0,-1],[0,0],[0,0],[0,0],[0,0],[0,0],[0,0],[-1,0],[0,0],[0,0],[0,0],[0,0],[-1,0],[0,0],[0,0],[0,0],[0,-1],[0,0],[0,0],[0,0],[1,0],[0,0],[0,0],[0,0],[-1,-1],[0,1],[0,0],[0,-1],[0,0],[-1,0],[0,0],[0,0],[0,0],[0,0],[0,0],[0,0],[0,0],[0,0],[0,-1],[0,0],[0,0],[0,0],[0,0],[0,0],[0,0],[-1,0],[0,-1],[0,0],[0,0],[-1,0],[-1,1],[0,0],[0,0],[0,-1],[0,0],[1,0],[0,0],[0,0],[0,0],[0,0],[0,0],[1,0],[0,0],[0,-1],[0,0],[-1,0],[0,0],[-1,0],[0,0],[0,0],[0,-1],[-1,0],[-1,0],[0,0],[-1,0],[0,-1],[0,0],[-1,0],[0,0],[1,0],[0,0],[-1,-1],[0,0],[0,0],[-1,0],[0,0],[-1,0],[0,0],[-1,0],[-1,-1],[-2,0],[-1,0],[-1,0],[0,0],[-2,0],[-1,0],[0,0],[-1,0],[0,0],[-1,-1],[0,1],[-1,0],[-1,0],[0,0],[0,0],[-1,0],[0,0],[0,0],[0,0],[-1,0],[0,0],[-1,0],[-1,0],[0,0],[0,0],[0,0],[-1,0],[0,0],[0,0],[0,0],[-1,0],[0,0],[-1,0],[0,0],[0,0],[-1,0],[0,0],[0,0],[0,0],[0,0],[1,0],[-1,1],[-3,-1],[-1,0],[0,0],[-1,0],[-1,0],[-1,0],[0,-1],[0,0],[0,0],[2,0],[0,0],[1,0],[1,0],[0,0],[0,0],[-2,0],[-1,0],[-1,-1],[-1,0],[0,0],[0,0],[0,0],[0,0],[0,0],[1,0],[-2,0],[-1,0],[0,0],[0,0],[-1,0],[1,0],[0,0],[0,0],[-1,0],[0,0],[0,-1],[0,0],[0,0],[0,0],[1,0],[3,0],[1,0],[1,0],[1,0],[1,0],[2,0],[1,0],[1,0],[1,0],[0,0],[-1,0],[0,0],[1,-1],[0,0],[0,0],[-1,0],[0,0],[-1,0],[0,0],[-1,0],[-1,0],[0,0],[-1,0],[0,0],[-1,0],[0,0],[-1,0],[0,0],[0,0],[-1,0],[0,0],[0,0],[-1,0],[-1,0],[-1,0],[0,0],[0,0],[-1,0],[0,0],[1,0],[0,-1],[0,0],[0,0],[-1,1],[0,0],[-1,0],[-1,-1],[0,0],[0,0],[-1,0],[-1,0],[0,0],[0,0],[-1,0],[-1,0],[0,-1],[1,0],[0,0],[-1,0],[0,0],[0,0],[1,0],[0,0],[1,-1],[1,0],[1,0],[0,0],[1,0],[1,0],[0,0],[1,0],[1,0],[2,0],[1,0],[0,0],[-1,-1],[0,0],[1,0],[1,0],[1,0],[0,0],[1,0],[1,0],[0,0],[2,0],[1,0],[0,0],[1,0],[0,0],[1,-1],[0,0],[1,0],[0,0],[0,-1],[1,0],[0,0],[0,-1],[0,0],[1,0],[1,0],[0,0],[-1,0],[0,0],[0,0],[-1,0],[-1,0],[0,0],[-1,0],[0,0],[-1,0],[0,0],[-1,0],[-1,0],[-1,0],[0,0],[0,0],[-1,0],[0,0],[0,0],[1,-1],[0,0],[1,0],[1,0],[0,0],[1,0],[0,0],[1,0],[0,-1],[1,0],[1,0],[1,0],[1,0],[1,0],[0,0],[1,0],[1,0],[0,0],[0,0],[-1,0],[0,-1],[1,0],[0,0],[1,0],[1,0],[0,0],[1,0],[1,0],[0,0],[0,0],[0,0],[1,0],[0,0],[0,-1],[0,0],[0,0],[0,0],[0,0],[1,-1],[1,0],[1,0],[0,0],[1,0],[1,0],[1,1],[1,0],[1,0],[1,0],[1,0],[1,1],[1,0],[0,0],[0,0],[0,0],[0,0],[-1,-1],[-2,0],[-1,0],[-1,-1],[-1,0],[-1,0],[0,0],[2,0],[2,0],[3,-1],[1,0],[2,0],[0,0],[1,0],[1,0],[1,0],[1,0],[0,0],[1,0],[0,1],[1,0],[0,1],[0,0],[0,0],[0,0],[0,0],[1,0],[0,-1],[0,0],[0,0],[0,0],[0,-1],[0,0],[1,0],[3,1],[1,0],[1,0],[1,0],[2,0],[0,0],[1,0],[-1,0],[-2,0],[-1,-1],[0,0],[0,0],[0,0],[2,0],[3,0],[5,1],[2,0],[3,1],[1,0],[1,0],[0,0],[0,-1],[0,0],[0,0],[0,0],[0,0],[0,-1],[1,0],[0,0],[0,0],[-1,0],[-3,-1],[0,0],[1,0],[1,0],[6,0],[2,0],[0,0],[0,0],[1,0],[1,0],[0,0],[0,0],[-8,0],[-1,0],[-1,0],[-1,0],[-1,0],[-1,0],[-1,-1],[1,0],[1,0],[1,0],[1,0],[1,0],[1,0],[3,0],[0,0],[1,0],[1,0],[1,0],[1,0],[0,0],[1,0],[0,0],[1,0],[1,0],[1,-1],[1,0],[1,1],[1,0],[1,0],[1,0],[1,0],[0,0],[0,0],[0,0],[0,0],[0,0],[-1,0],[-1,0],[0,-1],[0,0],[0,0],[1,0],[1,0],[0,0],[0,0],[1,0],[0,0],[1,0],[1,0],[0,0],[1,0],[0,0],[0,0],[0,0],[3,0],[1,0],[0,0],[1,0],[1,0],[1,0],[1,0],[1,0],[1,0],[6,0],[2,0]],[[356,49],[1,0],[1,0],[0,0],[0,1],[0,0],[0,0],[0,0],[0,0],[0,0],[0,0],[0,0],[0,0],[-2,1],[-1,0],[-1,0],[-1,0],[0,0],[0,0],[-1,0],[0,0],[0,-1],[0,0],[0,0],[1,0],[0,0],[0,0],[0,0],[0,0],[0,0],[-1,0],[0,0],[-1,0],[-1,0],[0,0],[0,0],[0,0],[0,-1],[0,0],[1,0],[0,0],[1,0],[-1,0],[-1,0],[0,0],[0,-1],[0,0],[0,0],[0,0],[0,0],[1,0],[1,0],[2,0],[0,0],[1,0],[1,1]],[[361,50],[-1,0],[0,0],[0,0],[0,0],[0,0],[0,-1],[0,0],[0,0],[0,0],[1,0],[0,0],[0,0],[0,0],[0,0],[0,1],[0,0],[0,0],[0,0]],[[354,46],[-1,0],[0,0],[0,0],[0,0],[0,0],[0,0],[0,-1],[1,0],[0,0],[0,1],[0,0],[0,0],[0,0],[0,0],[0,0]],[[350,41],[-1,0],[0,0],[-1,1],[0,0],[0,0],[0,0],[0,0],[-1,0],[0,0],[0,0],[0,0],[0,0],[0,0],[-1,-1],[1,0],[0,0],[1,0],[0,0],[0,0],[0,0],[1,0],[0,0],[1,0],[0,0]],[[304,29],[-1,0],[-1,0],[0,0],[0,0],[0,-1],[1,0],[0,0],[0,0],[1,1],[0,0],[1,0],[0,0],[-1,0]],[[377,16],[0,0],[-1,0],[-2,-1],[-2,0],[-1,0],[0,-1],[0,0],[1,0],[1,0],[3,0],[1,1],[1,0],[0,0],[-1,1]],[[430,46],[1,0],[0,1],[0,0],[0,0],[-1,0],[1,0],[0,0],[0,0],[0,0],[-2,0],[0,0],[0,0],[-1,1],[0,0],[0,-1],[-1,0],[-1,0],[-2,1],[0,0],[-1,0],[0,0],[0,-1],[1,0],[0,0],[0,0],[0,0],[0,0],[0,-1],[1,0],[0,0],[1,0],[0,0],[1,0],[1,0],[1,0],[1,0],[0,0],[0,0],[0,0],[0,0]],[[449,16],[0,1],[-1,0],[-1,-1],[-1,0],[0,0],[1,0],[0,0],[1,0],[1,0],[0,0]],[[452,22],[-1,0],[-2,0],[-1,0],[0,0],[0,0],[1,-1],[2,0],[1,0],[0,1],[0,0]],[[448,27],[0,0],[-1,0],[0,-1],[0,0],[1,0],[0,0],[0,0],[0,0],[0,0],[0,1],[0,0]],[[449,32],[0,0],[-1,-1],[0,0],[0,0],[0,0],[1,0],[0,0],[0,1]],[[451,34],[0,0],[0,1],[0,0],[1,0],[0,0],[0,0],[-2,0],[-1,0],[-1,0],[0,0],[0,-1],[1,0],[1,0],[0,0],[1,0]],[[451,28],[-1,0],[0,0],[0,0],[1,-1],[0,0],[1,0],[0,1],[0,0],[-1,0]],[[374,74],[-1,0],[0,0],[0,0],[-1,0],[0,0],[0,0],[1,0],[1,0],[0,0],[0,0],[0,0]],[[276,177],[1,0],[1,0],[0,0],[0,0],[0,0],[0,0],[1,0],[1,0],[0,0],[0,0],[0,0],[0,0],[1,0],[0,0],[0,0],[0,1],[1,0],[0,0],[0,0],[0,0],[1,0],[0,1],[0,0],[0,0],[1,0],[0,0],[1,0],[0,0],[0,0],[0,0],[1,1],[1,0],[0,0],[1,1],[0,0],[0,0],[0,0],[0,-1],[0,0],[0,0],[1,1],[0,0],[0,0],[0,0],[0,0],[0,0],[0,0],[0,0],[0,0],[0,0],[0,0],[0,0],[1,1],[0,0],[0,0],[0,0],[0,0],[0,0],[0,0],[0,0],[1,0],[0,0],[1,0],[0,0],[1,0],[0,0],[0,1],[0,0],[0,0],[0,0],[0,0],[0,0],[0,0],[0,0],[0,1],[0,-1],[1,1],[0,0],[0,0],[1,0],[0,0],[1,0],[0,0],[0,0],[1,1],[0,0],[0,0],[0,0],[0,0],[0,0],[0,0],[0,0],[0,0],[0,0],[-1,0],[-1,0],[0,1],[0,0],[0,0],[0,0],[0,0],[0,-1],[0,1],[-1,0],[0,0],[-1,0],[0,0],[0,0],[-1,0],[0,0],[-1,0],[-1,0],[0,0],[0,0],[-1,0],[-1,0],[0,0],[0,-1],[1,0],[0,0],[0,-1],[0,0],[0,0],[0,0],[0,0],[0,0],[0,0],[-1,0],[0,0],[-1,0],[0,0],[-1,-1],[0,0],[0,0],[0,0],[-1,0],[0,-1],[0,0],[0,-1],[0,0],[0,0],[-1,0],[-1,0],[0,0],[-1,0],[-1,0],[0,-1],[-1,0],[0,0],[0,0],[0,0],[0,0],[-1,0],[0,0],[-1,0],[0,0],[0,-1],[0,0],[0,0],[0,1],[0,0],[0,0],[-1,0],[-1,-1],[0,0],[0,0],[0,0],[0,0],[1,0],[0,0],[0,0],[0,-1],[0,0],[-1,0],[0,0],[0,0],[-2,0],[0,0],[0,0],[-1,1],[0,0],[0,0],[0,0],[-1,0],[0,0],[0,1],[0,-1],[-1,0],[0,1],[0,0],[0,0],[0,0],[0,0],[-1,0],[0,0],[0,0],[0,0],[-1,1],[0,0],[0,-1],[0,0],[0,0],[0,0],[0,0],[-1,0],[0,1],[0,-1],[0,0],[1,0],[0,0],[0,0],[0,0],[1,0],[-1,-1],[0,0],[1,0],[0,-1],[0,0],[2,-1],[1,0],[1,0],[0,0],[1,0],[1,0],[0,0]],[[274,181],[0,0],[0,1],[-1,0],[0,-1],[0,0],[0,0],[0,0],[0,0],[0,0],[0,0],[0,0],[0,0],[0,-1],[0,0],[1,0],[0,0],[0,1],[0,0],[0,0],[0,0]],[[274,214],[0,0],[0,0],[0,0],[0,0],[0,0],[0,0],[0,0],[0,0],[-1,0],[0,0],[0,0],[0,1],[0,0],[0,0],[1,1],[0,0],[0,0],[0,0],[0,0],[-1,0],[0,0],[1,1],[0,0],[0,0],[0,0],[-1,0],[0,0],[0,0],[0,1],[0,0],[0,0],[0,0],[0,0],[0,0],[0,-1],[0,0],[0,0],[-1,-1],[0,0],[0,0],[0,1],[0,0],[0,0],[0,0],[0,0],[0,0],[0,0],[-1,0],[0,0],[0,-1],[0,0],[0,0],[0,-1],[0,0],[0,0],[-1,0],[0,-1],[-1,0],[0,0],[0,0],[0,0],[0,-1],[-1,0],[0,0],[-1,-1],[0,0],[0,0],[0,1],[0,0],[1,0],[0,0],[0,0],[0,1],[0,0],[-1,0],[0,0],[0,0],[0,-1],[-1,0],[0,0],[-1,-1],[0,0],[0,0],[1,-1],[0,0],[0,0],[0,0],[0,0],[-1,0],[0,-1],[0,0],[1,0],[0,0],[0,0],[0,0],[0,0],[0,0],[0,0],[0,0],[0,0],[0,0],[1,0],[0,0],[1,0],[0,0],[0,0],[1,0],[0,0],[0,0],[0,0],[1,0],[0,1],[0,0],[0,0],[0,0],[1,0],[0,0],[0,0],[0,0],[0,-1],[0,0],[1,1],[0,0],[0,1],[0,0],[1,1],[0,0],[0,0],[1,1],[0,0],[0,0],[0,0]],[[137,92],[1,0],[0,0],[0,0],[0,0],[1,0],[0,1],[0,0],[0,0],[0,0],[-1,0],[0,0],[0,0],[0,1],[0,0],[1,-1],[0,0],[0,0],[0,0],[0,0],[0,0],[0,-1],[0,0],[1,0],[0,0],[0,0],[0,1],[0,0],[0,0],[0,0],[-1,1],[0,0],[0,0],[0,1],[-1,0],[0,0],[-1,0],[0,-1],[0,0],[0,0],[1,0],[0,0],[0,0],[0,0],[-1,0],[0,0],[0,0],[0,0],[0,0],[-1,-1],[0,0],[0,0],[0,0],[0,-1],[0,0],[0,0],[1,0],[0,0]],[[140,95],[0,0],[0,0],[0,1],[0,0],[0,0],[-1,0],[0,0],[0,0],[1,0],[0,0],[0,0],[1,0],[-1,0],[0,0],[1,1],[0,0],[0,0],[0,0],[0,0],[0,0],[0,0],[0,0],[0,0],[1,0],[0,0],[-1,1],[0,-1],[0,0],[-1,0],[0,0],[0,0],[-1,-1],[0,0],[0,0],[-1,0],[0,-1],[1,0],[0,0],[0,0],[-1,0],[0,0],[0,0],[0,0],[0,0],[1,0],[0,0],[0,0],[0,0],[1,0],[0,0]],[[152,102],[2,0],[1,0],[1,0],[1,1],[0,0],[0,0],[0,0],[0,0],[1,0],[0,1],[1,0],[0,0],[0,0],[0,0],[0,1],[0,0],[1,0],[1,0],[0,1],[0,0],[0,0],[1,0],[0,0],[0,1],[0,0],[1,0],[0,0],[0,0],[0,0],[0,0],[0,0],[0,1],[0,0],[0,0],[0,0],[-1,0],[0,0],[0,0],[0,0],[-1,0],[0,0],[-1,0],[-1,-1],[0,0],[-1,0],[0,0],[0,0],[0,0],[1,-1],[0,0],[0,0],[0,0],[0,0],[0,0],[0,0],[0,0],[0,0],[0,0],[-1,0],[-1,0],[0,0],[0,0],[0,0],[0,0],[-1,0],[0,0],[0,0],[1,0],[0,0],[-1,0],[0,0],[0,0],[0,-1],[0,1],[0,0],[0,-1],[0,0],[0,0],[0,0],[-1,0],[0,0],[0,0],[0,0],[0,0],[0,0],[0,0],[0,0],[-1,0],[0,0],[0,0],[0,0],[0,0],[0,0],[0,0],[0,0],[0,0],[1,-1],[0,0],[0,0],[-1,0],[0,0],[0,0],[0,0],[0,0],[0,0],[0,0],[-1,0],[0,0],[0,0],[0,0],[0,0],[0,0],[0,0],[-1,0],[0,0],[0,0],[0,-1],[0,0],[0,0],[0,0],[0,0],[0,0],[0,0],[0,0],[0,0],[0,0],[0,0],[0,0],[-1,0],[0,0],[0,0],[0,0],[-1,0],[1,0],[0,0],[0,0],[-1,0],[0,0],[0,-1],[0,0],[1,0],[0,0],[0,0],[1,0],[0,0],[-1,0],[0,0],[1,0],[-1,0],[0,0],[0,0],[0,0],[0,0],[-1,0],[0,0],[0,0],[-1,0],[0,0],[0,-1],[0,0],[0,0],[1,0],[0,0],[1,0],[1,1]],[[145,87],[0,0],[0,0],[0,0],[-1,0],[0,0],[0,0],[-1,-1],[0,0],[0,0],[-1,0],[0,0],[-1,0],[0,0],[0,0],[-1,-1],[0,0],[0,0],[0,0],[0,0],[0,0],[-1,0],[0,0],[0,-1],[0,0],[0,0],[-1,0],[0,0],[1,0],[-1,0],[0,-1],[0,0],[-1,0],[0,-1],[0,0],[-1,0],[0,-1],[0,0],[-1,0],[0,0],[0,-1],[0,0],[-1,0],[0,0],[0,-1],[-1,0],[0,0],[0,0],[0,0],[0,0],[0,0],[0,0],[-1,-1],[0,0],[0,0],[-1,0],[0,0],[0,0],[0,0],[0,-1],[0,0],[-1,0],[0,0],[0,0],[-1,0],[-1,0],[0,0],[-1,0],[1,0],[0,1],[-1,0],[0,0],[0,0],[0,0],[-1,0],[0,1],[-1,0],[0,0],[-1,0],[0,0],[0,0],[0,0],[0,-1],[0,0],[-1,0],[0,0],[-1,-1],[0,0],[0,0],[-1,0],[0,-1],[-1,0],[0,0],[0,0],[0,0],[0,-1],[0,0],[-1,0],[0,0],[-1,0],[0,0],[-1,1],[0,0],[-1,-1],[0,1],[-1,-1],[0,0],[0,0],[0,-1],[0,-1],[0,-1],[0,-1],[0,0],[0,-1],[0,-1],[0,-1],[0,-1],[0,0],[0,-1],[0,-1],[0,-1],[0,-1],[0,0],[0,-1],[0,-1],[0,-1],[0,-1],[0,0],[0,-1],[0,-1],[0,-1],[0,-1],[0,0],[0,-1],[0,-1],[0,-1],[0,-1],[0,0],[0,-1],[0,0],[1,0],[1,0],[3,0],[1,1],[1,0],[0,0],[1,0],[2,1],[0,0],[1,0],[1,0],[1,0],[1,0],[1,0],[0,0],[0,0],[0,0],[0,0],[-1,0],[0,0],[0,0],[-1,0],[0,0],[1,0],[0,0],[0,0],[0,-1],[0,0],[0,0],[0,0],[0,0],[0,0],[0,0],[1,0],[0,0],[0,0],[0,-1],[0,0],[1,0],[0,0],[1,0],[0,0],[0,0],[0,0],[0,0],[0,0],[1,0],[0,0],[0,0],[0,0],[1,0],[0,0],[0,0],[0,0],[0,1],[-1,0],[0,0],[1,0],[1,0],[0,-1],[1,0],[0,0],[0,0],[0,0],[1,0],[0,0],[1,0],[0,0],[0,0],[0,0],[0,0],[0,0],[0,0],[0,0],[0,0],[0,0],[1,0],[0,0],[0,0],[1,-1],[1,0],[0,0],[0,0],[1,0],[0,0],[0,0],[0,0],[1,-1],[0,0],[1,0],[0,1],[0,0],[1,0],[0,0],[0,0],[0,-1],[1,0],[0,0],[0,1],[0,0],[0,0],[-3,0],[0,1],[-1,0],[0,0],[-1,0],[0,0],[0,0],[-1,0],[-1,0],[0,0],[0,0],[0,1],[-1,0],[0,0],[-1,0],[0,0],[0,0],[-1,0],[0,1],[-1,0],[0,0],[0,0],[1,0],[0,0],[0,0],[0,0],[0,0],[0,0],[0,0],[1,0],[1,0],[0,0],[0,0],[-1,0],[0,0],[0,0],[0,0],[0,-1],[0,0],[1,0],[0,0],[1,0],[0,0],[0,0],[1,0],[0,0],[0,0],[0,-1],[0,0],[0,0],[0,0],[1,0],[0,0],[0,1],[0,0],[0,-1],[0,0],[1,0],[0,0],[0,0],[0,1],[0,0],[0,0],[0,0],[0,0],[1,-1],[0,0],[1,0],[0,0],[2,-1],[1,0],[0,0],[0,0],[0,0],[1,0],[0,0],[0,0],[0,0],[-1,0],[0,0],[0,1],[0,0],[0,0],[0,0],[1,0],[0,-1],[1,0],[0,0],[0,0],[1,-1],[1,0],[0,0],[-1,0],[0,0],[0,0],[0,0],[0,0],[0,0],[0,0],[0,-1],[0,0],[0,0],[1,0],[0,0],[1,1],[0,0],[0,0],[1,1],[0,0],[1,0],[0,0],[0,1],[1,0],[0,0],[1,0],[0,1],[1,0],[0,0],[1,-1],[0,0],[0,0],[-1,0],[0,0],[1,0],[0,-1],[0,0],[0,0],[0,0],[0,0],[0,0],[1,0],[0,0],[0,0],[0,0],[0,0],[-1,0],[0,0],[0,0],[1,0],[0,0],[0,-1],[1,0],[0,0],[0,1],[0,0],[0,0],[0,0],[0,0],[0,1],[1,0],[0,0],[-1,0],[0,0],[0,0],[0,0],[0,1],[0,0],[1,0],[0,0],[1,0],[0,0],[1,-1],[0,0],[0,0],[0,0],[0,0],[1,0],[0,-1],[0,0],[0,0],[0,0],[1,0],[0,0],[1,0],[1,0],[1,0],[0,1],[1,0],[1,0],[1,0],[1,1],[0,0],[3,0],[0,0],[1,0],[1,0],[0,0],[1,1],[1,0],[1,0],[0,0],[0,0],[1,0],[1,0],[0,0],[0,0],[1,0],[0,0],[-1,0],[0,0],[0,0],[1,0],[0,0],[0,0],[1,0],[0,0],[1,0],[1,0],[1,0],[0,0],[1,1],[0,0],[0,0],[0,0],[0,0],[0,0],[0,0],[0,1],[0,0],[0,0],[-2,0],[0,0],[-1,0],[0,0],[0,0],[0,0],[0,0],[0,1],[-1,0],[1,0],[0,0],[1,0],[0,0],[1,0],[0,0],[1,0],[0,0],[0,0],[1,0],[0,0],[2,0],[0,0],[0,0],[1,0],[1,0],[0,0],[0,0],[1,0],[1,0],[0,0],[0,0],[1,0],[0,0],[0,0],[0,0],[1,0],[0,0],[1,-1],[1,0],[0,0],[0,0],[0,0],[1,1],[0,0],[0,0],[0,0],[0,0],[0,0],[1,0],[1,0],[0,0],[0,0],[0,1],[0,0],[0,0],[0,0],[1,0],[0,-1],[0,0],[0,0],[0,0],[0,1],[1,0],[1,0],[0,0],[0,1],[0,0],[0,0],[0,0],[-1,0],[0,0],[0,0],[-1,0],[1,0],[0,0],[0,0],[1,0],[0,0],[0,1],[0,0],[0,0],[1,0],[0,0],[1,1],[0,0],[0,0],[0,0],[-1,-1],[0,0],[0,0],[0,0],[-1,-1],[1,0],[0,0],[0,0],[0,0],[0,0],[0,0],[1,0],[0,0],[0,0],[0,0],[0,0],[0,0],[0,0],[0,0],[-1,-1],[0,0],[0,0],[0,0],[0,0],[0,0],[-1,-1],[0,0],[0,0],[0,0],[0,0],[0,0],[0,0],[1,-1],[-1,0],[0,0],[0,0],[1,0],[0,0],[1,0],[0,0],[0,0],[1,0],[0,0],[0,0],[0,0],[0,0],[0,0],[1,0],[0,0],[0,0],[0,0],[0,-1],[1,0],[0,0],[0,0],[0,0],[1,0],[0,0],[0,0],[0,0],[-1,0],[0,0],[0,0],[-1,0],[0,0],[0,0],[0,0],[-1,0],[0,0],[0,0],[-1,0],[0,0],[0,0],[-1,0],[0,0],[0,1],[0,0],[0,0],[0,0],[-1,0],[0,0],[-1,0],[0,0],[0,0],[-1,0],[0,-1],[0,0],[1,0],[0,0],[1,0],[1,-1],[2,0],[0,0],[1,0],[1,0],[0,0],[1,0],[0,0],[0,0],[1,0],[0,1],[0,0],[0,0],[0,0],[1,0],[0,1],[0,-1],[0,0],[0,0],[0,1],[0,0],[1,0],[0,0],[0,0],[0,0],[0,0],[0,0],[1,0],[0,0],[1,0],[1,0],[0,0],[1,0],[0,0],[1,1],[0,0],[1,0],[0,0],[1,0],[0,0],[1,0],[0,0],[0,0],[2,0],[0,0],[0,0],[1,0],[0,0],[0,0],[0,0],[1,0],[1,0],[1,0],[1,0],[0,0],[0,0],[1,0],[0,0],[0,0],[1,0],[0,0],[0,0],[0,0],[-1,0],[0,-1],[0,0],[0,0],[0,0],[0,0],[1,0],[0,0],[1,1],[0,0],[0,0],[1,0],[1,0],[0,0],[0,0],[0,0],[0,0],[0,0],[0,0],[0,0],[0,0],[-1,-1],[0,0],[-1,0],[0,1],[0,0],[-1,-1],[0,0],[0,0],[0,0],[0,0],[0,0],[0,0],[-1,-1],[0,0],[1,0],[0,0],[0,0],[1,0],[0,0],[1,0],[-1,0],[0,0],[0,0],[1,0],[0,0],[0,0],[1,0],[0,0],[0,0],[0,0],[0,0],[1,0],[0,1],[0,0],[1,0],[0,-1],[0,1],[0,0],[0,0],[0,0],[0,0],[0,0],[0,0],[0,0],[0,0],[1,0],[1,0],[0,0],[-1,1],[0,0],[0,0],[0,1],[0,0],[0,0],[0,0],[0,0],[0,0],[1,0],[0,0],[0,0],[0,0],[0,1],[0,0],[1,-1],[0,0],[0,0],[0,1],[0,0],[0,0],[0,0],[0,0],[0,0],[0,0],[0,0],[-1,0],[0,0],[0,0],[0,0],[-1,0],[0,0],[0,0],[-1,0],[0,0],[0,0],[1,0],[1,1],[0,0],[0,0],[0,0],[0,0],[0,0],[0,-1],[-1,0],[1,0],[0,0],[1,0],[0,0],[0,0],[0,0],[0,0],[1,-1],[0,0],[-1,0],[0,-1],[0,0],[0,0],[0,-1],[0,0],[0,0],[1,0],[0,0],[0,0],[1,0],[0,0],[1,0],[0,0],[0,-1],[1,0],[0,0],[1,0],[0,0],[1,0],[-1,0],[0,0],[0,-1],[0,0],[0,0],[0,0],[0,0],[0,0],[0,0],[-1,0],[0,0],[0,0],[0,0],[0,0],[0,0],[-1,0],[0,0],[-1,0],[0,0],[1,0],[0,0],[0,-1],[1,0],[0,0],[-1,0],[0,0],[0,0],[0,0],[0,0],[1,0],[0,0],[1,-1],[0,0],[0,1],[0,0],[0,0],[0,0],[1,0],[0,0],[-1,0],[0,-1],[0,0],[0,0],[0,0],[0,0],[-1,0],[0,0],[0,0],[-1,0],[0,0],[0,0],[0,0],[-1,0],[0,0],[0,0],[0,0],[0,0],[-1,0],[-1,0],[0,0],[-1,-1],[0,0],[0,0],[-1,0],[0,0],[0,0],[0,0],[-1,-1],[0,0],[0,0],[0,0],[1,0],[0,-1],[0,0],[0,0],[0,0],[1,0],[0,0],[0,0],[0,0],[0,0],[-1,0],[0,0],[0,0],[-1,0],[0,-1],[0,0],[0,0],[0,0],[0,0],[0,0],[0,0],[0,-1],[0,0],[1,0],[0,0],[0,0],[1,0],[0,0],[0,0],[0,0],[1,0],[0,0],[0,0],[0,0],[0,0],[-1,0],[0,0],[0,0],[0,0],[0,-1],[1,0],[0,0],[1,0],[1,-1],[0,0],[0,0],[1,0],[0,1],[0,0],[0,0],[1,0],[0,0],[1,0],[0,0],[0,0],[0,0],[0,0],[0,1],[1,0],[0,0],[1,0],[0,0],[0,0],[0,1],[0,0],[0,0],[0,0],[0,1],[0,0],[0,0],[1,0],[0,0],[0,0],[1,0],[0,0],[0,0],[0,1],[0,0],[0,0],[0,0],[1,0],[0,0],[0,0],[0,0],[0,0],[0,0],[0,0],[1,0],[0,0],[0,0],[-1,0],[0,0],[-1,0],[0,0],[0,0],[0,0],[0,0],[-1,0],[0,1],[0,0],[1,0],[0,0],[1,0],[-1,0],[0,0],[-2,1],[0,0],[0,0],[0,0],[1,0],[0,0],[1,0],[0,0],[0,0],[0,0],[1,0],[0,0],[1,0],[0,0],[1,0],[0,0],[0,0],[-1,0],[0,0],[0,0],[0,0],[1,0],[1,0],[0,0],[0,0],[1,0],[0,0],[0,0],[-1,0],[0,0],[0,0],[0,1],[0,0],[0,0],[-1,0],[0,0],[0,0],[0,0],[0,0],[0,0],[0,0],[1,0],[0,1],[1,0],[0,0],[0,0],[0,0],[0,0],[0,1],[-1,0],[1,0],[0,0],[0,0],[0,0],[0,1],[0,0],[0,0],[1,0],[0,-1],[0,0],[0,0],[0,0],[0,0],[0,0],[0,0],[1,-1],[0,0],[0,0],[0,0],[0,-1],[1,0],[0,0],[0,0],[1,0],[0,0],[0,0],[1,0],[1,1],[0,0],[0,0],[1,0],[0,1],[0,0],[0,0],[0,0],[0,0],[0,0],[0,1],[0,0],[-1,0],[0,0],[0,0],[0,-1],[0,0],[0,1],[-1,0],[1,0],[0,0],[0,0],[0,1],[0,0],[2,1],[0,0],[0,0],[0,1],[0,0],[0,0],[0,0],[1,-1],[0,0],[1,0],[0,0],[0,0],[0,0],[0,0],[0,0],[1,-1],[0,0],[0,0],[0,0],[1,-1],[0,0],[1,-1],[0,0],[0,0],[0,0],[0,0],[0,-1],[0,0],[0,0],[0,0],[0,0],[1,0],[0,0],[0,0],[1,0],[0,0],[-1,0],[0,0],[0,0],[1,0],[0,0],[0,0],[0,0],[0,-1],[0,0],[-1,0],[0,0],[0,0],[0,0],[-1,0],[0,0],[1,-1],[0,0],[0,0],[-1,0],[0,0],[1,0],[-1,0],[0,0],[0,0],[0,0],[0,-1],[0,0],[0,0],[0,0],[1,0],[0,0],[0,0],[1,0],[0,0],[1,0],[1,0],[0,0],[1,1],[0,0],[1,0],[1,0],[1,0],[0,0],[1,0],[0,0],[0,0],[-1,0],[0,0],[0,0],[1,0],[0,1],[0,0],[0,0],[0,0],[0,0],[1,0],[1,0],[0,0],[1,0],[0,0],[0,0],[-1,1],[0,0],[-1,0],[0,0],[1,0],[0,0],[1,0],[0,0],[0,0],[0,0],[0,0],[0,1],[-1,0],[0,0],[-1,0],[0,0],[0,0],[0,0],[-1,0],[0,0],[-1,0],[0,0],[0,0],[1,0],[0,0],[0,0],[0,0],[0,0],[0,1],[0,0],[0,0],[0,0],[1,0],[0,0],[0,0],[0,0],[0,0],[0,0],[0,0],[0,0],[0,1],[0,0],[1,0],[0,0],[0,0],[1,1],[0,0],[0,0],[0,1],[-1,0],[0,0],[0,0],[0,0],[-1,0],[0,0],[0,0],[0,1],[-1,0],[0,0],[0,0],[-1,0],[0,0],[-1,0],[0,1],[-1,0],[0,0],[0,0],[0,0],[-1,0],[0,-1],[0,0],[0,0],[-1,0],[0,0],[0,0],[0,0],[0,0],[-1,0],[0,0],[1,-1],[0,0],[-1,0],[0,0],[0,0],[0,0],[-1,0],[0,0],[-1,0],[0,0],[1,0],[0,0],[0,0],[0,0],[0,0],[1,0],[0,0],[0,0],[1,1],[0,0],[0,0],[0,0],[0,0],[0,1],[1,0],[0,0],[0,0],[0,0],[-1,0],[0,0],[0,0],[-1,0],[0,0],[0,0],[0,0],[-1,0],[-1,0],[0,0],[0,0],[-1,-1],[0,0],[0,0],[-1,0],[-2,0],[0,0],[0,0],[0,1],[0,0],[0,0],[0,0],[0,0],[0,0],[1,0],[1,0],[0,0],[0,0],[0,0],[0,1],[0,0],[-2,1],[-1,0],[0,0],[0,0],[-1,1],[0,0],[-1,0],[0,0],[-1,-1],[-1,0],[0,0],[0,0],[-1,0],[0,0],[0,0],[-1,-1],[0,0],[-1,0],[0,0],[-1,0],[0,0],[0,0],[0,0],[0,0],[0,0],[-1,0],[0,0],[-1,0],[0,0],[-1,0],[-1,0],[0,0],[0,0],[0,0],[1,0],[0,0],[0,0],[0,0],[1,0],[2,0],[0,0],[0,0],[1,0],[0,1],[1,0],[0,0],[1,1],[2,0],[1,0],[1,0],[1,0],[0,0],[0,0],[0,0],[0,1],[-1,0],[-1,1],[0,0],[-1,1],[0,0],[-1,0],[0,0],[-1,0],[0,0],[0,0],[-1,0],[0,0],[0,0],[0,0],[0,0],[0,0],[-1,0],[0,0],[0,0],[0,0],[0,0],[0,0],[0,0],[0,0],[-1,0],[0,0],[0,0],[0,0],[0,0],[0,0],[0,0],[0,0],[0,0],[0,1],[0,0],[0,0],[0,0],[-1,0],[0,0],[0,0],[0,0],[-1,0],[0,0],[0,0],[0,0],[-1,0],[0,0],[-1,0],[-1,0],[0,0],[0,0],[0,0],[0,0],[0,0],[0,0],[-1,0],[0,0],[0,0],[0,0],[-1,0],[-1,-1],[-1,0],[-1,0],[0,0],[0,0],[0,0],[0,0],[0,1],[1,0],[0,0],[0,0],[0,0],[0,0],[0,-1],[0,0],[0,0],[0,1],[2,0],[1,0],[0,0],[0,0],[0,0],[-1,0],[0,0],[1,0],[0,0],[1,0],[0,0],[0,0],[1,0],[0,1],[1,0],[0,0],[1,0],[0,0],[0,1],[0,0],[0,0],[0,0],[0,0],[-1,0],[0,0],[-1,0],[0,1],[-1,-1],[-1,0],[0,0],[0,0],[0,0],[0,0],[-1,1],[0,0],[1,0],[0,0],[0,0],[0,0],[1,0],[0,0],[0,0],[0,0],[-1,0],[0,0],[0,0],[0,0],[-1,0],[0,0],[0,0],[0,0],[0,0],[0,1],[-1,0],[0,0],[1,0],[0,0],[0,0],[0,0],[0,0],[0,0],[0,0],[-1,0],[-1,0],[0,0],[0,0],[1,0],[0,0],[0,0],[0,0],[0,0],[0,0],[0,0],[0,1],[-1,0],[0,0],[0,0],[0,0],[0,0],[0,0],[0,0],[-1,0],[0,0],[0,0],[1,0],[0,0],[0,0],[0,0],[0,1],[-1,0],[-1,0],[0,0],[0,0],[0,0],[0,1],[0,0],[0,0],[0,0],[0,0],[0,0],[0,0],[-1,1],[0,0],[0,1],[0,0],[-1,0],[0,0],[0,0],[0,0],[0,0],[0,0],[0,1],[0,0],[0,2],[0,0],[0,0],[0,1],[-1,0],[1,0],[0,0],[0,0],[0,0],[0,0],[0,0],[0,0],[1,0],[0,1],[0,0],[0,0],[0,1],[0,0],[0,0],[0,-1],[1,0],[0,0],[1,0],[0,0],[1,0],[0,0],[0,0],[0,0],[0,0],[1,0],[0,1],[0,0],[1,1],[0,0],[0,1],[0,0],[0,0],[0,1],[0,0],[0,0],[0,0],[0,0],[0,0],[-1,1],[0,0],[1,0],[0,-1],[0,0],[0,0],[1,0],[0,0],[0,0],[0,0],[0,0],[0,0],[3,0],[1,0],[0,0],[1,0],[1,0],[1,0],[1,1],[0,0],[1,0],[0,0],[1,0],[0,0],[1,1],[0,0],[1,0],[1,1],[0,0],[0,0],[1,0],[2,1],[1,0],[0,0],[0,0],[1,0],[0,0],[0,1],[1,0],[0,0],[0,0],[0,0],[0,1],[0,0],[0,-1],[0,0],[1,0],[0,0],[0,0],[1,0],[0,0],[1,0],[0,0],[0,0],[0,0],[1,0],[0,0],[1,0],[1,0],[0,0],[0,0],[0,0],[1,0],[0,0],[0,0],[1,1],[0,0],[0,0],[0,0],[0,1],[0,1],[0,0],[0,0],[0,0],[0,0],[0,1],[0,0],[0,0],[0,1],[0,0],[0,0],[0,1],[0,0],[0,0],[0,0],[0,0],[0,0],[0,1],[1,0],[0,0],[0,0],[1,0],[0,1],[0,0],[0,0],[0,0],[-1,0],[0,0],[0,0],[1,0],[0,0],[0,0],[1,1],[0,0],[0,0],[1,0],[0,1],[1,0],[0,0],[0,0],[0,1],[0,0],[0,0],[-1,0],[0,0],[0,0],[0,0],[1,0],[0,0],[1,0],[0,0],[0,0],[1,0],[0,1],[1,0],[0,0],[0,0],[0,0],[-1,0],[0,-1],[0,0],[0,0],[0,0],[0,0],[0,0],[0,0],[1,-1],[0,0],[0,0],[0,0],[0,0],[0,0],[0,0],[1,0],[0,0],[0,0],[0,1],[0,0],[0,0],[0,0],[0,0],[0,0],[1,0],[0,-1],[0,0],[0,0],[-1,0],[0,0],[0,0],[0,-1],[0,0],[1,0],[0,0],[0,0],[0,-1],[0,0],[1,0],[-1,0],[0,0],[0,0],[0,0],[0,0],[0,-1],[0,0],[0,0],[0,0],[0,0],[0,0],[-1,-1],[0,0],[0,0],[0,-1],[0,0],[0,0],[0,-1],[0,0],[0,0],[0,0],[0,0],[0,0],[0,0],[0,0],[0,0],[0,0],[0,0],[0,-1],[-1,0],[1,0],[0,0],[0,0],[-1,0],[0,0],[0,0],[0,0],[0,-1],[0,0],[-1,0],[0,0],[0,0],[0,0],[0,0],[0,0],[2,-1],[0,0],[2,0],[0,0],[0,-1],[1,0],[0,0],[1,0],[1,-1],[0,0],[0,0],[1,-1],[0,0],[0,0],[1,0],[0,-1],[0,0],[0,-1],[0,0],[0,-1],[0,0],[-1,-1],[0,0],[0,0],[0,-1],[-1,0],[-1,-1],[0,0],[0,0],[-1,0],[0,0],[-1,-1],[0,0],[-1,0],[0,0],[0,0],[0,-1],[1,0],[0,0],[0,0],[0,0],[1,-1],[0,0],[0,0],[0,0],[0,0],[0,0],[0,0],[0,-1],[1,0],[-1,0],[1,0],[0,0],[0,0],[1,0],[-1,0],[0,0],[0,0],[1,0],[0,0],[0,-1],[0,0],[0,0],[0,0],[-1,0],[0,0],[0,0],[0,0],[0,0],[0,-1],[0,0],[0,0],[0,0],[0,0],[0,0],[0,0],[-1,-1],[0,0],[1,0],[0,0],[0,0],[0,0],[-1,0],[0,0],[-1,0],[0,0],[0,0],[1,-1],[0,0],[0,0],[1,0],[0,0],[-1,-1],[1,0],[0,0],[0,0],[0,0],[-1,0],[0,-1],[0,0],[0,0],[0,0],[-1,-1],[0,0],[0,0],[1,0],[0,0],[0,0],[1,-1],[1,0],[0,0],[1,0],[1,0],[2,1],[0,0],[0,0],[0,0],[1,0],[0,0],[0,0],[1,0],[0,0],[0,0],[1,0],[0,0],[0,0],[0,0],[1,0],[0,0],[1,0],[0,0],[0,-1],[1,0],[0,0],[0,1],[1,0],[0,0],[0,0],[0,0],[1,0],[0,0],[0,0],[0,0],[0,0],[0,1],[0,0],[0,0],[0,0],[0,0],[0,0],[1,0],[0,0],[0,0],[1,0],[0,0],[0,0],[0,0],[0,1],[0,0],[0,0],[0,0],[0,0],[0,0],[0,0],[0,0],[1,0],[0,0],[0,0],[0,0],[0,0],[0,0],[0,0],[0,0],[0,0],[0,0],[0,0],[0,0],[0,1],[0,0],[1,0],[0,0],[0,0],[1,0],[1,0],[0,0],[1,0],[0,0],[0,0],[0,0],[0,0],[0,1],[0,0],[1,0],[0,0],[0,0],[0,0],[1,0],[0,-1],[0,0],[0,0],[0,0],[0,0],[0,1],[0,0],[0,0],[0,0],[0,0],[0,0],[0,0],[-1,1],[0,0],[0,0],[0,0],[0,0],[0,0],[1,1],[0,0],[0,0],[0,0],[0,0],[-1,0],[0,0],[-2,0],[0,0],[0,0],[0,0],[1,0],[1,0],[0,0],[1,1],[0,0],[0,0],[0,0],[0,0],[0,0],[0,1],[-1,0],[1,0],[0,0],[0,0],[0,0],[0,0],[0,0],[0,1],[0,0],[0,0],[0,0],[0,0],[0,0],[0,0],[0,0],[0,0],[-1,0],[0,0],[0,0],[0,0],[0,0],[0,0],[0,0],[0,0],[-1,0],[0,1],[1,0],[0,0],[0,0],[1,0],[0,-1],[1,0],[0,0],[0,0],[1,0],[0,0],[0,0],[1,0],[0,0],[0,0],[0,1],[0,0],[0,0],[0,0],[1,0],[-1,1],[0,0],[0,0],[0,0],[0,1],[-1,0],[0,0],[-1,0],[0,0],[1,0],[1,0],[0,-1],[0,0],[0,0],[1,0],[0,-1],[0,0],[0,0],[0,1],[0,0],[0,0],[0,0],[0,0],[1,0],[0,0],[0,0],[0,0],[0,0],[0,0],[0,0],[0,0],[0,1],[0,0],[0,-1],[0,0],[0,0],[0,0],[1,0],[0,0],[1,-1],[0,0],[1,0],[0,0],[0,0],[0,0],[0,0],[1,-1],[0,0],[0,1],[0,0],[0,0],[0,0],[1,0],[0,0],[0,0],[0,0],[0,0],[0,0],[0,0],[0,0],[-1,-1],[0,0],[1,0],[0,0],[0,0],[0,0],[0,0],[0,0],[0,0],[0,0],[0,0],[0,0],[0,0],[1,0],[0,0],[0,0],[0,0],[0,0],[0,0],[0,0],[0,-1],[-1,0],[0,0],[1,0],[0,0],[0,0],[0,0],[0,0],[0,0],[0,0],[0,0],[0,0],[0,0],[1,0],[0,0],[0,0],[0,0],[0,0],[0,0],[-1,0],[0,-1],[0,0],[0,0],[0,0],[0,0],[0,0],[0,0],[1,0],[0,0],[0,0],[0,0],[0,0],[0,0],[0,0],[0,-1],[0,0],[0,0],[1,-1],[0,0],[0,0],[0,0],[0,0],[1,0],[0,1],[0,0],[0,0],[-1,0],[0,0],[0,0],[1,0],[0,0],[0,0],[1,0],[0,1],[-1,0],[1,0],[0,0],[0,0],[0,0],[0,0],[1,0],[0,0],[-1,1],[0,0],[0,0],[1,0],[0,0],[0,0],[0,0],[0,0],[0,0],[1,0],[-1,1],[0,0],[0,0],[-1,0],[0,0],[0,0],[1,0],[0,0],[1,0],[0,0],[0,0],[0,0],[0,0],[0,0],[0,0],[0,0],[0,0],[0,0],[0,0],[1,0],[0,0],[0,1],[0,0],[0,0],[-1,0],[0,0],[0,1],[-1,0],[1,0],[0,-1],[0,0],[0,0],[0,0],[0,1],[1,-1],[0,0],[1,0],[0,0],[0,0],[0,1],[-1,0],[0,0],[-1,0],[0,1],[0,0],[1,-1],[0,0],[1,0],[0,0],[1,1],[0,0],[0,0],[1,0],[0,0],[0,0],[0,0],[0,0],[0,1],[0,0],[-1,0],[0,0],[0,0],[0,0],[0,0],[-1,0],[0,0],[0,0],[1,0],[0,0],[0,0],[1,0],[0,0],[0,0],[0,0],[0,1],[0,0],[0,0],[0,0],[0,0],[0,0],[1,0],[0,0],[0,1],[0,0],[0,0],[0,0],[0,0],[-2,0],[0,0],[-1,0],[1,0],[0,0],[-1,0],[0,0],[0,0],[1,0],[1,0],[0,1],[0,0],[0,0],[0,0],[0,0],[0,0],[0,0],[0,0],[1,0],[0,0],[0,0],[-1,0],[0,0],[1,1],[0,-1],[0,1],[0,0],[0,0],[0,0],[0,0],[0,0],[1,0],[0,0],[0,0],[0,0],[0,0],[1,0],[0,0],[0,0],[0,0],[0,1],[0,0],[0,0],[1,0],[0,0],[0,0],[0,0],[0,0],[0,0],[0,0],[0,1],[0,0],[0,0],[0,0],[0,0],[0,0],[-1,1],[0,0],[1,-1],[0,0],[1,0],[0,0],[1,0],[0,0],[0,0],[0,0],[0,0],[1,0],[-1,0],[0,1],[0,0],[-1,0],[1,0],[1,0],[0,0],[0,-1],[0,0],[0,0],[1,0],[0,1],[0,0],[0,0],[1,0],[0,0],[1,0],[0,0],[0,0],[1,0],[0,0],[0,1],[0,0],[0,0],[1,0],[0,0],[0,0],[0,0],[0,0],[-1,1],[0,0],[-1,0],[0,0],[0,0],[-1,0],[0,0],[0,0],[0,0],[0,0],[-1,0],[0,0],[0,1],[0,0],[0,0],[-1,0],[-1,0],[0,0],[0,0],[-1,0],[0,0],[0,0],[0,0],[0,0],[0,1],[0,0],[0,0],[-1,0],[0,0],[0,0],[1,0],[0,0],[0,0],[-1,0],[0,0],[0,0],[0,0],[0,1],[0,0],[0,0],[1,-1],[0,0],[0,0],[0,0],[1,0],[0,0],[1,0],[0,-1],[1,0],[1,0],[1,-1],[0,0],[1,0],[0,0],[-1,0],[0,0],[0,0],[-1,0],[0,0],[1,0],[0,0],[2,0],[0,0],[1,1],[0,0],[0,0],[0,0],[0,0],[-1,1],[0,0],[0,0],[0,0],[0,0],[0,0],[1,0],[0,-1],[1,0],[0,0],[0,0],[1,0],[0,0],[0,1],[0,0],[1,0],[0,0],[0,0],[0,0],[0,0],[0,1],[0,0],[0,0],[0,0],[0,0],[0,1],[0,0],[0,0],[0,0],[0,0],[0,0],[-1,0],[0,0],[0,1],[0,0],[1,0],[0,0],[1,0],[0,0],[0,0],[0,0],[-1,0],[0,0],[0,0],[0,0],[1,0],[0,0],[0,1],[0,0],[-1,0],[-1,1],[-1,0],[-1,1],[0,0],[0,0],[-1,-1],[0,0],[-1,1],[0,0],[-1,0],[0,0],[0,0],[-1,0],[0,0],[0,0],[0,0],[0,0],[-1,1],[-1,0],[0,1],[-1,0],[0,0],[-1,1],[0,0],[-1,0],[-1,0],[0,0],[-1,0],[0,0],[-1,0],[-1,0],[0,0],[0,0],[-1,0],[0,0],[-1,0],[0,0],[-1,0],[0,0],[-1,0],[0,0],[-1,0],[0,0],[-1,0],[0,0],[0,0],[-1,0],[-1,0],[-1,0],[0,0],[-2,0],[0,0],[-1,0],[0,0],[0,0],[-1,0],[0,0],[0,0],[0,0],[0,0],[-1,1],[-1,1],[0,0],[0,0],[0,0],[-1,0],[-1,1],[-1,0],[1,0],[-1,0],[0,0],[0,0],[-1,0],[0,0],[0,1],[-1,0],[-1,1],[0,0],[0,0],[-1,0],[0,0],[0,0],[-1,0],[0,0],[-2,0],[0,0],[0,0],[1,0],[0,0],[1,0],[1,0],[0,0],[0,1],[0,0],[0,0],[0,1],[-1,0],[-1,1],[0,0],[-1,1],[0,0],[-1,0],[-1,1],[0,0],[0,0],[-1,0],[0,0],[-1,0],[-1,1],[0,0],[0,0],[-1,0],[0,0],[0,0],[0,1],[-1,0],[0,0],[-1,0],[0,1],[0,0],[-1,0],[0,0],[1,0],[0,0],[-1,0],[0,1],[-1,0],[0,0],[-1,0],[0,0],[0,0],[-1,1],[-1,1],[0,0],[0,0],[-1,0],[0,0],[0,0],[0,0],[-1,1],[0,0],[-1,0],[0,1],[-1,0],[0,0],[-1,0],[-1,0],[-1,0],[0,0],[-1,0],[-1,0],[0,0],[0,0],[0,1],[0,0],[0,0],[0,0],[0,0],[0,1],[0,0],[0,0],[0,0],[0,0],[0,0],[0,0],[0,0],[0,0],[-1,1],[-1,0],[-1,0],[0,0],[-2,1],[0,0],[-1,0],[-1,0],[0,0],[-1,1],[-1,0],[0,0],[-1,0],[-1,0],[0,0],[0,-1],[0,0],[0,0],[0,0],[0,-1],[0,0],[1,0],[0,0],[0,0],[1,-1],[0,0],[0,-1],[0,0],[0,-1],[0,0],[0,-1],[0,0],[0,-1],[0,0],[0,-1],[0,0],[0,-1],[0,0],[-1,0],[0,-1],[0,0],[-1,0],[0,-1],[-1,0],[0,0],[0,-1],[0,0],[0,0],[-1,0],[0,0],[0,0],[0,0],[-1,0],[0,0],[0,0],[0,0],[0,-1],[0,0],[0,0],[0,0],[0,0],[0,0],[0,0],[-1,0],[0,0],[0,0],[0,0],[0,0],[0,0],[-1,0],[0,-1],[0,0],[-1,0],[0,0],[-1,-1],[0,0],[-1,0],[0,0],[-1,-1],[0,0],[0,0],[-1,0],[-1,0],[0,-1],[-1,0],[-1,0],[0,0],[0,0],[-1,-1],[-1,0],[0,0],[-1,1],[0,0],[-1,0],[0,0],[-1,0],[0,0],[0,0],[-1,0],[0,0],[0,0],[0,0],[-1,0],[-1,0],[0,0],[0,0],[0,-1],[-1,0],[0,0],[0,1],[-1,0],[0,0],[-1,0],[0,-1],[0,0],[-1,0],[0,0],[0,0],[-1,0],[0,0],[0,0],[0,0],[0,0],[-1,-1],[0,0],[0,0],[-1,0],[0,0],[0,0],[0,0],[-1,0],[0,1],[0,-1],[-1,0],[0,0],[-1,0],[-1,0],[0,0],[0,0],[0,0],[0,0],[0,-1],[0,0],[0,0],[0,-1],[0,0],[0,0],[-1,0],[0,1],[0,0],[-1,0],[-1,0],[-1,0],[-1,0],[-1,0],[-2,0],[-1,0],[-1,0],[-1,0],[-1,0],[-1,0],[-2,0],[-1,0],[-1,0],[-1,0],[-1,0],[-1,0],[-2,0],[-1,0],[-1,0],[-1,0],[-1,0],[-1,0],[-2,0],[-1,0],[-1,0],[-1,0],[-1,0],[-1,0],[-2,0],[-1,0],[-1,0],[-1,0],[-1,0],[-1,0],[-2,0],[-1,0],[-1,0],[-1,0],[-1,0],[-1,0],[-2,0],[-1,0],[-1,0],[-1,0],[-1,0],[-1,0],[-2,0],[-1,0],[-1,0],[-1,0],[-1,0],[-1,0],[-2,0],[-1,0],[-1,0],[-1,0],[-1,0],[-1,0],[-2,0],[-1,0],[-1,0],[-1,0],[-1,0],[-1,0],[-1,0],[0,0],[0,0],[0,0],[0,0],[0,0],[0,0],[0,0],[0,0],[0,0],[-1,0],[1,0],[0,0],[0,0],[-1,0],[0,0],[0,0],[0,0],[0,0],[0,-1],[1,0],[0,0],[0,0],[0,0],[0,0],[0,0],[-1,0],[0,0],[0,0],[0,0],[0,0],[0,0],[0,0],[0,-1],[0,0],[0,0],[0,1],[0,0],[0,0],[0,0],[0,0],[0,0],[-1,0],[0,0],[-1,0],[0,0],[0,0],[0,0],[0,-1],[0,0],[0,0],[0,0],[0,0],[0,0],[1,1],[0,0],[0,-1],[0,0],[0,0],[0,0],[0,0],[-1,0],[0,0],[0,0],[0,-1],[1,0],[0,0],[0,0],[0,0],[-1,0],[0,0],[0,0],[0,0],[0,0],[0,1],[0,0],[0,0],[0,0],[0,0],[0,0],[-1,0],[0,0],[0,0],[-1,0],[0,-1],[0,0],[0,0],[0,0],[-1,0],[0,0],[0,-1],[1,0],[0,0],[0,0],[0,0],[0,-1],[0,0],[0,0],[-1,0],[1,1],[-1,0],[0,0],[0,0],[0,0],[-1,0],[0,0],[0,0],[0,0],[0,0],[0,0],[0,0],[0,0],[-1,0],[0,0],[0,0],[0,0],[0,0],[0,0],[-1,0],[0,0],[-1,0],[0,0],[0,0],[0,0],[1,0],[0,0],[1,0],[0,0],[0,0],[-1,0],[-1,0],[0,0],[0,0],[0,-1],[1,0],[0,0],[-1,0],[0,0],[0,0],[0,0],[0,0],[0,0],[0,0],[-1,0],[0,0],[0,0],[-1,0],[0,0],[0,0],[-1,0],[0,-1],[0,0],[0,0],[0,0],[1,-1],[0,0],[0,0],[1,0],[1,0],[0,0],[-1,0],[-1,0],[0,0],[-1,0],[0,0],[0,0],[0,0],[0,0],[0,0],[0,0],[0,0],[0,0],[-1,0],[1,0],[0,-1],[0,0],[0,0],[0,0],[0,0],[0,-1],[0,0],[1,0],[0,0],[0,0],[1,0],[0,0],[0,1],[0,0],[1,0],[0,0],[0,0],[-1,-1],[0,0],[0,0],[0,0],[-1,0],[0,0],[0,0],[0,0],[1,-1],[0,0],[0,0],[0,0],[0,0],[0,0],[0,0],[0,0],[0,0],[0,0],[0,0],[-2,1],[0,0],[0,0],[0,0],[0,0],[-1,1],[0,0],[0,1],[0,-1],[-1,0],[1,-1],[0,0],[0,0],[0,0],[0,0],[0,0],[0,0],[0,0],[0,0],[-1,0],[0,0],[0,0],[1,-1],[0,0],[0,0],[0,0],[0,0],[-1,0],[0,0],[0,-1],[-1,0],[0,-1],[-1,0],[0,0],[0,0],[0,0],[0,-1],[1,0],[0,0],[0,0],[0,1],[0,0],[1,0],[0,0],[0,0],[0,0],[1,0],[0,0],[0,1],[0,-1],[0,0],[0,0],[-1,0],[0,0],[0,0],[-1,0],[0,0],[0,-1],[0,0],[0,0],[0,0],[0,0],[0,0],[1,0],[0,0],[-1,0],[0,0],[0,0],[0,0],[0,0],[0,0],[-1,0],[0,0],[0,1],[0,0],[0,0],[0,0],[0,0],[-1,0],[0,1],[0,-1],[-1,0],[0,0],[-1,0],[0,0],[0,-1],[0,0],[0,0],[0,-1],[1,0],[0,0],[1,0],[-1,0],[0,0],[-1,0],[0,0],[0,0],[-1,-1],[1,0],[0,0],[0,0],[0,0],[0,0],[0,0],[0,-1],[0,0],[1,0],[0,-1],[0,0],[1,0],[0,0],[0,0],[-1,0],[0,0],[0,-1],[0,0],[0,0],[0,1],[0,0],[0,0],[0,1],[0,0],[-1,0],[1,-1],[0,0],[0,0],[0,0],[-1,-1],[0,0],[0,0],[0,0],[1,0],[0,-1],[0,0]],[[200,25],[0,0],[0,0],[1,0],[0,0],[0,1],[0,0],[0,0],[0,0],[0,0],[0,0],[-1,0],[-1,0],[0,0],[-1,0],[-1,0],[0,0],[0,0],[-1,0],[0,0],[0,0],[-1,0],[0,0],[0,0],[-1,0],[-2,0],[-1,0],[0,0],[0,0],[-1,0],[0,0],[1,0],[1,0],[0,0],[1,-1],[2,0],[0,0],[1,0],[0,0],[1,0],[1,0],[0,0],[1,0],[0,0],[1,0]],[[198,27],[2,0],[0,0],[0,0],[0,0],[0,0],[-1,0],[-2,0],[0,0],[0,0],[0,1],[0,0],[2,0],[0,0],[0,0],[0,0],[0,0],[0,0],[0,0],[0,0],[-1,0],[-1,0],[0,1],[-1,0],[0,0],[-2,0],[-1,0],[0,0],[-1,-1],[-1,0],[0,0],[0,0],[0,0],[0,0],[0,0],[0,0],[0,0],[0,0],[0,0],[-1,0],[0,-1],[0,0],[0,0],[1,0],[0,0],[0,0],[1,0],[1,0],[3,0],[1,0],[0,0],[1,0]],[[184,29],[0,0],[0,0],[0,0],[0,0],[-2,0],[0,0],[0,0],[1,1],[0,0],[0,0],[0,0],[0,0],[-1,0],[0,0],[0,0],[1,0],[0,0],[0,0],[0,1],[0,0],[-1,0],[0,0],[-2,0],[0,0],[0,0],[0,0],[0,0],[0,1],[0,0],[0,0],[-1,0],[0,0],[-1,0],[0,-1],[-1,0],[0,0],[0,0],[1,0],[0,0],[0,-1],[0,0],[0,0],[0,0],[-1,0],[0,0],[0,0],[-1,1],[0,0],[0,0],[0,0],[0,0],[-1,0],[0,0],[0,0],[0,0],[1,0],[0,0],[0,1],[-1,0],[0,0],[0,0],[0,0],[0,0],[-1,0],[0,0],[0,0],[0,0],[-1,0],[0,0],[0,0],[0,0],[0,0],[0,0],[0,0],[0,0],[0,0],[0,0],[0,0],[0,0],[0,0],[0,0],[0,1],[0,0],[-1,0],[0,0],[-1,0],[0,0],[0,0],[0,0],[-1,-1],[0,0],[0,0],[0,0],[0,0],[0,0],[0,0],[-1,0],[0,0],[-1,0],[0,0],[-1,0],[0,0],[-1,0],[0,1],[-1,0],[0,0],[0,0],[0,-1],[0,0],[0,0],[0,0],[0,0],[0,0],[0,0],[0,0],[0,0],[0,0],[0,0],[-1,0],[0,0],[0,0],[1,-1],[0,0],[1,0],[2,0],[0,0],[1,0],[0,0],[0,0],[2,-1],[0,0],[0,0],[0,0],[0,0],[1,-1],[1,0],[1,0],[0,0],[1,0],[2,0],[2,0],[0,0],[1,0],[0,0],[0,0],[1,0],[0,0],[0,0],[0,0],[-1,0],[0,-1],[0,0],[0,0],[1,0],[1,0],[0,0],[0,0],[1,0],[1,1]],[[204,32],[0,0],[1,0],[0,0],[0,0],[1,0],[0,1],[0,0],[-1,0],[0,0],[0,0],[0,0],[0,0],[1,0],[0,0],[0,0],[1,0],[0,0],[0,0],[0,0],[1,0],[0,0],[0,0],[0,0],[0,0],[0,0],[0,0],[0,0],[0,0],[0,0],[0,0],[0,0],[0,-1],[1,0],[0,0],[2,0],[0,1],[0,0],[0,0],[0,0],[1,0],[0,0],[0,0],[-1,1],[0,0],[0,1],[-1,0],[0,0],[-1,0],[-1,0],[-1,0],[0,0],[-1,0],[-1,0],[0,0],[-1,0],[0,0],[0,0],[-1,0],[0,0],[0,0],[0,0],[0,0],[0,0],[-1,0],[-1,0],[-2,1],[-1,0],[0,0],[0,0],[-1,0],[0,0],[-1,0],[-1,1],[-3,0],[-1,0],[-1,0],[-1,0],[0,0],[-1,-1],[0,0],[-1,0],[1,0],[0,0],[1,0],[1,0],[2,-1],[0,0],[1,0],[1,0],[0,0],[1,0],[0,0],[1,0],[0,0],[1,0],[-1,-1],[0,0],[-1,1],[0,0],[-1,0],[0,0],[-1,0],[0,0],[0,0],[-1,0],[0,0],[0,0],[0,0],[0,0],[-1,0],[-1,0],[-1,0],[0,0],[0,0],[0,0],[0,0],[0,0],[0,-1],[0,0],[0,0],[1,0],[0,0],[0,0],[-1,0],[0,0],[-1,0],[0,0],[0,0],[0,0],[0,0],[0,1],[0,-1],[-1,0],[0,0],[0,0],[0,0],[0,1],[0,0],[0,0],[-1,0],[0,0],[-1,0],[0,0],[0,0],[0,0],[0,0],[0,0],[-1,0],[0,0],[0,0],[0,0],[0,0],[0,0],[-1,0],[-1,0],[-1,0],[-1,0],[-1,0],[0,0],[0,-1],[0,0],[0,0],[0,0],[0,0],[0,0],[0,0],[1,0],[0,0],[2,0],[1,0],[2,-1],[0,0],[0,0],[0,0],[0,0],[-2,1],[-1,0],[-2,0],[0,-1],[0,0],[0,0],[0,0],[1,0],[1,0],[1,0],[1,0],[1,0],[1,0],[-2,0],[-2,0],[0,0],[-1,0],[0,0],[0,-1],[0,0],[0,0],[0,0],[1,0],[0,0],[1,0],[1,0],[2,0],[0,0],[0,0],[0,0],[-2,0],[-1,0],[0,0],[0,0],[0,0],[1,-1],[0,0],[2,0],[0,0],[1,0],[1,0],[0,0],[0,0],[0,0],[0,0],[0,1],[0,0],[1,0],[0,0],[1,0],[1,0],[0,0],[1,0],[1,0],[1,1],[0,0],[0,0],[0,0],[0,0],[0,0],[1,0],[0,0],[0,0],[0,0],[1,0],[0,0],[0,1],[0,0],[1,0],[0,0],[1,0],[4,0],[0,0],[0,0],[0,0],[0,-1],[0,0],[0,0],[-2,0],[0,0],[1,-1],[0,0],[0,0],[0,0],[0,0],[-1,0],[0,0],[-1,0],[0,0],[0,0],[-1,-1],[0,0],[1,0],[0,0],[1,0],[1,0],[0,-1],[0,0],[1,0],[1,0],[0,0],[0,0],[1,0],[-1,0],[0,1],[0,0],[0,0],[0,0],[0,0],[0,0],[0,0],[0,0],[1,0],[0,1],[0,0],[0,0],[0,0],[0,0],[0,0],[0,0],[0,0]],[[187,42],[0,0],[0,0],[1,0],[1,0],[0,0],[0,0],[1,0],[0,-1],[0,0],[0,0],[0,0],[0,0],[0,0],[1,0],[0,0],[1,0],[1,0],[1,0],[1,0],[1,0],[0,1],[0,0],[-1,0],[-1,0],[0,0],[1,0],[0,1],[0,-1],[0,0],[1,0],[0,0],[0,0],[0,0],[0,0],[0,0],[0,0],[0,0],[0,0],[1,0],[0,0],[1,0],[0,0],[1,0],[0,0],[0,-1],[0,0],[-1,0],[-1,0],[1,0],[0,0],[1,0],[0,0],[1,0],[1,0],[0,0],[1,0],[0,0],[0,1],[0,0],[0,0],[0,0],[0,0],[1,0],[0,0],[0,0],[0,0],[0,0],[1,1],[0,1],[0,0],[0,0],[0,0],[1,0],[0,0],[0,0],[0,0],[0,0],[1,0],[1,0],[0,0],[0,0],[-1,0],[1,0],[0,0],[-1,-1],[0,0],[-1,0],[0,-1],[0,0],[0,0],[0,0],[0,0],[0,0],[0,0],[0,0],[-1,-2],[0,0],[0,0],[0,0],[1,0],[0,0],[0,0],[0,0],[0,0],[0,0],[1,0],[0,0],[1,0],[0,0],[0,0],[1,0],[0,0],[1,0],[1,0],[1,1],[0,0],[1,0],[0,0],[0,0],[0,0],[0,0],[0,1],[0,0],[0,0],[0,0],[0,0],[1,1],[1,1],[0,0],[0,0],[1,1],[0,0],[0,0],[0,0],[0,0],[0,0],[0,0],[-1,0],[0,1],[0,0],[0,0],[1,0],[1,1],[0,0],[1,0],[1,0],[0,0],[0,0],[0,0],[0,0],[0,0],[0,0],[0,0],[0,0],[0,0],[1,0],[1,1],[0,0],[1,0],[0,0],[1,0],[0,0],[0,0],[0,0],[0,0],[0,0],[1,0],[1,0],[0,0],[0,1],[0,0],[0,0],[0,0],[0,1],[0,0],[0,0],[-1,0],[0,0],[0,0],[0,-1],[0,0],[0,0],[-1,1],[0,0],[0,0],[0,0],[0,0],[-1,-1],[0,0],[0,0],[-1,0],[0,0],[0,1],[0,0],[0,0],[0,0],[0,0],[0,0],[0,0],[-1,0],[0,0],[-1,0],[0,0],[-1,0],[0,0],[0,0],[0,0],[1,0],[0,0],[0,0],[0,0],[0,0],[0,0],[0,1],[0,0],[0,0],[0,0],[1,0],[0,0],[1,-1],[0,0],[1,0],[0,0],[0,0],[0,0],[0,1],[0,0],[0,0],[0,0],[0,0],[0,0],[0,0],[1,0],[0,0],[0,0],[0,0],[0,1],[-1,0],[-1,0],[0,0],[-1,0],[0,0],[0,0],[-1,0],[-1,0],[-1,0],[0,0],[-1,0],[-1,0],[0,0],[-1,0],[0,0],[0,0],[0,-1],[0,0],[0,0],[-1,0],[0,0],[-1,0],[-1,0],[0,0],[0,0],[-1,0],[0,0],[0,0],[0,0],[0,0],[0,-1],[0,0],[-1,0],[0,0],[0,1],[-1,0],[0,0],[0,0],[-1,1],[-1,0],[-1,0],[-1,0],[0,0],[-1,0],[-1,0],[-2,1],[-1,0],[-1,0],[0,0],[-1,0],[0,0],[-1,0],[-2,0],[-1,0],[0,0],[-1,0],[0,0],[0,0],[-1,0],[0,-1],[-1,0],[1,0],[-1,-1],[0,0],[0,0],[-1,0],[0,0],[-2,0],[-1,0],[-1,0],[-1,0],[0,0],[-1,-1],[-1,0],[0,0],[0,0],[0,0],[-1,0],[0,-1],[0,0],[0,0],[0,0],[0,0],[0,0],[0,0],[1,-1],[3,0],[3,0],[1,0],[1,0],[0,0],[2,0],[1,0],[0,0],[1,0],[0,0],[1,0],[1,0],[0,0],[0,0],[-1,0],[-3,-1],[-1,0],[-1,0],[-1,0],[0,0],[-1,0],[0,0],[-1,0],[-1,0],[-2,0],[0,0],[-1,0],[0,0],[-2,0],[-1,0],[-2,-1],[-1,0],[1,0],[0,0],[1,0],[0,0],[1,0],[2,-1],[1,0],[0,0],[1,0],[0,0],[0,0],[0,0],[0,0],[0,0],[1,0],[0,0],[1,0],[0,0],[0,0],[-1,0],[-3,0],[-2,0],[-1,0],[0,0],[-1,0],[0,0],[0,0],[0,0],[1,0],[0,-1],[0,0],[-2,0],[0,0],[-1,0],[0,0],[0,0],[0,0],[0,0],[0,-1],[0,0],[1,0],[0,0],[1,0],[0,0],[0,0],[-1,-1],[0,0],[0,0],[0,0],[0,0],[1,0],[2,-1],[1,0],[0,0],[1,-1],[3,0],[3,0],[1,0],[0,0],[0,0],[0,0],[0,0],[0,0],[0,1],[0,0],[0,0],[0,0],[0,0],[0,0],[-1,1],[0,0]],[[173,38],[0,0],[0,-1],[1,0],[0,0],[0,0],[0,0],[0,1],[0,0],[0,0],[1,0],[0,0],[0,-1],[1,0],[0,0],[1,0],[1,0],[0,0],[1,0],[1,0],[0,1],[1,0],[2,1],[1,0],[0,0],[0,0],[1,0],[0,0],[0,0],[-1,0],[0,0],[-1,1],[-1,0],[0,0],[-2,0],[-1,1],[-1,0],[-3,0],[0,1],[-1,0],[0,0],[-1,1],[0,0],[-1,0],[0,0],[-1,0],[0,0],[0,1],[0,0],[0,0],[0,1],[-1,0],[-1,0],[0,0],[-1,0],[0,0],[0,0],[-1,0],[0,0],[-1,0],[-1,1],[0,0],[-1,0],[0,0],[0,0],[-1,0],[0,0],[0,0],[-1,-1],[0,0],[0,0],[-1,-1],[0,0],[-2,0],[-1,0],[0,-1],[0,0],[-2,0],[0,0],[0,0],[0,0],[0,0],[0,0],[0,0],[0,0],[1,0],[0,0],[0,0],[0,0],[0,0],[0,0],[0,0],[0,-1],[0,0],[1,0],[0,0],[0,0],[0,0],[0,0],[0,0],[0,0],[0,-1],[0,0],[0,0],[0,0],[1,0],[0,0],[1,0],[0,0],[0,0],[-1,0],[0,0],[0,0],[0,-1],[0,0],[0,0],[0,0],[0,0],[1,-1],[1,0],[0,0],[1,0],[0,-1],[-1,0],[0,0],[0,0],[-1,0],[-1,-1],[0,0],[0,0],[0,0],[0,0],[4,0],[2,0],[2,-1],[1,0],[0,0],[1,1],[1,0],[0,0],[2,0],[1,0],[0,0],[0,1],[0,0]],[[310,13],[2,0],[1,0],[1,0],[0,0],[1,0],[1,0],[2,0],[0,1],[0,0],[0,0],[-1,0],[-4,0],[0,0],[1,0],[1,0],[1,0],[1,0],[0,0],[1,0],[1,0],[1,0],[1,0],[0,0],[1,0],[0,0],[0,0],[0,0],[0,0],[1,0],[0,0],[0,0],[1,0],[0,0],[1,0],[0,0],[1,0],[0,0],[1,0],[-1,0],[0,0],[0,0],[0,0],[1,0],[1,0],[0,1],[-1,0],[0,0],[2,0],[2,0],[1,0],[0,0],[0,0],[1,0],[0,0],[-1,1],[-1,0],[-1,0],[-1,0],[-3,0],[-1,1],[-1,0],[-1,0],[-1,0],[-1,0],[0,0],[-1,0],[0,0],[-2,0],[0,0],[-1,0],[0,0],[0,0],[-5,1],[0,0],[1,0],[0,0],[7,-1],[2,0],[1,0],[0,1],[-2,0],[-2,0],[-1,1],[-3,0],[-3,1],[0,0],[-2,0],[0,0],[-1,0],[0,0],[-1,0],[0,0],[-1,0],[0,0],[0,0],[1,1],[0,0],[-2,0],[-1,0],[-1,0],[0,0],[-1,0],[0,0],[0,0],[0,0],[1,0],[2,0],[1,0],[0,0],[0,0],[0,1],[-2,0],[0,0],[1,0],[0,0],[-1,0],[0,0],[-2,0],[0,0],[-1,0],[-3,0],[-1,0],[-1,0],[0,0],[-1,0],[0,0],[2,0],[1,0],[0,0],[0,0],[1,0],[0,1],[0,0],[0,0],[-1,0],[0,0],[-1,0],[0,0],[-1,0],[0,0],[-1,0],[-2,0],[0,0],[-1,0],[-1,0],[-1,0],[-1,0],[0,0],[0,0],[1,0],[1,0],[0,0],[1,1],[1,0],[1,0],[1,0],[0,0],[0,0],[0,0],[-2,0],[0,0],[-1,0],[0,0],[-1,0],[-1,0],[0,0],[-1,0],[-2,0],[0,0],[-1,0],[-1,0],[-1,0],[0,0],[1,0],[0,0],[1,0],[0,0],[1,0],[0,0],[2,0],[1,0],[1,0],[0,0],[0,0],[1,1],[1,0],[1,0],[1,0],[0,0],[1,0],[-1,0],[0,0],[-1,0],[-1,1],[-2,0],[-1,0],[0,0],[1,0],[2,0],[0,0],[0,0],[-1,0],[0,1],[-1,0],[0,0],[-1,0],[-1,0],[0,0],[-2,0],[-1,0],[0,0],[0,0],[0,1],[0,0],[0,0],[-1,0],[0,1],[-1,0],[0,0],[-1,0],[0,0],[-2,0],[-1,0],[-1,0],[-1,0],[-1,-1],[-1,0],[0,0],[0,0],[0,1],[1,0],[0,0],[0,0],[-1,0],[0,0],[-1,0],[0,0],[0,0],[0,0],[1,0],[0,0],[1,0],[0,0],[1,0],[0,0],[2,0],[0,0],[1,0],[1,0],[0,0],[0,0],[0,1],[0,0],[0,0],[1,0],[1,0],[0,0],[1,0],[0,0],[0,0],[0,0],[1,0],[0,0],[-1,1],[0,0],[-2,0],[0,0],[-1,0],[0,1],[-2,0],[0,0],[-2,0],[0,0],[0,0],[0,0],[0,0],[0,0],[0,-1],[0,0],[0,0],[-1,0],[0,0],[0,0],[-1,0],[0,0],[0,0],[-1,0],[0,0],[0,0],[-1,0],[0,0],[0,0],[-1,-1],[1,1],[0,0],[0,0],[0,0],[0,0],[-3,0],[-1,0],[-1,0],[0,0],[0,0],[-3,1],[0,0],[-1,-1],[-1,0],[-1,0],[0,0],[0,0],[0,0],[-1,0],[0,0],[-1,0],[-1,0],[0,0],[0,0],[-2,0],[-1,0],[0,0],[0,-1],[0,1],[0,0],[0,0],[-1,0],[-1,0],[-1,0],[0,0],[0,-1],[2,0],[1,0],[0,-1],[1,0],[1,0],[1,0],[0,0],[1,0],[1,0],[0,0],[0,0],[-1,0],[0,0],[-1,0],[0,0],[0,0],[-1,0],[0,-1],[0,0],[-1,0],[0,0],[1,-1],[1,0],[1,0],[0,0],[1,0],[1,0],[0,1],[1,0],[1,0],[0,0],[2,1],[0,0],[1,0],[1,0],[1,0],[0,-1],[1,0],[0,0],[0,0],[1,0],[1,-1],[0,0],[0,0],[0,0],[0,0],[-2,1],[0,0],[-1,0],[0,0],[-1,0],[-1,0],[-1,0],[-1,0],[0,0],[0,0],[-1,-1],[1,0],[1,0],[1,-1],[0,0],[1,0],[-1,0],[0,0],[-1,0],[0,0],[0,0],[-1,0],[0,1],[-1,0],[-2,0],[1,-1],[0,0],[0,0],[-1,0],[-1,1],[-1,0],[-1,0],[0,-1],[0,0],[0,0],[0,0],[1,-1],[0,0],[1,0],[1,0],[2,0],[1,0],[1,-1],[0,1],[3,0],[1,0],[0,0],[0,0],[1,0],[0,0],[2,0],[0,0],[0,0],[1,0],[0,-1],[1,0],[-1,0],[0,0],[-1,0],[0,0],[-1,0],[-1,0],[-2,0],[-1,0],[0,0],[-1,0],[0,0],[0,0],[0,0],[0,0],[1,0],[0,0],[1,0],[1,0],[-1,0],[-1,0],[0,0],[-1,-1],[0,0],[-1,0],[-1,0],[0,-1],[-1,0],[-1,0],[0,0],[-1,0],[0,-1],[-1,0],[1,0],[0,0],[3,0],[2,0],[1,0],[1,0],[1,0],[1,0],[1,1],[1,0],[1,0],[0,0],[1,0],[0,0],[1,1],[2,0],[0,0],[1,-1],[0,0],[0,0],[-2,0],[0,0],[-1,0],[0,0],[-1,0],[-1,0],[-1,-1],[-1,0],[-1,0],[0,0],[1,0],[0,-1],[5,0],[2,0],[1,0],[0,0],[4,-1],[2,0],[1,0],[1,0],[0,0],[-1,0],[-1,0],[-1,0],[-2,0],[0,0],[0,0],[0,0],[1,-1],[0,0],[2,0],[1,0],[1,0],[-3,0],[-1,0],[-1,0],[-1,0],[0,0],[0,0],[-1,1],[0,0],[0,0],[0,0],[-1,0],[0,0],[-1,0],[-2,1],[-1,0],[-1,0],[-2,0],[-1,0],[-1,0],[1,0],[1,0],[0,-1],[-1,0],[0,0],[-2,1],[-1,0],[0,0],[-1,0],[0,0],[-1,0],[-2,0],[0,0],[-1,0],[-1,0],[-1,0],[-1,0],[0,0],[0,0],[1,0],[0,-1],[2,0],[1,0],[2,0],[3,-1],[0,0],[-3,0],[-3,1],[-1,0],[-1,0],[-2,1],[-1,0],[-1,0],[-1,0],[0,0],[-1,-1],[-1,0],[0,0],[-1,0],[0,0],[0,0],[0,0],[2,0],[3,0],[1,0],[2,0],[1,-1],[2,0],[1,0],[-1,0],[0,0],[-2,0],[-2,0],[-2,1],[-4,0],[-1,0],[-1,0],[0,0],[-1,-1],[0,0],[1,0],[1,0],[0,0],[-1,0],[0,0],[1,0],[1,-1],[1,0],[1,0],[2,0],[0,0],[-2,0],[-1,0],[-1,0],[-4,1],[0,0],[-1,0],[0,-1],[2,0],[0,0],[-1,0],[0,0],[-1,0],[0,0],[-1,0],[-1,0],[0,0],[-1,0],[0,0],[1,0],[1,0],[0,0],[2,-1],[1,0],[1,0],[1,0],[0,0],[1,0],[1,0],[1,0],[1,0],[1,0],[1,0],[0,0],[0,0],[1,0],[0,0],[1,0],[1,0],[0,0],[1,0],[0,0],[1,0],[1,0],[0,0],[-1,0],[0,0],[-4,0],[0,-1],[1,0],[1,0],[0,0],[1,0],[1,0],[1,0],[0,0],[1,0],[0,0],[2,0],[1,0],[1,1],[0,0],[1,0],[0,0],[1,0],[0,0],[-1,0],[0,-1],[0,0],[0,0],[0,0],[1,0],[2,1],[3,0],[1,0],[1,0],[0,0],[1,0],[0,0],[-1,0],[-1,0],[-4,0],[-1,-1],[-1,0],[0,0],[0,0],[0,0],[1,0],[1,0],[0,0],[-1,-1],[0,0],[0,0],[0,0],[1,0],[1,0],[1,0],[0,0],[-1,0],[0,0],[0,0],[1,0],[1,0],[1,0],[3,0],[1,0],[0,0],[-1,0],[-2,0],[0,0],[-1,0],[0,0],[0,0],[1,-1],[2,0],[1,1],[2,0],[1,0],[0,0],[1,0],[2,0],[0,0],[1,0],[0,1],[0,0],[1,-1],[0,0],[0,0],[-1,0],[0,0],[-1,0],[-1,0],[-1,-1],[0,0],[4,0],[4,0],[0,0],[1,0],[0,1],[1,0],[1,0],[1,0],[0,0],[-1,0],[-1,0],[0,-1],[0,0],[1,0],[1,0],[2,0],[0,0],[2,0],[1,1],[0,0],[0,0],[-1,-1],[0,0],[0,0],[1,0],[0,0],[3,0],[0,0],[0,0],[1,0],[0,0]],[[239,28],[1,0],[0,0],[1,0],[2,0],[1,0],[1,0],[0,0],[0,0],[0,0],[0,0],[-1,0],[0,0],[0,0],[0,0],[-2,0],[-4,0],[-1,0],[0,0],[0,0],[0,0],[0,0],[0,0],[1,0],[1,0]],[[244,35],[0,0],[1,0],[0,1],[-1,0],[0,0],[0,0],[0,0],[0,0],[0,0],[0,0],[-1,0],[-1,0],[0,0],[-1,0],[0,0],[-1,0],[0,0],[-1,0],[-1,0],[-1,-1],[0,0],[0,0],[0,0],[0,0],[0,0],[0,0],[-1,0],[0,0],[0,0],[0,0],[0,0],[1,0],[0,0],[0,0],[0,-1],[0,0],[1,0],[0,0],[1,0],[1,-1],[1,0],[0,0],[1,1],[0,0],[1,0],[1,0],[0,0],[0,1],[0,0],[0,0],[0,0],[0,0]],[[227,38],[2,1],[0,0],[1,0],[1,-1],[1,0],[0,0],[1,0],[0,0],[0,0],[1,0],[0,0],[0,0],[1,0],[0,1],[0,0],[0,0],[0,0],[-1,0],[0,0],[0,0],[0,0],[-1,0],[0,0],[0,0],[0,0],[0,0],[1,0],[0,0],[0,0],[0,0],[0,1],[0,0],[-1,0],[-1,0],[-1,1],[0,0],[0,0],[0,0],[0,0],[0,0],[1,0],[0,0],[0,0],[1,0],[0,0],[1,0],[0,0],[0,0],[0,0],[0,0],[0,0],[0,0],[1,0],[0,0],[-1,1],[0,0],[1,0],[0,0],[0,-1],[1,0],[0,0],[0,0],[0,1],[0,0],[0,0],[0,0],[0,0],[0,0],[0,0],[-1,0],[0,1],[1,0],[0,0],[0,0],[0,0],[0,0],[0,0],[0,0],[0,0],[0,0],[0,1],[-1,0],[0,0],[0,0],[-1,0],[0,0],[-1,0],[-1,0],[-1,0],[0,0],[0,0],[0,0],[0,0],[0,0],[0,0],[0,0],[0,0],[0,0],[0,1],[1,0],[0,0],[0,0],[-1,0],[0,0],[-1,0],[0,0],[0,0],[-1,0],[0,0],[0,0],[0,0],[-1,0],[0,-1],[-1,0],[-1,0],[0,-1],[-1,0],[0,0],[-1,0],[0,0],[0,0],[0,0],[-1,-1],[0,0],[0,1],[0,0],[-1,0],[0,-1],[0,0],[0,0],[-1,0],[0,0],[-1,0],[-1,-1],[0,0],[0,0],[0,0],[0,0],[1,0],[0,0],[0,-1],[1,0],[0,0],[0,0],[1,1],[0,0],[0,0],[0,0],[0,0],[1,0],[0,0],[0,0],[1,0],[0,0],[1,0],[0,0],[0,0],[1,0],[0,0],[0,0],[0,0],[0,0],[0,0],[0,0],[0,-1],[0,0],[0,0],[0,0],[-1,0],[0,0],[0,0],[0,0],[0,0],[0,0],[1,0],[0,0],[0,0],[1,0],[0,0],[0,0],[-1,0],[0,0],[-1,0],[0,0],[0,0],[-1,0],[-1,-1],[0,0],[0,0],[0,0],[0,0],[0,0],[1,0],[0,0],[0,0],[1,0],[0,0],[0,0],[0,0],[0,0],[0,0],[0,0],[-1,0],[0,0],[0,0],[0,0],[0,-1],[0,0],[1,0],[1,0],[1,0],[0,0],[0,0],[0,0],[-1,0],[0,0],[0,0],[0,0],[1,0]],[[268,62],[0,0],[0,0],[0,0],[1,-1],[0,0],[0,0],[1,0],[0,1],[0,0],[0,0],[1,0],[0,0],[1,0],[0,0],[1,1],[0,0],[0,0],[1,0],[0,0],[1,0],[0,0],[1,0],[0,1],[0,0],[1,1],[0,0],[0,0],[0,0],[-1,0],[0,0],[1,0],[1,0],[0,0],[1,0],[0,0],[0,0],[0,0],[0,0],[1,0],[0,0],[0,0],[0,1],[0,0],[1,0],[0,0],[-1,0],[-1,0],[0,1],[0,0],[-1,0],[0,0],[0,-1],[-2,0],[-1,0],[0,0],[0,0],[0,-1],[-1,0],[-1,0],[0,0],[0,0],[0,0],[0,0],[0,0],[-1,0],[0,0],[0,0],[-1,0],[0,0],[0,1],[0,0],[-1,0],[0,0],[0,0],[0,0],[-1,1],[0,0],[0,0],[0,0],[-1,0],[0,0],[-1,1],[0,0],[-1,0],[0,-1],[0,-1],[0,0],[0,0],[-1,0],[-1,0],[-1,0],[0,0],[-1,0],[0,0],[0,0],[0,0],[0,0],[0,0],[0,0],[0,0],[0,0],[1,-1],[1,0],[0,0],[0,0],[0,0],[0,0],[0,-1],[0,0],[0,0],[0,-1],[0,0],[0,-1],[1,-1],[0,0],[0,0],[0,0],[0,-1],[1,0],[0,0],[0,0],[0,0],[0,0],[1,0],[0,0],[0,1],[0,0],[0,0],[0,0],[0,0],[0,0],[1,0],[0,1]],[[233,31],[0,0],[0,0],[0,0],[0,1],[0,0],[0,0],[0,0],[0,0],[0,0],[0,0],[0,0],[0,1],[0,0],[0,0],[0,0],[-1,0],[1,0],[1,0],[0,0],[0,1],[0,0],[0,0],[0,0],[-1,0],[-1,0],[1,0],[0,1],[0,0],[0,0],[0,0],[0,0],[-1,0],[0,0],[0,0],[0,0],[0,0],[0,0],[0,0],[0,0],[0,0],[-1,0],[0,0],[-1,0],[0,0],[-1,0],[0,0],[0,0],[0,0],[-1,0],[0,0],[-1,0],[-1,0],[0,0],[0,0],[-1,0],[0,0],[1,0],[0,-1],[0,0],[-1,0],[0,0],[0,0],[0,0],[1,0],[1,0],[0,-1],[0,0],[1,0],[1,0],[0,0],[-2,0],[-3,0],[-1,1],[0,0],[-3,0],[0,0],[-1,0],[0,0],[0,-1],[1,0],[1,0],[-1,0],[1,0],[0,0],[1,0],[1,0],[0,0],[1,0],[0,0],[0,0],[-1,0],[0,0],[0,0],[0,0],[0,0],[0,0],[0,-1],[-1,0],[0,0],[0,0],[0,0],[0,0],[0,0],[0,0],[-1,0],[0,0],[0,0],[0,0],[0,-1],[1,0],[0,0],[0,0],[1,0],[0,0],[1,0],[0,1],[0,0],[0,0],[0,0],[2,0],[0,1],[1,0],[0,0],[0,0],[0,0],[1,0],[-1,-1],[0,0],[-1,0],[0,0],[1,0],[0,0],[1,0],[-1,0],[0,0],[-1,0],[0,0],[0,0],[0,0],[1,0],[0,0],[0,0],[-1,-1],[0,0],[-1,0],[-1,0],[0,0],[0,0],[0,0],[1,0],[1,0],[0,0],[1,0],[1,0],[0,0],[1,0],[1,0],[-1,0],[0,0],[1,0],[0,0],[1,0],[0,0],[0,0],[1,0],[1,0],[0,0],[0,0]],[[217,23],[1,0],[1,1],[0,0],[0,0],[0,0],[0,0],[0,0],[0,0],[1,0],[0,0],[0,1],[0,0],[0,0],[0,-1],[0,0],[0,0],[1,0],[0,0],[1,0],[0,0],[1,0],[1,0],[0,0],[0,0],[0,0],[0,1],[0,0],[0,0],[0,0],[1,0],[2,0],[0,0],[1,0],[0,0],[0,0],[0,1],[-1,0],[0,0],[0,0],[0,0],[0,0],[0,0],[1,0],[1,1],[0,0],[0,0],[0,0],[0,0],[0,0],[0,0],[-1,0],[0,0],[-1,1],[-1,-1],[-1,0],[0,0],[0,0],[0,0],[-1,0],[0,0],[0,0],[0,-1],[-1,0],[-1,0],[-1,0],[-1,0],[0,0],[-1,0],[0,0],[0,0],[0,0],[0,0],[-2,0],[-1,0],[-1,0],[-1,0],[0,0],[-1,0],[0,0],[0,0],[0,-1],[0,0],[1,0],[1,0],[1,1],[1,-1],[0,0],[0,0],[-1,0],[0,0],[1,0],[0,0],[0,0],[0,0],[-1,0],[-1,0],[0,0],[0,0],[1,0],[0,-1],[0,0],[-1,0],[0,0],[0,0],[-1,1],[0,0],[-1,0],[0,0],[0,0],[0,0],[1,-1],[0,0],[-1,0],[-1,0],[0,0],[-1,0],[0,0],[0,0],[1,0],[0,-1],[0,0],[1,0],[3,0],[1,0],[0,0]],[[249,18],[0,1],[2,0],[0,0],[1,1],[0,0],[0,0],[0,0],[1,0],[0,0],[1,0],[1,0],[0,0],[0,0],[1,0],[0,0],[0,0],[0,0],[0,0],[0,0],[0,0],[0,0],[0,1],[0,0],[0,0],[1,0],[0,0],[1,0],[1,0],[0,0],[0,0],[0,0],[-1,0],[0,0],[0,0],[0,0],[0,-1],[0,0],[0,0],[1,0],[1,0],[0,0],[0,1],[0,0],[1,0],[-1,0],[0,0],[0,0],[0,0],[0,0],[1,0],[1,0],[0,1],[0,0],[0,0],[0,0],[0,1],[-1,0],[1,0],[0,0],[1,0],[0,-1],[1,0],[0,1],[0,0],[1,0],[0,0],[0,0],[0,0],[1,0],[0,0],[0,0],[0,0],[1,0],[0,0],[1,0],[-1,1],[0,0],[-2,0],[-1,0],[-1,0],[0,0],[-1,0],[0,0],[0,1],[0,0],[0,0],[-1,0],[0,0],[-1,0],[0,0],[0,0],[0,0],[0,-1],[0,0],[0,0],[0,0],[0,0],[-1,0],[0,0],[0,0],[0,1],[0,0],[0,0],[0,0],[0,0],[0,0],[0,0],[1,0],[0,0],[0,0],[-1,1],[0,0],[0,0],[-1,-1],[0,0],[-1,0],[1,0],[0,1],[0,0],[0,0],[-1,0],[0,0],[0,0],[0,0],[-1,0],[-1,0],[0,0],[-1,-1],[0,0],[0,0],[0,0],[0,1],[1,0],[0,0],[0,0],[0,0],[0,1],[0,0],[0,-1],[-1,0],[0,0],[0,0],[0,0],[-1,0],[0,0],[-1,0],[0,0],[1,0],[0,0],[0,0],[0,0],[0,1],[-1,0],[-1,0],[-1,-1],[-1,0],[-1,0],[-1,0],[-1,0],[0,0],[1,0],[1,0],[1,-1],[0,0],[-2,0],[-1,0],[0,0],[-1,0],[0,0],[-1,0],[0,0],[0,0],[0,0],[1,0],[0,0],[0,0],[-2,0],[0,-1],[0,0],[0,0],[0,0],[0,0],[2,0],[1,0],[0,0],[1,0],[0,-1],[2,0],[1,0],[0,0],[-1,0],[-1,0],[-1,0],[0,0],[-1,0],[0,0],[-1,0],[-1,0],[-1,0],[0,0],[0,0],[0,0],[0,0],[0,0],[0,0],[0,0],[-1,0],[0,0],[-1,0],[-1,0],[0,0],[-1,0],[0,0],[-1,0],[1,0],[0,0],[1,0],[2,-1],[0,0],[0,0],[-1,0],[-1,0],[0,0],[-1,0],[-1,0],[0,0],[0,0],[-2,0],[0,0],[0,0],[0,-1],[-1,0],[3,0],[1,0],[2,0],[0,0],[0,0],[0,0],[0,0],[0,0],[1,0],[0,0],[-1,0],[-1,0],[-1,0],[0,0],[-1,0],[0,0],[-1,0],[0,0],[0,0],[0,0],[0,0],[0,0],[0,-1],[1,0],[0,1],[1,-1],[0,0],[-1,0],[-1,0],[0,0],[1,0],[0,0],[1,0],[1,0],[0,0],[1,0],[0,0],[1,0],[1,0],[0,0],[0,0],[-2,0],[0,-1],[-1,0],[-1,0],[0,0],[1,0],[0,0],[2,0],[0,0],[2,-1],[1,1],[0,0],[0,-1],[0,0],[0,0],[0,0],[0,0],[-2,0],[0,0],[0,0],[-1,0],[0,0],[0,0],[0,0],[1,0],[0,0],[1,0],[1,0],[1,0],[1,0],[1,0],[1,0],[0,0]],[[242,30],[1,0],[0,0],[1,0],[0,0],[1,0],[0,0],[0,0],[0,0],[0,0],[0,1],[0,0],[0,0],[0,0],[0,0],[-1,0],[0,0],[1,0],[1,0],[1,0],[1,0],[1,0],[1,0],[0,0],[1,0],[1,0],[0,0],[0,0],[1,0],[-1,0],[0,0],[-1,0],[-1,0],[0,0],[0,0],[0,0],[0,0],[2,0],[4,1],[0,0],[0,0],[0,0],[0,0],[-3,0],[-1,0],[-1,0],[-1,0],[0,0],[1,0],[1,0],[0,0],[1,0],[1,0],[0,1],[0,0],[1,0],[0,0],[0,0],[0,0],[1,0],[0,0],[0,0],[0,0],[0,0],[-1,1],[0,0],[1,0],[0,0],[1,0],[0,0],[0,0],[0,0],[0,0],[0,0],[0,-1],[0,0],[1,0],[0,0],[0,0],[1,1],[1,0],[0,0],[1,0],[0,0],[0,0],[1,-1],[1,1],[0,0],[1,0],[0,0],[1,0],[0,0],[0,0],[0,0],[1,0],[1,0],[1,-1],[0,0],[1,0],[1,0],[0,0],[1,0],[0,0],[1,0],[1,0],[1,0],[1,0],[0,0],[2,0],[1,0],[0,0],[0,0],[0,0],[0,0],[1,0],[1,0],[0,0],[1,1],[0,0],[0,0],[0,0],[0,0],[0,0],[1,0],[0,0],[0,0],[1,0],[0,0],[-1,1],[-1,0],[-1,0],[0,0],[1,0],[0,0],[0,0],[1,0],[0,0],[1,0],[0,0],[0,0],[0,0],[-2,1],[0,-1],[0,0],[-1,0],[0,1],[1,0],[0,0],[0,0],[0,0],[0,0],[0,0],[0,0],[0,0],[-3,0],[0,0],[-1,1],[-1,0],[0,0],[0,0],[-1,-1],[-1,0],[0,0],[-1,0],[0,0],[0,0],[0,0],[0,0],[0,0],[0,0],[0,0],[0,0],[-1,-1],[0,0],[0,0],[0,1],[0,0],[0,0],[0,0],[0,0],[0,0],[0,0],[-1,0],[0,0],[-1,0],[-1,1],[0,-1],[-1,0],[0,0],[0,0],[0,0],[-1,0],[0,0],[0,0],[0,0],[-1,0],[0,0],[0,0],[0,0],[0,0],[-1,1],[0,0],[0,-1],[-1,0],[0,0],[-1,0],[0,0],[0,1],[0,0],[-1,0],[-1,0],[0,0],[-2,0],[-1,0],[0,0],[0,-1],[0,0],[0,0],[0,0],[0,0],[1,0],[-1,0],[0,0],[0,0],[0,0],[-1,0],[0,0],[0,0],[0,0],[0,0],[0,0],[0,0],[0,0],[-1,0],[0,0],[0,0],[0,0],[0,0],[0,0],[0,0],[0,0],[-1,0],[-1,0],[0,0],[-1,0],[-1,0],[0,0],[-1,0],[0,0],[1,0],[0,0],[-1,0],[0,0],[0,0],[0,0],[-1,0],[0,0],[0,0],[-1,0],[0,0],[0,0],[-1,-1],[0,0],[0,0],[0,0],[0,0],[0,0],[0,0],[-1,-1],[0,0],[0,0],[0,0],[0,0],[1,0],[0,-1],[0,0],[0,0],[0,0],[0,0],[0,0],[0,0],[-1,-1],[0,0],[-1,0],[0,-1],[-1,0],[0,0],[-1,1],[0,0],[0,0],[-1,0],[-1,0],[-1,0],[0,0],[-1,0],[0,0],[-1,-1],[-1,0],[0,0],[-1,0],[1,0],[0,0],[0,0],[1,0],[-1,0],[0,0],[-2,0],[-1,-1],[0,0],[0,0],[0,0],[0,0],[1,0],[0,0],[0,0],[1,0],[-1,0],[0,0],[-1,0],[0,0],[0,0],[1,0],[0,0],[0,0],[1,0],[0,0],[1,0],[1,0],[1,0],[1,0],[1,0]],[[237,26],[1,0],[1,0],[0,0],[1,0],[1,0],[0,0],[0,0],[-1,0],[0,0],[-1,0],[1,0],[0,1],[1,0],[0,0],[-1,0],[0,0],[-1,0],[0,0],[0,0],[-1,0],[-2,0],[0,0],[-1,0],[0,0],[0,0],[0,0],[0,0],[0,0],[0,0],[-1,0],[-1,0],[0,0],[0,0],[1,0],[1,0],[0,0],[0,0],[0,0],[-1,-1],[-1,0],[0,0],[-1,0],[0,0],[0,0],[-1,0],[0,0],[0,0],[0,0],[0,0],[1,-1],[0,0],[-1,0],[0,0],[0,0],[1,0],[0,0],[1,0],[1,0],[0,0],[1,0],[1,0],[0,0],[1,0],[0,0],[0,0],[0,1]],[[245,37],[1,1],[1,0],[0,0],[1,0],[0,0],[1,0],[1,0],[1,0],[1,0],[1,0],[0,0],[0,0],[0,1],[-1,0],[0,0],[-1,0],[0,0],[0,0],[0,0],[0,1],[-1,0],[0,0],[0,0],[0,0],[0,0],[0,1],[-1,0],[0,0],[-1,0],[0,0],[-1,0],[-2,0],[-1,0],[-2,0],[1,0],[0,0],[1,1],[0,0],[0,0],[0,0],[0,0],[0,0],[-1,1],[0,0],[0,0],[0,0],[-1,0],[-1,0],[-1,0],[0,0],[0,0],[0,-1],[0,0],[-1,-1],[0,0],[0,0],[0,0],[0,0],[0,-1],[0,0],[0,0],[0,-1],[0,0],[0,0],[0,0],[0,0],[0,0],[0,0],[1,0],[1,0],[0,0],[0,0],[0,0],[0,0],[-1,-1],[0,0],[0,0],[0,0],[0,0],[0,0],[0,0],[0,0],[1,0],[1,0],[1,0],[1,0],[0,-1],[1,0],[0,0]],[[234,50],[0,0],[0,0],[0,0],[0,0],[0,0],[1,0],[0,0],[0,0],[1,0],[1,1],[0,0],[0,0],[1,1],[0,0],[0,0],[1,0],[0,0],[0,0],[0,0],[1,0],[0,0],[-1,0],[0,0],[0,0],[-1,0],[0,0],[0,1],[0,0],[-1,0],[0,0],[-1,0],[-1,0],[-1,0],[0,0],[-1,0],[-1,-1],[-1,0],[0,0],[0,0],[0,0],[0,0],[0,0],[0,0],[0,0],[0,0],[-1,0],[0,0],[0,0],[0,0],[0,0],[0,0],[0,0],[0,0],[-1,0],[0,0],[0,0],[0,0],[0,0],[0,0],[-1,0],[0,0],[0,-1],[0,0],[0,0],[0,0],[1,0],[1,0],[0,0],[1,0],[0,0],[0,0],[0,0],[0,-1],[0,0],[0,0],[0,0],[0,0],[0,0],[0,0],[0,0],[0,0],[0,0],[1,0],[0,0],[0,0],[0,0],[-1,0],[0,0],[0,0],[0,0],[0,-1],[1,0],[0,0],[0,0],[1,0],[0,0],[0,0],[1,1],[0,0],[0,0],[0,0],[0,0],[0,0]],[[333,115],[0,0],[0,-1],[1,0],[0,1],[-1,0],[0,0],[0,0],[0,0],[0,0],[0,0],[0,0],[0,0],[1,0],[0,0],[0,0],[0,0],[1,0],[0,0],[-1,0],[0,0],[0,-1],[0,0],[1,0],[0,0],[0,0],[0,0],[0,0],[0,0],[1,0],[0,0],[0,0],[0,0],[0,0],[0,0],[0,0],[0,1],[0,0],[0,0],[0,0],[-1,0],[0,0],[-1,1],[0,0],[0,-1],[-1,1],[0,0],[0,0],[0,0],[-1,0],[0,0],[0,-1],[0,0],[0,0],[0,-1],[0,0],[0,0],[1,0],[0,-1],[0,-1],[1,0],[0,0],[0,0],[0,0],[1,0],[0,0],[0,0],[0,0],[0,0],[0,0],[0,1],[0,0],[0,1],[0,0],[0,0],[-1,0],[0,0],[0,0],[0,0],[-1,1]],[[317,117],[-1,0],[0,0],[0,0],[0,0],[0,0],[0,0],[0,0],[0,0],[0,-1],[0,0],[0,0],[0,0],[0,0],[0,0],[0,0],[0,0],[0,0],[0,0],[0,0],[0,0],[0,0],[0,-1],[-1,0],[0,0],[0,0],[0,0],[0,0],[0,0],[0,0],[0,0],[0,0],[0,0],[0,0],[0,0],[0,0],[0,0],[0,0],[0,0],[0,0],[0,-1],[0,0],[0,0],[0,-1],[0,0],[0,-1],[0,0],[0,-1],[-1,0],[0,0],[-1,0],[0,0],[0,0],[0,0],[0,0],[-1,0],[0,0],[0,0],[0,0],[-1,0],[0,0],[0,0],[0,0],[0,-1],[0,0],[0,1],[-1,0],[0,0],[0,0],[-1,1],[0,0],[0,0],[0,1],[-1,0],[0,0],[0,1],[0,0],[0,0],[0,0],[0,1],[0,0],[0,0],[0,0],[0,0],[-1,0],[0,0],[0,1],[0,0],[0,0],[0,0],[0,0],[0,0],[-1,0],[0,0],[0,0],[0,0],[0,0],[0,0],[0,0],[0,0],[0,0],[0,0],[-1,0],[0,0],[0,1],[0,0],[-2,0],[-1,0],[-1,0],[-1,0],[-1,0],[-1,0],[-1,0],[-1,0],[0,0],[0,0],[1,0],[1,0],[0,-1],[1,0],[0,0],[0,0],[0,-1],[0,0],[1,0],[0,-1],[0,0],[1,0],[1,-1],[0,0],[1,0],[0,0],[0,0],[0,0],[1,0],[1,-1],[0,0],[1,0],[0,0],[1,0],[1,-1],[0,0],[0,0],[1,-1],[0,0],[1,-1],[0,0],[1,0],[0,-1],[1,0],[0,0],[1,0],[0,-1],[0,0],[1,0],[1,0],[2,-1],[1,0],[1,0],[1,0],[1,0],[0,0],[2,0],[1,0],[0,0],[0,1],[0,0],[0,0],[0,0],[0,0],[0,0],[0,0],[0,1],[-1,0],[0,0],[0,0],[0,0],[-1,1],[0,0],[0,0],[-1,0],[0,0],[-1,0],[0,-1],[0,1],[-1,0],[0,0],[0,0],[-1,0],[0,0],[0,0],[0,0],[1,0],[0,0],[1,0],[0,0],[1,1],[0,0],[0,0],[0,0],[1,-1],[0,0],[0,1],[1,0],[0,0],[0,0],[0,0],[0,1],[-1,0],[-1,0],[1,1],[0,0],[0,-1],[0,0],[1,1],[0,0],[0,0],[0,0],[0,1],[0,0],[0,0],[0,0],[0,0],[1,1],[0,0],[0,0],[1,0],[0,0],[0,0],[1,0],[-1,0],[0,1],[1,0],[0,0],[0,0],[1,0],[0,0],[0,0],[0,0],[1,0],[0,0],[1,0],[0,0],[-1,0],[1,0],[0,0],[0,0],[0,0],[1,0],[1,0],[0,0],[0,0],[0,0],[0,0],[0,0],[1,0],[0,0],[0,1],[1,0],[-1,0],[0,0],[0,0],[1,0],[0,0],[0,0],[0,0],[0,1],[0,-1],[-1,1],[0,0],[0,0],[0,0],[-1,0],[0,0],[0,0],[-1,0],[0,0],[-1,1],[-1,0],[0,0],[0,0],[-1,0],[0,0],[0,0],[0,0],[-1,0],[0,0],[0,0],[0,0],[0,0],[0,1],[0,0],[0,0],[-1,-1],[0,0],[0,0],[0,0],[0,0],[0,1],[0,-1],[-1,0],[0,1],[0,0],[0,0],[0,0],[0,0],[0,0],[-1,1],[0,0],[0,0],[0,0],[-1,1],[0,0],[0,0],[-1,0],[0,0],[0,0],[0,0],[0,0],[0,0],[0,0],[0,0],[-1,0],[0,0],[0,-1],[0,0],[0,1],[-1,0],[0,-1],[0,0],[0,0],[0,-1],[1,-1],[0,0],[-1,1],[0,0],[0,0],[1,-1],[0,0],[0,0],[0,0],[1,0],[0,0],[0,0],[0,0],[-1,0],[0,0],[1,0],[2,-1],[0,0],[1,-1],[0,0],[0,0],[0,0],[0,0],[0,1],[0,0],[0,0],[0,0],[1,0],[0,0],[0,0],[1,-1],[1,0],[0,0],[-1,0],[-1,0],[0,0],[-1,0],[-1,0],[0,0],[0,0],[0,0],[0,0],[0,0],[0,0],[1,-1],[0,0],[0,0],[0,0],[0,0],[0,0],[0,0],[-1,0],[0,0],[0,0],[0,0],[0,0],[-1,1],[0,0],[-1,0],[-1,1],[0,0],[-1,-1],[0,0],[1,0],[-1,0],[0,0],[0,0],[0,0],[0,1],[0,0],[0,0],[-1,0],[0,0],[0,0],[-1,0],[0,0],[0,0],[0,0],[0,0],[0,0]],[[348,99],[0,1],[0,0],[0,0],[0,0],[-1,0],[0,0],[0,0],[0,0],[0,0],[0,0],[0,0],[0,0],[0,0],[0,0],[1,0],[0,1],[-1,0],[0,0],[0,0],[0,0],[0,0],[0,0],[0,1],[-1,0],[0,0],[0,0],[0,1],[0,0],[-1,0],[0,0],[0,0],[0,1],[0,0],[0,0],[0,0],[0,0],[0,0],[0,0],[0,0],[0,0],[0,1],[0,-1],[0,0],[1,0],[0,0],[0,0],[0,-1],[0,0],[0,0],[1,0],[0,0],[0,0],[-1,1],[0,0],[1,0],[0,-1],[0,0],[1,1],[0,0],[0,0],[0,0],[0,0],[0,0],[0,0],[-1,0],[0,1],[0,0],[0,-1],[0,0],[0,0],[0,0],[0,0],[0,1],[0,0],[0,0],[0,0],[1,0],[0,0],[1,0],[0,0],[0,0],[0,0],[0,0],[0,0],[0,0],[0,0],[0,0],[0,0],[0,0],[0,0],[0,0],[0,1],[0,0],[0,0],[0,0],[0,0],[0,0],[0,0],[0,0],[0,0],[0,0],[0,-1],[1,0],[0,0],[0,1],[0,-1],[0,0],[0,0],[0,0],[0,0],[1,0],[0,0],[0,0],[0,0],[0,0],[0,0],[0,0],[0,0],[0,0],[0,0],[1,0],[0,0],[1,0],[0,0],[0,0],[0,0],[1,1],[0,0],[0,0],[-1,0],[0,0],[0,0],[0,0],[0,0],[0,1],[-1,0],[0,0],[1,0],[0,0],[0,0],[0,0],[0,0],[-1,0],[0,0],[1,0],[0,0],[0,0],[0,0],[0,0],[0,1],[0,0],[-1,0],[0,0],[0,0],[1,0],[0,0],[0,0],[0,0],[0,0],[1,0],[0,-1],[0,0],[0,0],[1,0],[0,0],[0,0],[0,0],[0,0],[0,0],[0,1],[0,0],[0,0],[0,0],[0,0],[-1,0],[0,0],[0,0],[0,0],[-1,0],[1,0],[0,1],[0,0],[-1,0],[0,0],[0,0],[0,0],[0,0],[0,0],[0,0],[0,0],[0,0],[0,1],[0,0],[0,0],[0,0],[0,0],[0,0],[0,0],[1,0],[0,-1],[1,0],[0,0],[0,0],[1,0],[-1,0],[0,0],[0,0],[0,0],[0,1],[0,0],[0,0],[0,0],[0,0],[0,0],[0,0],[0,0],[1,0],[0,0],[0,0],[0,0],[0,0],[0,0],[0,0],[0,0],[0,1],[-1,0],[0,1],[0,0],[0,0],[0,0],[0,0],[0,1],[0,0],[0,0],[0,0],[-1,0],[0,-1],[0,0],[0,0],[0,1],[0,0],[0,0],[-1,0],[1,-1],[0,0],[-1,0],[1,-1],[0,0],[-1,0],[0,0],[0,0],[0,1],[0,0],[-1,0],[0,0],[0,0],[0,0],[0,0],[0,0],[0,0],[0,-1],[0,0],[1,0],[0,-1],[0,0],[0,0],[0,0],[-1,0],[0,-1],[0,0],[0,0],[0,1],[-1,0],[0,0],[0,1],[0,0],[0,0],[0,0],[0,-1],[0,0],[0,0],[0,1],[-1,0],[0,0],[0,0],[-1,0],[0,0],[0,1],[0,0],[0,0],[0,0],[-1,0],[0,0],[0,0],[0,0],[-1,0],[0,0],[0,0],[0,0],[0,0],[0,0],[0,0],[1,-1],[0,0],[0,0],[1,0],[0,0],[0,-1],[1,0],[0,0],[0,0],[0,0],[0,0],[0,0],[0,0],[-1,0],[0,0],[0,0],[0,0],[0,0],[-1,0],[0,0],[0,0],[0,0],[0,0],[-1,0],[0,0],[0,0],[0,0],[0,0],[0,0],[0,0],[0,-1],[0,1],[0,0],[0,0],[0,0],[0,0],[-1,0],[0,0],[0,0],[0,0],[-1,0],[0,0],[-1,0],[-1,0],[-1,0],[0,0],[0,0],[-1,0],[0,0],[0,0],[0,0],[-1,0],[0,0],[0,0],[-1,0],[-1,0],[0,0],[0,0],[0,0],[0,-1],[0,0],[0,0],[0,0],[1,0],[1,-1],[0,0],[0,0],[1,0],[0,0],[-1,0],[0,0],[-1,-1],[0,1],[-1,0],[0,-1],[1,0],[0,0],[0,0],[0,0],[0,0],[0,0],[0,0],[1,0],[0,0],[0,0],[0,0],[0,-1],[0,0],[0,0],[1,0],[0,0],[0,0],[0,0],[0,0],[0,0],[0,0],[0,0],[0,0],[0,0],[1,0],[-1,0],[0,0],[0,-1],[0,0],[0,0],[0,0],[0,0],[1,0],[0,0],[0,0],[0,0],[0,0],[0,-1],[0,0],[0,-1],[1,0],[0,-1],[0,0],[0,0],[0,0],[1,0],[0,0],[-1,0],[0,0],[0,0],[0,0],[1,-1],[0,0],[0,0],[0,0],[0,0],[0,0],[0,0],[0,0],[1,-1],[0,0],[0,0],[0,0],[0,0],[1,0],[0,-1],[1,0],[0,0],[0,0],[1,0],[0,0],[0,0],[0,0],[0,0],[0,0],[0,0],[0,0]],[[263,46],[0,0],[1,0],[1,0],[0,0],[1,0],[1,0],[1,0],[0,0],[-1,0],[1,0],[0,0],[0,0],[0,0],[0,0],[0,-1],[1,0],[0,0],[0,-1],[-1,0],[0,0],[0,0],[-1,0],[0,0],[0,0],[0,0],[-1,0],[0,0],[-1,-1],[0,0],[0,0],[1,0],[0,0],[1,0],[0,0],[1,0],[1,0],[0,0],[1,0],[0,0],[-1,0],[0,0],[-1,0],[0,0],[0,-1],[1,0],[0,0],[-1,0],[0,0],[0,0],[-1,0],[0,0],[0,0],[-1,0],[0,0],[0,0],[0,0],[0,-1],[0,0],[0,0],[0,0],[0,0],[1,0],[0,0],[1,0],[2,0],[0,0],[-3,0],[0,0],[-1,-1],[2,0],[1,0],[0,-1],[1,0],[1,0],[0,0],[0,0],[0,0],[0,0],[1,0],[1,0],[0,0],[1,0],[0,0],[1,0],[1,0],[1,0],[0,0],[1,0],[0,0],[0,1],[1,0],[0,0],[0,0],[1,0],[0,0],[0,1],[0,0],[0,0],[0,0],[1,0],[0,0],[-1,0],[0,1],[-1,0],[0,0],[-1,1],[0,0],[1,-1],[1,0],[0,0],[-1,0],[0,1],[0,0],[0,0],[0,0],[0,0],[0,0],[0,0],[0,0],[0,0],[0,0],[0,0],[0,1],[0,0],[0,0],[0,0],[0,0],[0,-1],[1,0],[1,0],[0,0],[1,0],[0,0],[-1,0],[0,-1],[0,0],[0,0],[1,0],[0,0],[0,0],[0,0],[0,0],[0,1],[1,-1],[0,0],[1,0],[0,1],[0,0],[0,0],[0,0],[1,1],[0,0],[0,0],[0,0],[0,0],[0,-1],[0,0],[-1,0],[1,0],[0,-1],[0,0],[1,1],[0,0],[0,0],[2,0],[0,0],[0,0],[0,0],[-1,0],[-1,-1],[0,0],[-1,0],[0,0],[1,0],[0,0],[0,0],[1,-1],[0,0],[1,0],[1,0],[1,0],[0,0],[1,1],[1,0],[0,0],[0,0],[1,0],[0,0],[1,0],[0,0],[1,0],[0,0],[0,1],[0,0],[-1,0],[0,0],[-1,1],[0,0],[0,0],[-1,0],[1,0],[0,0],[0,0],[0,0],[1,-1],[1,0],[0,0],[1,0],[0,0],[1,0],[0,0],[0,0],[0,0],[0,1],[0,0],[0,0],[-1,0],[0,0],[-1,0],[-1,0],[0,0],[1,0],[1,0],[0,0],[-1,1],[0,0],[0,0],[0,0],[0,0],[0,0],[0,1],[1,-1],[0,0],[0,0],[0,-1],[1,0],[0,0],[1,0],[0,0],[0,0],[1,0],[0,0],[-1,0],[-1,1],[1,0],[0,0],[0,0],[1,-1],[0,1],[0,0],[0,0],[1,0],[0,0],[0,0],[0,0],[0,0],[0,0],[1,-1],[0,0],[1,0],[0,0],[0,0],[1,0],[1,1],[0,0],[1,0],[0,0],[0,0],[0,0],[0,0],[0,0],[0,1],[0,0],[-1,0],[0,0],[-1,0],[0,0],[-1,0],[0,0],[0,1],[-1,0],[1,0],[1,-1],[0,0],[0,0],[1,0],[1,0],[0,0],[1,0],[0,0],[0,0],[0,0],[1,0],[0,0],[0,0],[0,0],[0,1],[-1,0],[-1,0],[0,0],[-1,0],[0,0],[0,1],[0,0],[-1,0],[1,0],[0,0],[0,0],[0,-1],[1,0],[0,0],[0,0],[0,0],[0,0],[0,1],[0,0],[0,0],[0,0],[1,-1],[0,0],[0,0],[1,0],[1,0],[0,0],[1,0],[0,0],[1,0],[0,0],[0,0],[1,0],[0,0],[0,0],[1,0],[1,0],[0,0],[0,0],[0,0],[0,1],[0,0],[0,0],[0,0],[-1,0],[0,0],[0,0],[-1,0],[0,0],[-1,0],[-1,0],[-1,1],[1,0],[0,0],[0,0],[1,-1],[0,0],[1,0],[1,0],[0,0],[0,0],[0,0],[0,0],[0,1],[0,0],[-1,0],[1,0],[0,0],[0,0],[1,0],[0,0],[0,0],[0,0],[1,0],[0,-1],[-1,0],[0,0],[0,0],[1,0],[0,0],[0,0],[1,0],[0,0],[1,1],[0,0],[0,0],[0,0],[0,0],[0,1],[0,0],[0,0],[-1,-1],[-1,0],[0,1],[0,0],[-1,0],[0,0],[0,0],[-1,0],[0,0],[-1,0],[0,0],[0,0],[0,0],[1,0],[1,0],[1,0],[0,0],[1,0],[0,0],[1,0],[0,0],[1,0],[0,1],[1,0],[0,0],[0,0],[0,0],[0,0],[-1,0],[-1,0],[0,0],[0,0],[-1,0],[0,0],[-1,0],[0,0],[-1,0],[-1,0],[-1,0],[0,0],[2,0],[0,0],[1,0],[1,0],[0,0],[0,1],[0,0],[-1,0],[0,0],[-1,0],[0,0],[0,0],[-1,0],[0,0],[-1,0],[-1,0],[0,0],[1,0],[1,0],[1,0],[0,0],[1,0],[0,0],[0,1],[0,0],[0,0],[0,0],[1,0],[0,0],[0,0],[1,0],[0,0],[0,0],[1,0],[0,0],[1,0],[0,0],[0,0],[-1,0],[0,0],[0,1],[0,0],[0,0],[0,0],[0,0],[0,0],[1,0],[0,0],[0,0],[0,0],[0,0],[0,0],[0,0],[1,0],[0,0],[0,0],[-1,1],[0,0],[0,0],[0,0],[1,0],[0,0],[0,-1],[1,0],[0,0],[0,0],[0,0],[0,1],[0,-1],[0,0],[1,0],[0,0],[0,0],[0,1],[0,0],[0,0],[0,0],[0,0],[0,0],[0,0],[1,-1],[0,0],[0,0],[1,0],[0,0],[0,0],[-1,0],[0,1],[0,0],[0,0],[1,0],[0,0],[1,0],[0,0],[1,0],[0,0],[0,0],[0,1],[0,0],[-1,0],[0,0],[-1,0],[0,0],[0,0],[1,0],[0,0],[1,0],[0,0],[1,0],[0,0],[0,0],[0,0],[0,0],[1,0],[1,0],[-1,1],[0,0],[0,0],[0,0],[0,0],[-1,1],[0,0],[1,-1],[0,0],[1,0],[0,0],[0,0],[1,0],[0,0],[0,0],[1,0],[1,0],[0,0],[1,1],[0,0],[0,0],[0,0],[0,0],[0,0],[-1,0],[0,0],[-1,0],[0,0],[0,0],[1,0],[1,1],[0,0],[-1,0],[0,0],[-1,0],[0,0],[0,0],[-1,0],[0,0],[0,0],[0,0],[0,0],[0,0],[1,0],[0,1],[1,0],[-1,0],[0,0],[-1,0],[0,0],[0,0],[0,0],[0,0],[0,0],[0,0],[0,0],[0,0],[0,1],[0,0],[-1,0],[0,0],[0,0],[-1,0],[0,0],[0,-1],[0,0],[0,0],[0,1],[-1,0],[0,0],[0,0],[1,0],[0,0],[0,1],[0,0],[-1,0],[0,1],[0,0],[0,-1],[0,0],[-1,0],[0,0],[0,0],[0,0],[-1,0],[0,0],[0,0],[0,-1],[0,0],[0,1],[0,0],[0,0],[-1,0],[0,0],[0,0],[-1,-1],[0,0],[0,0],[0,0],[0,0],[-1,0],[0,0],[0,-1],[0,0],[1,0],[0,0],[0,0],[1,0],[0,0],[0,-1],[1,0],[0,0],[0,0],[-1,0],[0,0],[0,0],[-1,1],[-1,0],[0,0],[0,0],[-1,0],[0,0],[0,0],[1,-1],[-1,0],[0,0],[0,0],[0,0],[-1,0],[0,0],[0,0],[-1,0],[0,0],[0,0],[0,-1],[-1,0],[0,0],[0,0],[0,0],[0,0],[0,0],[0,0],[-1,0],[0,0],[0,0],[0,1],[0,0],[0,0],[0,0],[0,0],[-1,0],[0,0],[-1,-1],[0,0],[1,1],[0,0],[0,0],[1,1],[0,0],[0,0],[0,0],[0,0],[-1,0],[0,0],[-1,0],[0,-1],[-1,0],[0,0],[-1,0],[0,0],[1,0],[0,0],[1,1],[0,0],[-1,0],[0,0],[1,0],[0,0],[0,0],[0,0],[0,0],[0,1],[0,0],[0,0],[0,0],[1,0],[0,0],[0,0],[1,0],[0,0],[0,0],[0,0],[0,0],[1,0],[-1,0],[0,1],[0,0],[0,0],[0,0],[1,0],[0,0],[0,0],[0,0],[0,0],[0,0],[0,0],[0,0],[0,0],[0,0],[1,1],[0,0],[0,0],[0,0],[0,-1],[0,1],[1,0],[0,0],[0,0],[0,0],[0,0],[0,0],[0,0],[0,0],[1,0],[0,0],[0,0],[1,0],[0,0],[0,0],[0,0],[1,1],[-1,0],[0,0],[0,0],[0,0],[1,0],[0,0],[0,0],[0,0],[-1,0],[0,0],[0,0],[0,0],[0,1],[1,0],[0,0],[0,0],[0,0],[0,0],[0,0],[0,0],[1,0],[0,0],[0,0],[0,0],[0,0],[0,0],[0,0],[0,0],[0,1],[1,0],[0,0],[0,0],[0,0],[0,0],[0,1],[0,0],[0,0],[-1,0],[0,0],[0,0],[0,-1],[0,0],[-1,0],[0,0],[0,0],[0,0],[0,0],[0,1],[0,0],[0,0],[0,0],[0,0],[0,0],[1,1],[0,0],[0,0],[0,0],[0,0],[0,0],[0,0],[0,0],[0,0],[-1,0],[0,0],[0,1],[0,0],[0,0],[0,0],[0,0],[-1,0],[0,-1],[-1,0],[0,0],[0,0],[0,0],[0,0],[0,0],[0,0],[-1,0],[0,0],[0,0],[0,0],[0,0],[0,0],[-1,0],[0,0],[0,-1],[0,0],[0,0],[0,1],[0,0],[0,0],[0,0],[0,0],[-1,0],[0,-1],[0,0],[0,0],[0,0],[0,0],[-1,0],[0,0],[0,0],[-1,-1],[0,0],[-1,0],[1,0],[0,1],[0,0],[0,0],[0,0],[-2,-1],[0,0],[-1,0],[0,0],[0,0],[0,0],[0,1],[1,0],[0,0],[1,0],[0,0],[0,1],[1,0],[0,0],[0,0],[0,0],[0,0],[1,0],[0,0],[0,0],[0,0],[1,1],[0,0],[1,0],[0,0],[0,0],[0,0],[1,1],[0,0],[0,0],[1,0],[0,0],[0,0],[0,0],[-1,0],[0,1],[0,0],[0,0],[0,0],[0,0],[0,0],[-1,0],[0,0],[-1,0],[-1,0],[0,-1],[0,0],[0,0],[-3,0],[0,0],[-1,0],[0,0],[-1,0],[0,0],[-1,-1],[0,0],[0,0],[-1,0],[0,0],[-1,0],[0,0],[0,0],[-1,-1],[-1,0],[0,0],[0,0],[0,0],[0,0],[0,0],[-1,0],[0,0],[0,0],[-1,-1],[0,0],[-1,0],[0,0],[1,0],[0,0],[0,0],[1,0],[0,-1],[0,0],[0,0],[-1,0],[0,0],[0,0],[0,0],[0,0],[-1,0],[-1,0],[0,0],[1,0],[0,0],[0,0],[0,0],[0,0],[-1,0],[0,0],[0,0],[-1,-1],[0,0],[0,0],[0,0],[-1,-1],[0,0],[-1,0],[0,0],[0,0],[1,0],[0,0],[-1,0],[0,0],[-1,0],[0,0],[0,0],[0,0],[0,0],[0,0],[0,0],[0,0],[-1,0],[0,0],[0,0],[0,0],[0,0],[-1,-1],[0,0],[0,0],[0,0],[0,0],[0,0],[0,0],[0,0],[0,0],[-1,0],[0,0],[0,0],[1,0],[0,1],[0,0],[-1,0],[0,0],[-1,0],[0,0],[0,0],[-1,0],[0,0],[0,0],[-1,0],[0,0],[-1,0],[0,0],[0,0],[0,0],[-1,1],[0,0],[-1,-1],[0,0],[0,0],[-1,0],[0,0],[0,0],[-1,0],[0,0],[0,0],[0,0],[-1,0],[0,-1],[0,0],[0,0],[0,0],[1,0],[0,0],[0,-1],[0,0],[1,0],[1,0],[0,0],[-1,0],[0,0],[0,-1],[1,0],[0,0],[0,0],[0,0],[1,0],[0,0],[1,0],[1,1],[1,0],[0,0],[1,0],[0,0],[-1,1],[0,0],[0,0],[0,0],[1,0],[0,0],[0,0],[0,0],[0,0],[0,-1],[0,0],[0,0],[0,0],[-1,0],[0,0],[0,0],[1,0],[1,0],[0,0],[0,0],[0,-1],[0,0],[1,0],[0,1],[0,-1],[1,0],[0,0],[0,0],[1,0],[0,0],[1,0],[0,0],[0,0],[0,0],[-1,-1],[0,0],[0,0],[-1,0],[0,0],[0,-1],[0,0],[0,0],[1,0],[1,-1],[0,0],[0,0],[1,0],[0,0],[0,0],[1,0],[0,0],[0,-1],[0,0],[0,0],[1,0],[0,0],[1,-1],[0,0],[-1,0],[0,0],[0,-1],[-1,0],[0,-1],[-1,0],[0,0],[0,-1],[0,0],[0,0],[-1,0],[0,0],[-1,0],[0,0],[0,0],[0,0],[0,0],[0,0],[0,0],[0,0],[0,-1],[0,0],[0,0],[0,0],[-1,0],[1,1],[0,0],[-1,0],[0,0],[0,0],[0,0],[-1,-1],[0,0],[0,0],[0,0],[0,0],[0,0],[-1,0],[0,0],[1,0],[0,0],[-1,0],[0,0],[0,0],[0,0],[1,0],[0,-1],[0,0],[-1,0],[0,1],[0,0],[-1,0],[0,0],[0,0],[0,0],[-1,0],[0,0],[-1,0],[-1,0],[0,0],[0,0],[0,0],[0,0],[0,0],[0,0],[0,0],[0,0],[0,-1],[0,0],[1,0],[0,0],[1,0],[0,0],[0,0],[0,0],[0,0],[0,0],[-1,0],[0,-1],[-1,0],[0,0],[0,0],[0,0],[0,0],[0,0],[0,0],[1,0],[0,0],[-1,0],[0,0],[0,0],[-1,0],[0,0],[0,0],[-1,0],[0,0],[0,0],[0,0],[0,0],[1,0],[0,-1],[0,0],[-1,0],[0,0],[-1,0],[0,0],[0,0],[0,0],[0,0],[0,-1],[-1,0],[0,0],[-1,0],[0,0],[0,0],[-1,0],[0,0],[0,0],[0,0],[0,0],[-1,-1],[0,0],[0,0],[0,0],[-1,0],[0,1],[0,0],[0,0],[0,0],[1,0],[0,0],[0,0],[1,0],[0,1],[0,0],[0,0],[-1,0],[0,0],[-1,0],[0,0],[-1,0],[-1,0],[0,0],[-1,0],[-1,0],[0,0],[-1,0],[-1,0],[0,0],[0,0],[0,0],[1,0],[0,0],[1,0],[0,0],[0,0],[0,0],[0,1],[-2,-1],[-1,0],[-1,0],[0,0],[0,0],[-2,0],[0,0],[0,0],[-1,0],[-1,0],[-2,0],[-1,0],[0,0],[0,0],[0,0],[-2,0],[0,0],[-2,0],[0,-1],[0,0],[0,0],[0,0],[0,0],[0,0],[0,0],[-1,0],[0,0],[0,0],[-1,0],[0,0],[0,0],[0,0],[0,0],[0,0],[-1,0],[0,0],[-1,0],[0,0],[0,0],[0,0],[-1,0],[-1,0],[0,0],[-1,-1],[0,0],[-1,0],[0,0],[0,-1],[0,0],[-1,0],[1,0],[1,0],[1,0],[0,0],[1,0],[0,0],[1,0],[1,0],[1,0],[0,0],[-1,0],[0,0],[-1,0],[0,0],[-1,-1],[-1,0],[-1,0],[-1,0],[-1,0],[0,0],[-1,0],[0,-1],[0,0],[0,0],[0,0],[0,0],[0,-1],[1,0],[0,0],[0,0],[-1,0],[0,0],[0,0],[0,-1],[0,0],[1,0],[0,0],[0,-1],[1,0],[0,0],[0,0],[0,0],[0,-1],[0,0],[0,0],[1,0],[0,0],[0,0],[0,0],[0,0],[1,0],[1,-1],[1,0],[0,0],[1,0],[2,-1],[1,0],[1,0],[2,0],[1,1],[0,0],[0,0],[0,0],[-1,0],[-1,0],[0,0],[-1,1],[0,0],[-1,1],[-1,0],[0,0],[0,0],[0,0],[0,1],[1,0],[0,0],[0,0],[0,1],[0,0],[0,0],[0,0],[0,1],[1,0],[1,0],[0,1],[1,0],[0,0],[1,0],[-1,0],[0,0],[-1,1],[-1,0],[-1,0],[0,0],[-1,0]],[[331,106],[-1,0],[-1,0],[-1,0],[0,0],[-2,-1],[0,0],[0,0],[0,0],[-1,-1],[-1,0],[0,0],[0,0],[0,0],[1,0],[1,0],[1,0],[1,0],[0,0],[1,1],[1,0],[0,0],[1,0],[0,1],[0,0],[0,0],[0,0]],[[326,113],[0,0],[0,0],[0,0],[0,0],[1,0],[0,0],[0,0],[0,0],[0,0],[1,0],[1,0],[0,0],[0,0],[1,0],[0,0],[0,0],[0,0],[0,0],[0,1],[-1,0],[0,0],[0,0],[0,0],[0,0],[0,0],[0,0],[0,1],[-1,0],[0,-1],[0,0],[0,0],[0,0],[0,0],[0,0],[0,0],[0,0],[0,0],[0,0],[0,0],[0,0],[-1,0],[0,0],[0,0],[0,0],[0,0],[0,0],[-1,0],[0,0],[0,0],[0,-1],[0,0],[0,0],[0,0],[-1,0],[0,0],[0,0],[0,0],[0,0],[-1,0],[0,0],[0,0],[0,-1],[0,0],[0,0],[1,0],[0,0],[0,0],[0,0],[0,0],[0,1],[0,0],[0,0],[0,0],[0,0],[1,0],[0,0]],[[276,68],[0,0],[0,0],[0,0],[0,1],[0,0],[0,0],[-1,0],[0,0],[-1,1],[-1,0],[0,0],[0,0],[-1,0],[0,0],[-1,0],[0,0],[0,0],[0,0],[0,0],[0,0],[0,-1],[0,0],[0,0],[1,-1],[0,0],[1,0],[0,0],[0,0],[1,0],[1,0],[0,0],[1,0],[0,0],[0,0]],[[283,70],[0,0],[0,0],[0,0],[0,0],[0,0],[0,1],[0,0],[0,0],[0,0],[-1,0],[0,1],[0,0],[0,0],[0,0],[0,0],[-1,0],[0,-1],[0,0],[0,0],[0,0],[0,0],[0,0],[0,-1],[0,0],[0,0],[0,0],[1,0],[0,0],[0,0],[0,0],[0,0],[1,0]],[[293,53],[2,1],[0,0],[0,0],[0,0],[0,0],[0,0],[0,0],[0,0],[0,1],[0,0],[0,1],[-1,0],[0,0],[0,0],[-1,0],[-1,0],[-1,0],[-1,0],[0,0],[0,0],[0,0],[-1,0],[0,0],[0,0],[0,-1],[0,0],[0,0],[0,-1],[1,0],[0,0],[0,0],[1,0],[0,-1],[1,0],[0,0],[0,0],[1,0],[0,0]],[[283,39],[0,0],[3,0],[1,0],[1,0],[1,0],[0,0],[0,1],[1,0],[0,0],[0,0],[1,0],[0,0],[0,0],[0,0],[0,0],[0,1],[1,0],[0,0],[0,0],[0,0],[-1,0],[-2,0],[-2,0],[-1,0],[-1,0],[-1,0],[-1,0],[0,0],[-1,0],[0,0],[-1,0],[0,0],[0,-1],[0,0],[0,0],[0,0],[-1,0],[-1,0],[0,0],[0,0],[0,-1],[0,0],[0,0],[0,0],[0,0],[0,0],[0,0],[0,0],[0,0],[0,0],[1,0],[0,0],[1,0],[1,0],[1,0]],[[279,96],[0,0],[0,0],[-1,0],[0,0],[-2,-1],[0,0],[0,0],[0,0],[0,0],[0,0],[2,0],[0,0],[1,0],[0,1],[0,0],[0,0],[0,0]],[[284,86],[0,1],[0,0],[0,0],[-1,0],[0,0],[1,0],[0,0],[0,0],[0,0],[-1,0],[0,0],[0,0],[0,0],[0,0],[-1,0],[0,1],[1,-1],[0,0],[0,0],[0,0],[-1,0],[0,0],[-1,0],[0,0],[0,0],[1,0],[0,-1],[1,0],[0,0],[0,0],[0,0],[0,0],[0,0],[0,0],[0,0],[0,0],[0,0],[0,1],[0,0],[0,0],[0,-1],[0,0],[0,0],[0,-1],[0,0],[0,1],[0,0],[1,0],[0,0],[0,0],[0,0],[0,0],[0,0],[0,0],[0,0],[0,0],[0,0],[0,0]],[[254,29],[0,0],[-1,0],[-2,0],[0,0],[0,0],[0,-1],[0,0],[0,0],[0,0],[0,0],[1,0],[0,0],[1,0],[1,0],[0,0],[1,0],[0,1],[0,0],[0,0],[0,0],[-1,0]],[[214,29],[0,0],[-1,0],[-1,0],[0,0],[-1,0],[0,-1],[0,0],[0,0],[0,0],[-1,0],[0,0],[1,0],[0,0],[1,0],[0,0],[1,0],[0,0],[0,0],[0,1],[1,0],[0,0],[0,0],[0,0],[0,0],[0,0],[0,0]],[[230,22],[0,0],[0,0],[0,0],[0,0],[0,0],[-1,0],[0,0],[0,0],[-1,0],[0,0],[-1,0],[0,0],[0,0],[-1,0],[0,-1],[0,0],[0,0],[1,0],[0,0],[0,0],[1,0],[1,0],[0,0],[1,0],[0,0],[0,1]],[[212,41],[0,0],[0,0],[-1,0],[0,-1],[-1,0],[0,0],[0,0],[-1,0],[-1,-1],[0,0],[0,0],[0,0],[0,0],[1,0],[0,0],[3,0],[0,0],[1,0],[0,0],[1,0],[0,0],[0,0],[0,0],[0,0],[0,1],[0,0],[0,0],[-1,0],[0,1],[0,0],[-1,0],[0,0]],[[221,32],[0,1],[0,0],[0,0],[-1,0],[0,0],[0,0],[0,0],[-1,0],[-1,0],[0,0],[0,0],[0,0],[-2,0],[0,0],[0,-1],[0,0],[-1,0],[0,0],[0,0],[1,0],[1,0],[1,0],[1,0],[1,0],[0,0],[0,0],[0,0],[1,0]],[[216,31],[0,0],[0,0],[0,0],[1,0],[0,0],[1,0],[0,0],[0,0],[0,0],[0,0],[0,0],[-1,1],[-2,0],[0,0],[0,-1],[-1,0],[0,0],[0,0],[0,0],[0,0],[1,0],[1,0],[0,0],[0,0],[0,0],[0,0]],[[177,34],[-1,0],[-1,0],[-1,0],[0,0],[0,0],[0,-1],[0,0],[0,0],[1,0],[1,0],[0,0],[1,-1],[1,0],[0,0],[0,0],[1,0],[0,0],[-1,1],[0,0],[0,0],[-1,0],[0,1]],[[189,28],[-1,0],[0,0],[-1,0],[-1,-1],[0,0],[0,0],[0,0],[0,0],[1,0],[0,0],[1,0],[0,0],[0,0],[0,0],[0,0],[1,0],[0,0],[0,0],[0,0],[0,0],[0,0],[0,1],[0,0]],[[144,93],[0,0],[0,0],[0,0],[0,0],[-1,0],[0,0],[0,0],[0,0],[0,0],[0,0],[0,0],[0,0],[0,0],[0,0],[0,0],[0,0],[0,0],[0,0],[0,-1],[0,0],[1,0],[0,0],[0,0],[0,1]],[[145,95],[0,0],[0,0],[-1,-1],[0,0],[0,0],[-1,0],[0,0],[1,0],[0,0],[1,0],[0,0],[0,1],[0,0],[0,0]],[[149,95],[0,1],[0,1],[0,0],[-1,0],[0,0],[0,0],[0,0],[0,0],[0,-1],[0,0],[0,0],[0,0],[0,0],[-1,0],[0,0],[0,0],[0,-1],[0,0],[0,0],[0,0],[0,0],[0,0],[0,0],[0,0],[1,0],[0,0],[0,0],[1,0]],[[323,69],[0,0],[1,0],[0,0],[0,0],[0,1],[0,0],[-1,0],[0,0],[0,0],[-1,-1],[1,0],[0,0],[0,0],[0,0],[0,0],[0,0]],[[313,76],[0,0],[0,-1],[0,0],[0,0],[0,0],[1,0],[0,0],[0,0],[0,0],[1,0],[0,0],[0,0],[-1,0],[0,0],[-1,1]],[[308,69],[0,0],[-1,0],[0,0],[0,0],[-1,0],[0,0],[0,0],[0,-1],[-1,0],[1,0],[0,0],[0,0],[1,0],[0,1],[1,0],[0,0],[0,0],[0,0],[0,0]],[[323,72],[0,0],[0,0],[-1,0],[0,0],[0,0],[-1,0],[0,0],[0,0],[0,0],[1,0],[0,0],[1,0],[0,0],[0,0],[0,0],[0,0],[0,0],[0,0],[0,0]],[[284,33],[0,0],[0,0],[-1,0],[0,0],[-1,0],[0,0],[1,0],[0,-1],[1,0],[0,0],[0,0],[0,0],[0,0],[0,0],[0,1]],[[299,55],[-2,0],[0,0],[-1,0],[0,0],[0,0],[0,-1],[0,0],[0,0],[0,0],[1,0],[0,0],[1,0],[1,0],[0,0],[0,0],[0,0],[0,1],[0,0],[0,0],[0,0]],[[287,67],[0,0],[1,0],[0,0],[0,0],[0,0],[0,0],[0,0],[0,1],[-1,0],[0,0],[0,0],[-1,-1],[0,0],[-1,0],[0,0],[1,0],[0,0],[1,0],[0,0]],[[242,33],[-1,0],[0,0],[0,0],[0,0],[0,0],[0,0],[0,0],[0,0],[0,0],[0,0],[0,0],[1,-1],[0,0],[0,1],[0,0],[0,0],[0,0],[0,0],[0,0],[0,0],[0,0]],[[235,41],[0,0],[0,0],[0,-1],[0,0],[0,0],[0,0],[0,0],[0,0],[1,0],[0,0],[0,0],[0,0],[0,1],[0,0],[0,0],[0,0],[-1,0]],[[231,38],[0,0],[-1,0],[0,0],[0,0],[-1,0],[0,0],[-1,0],[0,0],[0,0],[0,0],[1,0],[0,0],[0,0],[1,0],[0,0],[1,0],[1,0],[1,0],[0,0],[0,0],[0,0],[0,0],[0,0],[0,0],[-1,0],[-1,0]],[[295,53],[0,0],[0,0],[-1,0],[0,0],[0,0],[0,0],[0,0],[0,-1],[0,0],[1,0],[0,1],[0,0],[0,0],[1,0],[-1,0],[0,0],[1,0],[-1,0],[0,0],[0,0]],[[290,67],[0,0],[0,0],[-1,0],[0,-1],[0,0],[1,0],[0,1],[0,0]],[[283,49],[0,1],[0,0],[0,0],[0,0],[-1,0],[-1,0],[0,0],[0,0],[0,0],[0,0],[0,0],[0,0],[0,0],[0,0],[0,0],[-1,0],[0,0],[0,0],[-1,0],[0,0],[0,0],[0,0],[1,0],[0,0],[0,0],[0,-1],[0,0],[1,0],[0,0],[0,0],[0,1],[0,0],[0,0],[1,0],[0,-1],[0,0],[1,0]],[[287,50],[0,0],[0,0],[0,0],[-1,0],[0,0],[-1,0],[0,0],[0,0],[-1,0],[1,0],[0,0],[1,0],[0,0],[0,0],[0,0],[0,0],[0,0],[0,0],[1,0]],[[283,52],[0,0],[0,0],[0,0],[0,0],[0,0],[0,0],[0,0],[0,-1],[1,0],[0,0],[0,0],[1,0],[0,0],[0,0],[0,0],[0,0],[0,0],[0,0],[0,0],[1,0],[0,0],[0,0],[0,0],[0,0],[0,0],[0,0],[0,0],[-1,0],[0,0],[0,0],[0,0],[0,1],[0,0],[-1,0],[0,0],[-1,0]],[[290,51],[-1,0],[0,0],[0,0],[0,0],[-1,0],[1,0],[0,0],[0,-1],[0,0],[0,0],[0,0],[1,0],[0,0],[0,1],[0,0],[0,0],[0,0],[0,0],[0,0],[0,0],[0,0]],[[262,49],[1,0],[0,0],[0,0],[0,0],[0,0],[1,0],[-1,0],[0,0],[0,0],[-1,0],[0,0],[0,0],[-1,0],[0,0],[0,0],[1,-1],[0,0],[0,1]],[[271,60],[0,0],[1,0],[0,1],[0,0],[0,0],[0,0],[0,0],[0,0],[0,0],[0,0],[0,0],[-1,0],[0,0],[0,0],[0,0],[0,0],[0,0],[0,0],[0,0],[0,-1],[0,0],[0,0],[0,0],[-1,0],[0,0],[0,0],[0,0],[0,0],[0,0],[0,0],[-1,0],[0,0],[0,0],[0,-1],[0,0],[1,1],[1,0],[0,0],[0,0],[0,0],[0,0],[0,0],[0,0]],[[263,55],[0,0],[0,0],[0,0],[-1,0],[0,0],[0,0],[0,-1],[1,0],[-1,0],[0,0],[0,0],[0,0],[1,0],[0,0],[0,-1],[0,1],[1,0],[0,0],[0,0],[0,0],[0,0],[0,0],[0,1],[0,0],[0,0],[-1,0],[0,0]],[[269,61],[-1,0],[0,0],[0,0],[0,0],[0,0],[-1,-1],[0,0],[0,0],[0,0],[0,0],[0,0],[0,0],[1,0],[0,0],[0,0],[0,0],[0,0],[0,0],[1,0],[0,1],[0,0],[0,0],[0,0]],[[223,31],[0,0],[-1,0],[0,0],[1,0],[0,0],[1,-1],[0,0],[1,0],[0,0],[1,0],[-1,1],[-2,0]],[[222,28],[0,0],[-1,0],[-1,0],[0,0],[0,-1],[0,0],[0,0],[0,0],[1,0],[1,0],[1,0],[0,0],[1,0],[0,1],[0,0],[0,0],[-1,0],[-1,0],[0,0]],[[255,31],[0,0],[-1,0],[0,0],[0,0],[0,0],[-1,0],[0,0],[-1,-1],[0,0],[1,0],[0,0],[1,0],[0,0],[1,0],[0,0],[0,0],[0,0],[0,1],[0,0],[-1,0],[0,0],[1,0],[0,0],[0,0],[0,0]],[[237,34],[0,0],[0,0],[0,0],[-1,0],[0,0],[0,0],[0,0],[-1,0],[0,0],[0,0],[0,0],[0,0],[0,0],[1,0],[0,0],[0,-1],[1,0],[0,0],[0,0],[0,1],[1,0],[0,0],[-1,0]],[[190,30],[-1,0],[-3,0],[0,0],[0,0],[1,0],[0,0],[2,0],[0,0],[1,0],[0,0],[0,0],[0,0]],[[215,35],[0,0],[-1,0],[-1,0],[0,0],[0,0],[0,0],[1,0],[0,-1],[0,0],[0,0],[1,0],[1,0],[0,0],[0,0],[0,0],[0,0],[0,0],[1,1],[0,0],[0,0],[0,0],[0,0],[-1,0],[-1,0]],[[226,52],[0,0],[0,0],[0,0],[0,0],[-1,0],[0,0],[0,0],[0,0],[0,0],[0,0],[0,0],[0,0],[0,0],[0,0],[0,0],[0,0],[0,0],[0,-1],[0,0],[1,0],[0,1],[0,0],[0,0],[0,0],[0,0]],[[239,50],[0,0],[0,0],[0,0],[0,1],[0,0],[0,0],[-1,0],[0,0],[0,0],[1,-1],[0,0],[-1,0],[0,0],[0,0],[0,0],[0,0],[0,0],[0,0],[0,1],[0,0],[0,0],[0,-1],[0,0],[0,0],[0,0],[0,0],[0,0],[0,0],[0,0],[1,0],[0,0]],[[222,53],[0,0],[-1,0],[-1,-1],[0,0],[0,0],[1,0],[0,0],[0,0],[1,0],[0,0],[0,0],[0,0],[0,1],[0,0],[0,0]],[[214,53],[0,0],[0,0],[-1,0],[0,0],[0,0],[0,0],[0,0],[0,0],[1,0],[0,0],[0,0],[1,0],[0,0],[-1,0],[0,0]],[[256,191],[0,0],[0,0],[1,0],[0,0],[0,0],[0,0],[0,0],[0,0],[1,-1],[0,0],[0,0],[0,0],[1,0],[0,0],[0,0],[0,0],[0,0],[0,0],[0,1],[0,0],[0,1],[0,0],[0,0],[0,1],[0,0],[0,0],[0,1],[0,1],[-1,0],[0,0],[0,1],[0,0],[-1,0],[0,1],[0,0],[0,0],[-1,0],[0,0],[0,0],[0,-1],[0,-1],[0,-1],[0,-1],[0,0],[0,-1],[0,-1]],[[288,174],[0,0],[-1,0],[1,0],[0,0],[0,0],[0,1],[0,0],[0,0],[0,0],[0,0],[0,0],[-1,0],[0,0],[0,0],[0,-1],[0,0],[0,0],[0,0],[0,0],[0,0],[0,0],[1,0],[0,0]],[[289,169],[0,0],[0,0],[-1,0],[1,0],[0,0],[0,-1],[0,0],[0,0],[0,0],[0,0],[0,-1],[-1,0],[-1,0],[0,0],[0,0],[0,0],[1,0],[0,0],[0,0],[1,0],[0,0],[0,0],[0,0],[0,0],[0,0],[0,1],[0,0],[0,0],[0,1],[0,0]],[[300,182],[0,0],[0,1],[-1,0],[0,0],[0,0],[0,0],[0,0],[0,0],[0,-1],[0,0],[0,0],[0,0],[1,0],[0,0],[0,0],[0,0],[0,0],[0,0]],[[287,173],[0,0],[1,0],[-1,0],[0,0],[0,1],[0,0],[0,0],[0,0],[-1,-1],[0,0],[0,0],[0,0],[0,0],[0,0],[0,0],[0,0],[0,0],[0,0],[0,0],[0,0],[0,-1],[0,0],[0,-1],[0,0],[1,0],[0,1],[0,0],[0,0],[0,0],[0,1]],[[285,167],[1,0],[0,0],[0,0],[1,0],[0,0],[0,0],[0,0],[-1,0],[-1,1],[0,0],[0,0],[0,0],[-1,-1],[0,0],[1,1],[0,-1],[0,0],[0,0],[0,0],[0,0],[0,0]],[[956,281],[0,1],[0,0],[0,0],[0,-1],[0,0],[1,0],[0,0],[0,0],[0,0],[0,1],[0,0],[0,0],[0,0],[0,0],[0,1],[-1,0],[0,0],[0,0],[0,0],[0,0],[-1,-1],[1,0],[-1,-1],[0,0],[0,-1],[0,0],[1,0],[0,1]],[[958,284],[0,0],[0,0],[0,0],[0,1],[0,0],[0,0],[1,0],[0,0],[0,0],[0,0],[-1,0],[0,0],[0,0],[0,0],[0,0],[0,0],[0,0],[-1,-1],[0,0],[0,0],[0,0],[0,0],[0,0],[0,0],[0,0],[0,0],[1,0]],[[960,288],[1,1],[0,0],[0,0],[-1,0],[0,0],[0,0],[0,0],[0,0],[0,0],[0,0],[0,-1],[0,0],[0,0],[0,0],[0,0],[0,0]],[[963,292],[0,0],[0,0],[-1,0],[0,0],[0,-1],[0,0],[0,0],[0,0],[0,0],[1,0],[-1,1],[1,0],[0,0]],[[931,263],[0,0],[1,0],[0,1],[-1,0],[0,0],[0,-1],[0,0],[0,0],[0,0],[0,0],[0,0],[-1,0],[0,0],[0,0],[0,0],[0,0],[0,-1],[0,0],[0,0],[0,0],[1,0],[0,0],[0,1],[0,0]],[[937,266],[0,0],[1,0],[0,0],[1,0],[0,0],[0,1],[0,0],[1,0],[0,0],[0,0],[-1,0],[0,0],[0,0],[-1,0],[-1,0],[0,0],[0,0],[0,0],[-1,0],[0,-1],[0,0],[0,0],[0,0],[0,-1],[1,1]],[[937,263],[0,1],[0,-1],[-1,0],[0,0],[-1,0],[0,0],[0,-1],[-1,0],[0,0],[0,0],[0,0],[0,0],[0,-1],[-1,0],[0,0],[0,0],[1,0],[0,0],[1,0],[0,1],[0,0],[0,0],[0,0],[1,0],[0,0],[1,1],[0,0],[0,0],[0,0]],[[930,260],[1,0],[-1,0],[0,0],[0,0],[0,0],[0,0],[-1,0],[0,0],[-1,-1],[0,0],[0,0],[0,-1],[0,0],[0,0],[0,1],[1,0],[0,0],[1,1],[0,0],[0,0],[0,0],[0,0],[0,0]],[[939,263],[1,1],[0,0],[0,0],[0,0],[0,0],[0,0],[0,1],[1,0],[0,0],[0,0],[0,1],[0,0],[0,0],[0,0],[0,0],[0,0],[-1,0],[0,0],[0,-1],[-1,0],[0,-1],[0,0],[0,-1],[0,0],[0,0],[0,0],[0,0],[0,0]],[[942,269],[0,0],[1,0],[0,0],[0,0],[0,0],[1,0],[0,1],[0,0],[0,0],[-1,0],[0,0],[0,0],[0,0],[-1,-1],[0,0],[0,0],[-1,0],[0,-1],[0,0],[0,0],[0,0],[0,0],[0,0],[0,0],[1,0],[0,1],[0,0]],[[29,277],[0,0],[0,1],[0,0],[0,0],[0,0],[-1,0],[0,-1],[0,0],[0,0],[0,0],[0,0],[1,0]],[[31,279],[0,0],[-1,-1],[0,0],[0,0],[0,0],[0,0],[0,0],[1,0],[0,0],[0,0],[0,0],[0,0],[0,1]],[[918,253],[0,0],[0,0],[0,0],[-1,0],[0,-1],[0,0],[0,0],[0,0],[0,-1],[0,0],[-1,-1],[0,0],[0,0],[0,0],[0,0],[-1,0],[0,-1],[0,0],[-1,0],[0,0],[0,-1],[-1,0],[0,0],[-1,0],[0,0],[0,0],[0,-1],[0,0],[1,1],[0,0],[0,0],[1,0],[0,0],[0,0],[1,1],[0,0],[1,0],[0,0],[0,0],[0,1],[1,0],[1,1],[1,1],[0,0],[0,0],[-1,0],[0,1],[0,0],[0,0]],[[915,252],[0,0],[1,0],[0,0],[0,0],[1,0],[-1,0],[0,1],[1,0],[0,0],[-1,0],[0,1],[0,0],[0,0],[0,0],[-1,0],[0,0],[1,1],[0,0],[0,0],[-1,0],[0,0],[0,0],[-1,0],[0,0],[0,1],[0,0],[0,0],[0,0],[-1,0],[0,1],[0,0],[0,0],[-1,0],[0,0],[0,0],[0,0],[-1,0],[0,0],[0,0],[-1,0],[-1,0],[0,0],[0,0],[0,0],[-1,0],[0,0],[0,0],[0,0],[-1,-1],[-1,0],[0,0],[0,0],[0,0],[-1,0],[0,-1],[1,0],[0,0],[0,0],[0,0],[1,0],[0,0],[0,0],[1,0],[0,0],[0,0],[1,0],[0,0],[0,0],[1,0],[0,0],[0,-1],[0,0],[0,0],[0,0],[0,0],[0,0],[0,0],[0,1],[0,0],[1,0],[0,0],[0,0],[0,0],[1,0],[0,0],[0,0],[0,0],[0,0],[1,0],[0,0],[0,-1],[0,0],[1,0],[0,0],[0,0],[0,0],[1,0],[0,-1],[0,0],[-1,-1],[0,0],[0,0],[0,0],[1,0],[0,0],[0,0],[0,0]],[[885,265],[0,0],[0,-1],[0,0],[0,-1],[0,0],[0,-1],[0,0],[0,-1],[0,0],[0,-1],[0,-1],[0,0],[0,0],[0,0],[0,-1],[0,0],[0,0],[0,-1],[0,0],[0,-1],[0,0],[0,-1],[0,-1],[0,0],[0,-1],[0,0],[0,-1],[0,0],[0,-1],[0,0],[0,-1],[0,-1],[0,0],[0,-1],[0,0],[0,-1],[0,0],[0,0],[0,0],[1,0],[0,0],[1,1],[1,0],[0,0],[0,0],[0,0],[1,1],[1,0],[1,0],[0,0],[0,0],[1,0],[0,1],[1,0],[0,0],[0,0],[1,1],[0,0],[0,0],[0,0],[1,0],[0,0],[0,0],[0,0],[0,0],[0,0],[1,0],[0,0],[0,1],[0,0],[1,0],[0,0],[0,0],[1,1],[0,1],[0,0],[0,1],[1,0],[0,0],[1,0],[0,1],[2,0],[0,0],[0,0],[1,0],[0,0],[0,1],[0,0],[1,0],[0,0],[0,0],[0,0],[0,1],[0,0],[0,0],[0,0],[0,1],[-1,0],[-1,0],[0,0],[0,0],[0,0],[0,1],[0,0],[1,1],[0,0],[0,0],[0,0],[1,1],[0,0],[0,0],[1,0],[0,0],[0,1],[0,0],[0,0],[0,1],[1,0],[0,0],[0,1],[0,0],[0,0],[1,0],[1,0],[0,0],[0,0],[0,0],[0,0],[0,1],[0,0],[0,0],[0,0],[1,0],[0,0],[1,0],[0,1],[0,0],[0,0],[0,0],[0,0],[-1,0],[0,0],[1,0],[0,1],[0,0],[0,0],[0,0],[1,0],[0,0],[0,0],[0,0],[1,0],[0,0],[0,0],[0,0],[-1,0],[0,0],[0,1],[1,0],[0,0],[0,0],[-1,0],[0,0],[0,0],[-1,0],[0,0],[0,0],[0,0],[0,0],[-1,-1],[0,0],[0,0],[-1,0],[-1,0],[0,0],[-1,0],[0,0],[0,0],[0,0],[0,0],[-1,0],[0,0],[0,0],[0,0],[-1,0],[0,0],[0,0],[-1,-1],[0,0],[0,0],[0,0],[0,-1],[-1,0],[0,0],[0,-1],[0,0],[0,0],[0,0],[-1,0],[0,0],[0,0],[-1,-1],[0,0],[0,-1],[0,0],[0,0],[-1,0],[0,-1],[0,0],[0,0],[0,0],[-1,0],[0,0],[0,0],[0,0],[-1,0],[0,0],[0,0],[-1,-1],[0,0],[0,0],[0,0],[0,0],[-1,0],[0,0],[0,0],[0,0],[0,0],[0,0],[0,0],[-1,0],[0,0],[0,0],[0,0],[0,0],[-1,0],[0,0],[0,0],[0,0],[0,0],[0,0],[0,1],[0,0],[0,0],[0,0],[0,0],[0,0],[0,0],[-1,0],[0,0],[0,0],[0,0],[1,1],[-1,0],[0,0],[-1,0],[0,0],[-1,0],[0,0],[0,0],[0,0],[-1,0],[0,0],[0,0],[0,-1],[0,1],[0,0],[0,0],[0,0],[0,0],[0,0],[1,0],[0,0],[1,0],[0,0],[0,0],[0,1],[1,0],[0,0],[0,0],[0,1],[0,0],[-1,0],[0,0],[-1,0],[0,1],[0,0],[-1,-1],[0,0],[0,0],[0,0],[-1,0],[-1,0],[0,0],[0,0],[0,0],[-1,0],[0,0],[0,0],[-1,0]],[[913,268],[0,0],[0,-1],[0,0],[1,0],[-1,1],[0,0],[0,0],[0,-1],[-1,0],[0,0],[0,0],[0,0],[0,0],[0,0],[1,0],[0,0],[0,1]],[[902,246],[1,0],[0,0],[0,0],[0,0],[0,0],[0,0],[0,0],[0,0],[0,0],[-1,0],[0,0],[0,0],[0,0],[-1,0],[0,0],[0,0],[0,0],[0,0],[0,0],[0,0],[0,0],[0,0],[0,0],[0,0],[0,-1],[1,1]],[[911,247],[0,0],[-1,0],[0,0],[0,0],[0,0],[0,0],[0,0],[1,0],[0,0],[0,0],[0,0],[0,0],[0,0]],[[911,266],[1,0],[0,0],[0,0],[0,0],[0,0],[0,1],[0,0],[0,0],[0,0],[0,0],[0,0],[0,-1],[-1,0],[0,0],[0,0],[0,0],[0,0],[0,0],[0,0],[0,0]],[[926,258],[0,1],[0,0],[0,0],[0,0],[0,0],[0,0],[-1,0],[0,0],[0,0],[0,0],[-1,-1],[0,0],[0,0],[0,-1],[0,0],[0,0],[0,0],[-1,0],[0,-1],[0,0],[0,0],[0,0],[0,-1],[0,0],[0,0],[0,0],[0,0],[1,0],[0,1],[0,0],[0,0],[0,0],[1,0],[0,0],[0,1],[0,0],[0,0],[0,0],[1,0],[0,1],[0,0],[0,0],[0,0]],[[973,353],[1,0],[0,0],[0,0],[0,0],[1,-1],[0,0],[0,0],[0,0],[1,0],[-1,0],[0,0],[0,0],[0,0],[0,1],[0,0],[0,0],[0,0],[0,0],[0,0],[0,0],[1,-1],[0,0],[0,0],[0,0],[0,0],[0,0],[0,0],[0,0],[0,0],[0,0],[0,1],[0,0],[0,0],[0,0],[0,0],[0,0],[1,0],[0,0],[-1,0],[0,0],[0,0],[0,0],[0,0],[0,1],[0,0],[0,0],[0,0],[0,0],[0,0],[0,0],[0,0],[0,1],[0,0],[0,0],[-1,0],[0,1],[0,0],[-1,0],[0,0],[0,1],[-1,1],[0,0],[0,0],[0,0],[-1,0],[0,0],[0,0],[0,1],[0,0],[0,0],[0,0],[0,0],[0,0],[0,0],[0,0],[0,0],[0,0],[0,0],[0,0],[1,0],[0,1],[0,0],[0,0],[0,0],[0,0],[0,0],[0,0],[-1,0],[0,0],[0,0],[0,0],[-1,0],[1,0],[0,0],[-1,0],[0,0],[0,0],[0,0],[0,0],[0,0],[0,0],[0,0],[-1,0],[0,0],[1,0],[0,0],[-1,0],[0,0],[0,0],[0,1],[-1,0],[0,0],[0,0],[0,0],[0,0],[-1,0],[0,0],[0,0],[0,0],[0,1],[0,0],[0,1],[0,0],[-1,0],[0,0],[1,0],[0,0],[-1,1],[0,0],[0,0],[0,1],[0,0],[0,0],[0,0],[0,0],[0,0],[0,1],[0,0],[0,0],[-1,0],[0,0],[-1,0],[0,0],[-1,1],[0,0],[0,0],[0,0],[-1,1],[-1,0],[0,0],[-1,-1],[0,0],[0,1],[0,0],[-1,0],[0,0],[0,0],[0,-1],[0,0],[0,0],[0,0],[0,0],[0,0],[-1,0],[0,0],[0,0],[-1,0],[0,-1],[0,0],[0,0],[0,1],[-1,0],[0,0],[-1,0],[0,-1],[0,0],[0,0],[0,0],[0,0],[0,0],[0,0],[0,0],[0,0],[-1,0],[0,0],[0,0],[0,-1],[0,0],[1,0],[0,0],[0,0],[0,0],[0,0],[0,0],[0,0],[0,0],[0,0],[0,-1],[0,0],[0,0],[0,0],[0,0],[0,0],[1,0],[0,0],[0,0],[0,0],[0,0],[0,0],[0,0],[0,0],[0,0],[0,0],[0,0],[0,-1],[0,0],[0,0],[0,0],[0,0],[0,0],[1,0],[0,0],[0,0],[0,0],[0,0],[0,0],[0,0],[0,-1],[0,0],[1,0],[0,0],[0,0],[0,0],[0,0],[0,0],[0,-1],[1,0],[0,0],[0,0],[1,-1],[0,0],[0,0],[1,0],[0,0],[0,0],[0,0],[0,0],[0,0],[1,0],[0,-1],[1,0],[0,0],[0,0],[0,0],[0,0],[0,0],[0,0],[0,0],[1,0],[0,-1],[0,0],[0,0],[0,0],[0,0],[1,0],[0,0],[0,0],[-1,0],[1,0],[0,0],[0,0],[0,0],[0,0],[0,0],[0,0],[0,0],[1,0],[0,0],[0,0],[0,-1],[0,0],[0,0],[0,0],[0,0],[1,0],[0,0],[-1,0],[1,-1],[0,0],[0,0],[0,0],[0,0],[0,0],[0,0],[0,-1],[0,0],[1,0],[0,-1],[0,0],[0,0],[0,0],[1,0],[0,0],[0,-1],[0,0],[1,-1],[0,0],[0,-1],[1,0],[0,0],[0,0],[1,0],[-1,0],[0,0],[0,0],[0,0],[0,1],[1,0],[0,0],[0,0],[0,0],[0,1],[0,0]],[[960,368],[0,0],[-1,0],[0,0],[1,1],[0,0],[0,0],[0,0],[0,0],[0,0],[-1,0],[0,0],[0,0],[0,0],[-1,0],[0,0],[0,0],[0,0],[0,0],[0,0],[0,0],[0,0],[0,0],[1,-1],[0,0],[0,0],[0,0],[1,0]],[[974,336],[0,0],[0,0],[0,0],[0,-1],[0,1],[0,0],[1,0],[0,0],[0,0],[0,0],[0,0],[0,0],[1,0],[0,0],[0,0],[0,1],[0,0],[0,0],[0,0],[0,0],[1,0],[0,0],[0,0],[0,0],[0,0],[0,0],[0,1],[0,0],[0,0],[0,0],[0,0],[0,0],[0,0],[0,1],[0,0],[1,0],[0,1],[0,0],[0,0],[0,0],[0,0],[0,1],[0,0],[0,0],[0,0],[0,0],[0,0],[0,0],[0,0],[0,0],[1,0],[0,0],[0,0],[0,1],[0,0],[1,0],[0,0],[0,0],[0,-1],[0,0],[0,0],[0,0],[0,-1],[0,0],[0,0],[-1,0],[0,0],[1,0],[0,0],[0,0],[0,1],[0,0],[0,0],[1,0],[0,0],[0,1],[0,0],[0,1],[0,0],[0,0],[0,0],[0,0],[0,0],[1,0],[0,0],[0,0],[1,1],[0,0],[1,0],[1,0],[0,0],[0,0],[0,0],[1,0],[0,-1],[0,0],[0,0],[0,0],[1,0],[0,0],[1,0],[0,0],[0,0],[0,0],[0,1],[0,0],[-1,1],[0,0],[0,1],[0,0],[0,0],[-1,0],[0,0],[0,1],[0,0],[0,0],[0,0],[0,0],[0,0],[0,0],[0,0],[0,0],[-1,0],[0,0],[0,0],[-1,0],[0,0],[0,0],[0,1],[0,0],[0,0],[0,0],[0,1],[0,0],[-1,1],[0,0],[0,0],[0,1],[-1,0],[0,0],[0,1],[0,0],[-1,0],[0,1],[0,0],[0,0],[-1,0],[0,1],[-1,0],[0,0],[0,0],[0,0],[0,-1],[0,0],[-1,0],[0,0],[0,0],[0,0],[0,0],[0,0],[0,0],[0,0],[0,0],[0,0],[0,0],[-1,0],[0,0],[0,0],[0,0],[0,0],[1,-1],[0,0],[1,-1],[0,0],[0,-1],[0,0],[0,0],[-1,-1],[0,0],[-1,0],[0,0],[0,0],[0,0],[-1,-1],[-1,0],[0,0],[0,0],[0,0],[0,-1],[0,0],[0,0],[0,0],[1,0],[0,0],[1,0],[0,0],[0,0],[0,-1],[0,0],[0,0],[0,-1],[1,0],[0,-1],[0,0],[0,0],[0,0],[0,0],[0,-1],[0,0],[0,0],[0,0],[0,-1],[0,0],[0,0],[-1,0],[0,0],[0,-1],[0,1],[1,0],[0,0],[0,0],[0,0],[0,0],[0,-1],[0,0],[-1,0],[0,0],[0,0],[0,0],[0,0],[0,0],[0,0],[-1,-1],[0,0],[1,0],[0,0],[0,0],[0,0],[0,0],[0,0],[0,-1],[0,0],[0,0],[-1,0],[0,0],[0,0],[0,0],[0,0],[0,0],[0,0],[-1,-1],[0,0],[0,1],[1,0],[0,0],[0,0],[0,1],[0,0],[0,0],[0,-1],[-1,0],[-1,-2],[0,0],[0,0],[1,0],[0,0],[-1,0],[0,0],[0,0],[0,0],[0,0],[0,0],[0,0],[0,0],[0,0],[0,0],[-1,0],[0,0],[0,-1],[0,0],[0,0],[0,0],[0,-1],[-1,0],[0,-1],[1,0],[0,0],[0,1],[0,0],[0,0],[0,0],[0,0],[1,1],[0,0]],[[18,360],[0,0],[0,0],[0,0],[0,0],[0,0],[0,0],[0,0],[0,0],[0,0],[0,0],[0,0],[0,0],[0,1],[0,0],[0,0],[0,0],[-1,0],[0,0],[0,0],[0,-1],[0,0],[1,0],[-1,0],[0,0],[0,0],[0,0],[0,0],[0,0],[0,0],[1,0]],[[92,289],[0,0],[0,0],[0,0],[0,0],[0,0],[0,0],[-1,0],[0,0],[0,-1],[0,0],[0,0],[0,0],[1,0],[0,0],[0,1]],[[949,296],[0,0],[0,0],[1,0],[1,1],[0,0],[1,0],[0,0],[0,0],[0,0],[0,1],[0,0],[0,0],[1,0],[0,0],[0,0],[0,1],[0,0],[1,0],[0,0],[1,0],[0,1],[0,0],[1,0],[0,0],[0,1],[0,0],[0,0],[0,0],[0,0],[0,0],[-1,0],[0,0],[0,0],[0,0],[0,0],[0,0],[-1,0],[0,-1],[0,0],[0,0],[0,0],[-1,0],[0,0],[0,0],[-1,-1],[0,0],[0,0],[-1,-1],[0,0],[0,0],[-1,0],[0,-1],[0,0],[-1,0],[0,0],[0,-1],[0,0],[0,0],[0,0],[-1,0],[0,-1],[0,0],[0,0],[1,1]],[[958,298],[-1,0],[0,0],[0,0],[0,0],[0,-1],[0,0],[0,0],[0,0],[0,0],[0,0],[0,0],[0,0],[0,0],[0,0],[0,0],[1,1],[0,0],[0,0]],[[992,284],[0,1],[-1,0],[0,0],[0,0],[0,1],[0,0],[0,0],[1,-1],[0,0],[0,0],[0,0],[0,0],[0,1],[0,0],[0,0],[-1,0],[0,0],[0,0],[-1,0],[0,0],[0,0],[0,0],[0,0],[0,0],[-1,0],[0,0],[0,0],[0,0],[0,1],[-1,0],[0,-1],[0,0],[0,0],[0,0],[0,0],[0,0],[0,0],[0,0],[0,0],[0,0],[1,0],[0,0],[0,-1],[0,0],[1,0],[0,0],[0,0],[0,0],[1,0],[0,0],[0,0],[0,-1],[0,1],[1,-1],[0,0],[0,0]],[[987,288],[0,0],[0,0],[0,0],[1,0],[0,0],[0,0],[0,1],[0,0],[0,0],[0,0],[0,1],[0,0],[0,0],[0,0],[0,0],[-1,0],[0,0],[0,0],[0,0],[-1,0],[0,0],[0,0],[0,0],[-1,0],[0,0],[0,0],[0,-1],[-1,0],[1,0],[0,0],[0,0],[0,0],[0,0],[0,0],[0,0],[0,-1],[0,0],[0,0],[0,0],[1,0],[0,0],[1,0],[0,-1],[0,1],[0,0]],[[891,273],[0,0],[0,0],[0,1],[0,0],[0,0],[1,0],[0,0],[0,1],[0,0],[0,0],[0,1],[0,1],[0,0],[0,1],[0,0],[1,0],[0,1],[0,0],[0,1],[0,0],[1,0],[0,-1],[0,0],[1,0],[0,0],[0,1],[1,0],[1,1],[0,0],[0,0],[0,0],[0,0],[0,1],[0,0],[0,0],[0,1],[0,1],[1,0],[0,1],[0,0],[-1,0],[1,0],[0,1],[0,0],[0,0],[1,0],[0,0],[0,1],[0,1],[0,0],[0,1],[0,1],[0,0],[1,1],[0,0],[0,0],[0,1],[0,0],[0,0],[1,0],[0,1],[0,0],[1,0],[0,0],[0,0],[1,0],[0,0],[0,0],[0,0],[0,0],[0,1],[1,0],[0,0],[0,0],[1,1],[0,0],[0,0],[1,0],[0,0],[0,0],[1,1],[0,0],[0,0],[0,0],[0,0],[-1,0],[1,1],[0,0],[0,0],[1,1],[0,0],[0,0],[0,1],[1,0],[0,1],[0,0],[0,1],[0,0],[0,1],[0,-1],[1,0],[0,1],[0,0],[0,0],[0,-1],[0,0],[0,0],[0,0],[0,0],[1,0],[0,1],[0,0],[1,0],[0,0],[0,-1],[0,0],[0,0],[0,1],[0,1],[0,1],[0,0],[1,0],[0,1],[0,0],[0,0],[0,0],[1,1],[0,0],[1,0],[0,0],[0,0],[1,1],[0,0],[0,1],[0,0],[1,0],[0,0],[0,0],[0,1],[0,0],[1,0],[0,1],[0,0],[0,1],[0,0],[1,0],[0,0],[-1,1],[1,2],[0,0],[0,1],[0,1],[0,0],[0,1],[1,0],[0,1],[0,1],[0,0],[-1,1],[0,0],[0,1],[0,1],[0,0],[0,1],[-1,1],[0,0],[0,1],[0,0],[0,0],[0,1],[0,1],[-1,1],[0,0],[0,1],[0,0],[-1,0],[0,0],[0,0],[0,0],[0,1],[0,0],[0,0],[-1,0],[0,0],[0,1],[-1,0],[0,0],[0,0],[0,0],[0,1],[0,0],[0,0],[0,0],[0,1],[-1,0],[0,0],[0,0],[0,0],[0,0],[0,0],[0,0],[0,1],[0,0],[0,0],[-1,0],[0,1],[0,1],[0,0],[0,0],[0,0],[0,0],[0,0],[0,0],[0,0],[0,0],[0,0],[0,0],[0,0],[0,0],[-1,1],[0,1],[0,0],[-1,0],[0,1],[0,1],[0,0],[0,1],[0,0],[0,1],[0,0],[0,0],[0,1],[0,0],[-1,0],[0,0],[0,0],[0,0],[-1,0],[-1,0],[-2,1],[0,0],[-1,0],[0,0],[-1,1],[-2,1],[-1,0],[0,0],[0,0],[0,0],[0,0],[0,0],[0,0],[0,0],[0,0],[0,1],[0,0],[0,0],[0,0],[0,0],[0,0],[0,0],[0,-1],[-1,0],[0,0],[0,0],[0,0],[-1,0],[0,0],[0,0],[0,0],[-1,-1],[0,0],[1,0],[0,0],[0,0],[0,0],[-1,0],[0,0],[0,0],[0,0],[-1,0],[0,0],[0,0],[0,0],[0,0],[0,0],[1,0],[0,-1],[-1,0],[0,0],[0,0],[-1,0],[0,0],[0,0],[0,0],[0,0],[0,1],[0,0],[0,0],[-1,0],[0,0],[-1,1],[0,0],[-1,0],[0,0],[-1,0],[0,0],[-1,0],[0,-1],[-1,0],[0,0],[0,0],[-1,0],[-1,0],[0,0],[0,0],[0,0],[-1,0],[-1,-1],[-1,0],[0,0],[-1,-1],[-1,-1],[0,0],[0,0],[0,-1],[0,0],[0,0],[0,-1],[0,0],[-1,-1],[0,0],[0,-1],[-1,0],[0,0],[0,-1],[0,0],[0,0],[0,0],[1,0],[0,1],[0,-1],[0,0],[0,0],[0,0],[-1,0],[0,0],[0,0],[0,0],[0,0],[-1,0],[0,0],[0,1],[-1,0],[0,0],[0,-1],[0,0],[0,0],[1,-1],[0,-1],[-1,0],[0,-1],[0,0],[-1,0],[0,0],[0,0],[0,0],[0,1],[-1,1],[0,0],[0,0],[-1,0],[0,0],[0,0],[-1,1],[0,-1],[1,0],[0,0],[0,0],[0,0],[1,0],[0,-1],[0,0],[0,-1],[0,0],[0,0],[0,0],[0,-1],[1,-1],[0,0],[0,0],[0,-1],[0,0],[0,0],[0,0],[0,-1],[0,-1],[0,0],[0,1],[0,0],[-1,0],[0,1],[0,0],[-1,1],[0,0],[0,0],[0,0],[-1,0],[0,1],[-1,0],[0,0],[0,0],[-1,1],[0,1],[0,0],[-1,0],[0,0],[1,0],[0,1],[0,0],[0,0],[-1,-1],[0,1],[0,0],[-1,-1],[0,0],[0,0],[0,0],[0,0],[-1,0],[0,0],[0,-1],[1,0],[0,1],[0,0],[0,0],[0,0],[0,-1],[0,0],[0,-1],[0,0],[0,0],[-1,-1],[0,0],[0,0],[-1,-1],[0,0],[0,0],[-1,0],[0,-1],[0,0],[0,0],[0,0],[0,-1],[0,0],[-1,0],[0,-1],[-1,0],[0,0],[0,0],[-1,0],[-1,0],[0,-1],[-1,1],[-1,0],[-1,-1],[-1,-1],[0,0],[-1,0],[0,0],[0,0],[-1,1],[-1,-1],[-2,1],[-1,0],[-1,0],[-1,0],[-1,1],[-1,0],[-1,0],[-1,0],[0,0],[-2,0],[-1,0],[-1,1],[0,0],[-1,0],[-1,1],[-1,0],[0,0],[0,0],[-1,1],[0,1],[0,0],[-1,1],[0,0],[-1,0],[0,0],[-1,0],[0,0],[0,0],[-2,0],[0,0],[-1,0],[0,0],[-1,0],[-2,0],[-1,0],[0,0],[0,0],[-1,0],[-1,0],[0,0],[-1,1],[0,0],[-1,0],[0,0],[-1,1],[-1,1],[0,0],[-1,0],[0,0],[-1,0],[-1,0],[-1,0],[-1,0],[0,-1],[-1,0],[-1,0],[0,-1],[-1,0],[0,0],[0,0],[-1,0],[0,-1],[0,0],[0,0],[0,-1],[1,0],[0,0],[0,0],[1,0],[0,-1],[0,0],[0,-1],[0,-1],[0,0],[0,0],[0,0],[0,-2],[0,0],[0,-1],[-1,-1],[0,-1],[0,0],[-1,-1],[0,-1],[0,-1],[0,0],[0,0],[0,-1],[-1,-1],[0,0],[0,0],[0,-1],[0,0],[-1,-1],[0,0],[0,-2],[0,0],[-1,-1],[-1,-2],[-1,0],[0,0],[0,0],[1,0],[0,0],[0,0],[0,0],[0,0],[0,-1],[0,1],[0,0],[0,0],[0,1],[1,0],[0,0],[0,0],[0,-1],[0,0],[0,0],[-1,0],[0,-1],[0,-1],[0,0],[0,0],[0,0],[1,1],[0,0],[0,0],[0,0],[0,0],[0,1],[0,0],[0,0],[0,-1],[0,0],[0,1],[1,0],[0,0],[0,0],[0,0],[0,0],[0,-1],[0,0],[0,-1],[-1,-1],[0,-1],[-1,0],[0,-1],[0,0],[0,-1],[0,0],[0,-1],[0,0],[1,-1],[0,0],[0,0],[0,-1],[0,0],[0,0],[0,-1],[0,-1],[0,-1],[1,0],[0,0],[0,0],[0,1],[0,0],[0,1],[0,0],[0,-1],[1,0],[0,0],[0,-1],[1,0],[0,0],[1,-1],[1,0],[0,0],[0,-1],[1,0],[0,0],[2,-1],[0,0],[0,0],[1,0],[0,0],[1,0],[0,0],[1,0],[0,-1],[1,0],[0,0],[1,0],[1,0],[1,-1],[0,0],[1,0],[0,0],[2,0],[0,-1],[1,0],[1,0],[0,-1],[1,0],[0,-1],[0,0],[0,0],[1,-1],[0,0],[0,0],[0,-1],[1,0],[0,0],[0,-1],[0,0],[0,0],[0,0],[0,-1],[0,0],[0,-1],[0,0],[0,0],[1,0],[0,-1],[0,0],[0,0],[1,0],[0,-1],[0,0],[0,0],[0,1],[1,0],[0,1],[0,0],[1,1],[0,0],[0,0],[0,0],[0,0],[0,-1],[0,0],[0,0],[0,0],[0,0],[0,0],[0,0],[0,0],[0,0],[1,-1],[0,0],[-1,0],[0,0],[0,0],[0,0],[0,-1],[0,0],[0,0],[0,0],[0,0],[0,0],[0,0],[0,-1],[0,0],[1,1],[0,0],[0,0],[0,0],[0,0],[0,0],[1,0],[0,0],[0,0],[1,0],[0,0],[0,0],[0,0],[-1,0],[0,0],[0,0],[0,-1],[0,0],[0,0],[0,0],[1,0],[0,0],[0,0],[0,0],[0,-1],[0,0],[-1,1],[0,-1],[0,0],[0,0],[0,0],[0,-1],[0,1],[1,-1],[0,0],[0,0],[0,0],[0,0],[1,0],[0,0],[0,0],[0,0],[0,0],[0,0],[-1,0],[0,0],[0,0],[0,0],[0,-1],[1,0],[0,0],[0,0],[0,0],[0,0],[0,0],[0,0],[1,0],[0,0],[0,0],[-1,0],[0,0],[0,0],[0,-1],[0,0],[0,0],[1,0],[0,0],[0,0],[0,0],[0,-1],[0,0],[0,0],[1,0],[0,0],[0,1],[-1,0],[1,0],[0,0],[0,0],[0,0],[0,0],[0,0],[0,0],[0,0],[0,0],[0,-1],[1,0],[0,0],[0,0],[0,0],[0,0],[0,-1],[0,0],[0,0],[0,1],[0,0],[0,0],[0,0],[1,-1],[0,1],[0,0],[0,0],[1,-1],[-1,0],[1,0],[0,0],[0,0],[0,0],[1,0],[0,1],[1,0],[0,0],[0,0],[1,1],[0,0],[0,0],[0,1],[0,0],[0,0],[0,1],[0,0],[0,0],[0,0],[1,0],[0,0],[-1,0],[0,-1],[0,0],[0,0],[1,0],[0,0],[0,0],[0,0],[0,0],[0,0],[1,0],[1,0],[0,0],[0,0],[0,1],[0,-1],[0,0],[0,0],[1,0],[0,0],[0,0],[0,0],[0,1],[0,-1],[0,0],[0,0],[0,0],[1,0],[0,0],[0,0],[0,0],[-1,-1],[0,0],[1,0],[0,0],[-1,0],[0,0],[0,0],[0,-1],[0,0],[1,-1],[0,0],[0,0],[0,0],[0,-1],[0,0],[0,0],[1,0],[0,0],[0,0],[0,0],[0,-1],[0,0],[0,0],[0,-1],[0,0],[1,0],[0,0],[0,0],[0,-1],[0,0],[0,0],[0,0],[0,0],[1,0],[0,0],[0,0],[0,0],[0,0],[0,0],[0,0],[0,0],[0,-1],[1,0],[0,0],[0,0],[0,0],[0,1],[0,0],[1,0],[0,0],[1,0],[0,0],[0,0],[0,-1],[1,1],[0,0],[0,-1],[0,0],[0,0],[1,0],[0,0],[0,0],[0,0],[0,0],[0,-1],[0,0],[-1,0],[0,0],[-1,0],[0,0],[0,-1],[-1,0],[0,0],[1,0],[0,0],[0,0],[0,0],[0,0],[0,0],[1,0],[0,0],[0,0],[1,1],[0,0],[0,-1],[0,0],[1,0],[0,1],[0,0],[1,0],[0,0],[0,0],[0,0],[1,1],[1,0],[0,0],[0,0],[0,0],[1,0],[0,0],[0,0],[1,0],[0,0],[1,1],[0,-1],[1,0],[0,0],[0,0],[0,-1],[1,0],[-1,1],[0,0],[0,0],[0,0],[0,0],[0,0],[0,1],[0,0],[0,0],[0,-1],[1,0],[0,0],[0,1],[0,0],[0,0],[0,0],[1,0],[0,0],[-1,-1],[0,0],[1,0],[0,0],[0,0],[1,1],[0,0],[0,0],[0,0],[-1,1],[0,0],[0,0],[0,1],[0,0],[0,0],[0,0],[0,0],[-1,0],[0,0],[0,1],[0,0],[0,1],[0,0],[-1,1],[0,0],[0,0],[-1,1],[0,0],[0,1],[0,0],[0,0],[0,0],[1,1],[1,0],[0,0],[0,1],[1,0],[0,0],[0,0],[0,0],[0,0],[1,0],[0,0],[0,0],[0,0],[0,0],[0,1],[0,0],[0,0],[1,0],[0,0],[0,0],[1,0],[0,1],[1,0],[0,1],[1,0],[1,0],[0,0],[0,0],[1,0],[0,1],[0,0],[0,0],[1,1],[0,0],[1,0],[0,0],[1,0],[0,1],[0,0],[1,-1],[0,0],[1,0],[0,-1],[0,0],[1,-1],[0,-1],[0,0],[1,-1],[-1,0],[1,-1],[0,-1],[0,-1],[0,0],[0,-1],[0,-1],[0,0],[0,-1],[0,0],[0,0],[0,-1],[0,0],[0,-1],[0,0],[0,-1],[1,0],[0,0],[0,0],[0,0],[0,0],[0,0],[0,0],[0,0],[-1,-1],[0,0],[0,0],[1,-1],[0,0],[0,0],[0,0],[0,0],[0,0],[0,-1],[1,-1],[0,-1],[0,0],[0,0],[0,-1],[1,0],[0,1],[0,0],[0,0],[0,0],[0,1],[0,0],[0,0],[0,0],[0,1],[1,0],[0,1],[0,0],[0,0],[0,0]],[[918,311],[0,0],[0,-1],[0,0],[0,0],[0,-1],[0,0],[0,0],[1,0],[0,0],[0,-1],[0,0],[0,0],[0,0],[0,0],[0,0],[0,0],[0,0],[0,0],[0,1],[0,1],[-1,0],[0,1]],[[881,285],[0,1],[0,0],[0,0],[0,0],[0,0],[-1,0],[0,0],[0,0],[1,-1],[0,0],[0,0],[1,0],[0,0],[0,0],[-1,0],[0,0]],[[874,278],[0,0],[0,0],[0,0],[0,0],[0,0],[0,0],[0,0],[0,0],[0,0],[0,1],[0,0],[0,0],[0,0],[0,0],[0,0],[0,0],[0,0],[0,0],[0,0],[-1,0],[0,0],[0,0],[0,0],[0,0],[0,-1],[0,0],[0,0],[0,0],[1,0],[0,0],[0,0],[0,0]],[[857,272],[0,0],[0,0],[0,0],[0,0],[0,1],[-1,-1],[0,0],[0,0],[-1,0],[1,0],[0,0],[0,0],[0,0],[0,0],[0,-1],[0,0],[0,0],[0,0],[0,1],[1,0],[0,0]],[[857,271],[0,0],[1,0],[0,0],[0,0],[0,0],[1,0],[0,0],[0,0],[0,0],[0,0],[0,0],[1,0],[-1,1],[0,0],[0,0],[0,0],[-1,1],[-1,-1],[0,0],[-1,-1],[0,0],[0,0],[0,0],[0,0],[1,0],[0,0],[0,0],[0,0]],[[876,338],[1,0],[0,0],[0,0],[1,0],[-1,0],[0,0],[0,0],[-1,0],[0,0],[0,1],[0,0],[0,0],[-1,0],[0,0],[0,0],[-1,0],[0,0],[-1,-1],[0,0],[0,0],[0,0],[2,0],[0,-1],[1,0],[0,1],[0,0],[0,0],[0,0]],[[896,352],[1,0],[0,0],[0,0],[0,0],[1,0],[0,0],[0,0],[0,0],[0,0],[0,0],[0,0],[1,0],[0,1],[1,0],[1,0],[0,0],[0,-1],[0,1],[0,0],[0,0],[0,-1],[1,0],[0,0],[0,0],[0,0],[1,0],[0,0],[0,0],[0,0],[0,0],[0,0],[0,0],[1,0],[0,0],[0,0],[1,0],[0,0],[0,0],[0,1],[0,0],[0,0],[0,0],[0,1],[0,0],[0,0],[0,0],[0,1],[0,0],[0,0],[0,0],[0,0],[0,0],[0,1],[0,0],[0,0],[0,0],[0,-1],[0,0],[0,0],[0,0],[0,0],[0,0],[0,0],[0,0],[0,0],[0,0],[0,0],[0,0],[0,1],[0,0],[0,0],[-1,0],[0,1],[0,0],[0,0],[0,1],[0,0],[0,0],[0,0],[0,0],[0,0],[0,0],[0,0],[0,0],[0,0],[0,0],[0,0],[0,-1],[-1,0],[0,0],[0,1],[0,0],[0,0],[0,-1],[0,0],[0,0],[0,1],[0,0],[0,0],[0,0],[0,0],[0,0],[-1,0],[0,0],[0,0],[0,0],[0,0],[0,0],[0,1],[0,0],[0,0],[-1,0],[0,0],[0,0],[0,0],[-1,0],[0,0],[-1,0],[0,0],[0,0],[0,0],[0,0],[1,0],[0,0],[0,0],[-1,0],[0,-1],[0,0],[0,0],[-1,0],[0,0],[0,0],[0,0],[0,0],[-1,-2],[0,0],[0,0],[0,0],[1,0],[0,0],[0,0],[0,0],[-1,0],[0,-1],[0,0],[0,0],[0,1],[0,-1],[0,0],[-1,-1],[0,0],[0,-1],[0,0],[0,0],[0,0],[-1,-1],[0,0],[1,0],[0,-1],[0,0],[0,1]],[[893,350],[0,0],[0,0],[0,-1],[0,0],[0,0],[0,0],[0,0],[0,0],[0,-1],[1,0],[0,1],[0,0],[0,0],[0,0],[0,1],[0,0],[-1,0]],[[905,349],[0,0],[0,0],[0,0],[0,1],[0,0],[0,0],[0,0],[0,0],[0,0],[0,0],[0,0],[0,0],[0,0],[-1,0],[0,-1],[0,0],[0,0],[0,0],[0,0],[0,0],[1,0]],[[325,210],[1,0],[0,0],[-1,0],[0,0],[0,0],[0,0],[0,0],[-1,0],[0,0],[0,0],[0,0],[0,0],[0,0],[1,0],[0,0],[0,0],[0,0],[0,0],[0,0]],[[336,217],[0,0],[0,1],[0,0],[0,0],[0,0],[0,0],[0,0],[-1,1],[0,0],[0,0],[0,0],[-1,0],[0,0],[0,0],[0,1],[0,0],[0,0],[0,0],[0,0],[0,0],[0,1],[1,0],[0,0],[0,0],[0,0],[0,0],[0,0],[0,0],[0,0],[-1,0],[0,1],[0,0],[0,0],[0,0],[0,0],[-1,0],[0,0],[0,0],[0,0],[0,0],[0,0],[0,0],[0,1],[0,0],[0,0],[0,0],[0,0],[-1,1],[0,0],[0,0],[1,1],[0,0],[1,1],[0,0],[0,0],[0,0],[0,1],[0,0],[0,0],[0,0],[0,0],[0,0],[0,0],[-1,1],[0,0],[0,0],[0,0],[0,0],[-1,0],[0,0],[0,0],[0,0],[-1,1],[-1,0],[0,0],[-1,0],[0,0],[0,0],[0,0],[0,0],[0,0],[0,0],[-1,1],[0,0],[0,0],[0,0],[-1,0],[0,-1],[0,0],[0,0],[-1,1],[0,-1],[0,0],[0,0],[-1,0],[0,0],[0,0],[0,0],[0,0],[0,0],[-1,0],[0,0],[-1,0],[0,0],[0,0],[0,-1],[0,0],[0,1],[0,0],[0,0],[1,1],[0,0],[0,0],[0,1],[0,0],[0,0],[1,1],[0,1],[0,0],[0,0],[0,0],[0,0],[0,0],[0,0],[1,1],[0,0],[1,0],[0,0],[0,0],[0,0],[0,0],[-1,0],[0,1],[-1,0],[0,0],[0,0],[0,0],[0,0],[0,0],[0,1],[0,0],[-1,0],[0,0],[0,0],[0,0],[-1,0],[0,1],[0,0],[0,0],[0,0],[-1,0],[0,0],[0,0],[0,1],[-1,0],[0,0],[0,0],[0,0],[0,0],[0,0],[0,0],[0,0],[-1,-1],[0,0],[0,1],[0,0],[0,0],[-1,0],[0,0],[0,0],[0,0],[-1,0],[0,-1],[-1,0],[0,0],[0,-1],[0,0],[0,0],[0,0],[0,0],[0,-1],[0,0],[0,0],[0,0],[0,-1],[-1,0],[0,0],[0,0],[0,0],[0,0],[0,-1],[0,0],[0,0],[-1,0],[0,0],[0,0],[0,0],[0,0],[0,-1],[0,1],[0,-1],[0,0],[0,-1],[1,0],[0,0],[0,0],[0,0],[0,0],[0,-1],[-1,0],[0,0],[0,0],[0,-1],[0,0],[0,-1],[0,0],[0,0],[0,0],[0,-1],[0,0],[0,-1],[0,0],[0,-1],[0,0],[0,0],[0,0],[0,-1],[1,0],[0,0],[0,-1],[0,0],[-1,0],[0,0],[0,0],[-1,0],[0,0],[-1,0],[-1,0],[0,0],[-1,0],[0,0],[0,0],[0,0],[-1,0],[0,0],[0,0],[0,0],[-1,-1],[0,0],[-1,-1],[0,0],[0,0],[0,0],[0,0],[-1,0],[0,0],[0,0],[0,0],[-1,0],[0,0],[0,0],[-1,0],[0,0],[-1,0],[0,0],[-1,0],[0,0],[0,0],[0,-1],[0,0],[-1,0],[0,0],[0,0],[0,0],[0,-1],[0,0],[0,0],[0,-1],[0,0],[0,0],[0,0],[0,0],[0,-1],[0,0],[-1,0],[0,-1],[0,-1],[0,0],[0,0],[0,0],[-1,0],[0,0],[0,0],[0,0],[0,0],[-1,0],[0,0],[1,0],[0,-1],[0,0],[0,0],[0,-1],[1,0],[0,-1],[0,-1],[0,0],[0,0],[1,-1],[0,0],[0,0],[1,0],[0,-2],[0,0],[1,0],[0,0],[1,0],[0,0],[0,0],[0,0],[0,0],[0,0],[-1,0],[-1,0],[0,1],[0,0],[0,0],[1,1],[0,0],[0,0],[0,0],[0,0],[0,1],[0,0],[0,0],[0,1],[0,0],[0,0],[-1,1],[0,0],[0,1],[0,0],[1,0],[0,1],[0,0],[0,0],[0,0],[0,0],[0,0],[0,0],[1,0],[0,0],[0,0],[1,0],[0,-1],[0,0],[0,-1],[-1,0],[0,-1],[0,0],[0,0],[0,-1],[0,0],[-1,0],[1,0],[0,-1],[0,0],[1,0],[1,-1],[1,0],[0,0],[0,0],[1,0],[0,0],[0,0],[0,0],[0,-1],[0,0],[-1,0],[0,0],[0,0],[0,0],[0,-1],[0,0],[0,0],[1,0],[0,0],[0,0],[0,0],[0,1],[0,0],[0,1],[1,0],[0,0],[0,0],[1,0],[0,0],[1,0],[0,0],[1,1],[0,0],[0,0],[0,0],[0,1],[0,0],[0,0],[1,0],[0,1],[1,-1],[2,0],[0,0],[2,0],[0,0],[0,0],[0,1],[1,0],[1,0],[0,0],[0,1],[1,0],[0,0],[0,0],[1,0],[2,-1],[1,0],[0,0],[0,-1],[-1,0],[0,0],[-1,0],[0,0],[1,0],[0,0],[1,0],[1,0],[1,0],[0,0],[1,0],[1,0],[1,0],[0,0],[-1,0],[0,0],[-1,0],[0,0],[-1,0],[0,0],[0,1],[0,0],[0,0],[1,0],[0,0],[0,0],[0,1],[0,0],[0,0],[0,0],[0,-1],[0,0],[0,0],[0,0],[0,1],[1,0],[0,0],[0,0],[0,0],[0,0],[0,0],[0,0],[0,0],[0,0],[0,0],[0,0],[0,0],[0,0],[0,0],[1,0],[0,0],[0,1],[0,0],[0,0],[0,0],[0,0],[0,0],[0,-1],[1,0],[0,0],[0,0],[0,1],[1,0],[0,0],[1,0],[0,1],[0,0],[-1,0],[0,0],[0,0],[0,0],[0,1],[0,0],[0,0],[0,0],[0,1],[-1,0],[0,0],[0,0],[0,0],[1,0],[0,0],[1,0],[0,0],[1,0],[0,0],[0,0],[1,0],[0,0]],[[354,332],[0,0],[0,1],[0,0],[-1,1],[0,0],[-1,1],[0,0],[0,0],[-1,0],[-1,1],[-1,0],[0,0],[0,-1],[-1,0],[-1,0],[0,1],[-1,0],[0,0],[0,-1],[0,0],[-1,0],[-1,-1],[-1,0],[-1,0],[0,0],[0,0],[0,0],[-1,-1],[-1,0],[0,-1],[0,0],[0,-1],[0,0],[1,0],[0,0],[0,0],[0,-1],[0,0],[0,0],[0,-1],[0,0],[0,0],[0,-1],[0,0],[0,0],[0,0],[0,0],[0,-1],[0,0],[0,0],[0,0],[0,0],[1,0],[0,-1],[-1,0],[0,0],[0,0],[1,0],[0,-1],[0,0],[0,0],[0,0],[0,0],[0,0],[0,0],[0,-1],[0,0],[0,0],[0,-1],[0,0],[0,0],[1,0],[0,0],[0,0],[1,0],[0,0],[0,0],[0,-1],[0,0],[1,0],[0,1],[1,0],[0,1],[1,0],[0,0],[0,0],[0,1],[0,0],[0,0],[0,0],[0,0],[0,0],[1,0],[0,0],[0,0],[0,0],[0,0],[0,-1],[0,1],[0,0],[1,0],[0,0],[0,0],[0,0],[0,1],[0,0],[0,0],[1,0],[0,0],[1,0],[0,0],[0,1],[0,0],[1,0],[0,0],[0,0],[1,1],[0,0],[0,0],[0,0],[0,0],[0,0],[0,0],[0,1],[1,0],[0,0],[0,0],[1,0],[0,1],[0,0],[-1,0],[0,0],[0,1],[0,0],[0,0],[0,1],[0,0],[0,0],[0,0],[0,0],[0,0],[0,0]],[[339,380],[1,0],[0,0],[0,0],[0,1],[0,0],[0,0],[0,0],[0,0],[0,0],[1,0],[0,0],[0,0],[0,0],[0,0],[0,0],[0,0],[1,0],[0,0],[0,0],[0,0],[0,0],[0,0],[0,0],[0,0],[0,1],[-1,0],[0,0],[0,0],[0,0],[-1,0],[0,0],[0,0],[0,1],[-2,-1],[0,0],[1,1],[-1,0],[0,0],[0,0],[0,0],[-1,0],[0,0],[0,0],[0,-1],[0,0],[1,0],[0,0],[0,0],[0,-1],[1,0],[0,0],[-1,0],[0,0],[1,0],[0,-1],[0,0]],[[335,381],[1,0],[0,0],[0,0],[0,0],[1,0],[0,0],[0,0],[0,0],[1,0],[0,0],[0,0],[0,0],[0,0],[0,0],[0,0],[-1,0],[0,0],[0,1],[-1,0],[0,0],[0,0],[-1,0],[0,0],[0,1],[0,0],[0,0],[0,0],[0,0],[0,0],[-1,0],[0,0],[-1,-1],[1,0],[0,0],[1,0],[0,0],[0,0],[0,0],[0,0],[0,0],[0,0],[0,0],[0,0],[-1,0],[1,-1],[0,0],[0,0],[0,0],[0,0],[0,0],[0,0],[0,0],[0,0],[-1,0],[1,0],[0,0],[0,0]],[[352,226],[0,0],[-1,0],[0,0],[0,1],[0,0],[0,0],[0,0],[0,0],[0,1],[0,0],[0,0],[0,0],[0,1],[0,0],[0,0],[0,0],[0,0],[1,1],[0,0],[0,0],[0,0],[0,0],[0,0],[0,0],[0,1],[0,0],[0,0],[0,0],[0,1],[0,0],[0,0],[0,0],[0,1],[-1,0],[0,1],[0,0],[0,0],[0,0],[0,0],[0,0],[-1,0],[0,0],[0,-1],[0,0],[0,0],[0,0],[0,0],[0,0],[0,0],[0,0],[-1,0],[0,0],[0,0],[0,0],[0,0],[0,0],[0,0],[-1,1],[0,0],[-1,-1],[0,0],[0,0],[0,0],[0,0],[0,1],[0,0],[0,0],[0,0],[0,0],[0,0],[0,0],[0,0],[0,1],[0,0],[0,0],[0,0],[0,0],[-1,0],[0,0],[0,0],[0,0],[0,0],[-1,0],[0,0],[0,0],[0,-1],[0,0],[0,0],[0,0],[-1,0],[0,-1],[0,0],[0,0],[0,0],[0,0],[0,0],[0,0],[0,0],[0,0],[0,0],[0,-1],[0,0],[0,0],[0,0],[0,0],[0,0],[0,0],[0,0],[-1,0],[0,-1],[0,0],[0,0],[0,0],[0,0],[0,0],[0,0],[0,0],[-1,0],[0,0],[0,0],[0,-1],[0,0],[0,0],[0,0],[-1,-1],[0,0],[0,0],[0,0],[1,-1],[0,0],[0,0],[0,0],[0,-1],[0,0],[0,0],[0,0],[0,0],[0,0],[0,0],[0,0],[0,0],[0,-1],[1,0],[0,0],[0,0],[0,0],[0,0],[0,0],[1,0],[0,0],[0,0],[0,0],[0,0],[-1,0],[0,0],[0,-1],[0,0],[1,0],[0,0],[0,0],[0,0],[0,-1],[0,0],[0,0],[0,0],[2,0],[0,0],[1,0],[0,1],[0,-1],[0,0],[0,0],[1,0],[1,0],[0,0],[1,0],[1,0],[1,0],[0,0],[0,1],[0,0],[0,0],[0,1]],[[309,252],[0,0],[0,0],[0,0],[-1,0],[0,0],[0,0],[0,0],[0,0],[0,0],[-1,0],[0,0],[0,0],[-1,0],[0,0],[0,0],[0,0],[0,0],[-1,0],[0,0],[0,0],[0,0],[-1,0],[0,0],[-1,1],[0,0],[0,0],[-1,0],[0,0],[0,1],[0,0],[-1,0],[0,0],[0,0],[0,0],[0,0],[0,1],[0,0],[0,0],[0,1],[-1,0],[0,0],[0,1],[0,0],[0,0],[0,0],[0,1],[0,0],[0,0],[0,0],[0,0],[0,0],[-1,0],[0,1],[-1,0],[0,0],[0,1],[0,0],[0,0],[0,0],[0,0],[0,0],[0,0],[0,0],[0,0],[0,0],[0,0],[0,0],[0,1],[0,0],[0,0],[0,0],[0,0],[0,0],[0,0],[0,0],[0,0],[0,0],[1,1],[-1,0],[0,0],[0,0],[0,0],[1,0],[0,0],[0,0],[0,1],[0,0],[0,0],[0,0],[0,0],[0,0],[0,0],[0,0],[1,0],[-1,1],[1,0],[0,0],[0,0],[0,0],[1,1],[0,0],[-1,0],[0,1],[0,0],[1,0],[1,0],[0,0],[0,0],[0,0],[0,0],[0,1],[0,0],[1,0],[0,0],[0,1],[0,0],[1,0],[0,0],[1,-1],[0,0],[1,0],[0,0],[0,0],[0,0],[0,-1],[1,0],[0,0],[0,0],[0,0],[0,0],[0,0],[0,0],[0,0],[0,1],[0,0],[0,0],[0,0],[0,1],[0,0],[0,1],[0,1],[0,0],[0,0],[0,0],[0,0],[1,0],[0,0],[0,0],[0,0],[0,0],[1,0],[0,0],[1,0],[0,0],[0,1],[0,0],[1,1],[0,0],[0,1],[1,0],[0,1],[0,0],[0,1],[0,0],[0,0],[0,0],[0,0],[0,0],[-1,0],[0,1],[0,1],[0,0],[0,0],[0,0],[0,1],[0,0],[0,0],[1,0],[0,1],[0,0],[0,0],[-1,0],[0,0],[0,0],[0,1],[0,0],[0,0],[0,0],[0,0],[0,0],[0,0],[-1,1],[0,0],[0,0],[0,0],[1,1],[0,0],[0,0],[0,0],[-1,1],[0,0],[0,0],[1,1],[0,0],[0,1],[0,-1],[1,1],[0,0],[0,0],[0,0],[0,0],[-1,0],[0,0],[0,0],[0,1],[0,0],[0,0],[0,0],[0,0],[-1,1],[0,0],[0,0],[0,0],[0,0],[0,0],[0,0],[0,1],[0,0],[0,0],[0,0],[0,0],[0,0],[-1,0],[0,1],[0,0],[0,0],[0,0],[0,1],[0,0],[0,0],[-1,0],[0,0],[0,0],[0,0],[-1,0],[-1,0],[0,-1],[0,0],[-1,-1],[0,0],[0,0],[0,0],[-1,-1],[0,0],[0,0],[-1,0],[0,0],[-1,-1],[0,0],[0,0],[-1,0],[0,-1],[-1,0],[-1,0],[-1,-1],[0,0],[-1,0],[0,-1],[-1,0],[-1,-1],[-1,0],[0,0],[0,-1],[0,0],[-1,0],[-1,-1],[0,0],[0,-1],[0,0],[-1,0],[0,-1],[0,0],[0,0],[1,0],[0,-1],[0,0],[-1,-1],[0,0],[0,-1],[0,0],[-1,-1],[0,0],[0,0],[-1,-1],[0,0],[0,0],[0,0],[0,-1],[0,0],[-1,-1],[0,0],[0,-1],[0,0],[-1,-2],[-1,0],[0,-1],[0,0],[0,-1],[-1,-1],[0,0],[0,-1],[0,0],[-1,-1],[0,0],[0,-1],[-1,0],[0,0],[-1,-2],[0,0],[0,-1],[0,0],[-1,0],[0,-1],[-2,-1],[-1,0],[0,0],[0,-1],[0,0],[0,0],[1,0],[0,0],[0,0],[0,0],[0,-1],[-1,-1],[0,0],[0,0],[0,0],[0,-1],[0,0],[0,-1],[0,0],[1,-1],[0,-1],[1,0],[0,0],[0,-1],[1,0],[0,1],[0,0],[0,0],[0,0],[0,0],[0,0],[0,0],[0,0],[0,0],[0,1],[0,0],[0,0],[0,0],[0,0],[0,0],[-1,0],[0,0],[0,0],[0,0],[0,0],[0,1],[0,0],[0,0],[0,0],[0,0],[0,0],[0,0],[0,0],[1,0],[0,0],[0,0],[0,0],[0,0],[0,0],[1,0],[0,0],[0,0],[0,0],[0,0],[1,1],[0,0],[0,0],[0,0],[0,1],[0,0],[1,0],[0,0],[0,0],[0,0],[0,-1],[0,0],[0,0],[0,0],[0,0],[0,0],[1,0],[0,0],[0,0],[0,-1],[0,0],[0,0],[0,0],[0,0],[0,0],[0,-1],[0,0],[0,0],[0,0],[1,0],[0,-1],[0,0],[0,0],[0,0],[0,0],[0,-1],[0,0],[0,0],[0,1],[0,0],[0,0],[0,0],[0,0],[0,0],[0,-1],[0,0],[0,0],[0,0],[1,0],[0,-1],[0,0],[1,0],[0,0],[1,0],[0,0],[1,-1],[0,0],[1,0],[0,0],[1,-1],[0,0],[1,-1],[0,0],[0,0],[0,-1],[1,0],[0,-1],[0,0],[0,0],[0,0],[0,0],[0,0],[0,0],[0,0],[0,-1],[0,0],[0,0],[0,0],[0,0],[0,-1],[0,0],[0,0],[-1,0],[0,0],[0,0],[0,0],[1,0],[0,0],[0,0],[0,-1],[0,0],[0,0],[1,0],[0,0],[0,1],[0,0],[0,0],[0,0],[1,0],[0,0],[0,0],[0,0],[0,0],[0,0],[0,0],[0,1],[1,0],[0,0],[0,0],[0,0],[0,0],[0,1],[0,0],[0,0],[1,0],[0,0],[0,0],[0,0],[0,0],[0,0],[1,1],[0,0],[0,0],[0,0],[0,0],[0,1],[0,0],[0,0],[1,0],[0,0],[0,0],[0,0],[0,0],[0,1],[0,0],[0,0],[0,0],[0,0],[0,0],[0,1],[1,0],[0,0],[0,0],[0,0],[0,0],[0,0],[1,0],[0,0],[0,0],[0,0],[1,0],[0,0],[0,0],[0,0],[0,-1],[1,0],[0,0],[0,0],[0,0],[0,0],[1,0],[0,0],[0,1],[0,0],[0,-1],[1,0],[0,0],[0,0],[0,0],[1,1],[0,0],[0,0],[0,0],[1,0],[0,0],[0,0],[0,0],[0,0],[0,0],[0,1],[0,0],[0,0],[0,0],[0,1],[0,0],[-1,1],[0,1],[0,0],[0,0],[0,0],[1,0],[0,0],[0,0],[0,0],[0,0],[0,0],[0,0],[0,0],[1,1],[0,0]],[[341,295],[0,0],[0,1],[0,0],[0,0],[0,0],[0,0],[0,0],[0,0],[1,1],[0,0],[0,0],[0,0],[0,0],[0,0],[0,0],[0,0],[0,0],[0,0],[0,1],[0,0],[0,0],[0,0],[0,0],[0,1],[0,0],[0,0],[0,0],[0,0],[0,0],[0,0],[0,1],[0,0],[0,0],[0,0],[0,0],[0,0],[0,0],[0,1],[0,0],[0,0],[0,0],[0,0],[0,0],[1,0],[0,0],[0,0],[0,0],[1,0],[0,0],[0,0],[0,0],[1,0],[0,0],[0,0],[0,0],[0,0],[0,0],[1,0],[0,0],[0,0],[0,0],[0,0],[0,0],[0,0],[1,0],[0,0],[0,0],[0,0],[0,0],[1,0],[0,1],[0,0],[0,0],[0,0],[0,0],[0,1],[0,0],[0,0],[0,0],[0,0],[0,0],[0,1],[0,0],[0,0],[0,0],[0,0],[0,0],[0,1],[0,0],[0,0],[0,0],[0,0],[1,1],[0,0],[0,0],[0,0],[0,0],[1,0],[0,0],[0,-1],[0,0],[1,0],[0,0],[0,0],[0,0],[0,1],[1,0],[0,0],[0,0],[0,0],[0,1],[0,0],[-1,1],[0,1],[0,0],[0,0],[0,1],[0,0],[0,1],[0,1],[-1,1],[0,0],[0,0],[0,0],[0,0],[0,0],[-1,1],[0,0],[0,0],[0,0],[0,0],[-1,0],[0,0],[0,0],[0,0],[0,1],[0,0],[0,0],[0,0],[0,0],[-1,0],[0,0],[0,0],[-1,0],[0,0],[0,0],[0,0],[0,0],[0,0],[-1,0],[0,0],[0,0],[0,0],[-1,0],[0,0],[-1,0],[-1,0],[-1,0],[-1,0],[0,0],[0,-1],[0,0],[0,0],[0,0],[0,0],[0,0],[1,0],[0,-1],[0,0],[0,0],[0,0],[0,0],[0,0],[0,0],[0,0],[0,0],[0,-1],[0,0],[0,0],[0,0],[0,0],[0,0],[0,0],[1,-1],[0,0],[0,0],[0,0],[0,0],[0,-1],[0,0],[0,0],[0,0],[1,0],[0,0],[0,0],[-1,-1],[0,0],[0,0],[-1,-1],[0,0],[0,0],[-1,0],[0,0],[0,0],[-1,0],[-1,-1],[0,0],[0,0],[-1,-1],[-1,0],[0,0],[-1,0],[0,0],[-1,-1],[-1,0],[0,0],[0,0],[-1,-1],[0,0],[0,0],[0,0],[-1,0],[0,0],[0,-1],[-1,0],[0,-1],[0,-1],[-1,0],[0,0],[0,0],[0,0],[0,0],[0,-1],[0,-1],[0,0],[1,-1],[0,-1],[0,-1],[0,0],[0,-1],[1,0],[0,-1],[0,0],[1,0],[1,0],[1,-1],[1,0],[1,0],[1,0],[1,0],[1,0],[1,1],[1,0],[0,0],[0,1],[0,0]],[[334,226],[-1,-1],[0,0],[-1,-1],[0,0],[0,0],[1,-1],[0,0],[0,0],[0,0],[0,0],[0,-1],[0,0],[0,0],[0,0],[0,0],[0,0],[0,0],[1,0],[0,0],[0,0],[0,0],[0,0],[0,-1],[1,0],[0,0],[0,0],[0,0],[0,0],[0,0],[0,0],[0,0],[-1,0],[0,-1],[0,0],[0,0],[0,0],[0,0],[0,0],[0,-1],[0,0],[0,0],[1,0],[0,0],[0,0],[0,0],[1,-1],[0,0],[0,0],[0,0],[0,0],[0,0],[0,-1],[0,0],[0,0],[0,0],[1,0],[0,0],[0,0],[0,0],[0,1],[1,0],[1,1],[1,0],[0,1],[0,0],[0,0],[0,1],[0,0],[0,1],[0,0],[0,1],[0,0],[0,-1],[0,0],[0,-1],[1,0],[0,0],[0,1],[1,0],[0,0],[1,1],[0,0],[0,0],[1,0],[0,1],[0,0],[0,1],[0,0],[0,0],[-1,0],[0,0],[0,1],[0,0],[1,0],[0,0],[0,0],[0,0],[0,0],[-1,0],[0,0],[0,0],[0,0],[0,0],[0,0],[-1,0],[0,1],[0,0],[0,0],[0,0],[0,0],[0,0],[0,0],[0,0],[0,0],[0,1],[0,0],[0,0],[0,0],[-1,1],[0,0],[0,0],[0,0],[1,1],[0,0],[0,0],[0,0],[0,1],[0,0],[0,0],[1,0],[0,0],[0,0],[0,0],[0,0],[0,0],[0,0],[0,0],[0,1],[1,0],[0,0],[0,0],[0,0],[0,0],[0,0],[0,0],[0,0],[0,1],[0,0],[0,0],[0,0],[0,0],[0,0],[0,0],[0,0],[0,0],[0,0],[0,1],[1,0],[0,0],[0,0],[0,0],[0,1],[0,0],[0,0],[1,0],[0,0],[-1,0],[0,0],[0,0],[0,0],[0,0],[0,0],[-1,0],[0,0],[0,0],[0,0],[0,0],[0,0],[-1,0],[0,0],[0,0],[0,0],[0,0],[0,0],[0,1],[-1,0],[0,0],[0,0],[0,0],[0,0],[-1,0],[0,0],[0,0],[0,0],[0,0],[0,0],[0,0],[0,0],[0,0],[0,0],[-1,0],[0,0],[0,0],[0,0],[0,0],[0,0],[0,1],[0,0],[0,0],[0,0],[-1,0],[0,0],[0,0],[0,0],[0,0],[0,0],[-1,-1],[0,0],[0,0],[0,0],[0,0],[-1,0],[0,0],[0,-1],[0,0],[0,0],[0,0],[0,0],[0,0],[0,0],[0,0],[0,-1],[0,0],[-1,0],[0,0],[0,-1],[0,0],[0,0],[0,-1],[0,0],[0,-1],[0,0],[0,0],[0,0],[0,-1],[1,0],[0,0],[0,0],[0,0],[0,0],[0,-1],[0,0],[0,0],[0,0],[0,0],[0,0],[0,0],[0,-1],[0,0],[0,0],[0,0],[-1,0],[0,0],[0,0],[0,0],[0,0],[0,0],[0,0],[0,0],[0,-1],[0,0],[0,0],[0,0],[0,0],[0,-1],[0,0],[0,0],[0,0],[0,0],[-1,0],[0,0],[0,0],[0,0],[-1,0],[0,0],[0,0]],[[294,240],[0,1],[0,0],[0,0],[-1,0],[0,0],[0,0],[0,0],[1,0],[0,0],[0,0],[0,1],[0,0],[0,0],[0,0],[0,0],[0,1],[0,0],[0,0],[0,0],[0,0],[0,0],[0,0],[0,0],[0,1],[-1,0],[0,1],[0,0],[0,0],[-1,1],[0,0],[-1,1],[0,0],[-1,0],[0,0],[-1,1],[0,0],[-1,0],[0,0],[-1,0],[0,0],[0,1],[-1,0],[0,0],[0,0],[0,0],[0,1],[0,0],[0,0],[0,0],[0,0],[0,0],[0,-1],[0,0],[0,0],[0,1],[0,0],[0,0],[0,0],[0,0],[0,1],[-1,0],[0,0],[0,0],[0,0],[0,1],[0,0],[0,0],[0,0],[0,0],[0,0],[0,1],[0,0],[0,0],[-1,0],[0,0],[0,0],[0,0],[0,0],[0,0],[0,1],[0,0],[0,0],[0,0],[-1,0],[0,0],[0,-1],[0,0],[0,0],[0,0],[-1,-1],[0,0],[0,0],[0,0],[0,0],[-1,0],[0,0],[0,0],[0,0],[0,0],[0,0],[-1,0],[0,0],[0,0],[0,0],[0,0],[0,0],[0,0],[0,0],[0,-1],[0,0],[0,0],[0,0],[0,0],[1,0],[0,0],[0,0],[0,0],[0,0],[0,0],[0,-1],[0,0],[0,0],[0,0],[0,0],[0,0],[0,0],[0,0],[0,0],[0,-1],[-1,0],[1,0],[0,0],[0,0],[0,0],[0,0],[1,0],[0,-1],[0,-1],[0,0],[0,0],[0,-1],[0,0],[0,0],[0,0],[0,1],[0,0],[-1,0],[0,0],[0,0],[0,0],[0,0],[0,0],[0,0],[0,1],[-1,-1],[0,0],[-1,0],[0,0],[0,-1],[0,0],[0,0],[0,0],[0,0],[0,-1],[0,0],[0,0],[0,-1],[0,0],[0,-1],[0,0],[1,0],[0,-1],[0,0],[0,0],[0,0],[1,0],[-1,0],[0,-1],[0,0],[0,0],[1,-1],[0,0],[0,0],[0,-1],[0,0],[0,-1],[0,0],[1,0],[0,0],[0,-1],[0,1],[1,-1],[0,0],[1,0],[1,0],[-1,-1],[1,0],[0,0],[0,1],[0,0],[0,0],[1,0],[0,1],[1,0],[0,0],[1,0],[0,0],[0,0],[0,0],[0,0],[0,0],[0,0],[0,1],[0,0],[1,0],[0,0],[0,0],[1,0],[0,0],[0,0],[0,1],[0,-1],[0,0],[0,0],[1,1],[0,0],[0,-1],[0,0],[0,0],[0,0],[0,0],[1,0],[0,0],[0,0],[0,0],[1,1],[0,0],[0,0],[1,0],[0,0]],[[253,242],[0,0],[0,0],[0,0],[0,0],[0,-1],[0,1],[0,0],[0,0],[0,0],[0,0]],[[251,240],[0,0],[0,1],[0,0],[0,1],[0,0],[0,0],[1,0],[0,0],[0,1],[-1,0],[-1,0],[0,0],[0,0],[0,0],[0,-1],[0,0],[1,0],[0,0],[0,0],[0,-1],[-1,0],[0,-1],[0,0],[0,0],[0,0],[0,0],[0,0],[0,0],[0,0],[0,0],[1,0]],[[305,208],[0,0],[0,0],[-1,0],[0,0],[-1,0],[0,0],[0,2],[-1,0],[0,0],[0,0],[-1,1],[0,0],[0,0],[0,1],[0,1],[-1,0],[0,1],[0,0],[0,0],[0,1],[-1,0],[0,0],[1,0],[0,0],[0,0],[0,0],[0,0],[1,0],[0,0],[0,0],[0,0],[0,1],[0,1],[1,0],[0,0],[0,1],[0,0],[0,0],[0,0],[0,0],[0,1],[0,0],[0,0],[0,1],[0,0],[0,0],[0,0],[1,0],[0,0],[0,1],[0,0],[0,0],[1,0],[0,0],[1,0],[0,0],[1,0],[0,0],[0,0],[1,0],[0,0],[0,0],[0,0],[1,0],[0,0],[0,0],[0,0],[0,0],[1,1],[0,0],[1,1],[0,0],[0,0],[0,0],[1,0],[0,0],[0,0],[0,0],[1,0],[0,0],[1,0],[1,0],[0,0],[1,0],[0,0],[0,0],[1,0],[0,0],[0,1],[0,0],[-1,0],[0,1],[0,0],[0,0],[0,0],[0,1],[0,0],[0,1],[0,0],[0,1],[0,0],[0,0],[0,0],[0,1],[0,0],[0,1],[0,0],[0,0],[1,0],[0,1],[0,0],[0,0],[0,0],[0,0],[-1,0],[0,1],[0,0],[0,1],[0,-1],[0,1],[0,0],[0,0],[0,0],[0,0],[1,0],[0,0],[0,0],[0,1],[0,0],[0,0],[0,0],[0,0],[1,0],[0,1],[0,0],[0,0],[0,0],[0,1],[0,0],[0,0],[0,0],[0,0],[0,1],[0,0],[0,0],[0,0],[0,0],[0,-1],[0,0],[0,0],[-1,-1],[0,0],[0,-1],[0,0],[0,0],[0,0],[-1,0],[0,1],[0,0],[0,0],[-1,0],[0,0],[0,0],[0,0],[0,0],[0,0],[0,0],[0,0],[-1,0],[0,0],[1,0],[0,0],[-1,0],[0,0],[-1,0],[0,0],[-1,0],[0,0],[-1,0],[0,0],[0,0],[0,0],[0,0],[-1,0],[0,1],[0,-1],[0,1],[0,1],[0,0],[0,0],[0,0],[0,0],[1,0],[0,0],[0,0],[0,0],[0,0],[0,0],[0,0],[1,0],[0,0],[0,1],[0,0],[0,0],[0,0],[0,0],[0,0],[0,0],[0,0],[0,0],[0,0],[0,0],[0,0],[0,0],[0,0],[0,0],[-1,0],[0,0],[0,0],[0,0],[0,0],[0,0],[0,0],[0,0],[0,0],[-1,0],[0,0],[0,1],[0,0],[0,0],[0,0],[0,0],[0,0],[-1,1],[0,0],[0,1],[1,0],[0,0],[0,0],[0,0],[1,0],[0,1],[0,0],[0,0],[0,0],[0,0],[0,0],[0,0],[0,0],[0,0],[0,1],[0,0],[0,0],[0,0],[0,0],[0,0],[0,0],[0,0],[0,0],[0,0],[0,1],[0,0],[0,1],[0,0],[0,1],[0,0],[0,1],[-1,1],[0,1],[0,1],[0,1],[0,1],[0,0],[0,0],[-1,-1],[0,0],[0,0],[0,0],[0,0],[0,0],[0,0],[0,0],[-1,0],[0,0],[0,0],[0,0],[0,-1],[1,-1],[0,0],[0,-1],[0,0],[0,0],[0,0],[0,-1],[0,0],[0,0],[0,0],[0,0],[0,0],[-1,0],[0,0],[0,0],[0,0],[-1,-1],[0,0],[0,0],[0,0],[-1,0],[0,1],[0,0],[0,-1],[0,0],[-1,0],[0,0],[0,0],[0,0],[0,0],[-1,0],[0,1],[0,0],[0,0],[0,0],[-1,0],[0,0],[0,0],[0,0],[-1,0],[0,0],[0,0],[0,0],[0,0],[0,0],[-1,0],[0,-1],[0,0],[0,0],[0,0],[0,0],[0,0],[0,-1],[0,0],[0,0],[0,0],[0,0],[-1,0],[0,0],[0,0],[0,-1],[0,0],[0,0],[0,0],[0,0],[-1,-1],[0,0],[0,0],[0,0],[0,0],[0,0],[-1,0],[0,0],[0,0],[0,-1],[0,0],[0,0],[0,0],[0,0],[-1,0],[0,-1],[0,0],[0,0],[0,0],[0,0],[0,0],[0,0],[-1,0],[0,0],[0,0],[0,0],[0,-1],[0,0],[-1,0],[0,0],[0,0],[0,0],[-1,0],[0,0],[0,0],[-1,-1],[0,0],[0,0],[0,0],[-1,0],[0,0],[0,0],[0,0],[0,0],[0,1],[0,0],[-1,-1],[0,0],[0,0],[0,1],[0,-1],[0,0],[0,0],[-1,0],[0,0],[0,0],[-1,0],[0,0],[0,-1],[0,0],[0,0],[0,0],[0,0],[0,0],[0,0],[-1,0],[0,0],[-1,0],[0,-1],[-1,0],[0,0],[0,0],[0,-1],[0,0],[-1,0],[0,0],[0,0],[0,-1],[1,0],[0,0],[0,0],[0,0],[0,-1],[0,0],[0,0],[1,-1],[0,0],[0,0],[0,0],[0,0],[1,0],[0,0],[0,0],[0,0],[0,0],[0,0],[0,0],[0,0],[0,0],[1,-1],[0,0],[0,0],[0,0],[0,0],[0,0],[0,0],[0,-1],[0,0],[1,0],[0,0],[0,-1],[0,-1],[0,0],[0,1],[0,0],[0,0],[0,-1],[0,0],[0,0],[-1,0],[0,0],[0,0],[0,0],[0,0],[0,0],[0,-1],[0,0],[1,0],[0,0],[0,0],[0,-1],[0,0],[0,0],[0,-1],[0,0],[0,0],[-1,-1],[0,0],[1,0],[0,-1],[0,0],[-1,-1],[0,0],[0,0],[0,0],[1,-1],[0,0],[-1,0],[0,0],[0,-1],[0,0],[0,0],[-1,0],[0,-1],[0,0],[0,0],[0,0],[0,-1],[0,0],[0,0],[1,0],[0,0],[0,0],[0,0],[0,1],[0,-1],[1,0],[0,0],[0,0],[0,0],[0,-1],[0,0],[0,0],[0,0],[0,0],[-1,-1],[0,0],[0,0],[0,0],[0,0],[1,0],[0,0],[0,0],[0,0],[1,1],[0,0],[0,0],[0,0],[0,0],[0,0],[0,0],[0,0],[0,1],[0,-1],[0,0],[0,-1],[0,0],[0,0],[0,0],[0,0],[0,0],[0,-1],[2,0],[0,-1],[0,0],[1,-1],[0,0],[0,0],[0,0],[0,0],[0,0],[0,-1],[0,0],[0,-1],[1,0],[-1,0],[0,0],[0,0],[0,0],[0,0],[1,-1],[0,0],[0,0],[0,0],[1,-1],[0,0],[0,0],[1,0],[1,0],[0,0],[0,0],[-1,0],[0,0],[0,1],[1,0],[0,0],[0,-1],[0,0],[0,-1],[0,0],[1,0],[0,0],[0,0],[1,0],[1,0],[1,-1],[1,0],[0,0],[1,-1],[0,0],[0,0],[0,0],[0,0],[0,0],[1,-1],[0,0],[1,0],[0,0],[1,1],[0,0],[-1,1],[0,0]],[[308,290],[0,0],[0,0],[0,0],[1,0],[0,0],[0,0],[0,-1],[0,0],[0,0],[0,0],[0,-1],[1,0],[0,0],[0,0],[0,0],[0,1],[1,0],[0,0],[0,1],[0,0],[0,0],[0,0],[0,0],[0,0],[0,0],[0,1],[0,0],[0,0],[0,1],[0,0],[0,0],[1,0],[0,0],[0,1],[0,0],[0,0],[1,0],[0,0],[0,0],[0,0],[0,0],[0,1],[-1,0],[0,0],[1,0],[0,1],[0,0],[-1,0],[0,0],[0,0],[0,0],[0,0],[0,0],[0,1],[0,0],[0,0],[0,0],[0,0],[0,0],[1,1],[0,0],[0,0],[0,0],[0,0],[0,0],[0,0],[0,0],[0,0],[0,1],[1,0],[0,1],[0,0],[0,1],[0,0],[0,0],[0,0],[0,1],[0,0],[0,0],[0,1],[0,0],[0,0],[0,0],[0,1],[1,0],[0,0],[0,0],[0,0],[1,0],[0,0],[1,0],[0,1],[-1,1],[0,1],[0,0],[0,0],[-1,0],[-1,0],[0,1],[-1,0],[0,0],[0,0],[0,0],[0,0],[0,0],[0,1],[0,0],[0,0],[0,0],[0,0],[0,1],[0,0],[0,0],[0,0],[0,0],[0,0],[0,1],[-1,0],[1,0],[0,1],[0,0],[0,1],[0,0],[0,0],[0,0],[0,1],[0,0],[0,0],[0,0],[0,1],[0,0],[0,0],[0,0],[0,0],[0,0],[-1,0],[0,0],[0,0],[0,0],[0,1],[0,0],[-1,0],[0,1],[0,0],[0,0],[0,0],[0,1],[-1,0],[0,0],[0,0],[0,0],[0,0],[0,1],[0,0],[-1,0],[0,1],[0,1],[0,0],[0,0],[0,0],[0,0],[0,1],[0,1],[0,0],[0,0],[0,0],[0,0],[0,0],[0,1],[0,0],[0,0],[0,0],[-1,0],[0,0],[0,0],[0,0],[0,1],[0,0],[0,0],[0,1],[0,0],[0,0],[0,0],[0,0],[0,0],[-1,0],[0,0],[0,0],[0,1],[0,0],[0,0],[0,0],[0,1],[0,0],[1,0],[0,0],[0,0],[0,1],[0,0],[0,0],[0,0],[0,0],[0,0],[0,0],[0,1],[0,0],[0,0],[0,1],[1,0],[0,0],[0,0],[-1,0],[0,1],[0,0],[1,0],[0,0],[0,0],[0,0],[0,0],[0,0],[0,1],[0,0],[0,0],[0,1],[0,0],[0,1],[0,0],[0,0],[0,0],[0,0],[0,0],[-1,0],[0,0],[0,0],[0,1],[0,0],[0,0],[0,0],[0,0],[0,1],[0,0],[-1,0],[0,0],[0,1],[0,0],[0,0],[0,0],[0,0],[1,0],[0,1],[0,0],[0,0],[0,0],[0,1],[-1,0],[0,0],[0,0],[0,0],[0,0],[0,1],[0,0],[-1,0],[0,0],[0,0],[0,0],[0,0],[0,0],[0,0],[-1,1],[0,0],[0,0],[1,0],[0,1],[-1,0],[0,0],[0,0],[1,1],[-1,0],[0,0],[0,0],[1,1],[0,0],[0,1],[0,0],[0,0],[0,0],[0,1],[0,0],[0,0],[0,0],[0,0],[-1,0],[0,0],[0,0],[0,1],[0,0],[0,0],[0,1],[0,0],[0,0],[-1,0],[0,0],[0,0],[0,0],[0,0],[0,0],[0,1],[0,0],[0,0],[0,0],[0,0],[0,1],[0,0],[0,0],[0,0],[0,0],[0,0],[0,0],[0,0],[0,1],[0,0],[0,0],[0,0],[0,0],[-1,0],[0,1],[1,0],[0,0],[0,1],[-1,0],[1,1],[-1,0],[0,0],[1,0],[0,1],[0,0],[0,0],[0,0],[-1,0],[0,0],[0,0],[0,1],[0,0],[0,0],[0,0],[0,0],[0,0],[0,1],[0,0],[0,0],[0,1],[0,0],[0,0],[0,0],[1,0],[0,0],[0,1],[0,0],[-1,0],[0,0],[1,0],[0,0],[0,0],[0,1],[0,0],[0,0],[0,0],[0,0],[0,1],[0,0],[0,0],[0,0],[0,0],[0,0],[1,1],[0,0],[1,0],[-1,0],[0,0],[0,1],[0,0],[0,-1],[-1,1],[0,0],[0,0],[-1,0],[0,0],[0,0],[0,0],[1,0],[0,0],[0,0],[1,1],[0,0],[0,0],[0,0],[0,1],[-1,0],[0,0],[0,0],[0,0],[0,1],[0,0],[0,0],[0,0],[0,0],[0,0],[0,1],[0,0],[0,0],[0,0],[0,1],[0,0],[0,0],[-1,0],[0,0],[0,1],[0,0],[0,0],[0,0],[0,0],[0,0],[0,1],[-1,0],[0,0],[0,0],[0,1],[0,0],[0,0],[0,0],[0,0],[0,1],[0,0],[0,0],[0,1],[0,0],[0,0],[0,0],[0,0],[0,1],[-1,0],[0,0],[0,0],[0,0],[-1,0],[0,0],[0,1],[0,0],[-1,0],[0,0],[0,0],[0,1],[0,0],[0,0],[0,1],[0,0],[0,0],[0,0],[1,1],[0,0],[0,0],[0,1],[0,0],[0,0],[0,0],[1,0],[0,0],[0,0],[1,0],[0,-1],[0,1],[0,0],[0,0],[0,0],[0,0],[0,1],[0,0],[0,0],[0,0],[0,0],[0,0],[0,1],[0,0],[0,0],[0,0],[1,1],[0,0],[0,0],[0,0],[0,0],[1,0],[1,0],[1,0],[1,0],[2,0],[0,1],[1,0],[1,0],[1,0],[0,0],[1,0],[0,0],[0,0],[-2,0],[0,0],[0,0],[-1,0],[0,0],[0,1],[-1,0],[0,0],[-1,0],[-1,0],[0,0],[-1,0],[0,1],[0,0],[0,1],[0,0],[0,0],[0,1],[0,0],[0,0],[-1,0],[0,0],[-1,0],[0,0],[-1,0],[0,0],[-1,-1],[0,0],[0,0],[0,0],[1,0],[0,0],[0,0],[1,0],[0,0],[0,0],[-1,0],[0,0],[1,0],[0,0],[1,-1],[0,0],[0,0],[0,0],[1,0],[-1,0],[0,-1],[-2,1],[0,0],[-1,0],[0,1],[0,0],[0,0],[0,0],[-1,0],[-1,0],[0,0],[0,0],[1,-1],[0,0],[0,0],[0,0],[0,-1],[0,0],[0,0],[0,1],[1,0],[1,-1],[0,0],[1,0],[0,0],[0,0],[1,0],[-1,0],[0,0],[-1,0],[-1,0],[0,0],[0,0],[0,0],[-1,0],[0,0],[0,0],[0,0],[0,0],[0,0],[-1,1],[0,0],[0,0],[0,0],[0,0],[0,0],[-1,0],[0,0],[0,0],[1,-1],[0,0],[0,0],[0,0],[0,0],[0,0],[0,0],[0,0],[-1,0],[0,0],[0,0],[-1,0],[0,0],[0,0],[0,0],[0,-1],[-1,0],[0,0],[0,0],[0,0],[0,0],[0,0],[0,0],[0,0],[0,0],[1,0],[0,0],[0,0],[1,0],[0,0],[0,0],[0,0],[0,0],[0,0],[1,0],[0,0],[0,0],[1,-1],[0,0],[0,0],[0,0],[0,0],[0,0],[0,1],[1,0],[0,0],[0,0],[-1,0],[0,0],[0,0],[0,0],[1,0],[0,0],[0,0],[0,0],[0,0],[0,-1],[-1,0],[0,0],[1,0],[0,0],[0,0],[0,-1],[-1,0],[-1,0],[0,0],[0,0],[0,0],[0,0],[1,0],[0,0],[0,0],[1,1],[0,0],[-1,0],[-1,0],[-1,0],[0,0],[0,0],[0,0],[-1,0],[0,0],[0,0],[0,0],[0,0],[-1,0],[0,-1],[1,0],[0,0],[0,-1],[0,0],[-1,0],[0,0],[0,0],[0,0],[-1,0],[0,0],[0,0],[0,0],[-1,-1],[0,0],[0,0],[0,0],[1,0],[0,0],[0,-1],[0,0],[0,0],[0,0],[0,0],[1,0],[0,0],[0,1],[0,0],[0,0],[1,0],[0,0],[0,0],[0,0],[1,0],[0,0],[0,0],[0,-1],[0,0],[0,0],[-1,0],[0,1],[0,0],[-1,0],[0,0],[0,-1],[0,0],[1,0],[0,0],[-1,0],[0,0],[0,0],[-1,0],[0,-1],[1,0],[0,0],[1,0],[0,0],[0,0],[0,0],[-1,0],[0,-1],[0,0],[0,0],[0,0],[0,0],[1,0],[0,0],[0,0],[0,0],[0,-1],[-1,0],[1,0],[0,0],[0,0],[0,0],[0,-1],[0,0],[0,0],[0,0],[0,0],[0,0],[0,1],[-1,0],[0,0],[0,0],[0,0],[0,0],[0,0],[0,0],[0,0],[0,-1],[0,0],[0,-1],[0,0],[0,0],[0,0],[1,0],[0,0],[-1,0],[0,0],[0,0],[-1,0],[0,-1],[0,0],[0,0],[0,-1],[1,0],[0,0],[1,0],[1,1],[0,0],[0,0],[0,0],[0,-1],[0,0],[0,0],[0,0],[0,-1],[-1,0],[0,1],[0,0],[0,0],[0,0],[-1,0],[0,0],[0,0],[0,0],[0,0],[-1,0],[0,0],[0,0],[0,-1],[0,0],[0,0],[1,0],[0,0],[0,0],[0,0],[0,0],[0,0],[0,0],[0,0],[-1,0],[1,0],[0,-1],[0,0],[0,0],[0,0],[0,-1],[0,0],[-1,0],[0,0],[0,0],[0,0],[0,0],[0,0],[0,0],[0,0],[-1,0],[0,0],[0,0],[0,-1],[0,0],[0,1],[-1,0],[0,0],[0,0],[-1,0],[1,0],[0,0],[0,0],[0,0],[0,0],[0,0],[-1,0],[0,0],[0,0],[0,0],[1,-1],[0,0],[0,0],[1,0],[0,-1],[0,0],[0,0],[0,0],[1,-1],[0,0],[0,0],[1,0],[0,0],[0,0],[0,0],[1,0],[0,0],[-1,0],[0,0],[0,-1],[1,0],[0,0],[0,0],[0,0],[0,1],[0,0],[0,0],[0,1],[0,0],[0,0],[0,0],[-1,0],[0,0],[0,1],[0,0],[0,0],[1,-1],[0,0],[0,-1],[0,0],[0,0],[1,1],[0,0],[0,0],[-1,1],[0,0],[0,0],[0,0],[0,0],[0,0],[1,0],[0,0],[0,-1],[0,0],[0,0],[0,0],[0,-1],[0,0],[-1,0],[0,0],[0,-1],[1,0],[0,0],[1,0],[0,0],[1,0],[0,0],[0,0],[0,0],[-1,0],[0,0],[-1,0],[0,-1],[0,0],[1,0],[0,0],[1,-1],[0,0],[0,0],[0,0],[-1,-1],[0,0],[0,0],[0,0],[0,-1],[0,0],[0,-1],[0,0],[0,0],[1,-1],[0,0],[0,0],[0,0],[0,0],[0,-1],[0,0],[0,0],[0,-1],[0,0],[0,0],[0,0],[0,0],[0,0],[0,0],[0,0],[1,0],[0,0],[0,0],[0,0],[0,-1],[-1,0],[0,0],[0,0],[0,0],[0,0],[0,-1],[0,0],[1,0],[0,0],[0,0],[0,0],[0,0],[0,0],[0,0],[-1,0],[0,0],[0,0],[0,0],[-1,0],[0,0],[0,0],[-1,0],[0,0],[-1,0],[0,0],[1,0],[0,0],[0,0],[0,0],[-1,0],[0,-1],[0,0],[0,0],[0,-1],[0,0],[0,-1],[0,-1],[1,0],[0,-1],[0,0],[0,0],[1,-1],[0,-1],[-1,-1],[0,-1],[0,0],[0,-1],[0,0],[0,0],[0,-1],[0,0],[0,0],[0,-1],[0,0],[0,0],[0,0],[1,0],[0,0],[0,-1],[0,0],[0,0],[0,-1],[0,0],[1,0],[0,0],[0,-1],[0,-1],[1,0],[-1,-1],[1,0],[0,0],[0,0],[0,-1],[1,0],[0,0],[0,-1],[0,-1],[0,0],[0,0],[0,-1],[1,0],[0,0],[0,-1],[0,0],[0,0],[0,-1],[0,0],[0,-1],[0,0],[1,-1],[0,0],[0,0],[0,-1],[-1,-1],[0,-1],[0,-1],[0,0],[0,-1],[0,0],[0,-1],[1,0],[0,-1],[0,-1],[0,0],[0,-1],[0,0],[0,-1],[0,0],[0,0],[0,0],[0,-1],[0,0],[1,-1],[0,-1],[0,0],[0,0],[0,0],[0,-1],[0,0],[0,-1],[0,0],[0,0],[1,-1],[0,-1],[0,0],[0,0],[0,-1],[0,0],[0,0],[0,-1],[0,0],[0,0],[0,-1],[0,0],[0,-1],[0,0],[0,-1],[0,-1],[0,0],[0,-1],[0,0],[1,0],[0,0],[0,-1],[-1,0],[0,0],[0,0],[0,0],[0,-1],[0,0],[1,0],[0,0],[0,-1],[0,-1],[0,-1],[0,0],[0,-1],[0,0],[0,0],[0,-1],[0,-1],[0,-1],[0,-1],[0,-1],[0,0],[0,0],[0,-1],[0,0],[0,-1],[0,-1],[0,-1],[0,0]],[[312,384],[0,1],[0,1],[0,0],[0,1],[0,1],[0,1],[0,0],[0,1],[0,0],[0,0],[-1,0],[-1,0],[0,0],[-1,0],[0,0],[0,0],[0,0],[-1,0],[0,0],[0,0],[0,0],[-1,0],[0,0],[-1,0],[-1,0],[0,-1],[-1,0],[-1,0],[0,0],[0,0],[1,0],[0,0],[0,0],[0,0],[0,0],[1,0],[0,0],[0,0],[0,0],[1,0],[0,0],[0,0],[0,0],[0,0],[0,0],[1,0],[0,0],[0,0],[0,0],[1,0],[0,0],[0,0],[-1,0],[0,0],[0,-1],[0,0],[-1,0],[0,0],[0,-1],[1,0],[0,0],[0,0],[0,0],[0,0],[1,1],[-1,0],[0,0],[0,0],[1,0],[0,1],[0,0],[0,0],[1,0],[0,0],[0,0],[0,0],[1,0],[0,0],[0,0],[1,0],[0,0],[0,0],[0,0],[0,0],[0,0],[0,0],[0,0],[0,0],[0,0],[-2,-1],[-1,0],[0,-1],[0,0],[0,0],[1,0],[1,0],[0,-1],[0,0],[0,0],[0,0],[0,0],[0,0],[-1,0],[0,0],[-1,0],[0,0],[0,0],[0,0],[-1,0],[0,-1],[0,0],[1,0],[0,0],[0,0],[0,0],[0,0],[0,0],[0,0],[0,0],[0,0],[0,0],[0,-1],[0,0],[0,0],[0,0],[1,1],[0,0],[0,-1],[0,0],[1,0],[0,0],[0,0],[0,0],[1,0],[0,0],[1,0],[0,0],[0,0],[0,0]],[[317,391],[0,0],[-1,0],[0,0],[0,0],[0,0],[0,0],[0,0],[0,0],[0,0],[-1,0],[0,0],[0,0],[0,0],[0,0],[-1,0],[0,0],[0,0],[0,0],[-1,-1],[1,0],[0,0],[2,0],[0,0],[1,1],[0,0],[0,0]],[[298,359],[0,0],[0,0],[0,0],[-1,0],[0,0],[0,-1],[0,0],[0,0],[0,0],[0,-1],[0,0],[0,-1],[0,0],[0,0],[0,0],[0,0],[0,0],[1,-1],[0,0],[0,0],[0,0],[0,0],[0,-1],[0,0],[0,1],[1,0],[0,0],[0,0],[0,0],[0,0],[0,1],[0,0],[0,0],[0,0],[0,0],[0,0],[0,0],[0,0],[-1,1],[0,0],[1,0],[0,0],[0,0],[0,1],[0,0],[0,0],[0,0],[-1,0],[0,0],[0,1]],[[296,375],[0,0],[0,0],[0,1],[0,0],[0,0],[0,0],[0,0],[0,0],[0,1],[0,0],[0,0],[0,0],[0,0],[0,0],[-1,0],[0,-1],[0,0],[0,0],[0,0],[1,0],[0,0],[0,-1],[0,0],[0,0],[0,0],[0,0],[-1,1],[0,0],[0,0],[0,0],[0,0],[0,0],[0,0],[-1,0],[0,0],[0,0],[-1,0],[1,0],[0,0],[0,-1],[0,0],[0,0],[0,0],[0,0],[0,0],[0,0],[0,0],[1,0],[0,0],[-1,0],[0,-1],[1,0],[0,0],[0,0],[0,0],[0,0],[0,-1],[1,0],[0,0],[0,0],[0,0],[0,0],[0,1],[0,1]],[[294,373],[-1,0],[0,0],[1,-1],[0,0],[-1,0],[0,0],[0,0],[1,-1],[0,1],[0,0],[1,1],[0,0],[-1,0],[0,0],[0,0]],[[297,385],[0,0],[0,0],[0,0],[1,0],[0,0],[0,0],[1,0],[0,0],[0,0],[0,0],[1,1],[0,0],[0,0],[0,0],[0,0],[-1,0],[0,0],[0,0],[0,0],[0,0],[0,0],[-1,-1],[0,0],[0,0],[-1,0],[0,0],[0,0],[0,0],[-1,0],[0,0],[0,-1],[0,0],[0,0],[0,0],[0,1],[1,0],[0,0]],[[296,373],[0,0],[0,0],[-1,0],[0,0],[0,-1],[0,0],[0,0],[0,0],[-1,0],[0,0],[0,-1],[0,0],[1,0],[0,0],[0,0],[0,0],[1,1],[0,0],[0,0],[0,0],[0,0],[0,0],[0,0],[0,0],[0,1],[0,0]],[[301,386],[0,1],[0,0],[0,0],[0,0],[1,0],[0,0],[0,0],[0,0],[1,0],[-1,0],[0,1],[0,0],[0,0],[0,0],[0,0],[-1,0],[0,0],[0,0],[0,0],[0,0],[0,0],[0,0],[0,0],[0,0],[0,-1],[0,0],[0,0],[0,0],[-1,0],[0,0],[0,1],[0,0],[0,0],[0,0],[0,0],[0,0],[0,0],[0,-1],[0,0],[0,0],[0,0],[-1,0],[0,0],[0,0],[0,0],[-1,0],[1,-1],[0,0],[0,0],[1,0],[0,0],[0,0],[0,0],[0,0],[0,0],[1,0],[0,0],[0,0]],[[295,381],[1,1],[0,0],[0,0],[0,0],[0,0],[0,1],[0,0],[-1,0],[0,0],[0,-1],[0,0],[0,0],[0,0],[0,0],[0,-1],[0,0]],[[309,390],[3,1],[0,-1],[1,0],[0,1],[0,0],[-1,0],[1,0],[0,0],[0,0],[0,0],[0,0],[0,0],[0,0],[1,1],[0,0],[0,0],[0,0],[0,0],[0,0],[0,0],[0,0],[-1,0],[0,0],[0,0],[0,0],[-1,0],[0,0],[0,0],[0,0],[0,0],[0,-1],[0,0],[0,0],[0,0],[-1,0],[0,0],[0,0],[0,0],[0,0],[-1,0],[0,0],[1,1],[0,0],[0,0],[-1,0],[0,0],[0,0],[0,-1],[0,0],[0,0],[0,0],[0,0],[-1,0],[0,0],[0,0],[0,0],[0,0],[0,0],[0,0],[0,0],[0,-1],[0,0]],[[305,388],[0,0],[1,0],[0,0],[0,0],[0,1],[0,0],[0,0],[0,0],[-1,0],[0,-1],[-1,0],[0,0],[0,0],[0,1],[-1,0],[0,-1],[0,0],[0,0],[0,0],[0,0],[0,-1],[1,1],[0,0],[1,0]],[[298,362],[0,0],[0,0],[0,0],[0,0],[0,0],[0,0],[0,0],[0,1],[0,0],[0,0],[0,0],[0,0],[0,1],[0,0],[0,0],[0,0],[0,0],[0,0],[0,0],[0,0],[-1,0],[0,0],[0,0],[0,-1],[0,0],[0,0],[-1,-1],[0,0],[0,0],[0,0],[1,0],[0,0],[0,0],[0,0],[0,-1],[0,0],[1,0],[0,0],[0,0],[0,0],[0,0],[1,0],[0,0],[-1,1]],[[301,363],[-1,0],[0,0],[-1,0],[0,-1],[0,0],[0,0],[1,0],[0,0],[0,0],[0,0],[0,-1],[0,0],[0,0],[1,1],[0,0],[0,0],[0,0],[0,0],[0,1]],[[295,374],[0,0],[-1,0],[0,1],[0,0],[-1,0],[0,0],[0,-1],[1,0],[0,0],[0,0],[-1,0],[0,0],[0,0],[0,0],[1,0],[0,0],[0,0],[0,-1],[1,0],[0,1]],[[296,380],[0,1],[0,0],[0,0],[0,0],[0,0],[0,0],[-1,0],[0,0],[0,0],[0,0],[-1,0],[0,0],[0,0],[0,0],[0,0],[1,-1],[0,0],[0,0],[1,0],[0,0],[0,0],[0,0]],[[295,378],[-1,0],[0,0],[0,0],[0,0],[0,-1],[0,0],[0,0],[0,0],[0,0],[1,0],[0,0],[0,0],[0,0],[0,0],[0,1]],[[297,365],[0,0],[-1,0],[0,0],[0,0],[0,0],[0,0],[0,0],[0,-1],[0,0],[1,0],[0,0],[0,0],[0,0],[0,0],[0,1],[0,0],[0,0],[0,0]],[[306,390],[0,0],[0,0],[0,0],[1,0],[0,0],[0,0],[1,0],[0,1],[0,0],[0,0],[-1,0],[0,0],[0,0],[0,0],[0,0],[0,0],[0,0],[0,0],[-1,0],[0,0],[0,0],[0,0],[0,-1],[0,0],[-1,0],[0,0],[0,0],[0,0],[0,0],[0,0],[0,0],[0,0],[0,0],[0,0],[0,0],[1,0],[0,0]],[[317,237],[1,0],[0,1],[1,0],[0,0],[0,0],[0,0],[1,0],[0,0],[0,0],[0,-1],[0,0],[1,1],[0,0],[0,0],[0,0],[0,0],[0,0],[0,0],[0,0],[1,0],[0,-1],[0,0],[0,0],[1,0],[0,0],[0,0],[0,0],[0,-1],[1,0],[0,0],[0,0],[0,0],[1,0],[0,0],[0,-1],[0,0],[0,0],[0,0],[0,0],[0,0],[1,0],[0,-1],[1,0],[0,0],[0,0],[0,0],[0,0],[-1,0],[0,0],[-1,-1],[0,0],[0,0],[0,0],[0,0],[0,0],[0,0],[0,-1],[-1,-1],[0,0],[0,0],[0,-1],[0,0],[0,0],[-1,-1],[0,0],[0,0],[0,-1],[0,0],[0,1],[0,0],[0,0],[1,0],[0,0],[1,0],[0,0],[0,0],[0,0],[0,0],[0,0],[1,0],[0,0],[0,0],[0,1],[1,-1],[0,0],[0,0],[0,1],[1,0],[0,0],[0,0],[0,0],[1,-1],[0,0],[0,0],[0,0],[0,0],[0,0],[0,0],[1,0],[0,0],[1,0],[1,-1],[0,0],[0,0],[0,0],[1,0],[0,0],[0,0],[0,0],[0,0],[1,-1],[0,0],[0,0],[0,0],[0,0],[0,0],[0,0],[0,-1],[0,0],[0,0],[0,0],[0,0],[0,0],[1,0],[0,0],[0,0],[0,0],[1,0],[0,0],[0,0],[0,0],[0,0],[0,1],[0,0],[0,0],[0,0],[0,0],[0,1],[0,0],[0,0],[0,0],[0,0],[0,0],[0,0],[0,0],[1,0],[0,0],[0,0],[0,0],[0,1],[0,0],[0,0],[0,0],[0,0],[0,0],[0,0],[0,1],[0,0],[0,0],[0,0],[0,0],[-1,0],[0,1],[0,0],[0,0],[0,0],[0,1],[0,0],[0,1],[0,0],[0,0],[0,1],[0,0],[1,0],[0,0],[0,1],[0,0],[0,0],[0,0],[0,0],[0,0],[0,0],[0,0],[0,1],[0,0],[1,0],[0,0],[0,0],[0,0],[0,0],[1,1],[0,0],[0,0],[0,0],[0,0],[0,0],[1,0],[0,0],[0,0],[0,0],[0,-1],[0,0],[0,0],[0,0],[0,0],[0,0],[1,0],[0,0],[0,0],[0,0],[0,0],[0,0],[0,0],[0,0],[0,0],[0,0],[1,0],[0,0],[0,0],[0,0],[0,0],[1,0],[0,-1],[0,0],[0,0],[0,0],[0,0],[0,0],[1,0],[0,0],[0,0],[0,0],[0,0],[0,0],[1,0],[0,0],[0,0],[0,0],[0,0],[0,0],[1,0],[0,0],[0,0],[0,0],[1,0],[0,0],[0,0],[0,0],[0,0],[0,-1],[0,0],[0,0],[0,0],[0,0],[0,0],[0,0],[0,0],[0,-1],[0,0],[0,0],[0,0],[0,0],[1,1],[0,0],[1,-1],[0,0],[0,0],[0,0],[0,0],[0,0],[0,0],[1,0],[0,0],[0,0],[0,0],[0,0],[0,0],[0,0],[0,0],[0,1],[0,0],[1,0],[0,0],[0,0],[0,0],[0,0],[0,0],[1,0],[0,0],[0,0],[0,0],[0,0],[1,0],[0,0],[0,0],[0,0],[0,0],[0,0],[0,0],[0,0],[1,0],[0,0],[0,0],[0,0],[0,0],[0,0],[0,0],[1,0],[0,0],[0,0],[0,0],[0,0],[0,0],[0,0],[1,0],[0,0],[0,0],[0,-1],[0,0],[0,0],[1,-1],[0,0],[0,0],[0,0],[0,0],[0,-1],[0,0],[0,0],[0,0],[1,0],[0,-1],[0,0],[0,0],[0,0],[0,0],[0,0],[0,-1],[1,0],[0,0],[0,0],[0,0],[0,-1],[0,0],[1,1],[0,0],[0,1],[0,1],[1,1],[0,1],[0,0],[0,0],[0,1],[0,0],[0,0],[0,0],[1,0],[0,0],[0,1],[0,0],[0,0],[0,0],[1,0],[0,0],[0,1],[1,0],[0,1],[0,0],[0,0],[-1,0],[0,0],[0,1],[-1,0],[0,0],[0,1],[-1,1],[0,0],[0,0],[0,0],[-1,0],[0,0],[0,1],[-1,0],[0,1],[0,0],[0,0],[0,1],[0,0],[-1,0],[0,0],[0,1],[0,0],[0,0],[-1,0],[-1,0],[0,0],[1,0],[0,1],[1,0],[1,-1],[0,0],[1,0],[0,-1],[1,0],[0,0],[0,0],[0,0],[0,0],[0,0],[0,0],[0,1],[0,0],[0,0],[0,0],[0,1],[0,0],[0,0],[1,0],[0,0],[0,1],[1,-1],[0,0],[0,0],[0,0],[1,0],[0,0],[0,0],[1,0],[0,1],[0,0],[0,0],[0,1],[-1,0],[0,0],[0,0],[1,0],[0,0],[0,0],[0,-2],[1,0],[0,0],[1,-1],[0,0],[0,0],[1,1],[0,-1],[0,0],[0,0],[0,0],[-1,0],[1,0],[0,-1],[0,0],[0,0],[0,0],[0,-1],[0,0],[0,0],[1,0],[0,0],[0,0],[0,0],[0,0],[0,0],[1,0],[0,0],[0,0],[0,0],[0,0],[0,0],[0,0],[0,0],[0,0],[0,0],[1,0],[0,0],[0,0],[0,0],[1,0],[0,0],[0,0],[0,0],[1,1],[0,0],[0,0],[0,0],[0,0],[1,0],[0,0],[0,0],[0,0],[0,0],[1,1],[0,0],[0,0],[1,0],[0,0],[0,1],[0,0],[0,0],[1,-1],[0,0],[0,0],[0,1],[0,0],[1,0],[0,0],[0,0],[0,0],[0,0],[0,0],[0,0],[0,1],[0,0],[0,0],[0,0],[0,0],[0,0],[0,1],[0,0],[0,-1],[0,0],[1,0],[0,0],[0,1],[-1,0],[0,0],[0,0],[0,0],[0,0],[0,1],[0,1],[0,0],[0,0],[1,-1],[0,0],[0,-1],[0,0],[0,0],[0,0],[0,0],[0,0],[0,1],[0,0],[0,0],[1,-1],[0,0],[0,0],[0,0],[1,0],[0,0],[0,0],[1,0],[1,0],[0,0],[0,0],[1,0],[1,1],[0,0],[1,0],[0,0],[0,0],[1,0],[0,0],[0,0],[1,0],[1,0],[1,0],[1,0],[0,0],[1,1],[0,0],[0,0],[1,0],[1,1],[0,0],[1,0],[0,1],[0,0],[1,1],[1,0],[0,1],[1,0],[0,1],[1,0],[0,0],[1,0],[0,0],[1,0],[0,0],[1,0],[1,0],[0,0],[0,1],[1,0],[0,1],[0,1],[0,1],[1,1],[0,0],[0,0],[0,0],[0,1],[0,0],[0,1],[0,0],[0,0],[0,0],[0,0],[0,1],[0,0],[0,0],[-1,1],[0,2],[-1,0],[0,1],[-1,1],[0,0],[0,0],[0,0],[0,0],[-1,1],[0,0],[0,1],[-1,0],[0,0],[-1,0],[0,1],[0,0],[0,0],[-1,0],[0,1],[0,0],[0,0],[0,0],[0,0],[0,0],[0,0],[0,0],[0,0],[0,1],[0,0],[-1,1],[-1,1],[0,1],[-1,0],[0,1],[0,0],[0,0],[0,-1],[-1,0],[0,0],[0,0],[0,0],[0,0],[0,0],[0,0],[0,1],[0,0],[0,0],[-1,1],[0,0],[0,0],[0,0],[0,0],[0,0],[0,1],[0,0],[0,0],[0,1],[0,0],[0,-1],[1,1],[-1,1],[0,1],[0,1],[1,1],[0,0],[0,1],[0,0],[-1,1],[0,1],[0,1],[0,0],[0,0],[0,1],[0,1],[0,0],[-1,0],[0,0],[0,1],[-1,1],[0,1],[0,1],[0,0],[0,1],[0,0],[0,0],[-1,1],[0,0],[0,1],[0,0],[0,0],[-1,1],[0,0],[0,0],[-1,1],[0,0],[0,1],[0,0],[0,0],[0,1],[0,0],[0,1],[-2,0],[0,0],[-1,1],[0,0],[0,0],[0,0],[0,1],[0,0],[0,0],[-1,0],[-1,0],[0,0],[-1,0],[0,0],[0,0],[0,-1],[0,0],[0,0],[0,0],[0,0],[0,1],[0,0],[0,0],[0,0],[-1,0],[0,0],[-1,0],[0,0],[0,0],[0,0],[0,0],[1,0],[0,0],[-1,0],[0,0],[-1,0],[0,0],[-1,0],[0,0],[0,1],[0,0],[0,0],[0,0],[0,0],[-1,0],[-1,1],[0,0],[0,0],[0,0],[0,0],[0,0],[-1,0],[0,0],[-1,0],[-1,1],[-1,0],[-1,1],[-1,1],[-1,0],[0,0],[0,0],[0,1],[0,0],[0,0],[0,0],[0,0],[-1,1],[0,0],[0,-1],[0,0],[0,0],[0,0],[0,1],[-1,0],[0,0],[0,0],[0,0],[0,0],[0,0],[1,0],[0,0],[-1,1],[0,0],[0,0],[0,0],[0,0],[0,1],[0,0],[0,0],[0,0],[0,0],[0,0],[0,1],[0,0],[0,0],[0,1],[0,0],[0,0],[0,1],[0,0],[0,0],[0,0],[0,1],[0,1],[0,0],[0,1],[0,0],[0,0],[-1,1],[-1,0],[0,1],[-1,0],[-1,2],[0,1],[-1,2],[-1,0],[0,1],[-1,0],[-1,1],[-1,0],[0,1],[0,0],[0,0],[0,0],[0,-1],[0,0],[0,0],[0,0],[0,0],[0,0],[1,0],[0,-1],[1,0],[0,0],[0,0],[0,-1],[0,0],[1,0],[0,0],[0,0],[0,0],[0,-1],[0,0],[0,-1],[0,0],[1,0],[0,0],[0,0],[0,0],[0,0],[-1,0],[0,0],[-1,0],[0,0],[0,-1],[0,0],[0,0],[0,1],[0,0],[0,0],[0,0],[0,0],[0,1],[0,0],[0,0],[0,0],[0,0],[-1,1],[0,0],[0,0],[0,0],[0,1],[-1,0],[0,0],[0,0],[0,1],[0,0],[-1,0],[0,1],[0,0],[1,0],[-1,0],[0,1],[0,0],[-1,1],[0,1],[0,0],[-1,0],[-1,1],[0,0],[0,0],[0,0],[0,0],[0,0],[0,0],[0,-1],[0,0],[0,0],[0,-1],[0,0],[1,0],[0,0],[0,-1],[-1,0],[0,0],[0,0],[-1,0],[0,-1],[0,0],[0,0],[0,0],[0,0],[0,0],[0,0],[-1,-1],[0,0],[0,0],[-1,0],[0,0],[0,-1],[0,0],[-1,0],[0,0],[-1,0],[0,0],[0,0],[0,-1],[0,0],[0,0],[0,0],[-1,0],[0,0],[0,-1],[0,1],[0,0],[0,0],[0,0],[0,0],[-1,0],[0,0],[0,0],[0,0],[0,0],[0,0],[0,-1],[0,0],[0,0],[-1,0],[0,-1],[-1,0],[0,-1],[-1,0],[0,0],[0,1],[0,0],[0,0],[-1,0],[0,0],[0,0],[0,0],[0,-1],[0,0],[0,0],[1,0],[0,-1],[0,0],[1,0],[0,-1],[0,0],[0,0],[1,0],[0,-1],[0,0],[0,0],[1,-1],[0,0],[0,0],[0,0],[0,0],[0,0],[0,0],[0,0],[0,0],[0,0],[1,0],[0,0],[0,0],[0,0],[0,-1],[0,0],[0,0],[0,0],[1,0],[0,0],[0,-1],[0,0],[0,0],[0,0],[1,0],[0,0],[0,0],[0,0],[0,0],[0,-1],[0,0],[0,0],[1,0],[0,0],[0,0],[0,0],[0,0],[1,0],[0,0],[0,0],[0,0],[0,0],[0,0],[1,-1],[0,0],[0,0],[0,0],[0,0],[0,-1],[0,0],[0,0],[0,-1],[0,0],[0,0],[0,0],[0,-1],[0,0],[0,0],[0,-1],[0,0],[-1,0],[0,0],[0,0],[0,0],[0,0],[0,0],[-1,0],[0,0],[0,0],[0,0],[0,0],[0,0],[0,0],[0,-1],[0,0],[0,0],[0,-1],[1,-1],[0,0],[0,-1],[0,0],[0,0],[0,0],[-1,0],[0,-1],[0,0],[0,0],[0,0],[-1,0],[0,0],[0,1],[0,0],[-1,0],[0,0],[0,0],[0,0],[0,0],[-1,-1],[0,0],[0,0],[0,0],[0,0],[0,-1],[0,0],[0,0],[0,0],[0,0],[0,0],[0,-1],[0,0],[0,0],[0,0],[0,0],[0,0],[0,-1],[0,0],[0,0],[0,0],[0,0],[0,-1],[-1,0],[0,0],[0,0],[0,0],[0,0],[-1,0],[0,0],[0,0],[0,0],[0,0],[0,0],[0,0],[-1,0],[0,0],[0,0],[0,0],[0,0],[0,0],[-1,0],[0,0],[0,0],[0,0],[-1,0],[0,0],[0,0],[0,0],[-1,0],[0,0],[0,0],[0,0],[0,0],[0,0],[0,-1],[0,0],[0,0],[0,0],[0,0],[0,0],[0,0],[0,-1],[0,0],[0,0],[0,0],[0,0],[0,0],[0,0],[0,-1],[0,0],[0,0],[0,0],[0,0],[0,-1],[0,0],[0,0],[0,0],[0,0],[0,0],[0,0],[0,0],[0,0],[0,0],[-1,-1],[0,0],[0,0],[0,0],[0,0],[0,0],[0,0],[0,-1],[0,0],[0,0],[0,0],[0,0],[1,0],[0,0],[0,0],[-1,-1],[0,0],[0,0],[1,-1],[0,0],[0,-1],[0,0],[0,0],[0,0],[0,0],[0,0],[0,-1],[0,0],[1,-1],[0,0],[0,0],[0,0],[0,0],[0,0],[-1,-1],[0,-1],[0,0],[0,0],[0,0],[-1,0],[0,0],[0,-1],[-1,0],[0,0],[0,-1],[0,0],[0,0],[1,-1],[0,0],[0,0],[0,0],[-1,0],[0,0],[0,0],[0,0],[-1,0],[-1,0],[-2,0],[0,0],[-1,-1],[0,0],[0,-1],[0,-1],[0,0],[0,0],[-1,-1],[1,0],[0,0],[0,-1],[0,0],[0,0],[0,-1],[0,0],[0,0],[0,0],[0,0],[0,-1],[0,0],[0,0],[0,0],[-1,0],[0,0],[0,-1],[-1,0],[0,0],[-1,0],[0,0],[0,0],[-1,0],[0,0],[0,0],[-1,-1],[0,0],[0,0],[0,0],[0,0],[-1,0],[0,0],[-1,0],[0,0],[0,-1],[0,0],[0,0],[0,0],[-1,0],[0,0],[0,0],[0,0],[0,0],[-1,-1],[0,0],[0,0],[0,0],[-1,0],[0,0],[-1,0],[0,0],[0,0],[0,0],[-1,0],[0,-1],[0,0],[0,0],[0,0],[-1,0],[0,0],[0,0],[0,0],[0,-1],[0,0],[0,0],[0,0],[0,0],[0,0],[0,0],[0,0],[0,0],[-1,-1],[0,0],[0,0],[0,0],[0,0],[0,0],[0,0],[0,-1],[0,0],[0,-1],[0,0],[0,0],[0,0],[0,0],[0,-1],[1,0],[-1,0],[0,-1],[0,0],[0,0],[0,0],[0,0],[0,0],[0,0],[0,0],[-1,0],[0,0],[-1,0],[0,0],[-1,0],[0,0],[0,0],[-1,1],[-1,0],[0,0],[0,0],[0,1],[-1,0],[0,0],[0,0],[0,0],[0,0],[-1,0],[0,0],[0,1],[-1,0],[0,0],[0,0],[0,0],[-1,1],[0,0],[0,0],[0,0],[0,-1],[0,0],[-1,0],[0,0],[-1,0],[0,0],[0,0],[-1,0],[0,0],[-1,0],[0,0],[0,0],[0,0],[0,0],[-1,0],[0,0],[0,0],[0,0],[0,0],[0,-1],[0,-1],[0,0],[0,-1],[0,0],[0,0],[0,0],[0,-1],[0,0],[0,0],[0,0],[0,0],[0,0],[0,0],[0,0],[-1,0],[0,1],[0,0],[0,0],[0,0],[-1,0],[0,0],[-1,1],[0,0],[-1,0],[0,0],[0,-1],[0,0],[-1,0],[0,0],[0,-1],[0,0],[0,0],[0,0],[0,0],[-1,0],[-1,0],[0,0],[0,-1],[1,0],[0,0],[-1,-1],[0,0],[0,0],[0,0],[-1,0],[1,-1],[-1,0],[0,0],[0,0],[0,0],[0,0],[0,0],[0,0],[0,0],[0,-1],[0,0],[0,0],[-1,0],[0,0],[0,0],[0,0],[1,0],[-1,-1],[0,0],[0,0],[0,0],[0,0],[0,0],[0,0],[0,0],[0,0],[0,0],[0,-1],[0,0],[0,0],[0,0],[0,0],[0,0],[0,0],[0,0],[0,0],[0,0],[0,0],[0,0],[0,-1],[0,0],[1,0],[0,-1],[1,0],[0,0],[0,0],[0,0],[0,0],[0,0],[0,-1],[0,0],[0,0],[0,0],[0,-1],[0,0],[1,0],[0,-1],[0,0],[0,0],[0,-1],[0,0],[0,0],[0,0],[0,0],[1,0],[0,0],[0,-1],[0,0],[1,0],[0,0],[0,0],[1,-1],[0,0],[1,0],[0,0],[0,0],[0,0],[1,0],[0,0],[0,0],[0,0],[0,0],[1,0],[0,0],[0,0],[1,0],[0,0],[0,0],[0,0],[0,0],[0,0],[1,0],[0,0],[0,0],[0,0],[0,0],[0,-1],[0,-1],[0,-1],[0,-1],[1,-1],[0,-1],[0,0],[0,-1],[0,0],[0,-1],[0,0],[0,-1],[0,0],[0,0],[0,0],[0,0],[0,0],[0,0],[0,0],[0,0],[0,0],[0,-1],[0,0],[0,0],[0,0],[0,0],[0,0],[0,0],[0,0],[0,0],[0,-1],[-1,0],[0,0],[0,0],[0,0],[-1,0],[0,-1],[0,0],[1,-1],[0,0],[0,0],[0,0],[0,0],[0,0],[0,-1],[0,0],[1,0],[0,0],[0,0],[0,0],[0,0],[0,0],[0,0],[0,0],[0,0],[1,0],[0,0],[0,0],[0,0],[0,0],[0,0],[0,0],[0,0],[0,0],[0,0],[0,0],[0,0],[0,0],[0,0],[0,0],[0,-1],[0,0],[-1,0],[0,0],[0,0],[0,0],[0,0],[0,0],[0,0],[-1,0],[0,0],[0,0],[0,0],[0,0],[0,-1],[0,-1],[0,1],[0,-1],[1,0],[0,0],[0,0],[0,0],[0,0],[1,0],[0,0],[1,0],[0,0],[1,0],[0,0],[1,0],[0,0],[-1,0],[0,0],[1,0],[0,0],[0,0],[0,0],[0,0],[0,0],[0,0],[0,0],[1,0],[0,0],[0,0],[0,-1],[1,0],[0,0],[0,0],[0,0],[0,1],[0,0],[1,1],[0,0],[0,0],[0,1],[0,0],[0,0],[0,0]],[[364,241],[1,0],[0,0],[0,0],[0,0],[1,0],[1,0],[0,0],[0,0],[1,0],[0,0],[0,0],[0,0],[0,1],[-1,0],[0,0],[0,0],[0,0],[0,0],[0,1],[0,0],[0,0],[0,0],[0,0],[0,1],[0,0],[0,0],[0,0],[-1,0],[0,0],[0,0],[0,0],[0,0],[0,0],[0,0],[-1,1],[0,0],[0,-1],[0,0],[0,1],[-1,0],[0,0],[0,0],[0,0],[0,0],[-1,0],[0,0],[0,0],[-1,0],[0,0],[0,0],[0,0],[0,0],[-1,-1],[0,0],[0,0],[0,-1],[1,0],[0,0],[0,0],[0,0],[0,0],[-1,0],[0,0],[0,0],[0,-1],[0,0],[0,0],[0,0],[0,-1],[0,0],[1,0],[0,0],[1,-1],[1,1]],[[364,239],[0,1],[0,0],[0,0],[-1,0],[0,0],[0,0],[-1,0],[0,0],[1,0],[0,0],[1,-1],[0,0]],[[365,240],[-1,1],[0,-1],[0,0],[0,0],[0,0],[1,0],[0,0],[0,0],[0,0],[0,0]],[[362,240],[0,0],[0,0],[0,0],[0,-1],[0,0],[0,0],[0,0],[0,0],[0,0],[0,0],[0,0],[0,0],[0,1]],[[358,244],[0,0],[0,-1],[1,0],[0,0],[0,-1],[0,0],[1,0],[0,0],[0,1],[0,0],[-1,0],[0,1],[-1,0]],[[310,288],[0,0],[0,0],[0,0],[0,-1],[0,0],[0,0],[0,0],[0,0],[0,0],[0,0],[1,-1],[0,0],[0,0],[0,0],[0,0],[0,-1],[0,0],[0,0],[1,0],[0,0],[0,0],[0,0],[0,0],[-1,-1],[0,1],[0,-1],[0,0],[-1,-1],[0,0],[0,0],[1,-1],[0,0],[0,0],[0,0],[-1,-1],[0,0],[0,0],[0,0],[1,-1],[0,0],[0,0],[0,0],[0,0],[0,0],[0,0],[0,-1],[0,0],[0,0],[1,0],[0,0],[0,0],[0,-1],[-1,0],[0,0],[0,0],[0,-1],[0,0],[0,0],[0,0],[0,-1],[0,-1],[1,0],[0,0],[0,0],[0,0],[0,0],[0,0],[0,-1],[0,0],[0,-1],[-1,0],[0,-1],[0,0],[-1,-1],[0,0],[0,-1],[0,0],[1,0],[0,0],[1,0],[0,0],[0,1],[0,0],[0,0],[0,0],[1,-1],[0,0],[0,0],[0,0],[1,0],[0,-1],[0,0],[1,0],[0,0],[0,0],[0,0],[0,0],[1,0],[0,-1],[0,0],[0,0],[1,0],[1,-1],[0,0],[0,0],[1,0],[0,0],[1,0],[0,0],[1,0],[0,0],[0,0],[0,0],[0,0],[0,0],[0,0],[0,0],[0,1],[1,0],[-1,0],[0,1],[0,0],[0,0],[0,0],[0,0],[0,1],[0,0],[0,1],[0,0],[0,0],[0,0],[0,0],[0,0],[0,0],[1,1],[0,0],[0,0],[0,0],[0,0],[0,0],[0,0],[0,0],[0,0],[0,1],[0,0],[0,0],[0,0],[1,0],[0,0],[0,0],[0,0],[0,1],[1,0],[0,0],[0,0],[0,0],[1,0],[0,0],[1,0],[0,0],[0,0],[0,0],[1,1],[0,0],[0,0],[0,0],[0,0],[1,0],[0,0],[0,0],[0,0],[0,1],[0,0],[1,0],[0,0],[1,0],[0,0],[0,0],[0,0],[0,0],[1,1],[0,0],[0,0],[1,0],[0,0],[0,0],[1,0],[0,0],[1,0],[0,1],[0,0],[1,0],[0,0],[0,0],[0,0],[0,1],[0,0],[0,0],[0,0],[0,0],[0,1],[0,0],[0,0],[0,1],[0,0],[-1,0],[1,1],[0,0],[0,0],[0,1],[0,1],[0,0],[1,1],[0,0],[2,0],[1,0],[1,0],[0,0],[0,0],[0,0],[1,0],[0,0],[0,0],[0,0],[-1,1],[0,0],[0,0],[0,1],[0,0],[1,0],[0,1],[0,0],[1,0],[0,0],[0,0],[0,0],[0,1],[1,1],[0,0],[0,0],[0,0],[0,0],[0,0],[-1,1],[0,0],[0,1],[0,0],[0,0],[0,0],[0,0],[0,0],[0,1],[0,0],[-1,1],[0,0],[0,0],[1,1],[0,0],[0,0],[-1,0],[0,0],[0,0],[0,0],[0,0],[0,-1],[0,0],[-1,0],[-1,-1],[-1,0],[-1,0],[-1,0],[-1,0],[-1,0],[-1,1],[-1,0],[-1,0],[0,0],[0,1],[-1,0],[0,1],[0,0],[0,1],[0,1],[-1,1],[0,0],[0,1],[0,1],[0,0],[0,0],[0,0],[-1,-1],[0,0],[0,0],[-1,0],[-1,0],[0,0],[0,0],[0,0],[-1,0],[0,0],[0,0],[0,1],[-1,1],[0,0],[0,0],[0,1],[0,-1],[0,0],[0,0],[0,-1],[-1,0],[0,0],[0,0],[0,0],[-1,0],[0,0],[-1,0],[0,0],[-1,0],[0,0],[0,-1],[-1,0],[0,0],[0,0],[0,0],[0,0],[0,0],[0,0],[0,1],[-1,0],[0,0],[0,0],[0,0],[0,0],[-1,0],[0,1],[0,0],[0,0],[-1,0],[0,1],[0,0],[-1,0],[0,0],[0,0],[0,0],[-1,0],[0,-1],[0,0],[0,0],[0,0],[0,-1],[0,0],[0,0],[0,-1],[0,0],[0,0],[0,0],[0,-1],[0,0],[0,-1],[-1,0],[0,-1],[0,0],[0,0],[0,0],[0,0],[0,0],[0,0],[0,0],[0,0],[-1,-1],[0,0],[0,0],[0,0],[0,0],[0,0],[0,-1],[0,0],[0,0],[0,0],[0,0],[0,0],[1,0],[0,0],[0,-1],[-1,0],[0,0],[1,0],[0,-1],[0,0],[0,0],[0,0],[0,0],[-1,0],[0,0],[0,0],[0,-1],[0,0],[-1,0],[0,0],[0,0],[0,-1],[0,0],[0,0],[0,-1],[0,0],[0,0],[0,0],[0,0],[0,0],[0,0],[0,-1],[0,0],[-1,0],[0,-1],[0,0]],[[343,323],[-1,0],[0,0],[0,0],[0,1],[0,0],[0,0],[0,1],[0,0],[0,0],[0,0],[0,0],[0,0],[0,0],[0,1],[-1,0],[0,0],[0,0],[1,0],[0,1],[-1,0],[0,0],[0,0],[0,0],[0,0],[0,1],[0,0],[0,0],[0,0],[0,0],[0,1],[0,0],[0,0],[0,1],[0,0],[0,1],[0,0],[-1,0],[0,0],[0,0],[0,1],[0,0],[0,1],[0,0],[0,0],[0,1],[0,0],[0,0],[0,0],[0,0],[0,1],[1,0],[1,1],[1,0],[0,0],[1,1],[0,0],[-1,1],[0,0],[0,1],[0,0],[1,0],[0,1],[1,0],[0,0],[0,0],[0,1],[0,0],[0,0],[-1,2],[-1,0],[0,1],[0,0],[-1,0],[-1,1],[-2,1],[-2,0],[-1,0],[-2,1],[-1,0],[-1,0],[0,0],[-1,0],[-1,0],[0,-1],[0,0],[0,0],[0,1],[0,0],[0,0],[0,0],[0,1],[0,0],[0,0],[0,0],[0,0],[0,0],[0,1],[0,0],[0,0],[0,0],[-1,1],[0,0],[0,1],[1,0],[0,1],[-1,0],[-1,0],[0,1],[-1,0],[-1,0],[0,0],[-1,-1],[-1,0],[-1,0],[0,0],[0,0],[0,0],[0,0],[0,-1],[-1,1],[0,0],[0,0],[0,1],[0,0],[0,1],[0,0],[0,1],[0,0],[1,0],[0,1],[0,0],[1,0],[0,0],[0,0],[-1,0],[1,0],[0,0],[0,0],[1,0],[0,0],[0,0],[-1,0],[0,0],[1,-1],[0,0],[1,0],[0,0],[0,0],[0,1],[0,0],[0,0],[0,1],[0,0],[0,0],[-1,0],[0,0],[-1,0],[0,0],[0,0],[0,-1],[-1,0],[0,1],[-1,0],[0,0],[1,0],[1,1],[0,0],[0,0],[0,0],[0,0],[-1,0],[0,0],[-1,1],[0,0],[0,0],[0,0],[-1,1],[1,1],[-1,0],[1,0],[0,0],[-1,1],[0,0],[-1,1],[1,0],[0,0],[0,0],[-1,0],[-1,0],[0,0],[-1,0],[0,1],[0,0],[-1,0],[0,0],[-1,1],[0,0],[-1,1],[0,0],[0,0],[0,1],[0,0],[0,0],[1,0],[1,2],[1,0],[2,0],[0,0],[0,0],[0,1],[0,0],[0,0],[0,1],[-1,0],[0,0],[0,0],[0,0],[1,0],[0,0],[0,0],[0,0],[0,0],[0,1],[-1,0],[-1,1],[-1,0],[0,0],[0,0],[-1,1],[0,0],[-1,1],[0,0],[0,0],[0,1],[0,1],[-1,0],[0,0],[-1,0],[0,0],[0,0],[0,-1],[-1,0],[0,0],[0,0],[0,1],[0,0],[-1,0],[1,0],[1,0],[0,0],[0,0],[0,0],[0,0],[0,0],[-1,1],[0,0],[-1,0],[0,0],[0,1],[0,0],[0,0],[-1,1],[0,0],[1,0],[0,0],[0,0],[0,0],[0,1],[0,0],[0,0],[0,0],[-1,0],[0,0],[0,0],[1,0],[0,0],[0,0],[0,0],[1,1],[0,0],[1,1],[0,0],[0,0],[0,0],[0,0],[-1,0],[0,0],[-1,0],[-1,0],[-1,0],[0,-1],[-2,0],[-1,0],[-1,0],[-1,0],[-1,0],[0,0],[0,0],[0,0],[0,0],[-1,-1],[0,0],[0,0],[0,0],[0,-1],[0,0],[0,0],[0,0],[0,0],[0,0],[0,-1],[0,0],[0,0],[0,0],[0,0],[0,-1],[0,1],[-1,0],[0,0],[0,0],[-1,0],[0,0],[0,0],[0,0],[0,-1],[0,0],[0,0],[-1,-1],[0,0],[0,0],[0,0],[0,-1],[0,0],[0,0],[0,-1],[0,0],[0,0],[1,0],[0,0],[0,-1],[0,0],[1,0],[0,0],[0,0],[0,0],[1,0],[0,-1],[0,0],[0,0],[0,0],[0,0],[0,-1],[0,0],[0,0],[0,-1],[0,0],[0,0],[0,0],[0,0],[0,-1],[0,0],[0,0],[1,0],[0,-1],[0,0],[0,0],[0,0],[0,0],[0,0],[0,-1],[0,0],[1,0],[0,0],[0,0],[0,-1],[0,0],[0,0],[0,0],[0,-1],[0,0],[0,0],[0,0],[0,0],[0,0],[0,-1],[0,0],[0,0],[0,0],[1,0],[0,-1],[0,0],[0,0],[0,0],[-1,-1],[0,0],[0,0],[-1,0],[0,0],[0,0],[0,0],[1,0],[0,0],[0,0],[1,-1],[0,1],[0,0],[0,-1],[0,0],[1,0],[-1,0],[0,0],[-1,-1],[0,0],[0,0],[0,0],[0,0],[0,0],[0,-1],[0,0],[0,0],[0,0],[0,0],[0,-1],[0,0],[0,0],[-1,0],[0,0],[1,0],[0,0],[0,-1],[0,0],[-1,0],[0,0],[0,0],[0,0],[0,-1],[0,0],[0,0],[0,-1],[0,0],[0,0],[0,0],[0,0],[0,0],[0,-1],[0,0],[0,0],[1,0],[0,0],[0,0],[0,0],[0,-1],[-1,0],[0,0],[1,0],[-1,-1],[1,0],[0,-1],[0,0],[-1,0],[0,-1],[1,0],[0,0],[0,0],[0,0],[0,0],[0,-1],[0,0],[0,0],[0,0],[0,0],[0,0],[0,0],[0,0],[0,-1],[0,0],[0,0],[0,0],[0,0],[0,-1],[0,0],[0,0],[0,0],[0,0],[0,0],[1,0],[0,0],[0,0],[0,-1],[0,0],[0,0],[0,-1],[0,0],[0,0],[1,0],[0,0],[0,0],[0,0],[0,0],[0,-1],[0,0],[0,0],[0,0],[0,-1],[0,0],[-1,-1],[0,0],[0,0],[1,0],[-1,-1],[0,0],[0,0],[1,0],[0,-1],[-1,0],[0,0],[0,0],[1,-1],[0,0],[0,0],[0,0],[0,0],[0,0],[0,0],[1,0],[0,0],[0,-1],[0,0],[0,0],[0,0],[0,0],[1,0],[0,-1],[0,0],[0,0],[0,0],[0,-1],[-1,0],[0,0],[0,0],[0,0],[0,0],[0,-1],[0,0],[1,0],[0,0],[0,-1],[0,0],[0,0],[0,0],[0,0],[0,-1],[0,0],[0,0],[1,0],[0,0],[0,0],[0,0],[0,0],[0,0],[0,-1],[0,0],[0,-1],[0,0],[0,0],[0,-1],[0,0],[0,0],[0,0],[0,0],[0,0],[-1,0],[0,0],[0,-1],[1,0],[0,0],[0,0],[-1,0],[0,-1],[0,0],[0,0],[0,-1],[0,0],[0,0],[0,0],[0,0],[0,0],[0,0],[0,-1],[0,0],[0,0],[-1,0],[0,0],[0,-1],[0,0],[0,0],[0,0],[0,-1],[0,0],[0,0],[1,0],[0,0],[0,0],[0,0],[0,0],[0,0],[0,-1],[0,0],[0,0],[0,-1],[0,0],[0,0],[0,0],[1,0],[0,0],[0,0],[0,0],[0,-1],[0,0],[0,0],[0,0],[0,0],[0,0],[0,-1],[0,-1],[0,0],[0,0],[0,0],[0,0],[0,-1],[0,-1],[1,0],[0,0],[0,-1],[0,0],[0,0],[0,0],[0,0],[1,0],[0,-1],[0,0],[0,0],[0,0],[0,-1],[1,0],[0,0],[0,-1],[0,0],[0,0],[0,0],[1,0],[0,0],[0,0],[0,0],[0,0],[0,0],[0,-1],[0,0],[0,0],[0,0],[0,-1],[0,0],[0,0],[0,0],[0,-1],[0,0],[0,-1],[-1,0],[1,0],[0,-1],[0,0],[0,0],[0,0],[0,0],[0,0],[0,-1],[0,0],[0,0],[0,0],[0,0],[0,-1],[0,0],[0,0],[0,0],[0,0],[0,0],[1,0],[0,-1],[1,0],[1,0],[0,0],[0,0],[0,-1],[1,-1],[0,-1],[-1,0],[0,-1],[1,0],[0,0],[0,0],[0,-1],[1,0],[0,0],[0,0],[0,0],[0,0],[1,0],[0,-1],[0,0],[0,0],[0,0],[0,0],[0,0],[0,0],[1,0],[0,1],[0,0],[1,0],[0,0],[1,0],[0,0],[1,0],[0,0],[0,0],[0,0],[1,0],[0,1],[0,0],[0,0],[0,1],[0,-1],[0,0],[0,0],[1,-1],[0,-1],[0,0],[0,0],[1,0],[0,0],[0,0],[0,0],[1,0],[1,0],[0,0],[0,0],[1,1],[0,0],[0,0],[0,0],[0,0],[0,0],[1,0],[0,1],[0,1],[1,0],[0,1],[0,0],[1,0],[0,0],[0,0],[0,0],[1,1],[0,0],[0,0],[1,0],[1,1],[0,0],[1,0],[0,0],[1,0],[1,1],[0,0],[0,0],[1,1],[1,0],[0,0],[0,0],[1,0],[0,0],[0,0],[1,1],[0,0],[0,0],[1,1],[0,0],[0,0],[-1,0],[0,0],[0,0],[0,0],[0,1],[0,0],[0,0],[0,0],[0,0],[-1,1],[0,0],[0,0],[0,0],[0,0],[0,0],[0,0],[0,1],[0,0],[0,0],[0,0],[0,0],[0,0],[0,0],[0,0],[0,0],[0,1],[-1,0],[0,0],[0,0],[0,0],[0,0],[0,0],[0,1],[0,0],[1,0],[1,0],[1,0],[1,0],[0,0],[1,0],[0,0],[0,0],[0,0],[1,0],[0,0],[0,0],[0,0],[0,0],[0,0],[1,0],[0,0],[0,0],[1,0],[0,0],[0,0],[0,0],[0,0],[0,-1],[0,0],[0,0],[0,0],[1,0],[0,0],[0,0],[0,0],[0,0],[1,-1],[0,0],[0,0],[0,0],[0,0],[0,0],[1,-1],[0,-1],[0,-1],[0,0],[0,0],[0,0],[0,0],[0,0],[1,0],[0,0],[0,0],[0,0],[0,0],[0,0],[1,0],[0,0],[0,1],[0,0],[0,0],[0,1],[0,0],[0,0],[0,0],[0,1],[0,0],[0,0],[0,1],[0,0],[0,0],[0,0],[0,0],[-1,1],[0,0],[0,0],[0,0],[0,0],[0,0],[-1,0],[0,0],[0,0],[0,0],[0,0],[-1,0],[0,0],[0,0],[0,1],[0,0],[0,0],[0,0],[0,0],[-1,0],[0,0],[0,0],[0,0],[0,1],[0,0],[-1,0],[0,0],[0,0],[0,0],[0,1],[0,0],[0,0],[0,0],[-1,0],[0,0],[0,0],[0,0],[0,0],[0,0],[0,0],[0,0],[0,0],[0,0],[-1,1],[0,0],[0,0],[0,1],[-1,0],[0,0],[0,0],[0,1],[-1,0],[0,0],[0,1],[-1,0],[0,0],[0,0],[0,1],[0,0]],[[312,390],[0,-1],[0,0],[0,-1],[0,-1],[0,-1],[0,0],[0,-1],[0,-1],[1,0],[0,1],[0,0],[0,0],[0,0],[0,0],[0,0],[0,1],[0,0],[0,0],[0,0],[1,0],[0,0],[0,1],[0,0],[1,0],[0,0],[0,1],[1,0],[1,0],[0,0],[1,1],[0,0],[1,0],[1,0],[0,1],[1,-1],[1,1],[0,0],[0,0],[-1,0],[0,0],[0,0],[-1,0],[0,0],[0,0],[-1,0],[0,0],[0,0],[0,1],[-1,0],[0,0],[-1,-1],[0,0],[-2,0],[-1,0],[0,0],[-1,0],[0,0],[-1,0],[0,0]],[[324,390],[0,0],[0,0],[1,0],[0,0],[0,0],[0,0],[1,0],[0,0],[-1,0],[0,0],[-1,0],[0,0],[0,0],[-1,0],[0,0],[0,0],[0,0],[0,0],[0,0],[1,0]]],"transform":{"scale":[1,1],"translate":[0,0]}}
