{"type":"Topology","objects":{"countries":{"type":"GeometryCollection","geometries":[{"id":"cahokia","type":"Polygon","arcs":[[127]]},{"id":"mesa-verde","type":"Polygon","arcs":[[128]]},{"id":"san-antonio-missions","type":"Polygon","arcs":[[129]]},{"id":"tenochtitlan","type":"Polygon","arcs":[[130]]},{"id":"tzintzuntzan","type":"Polygon","arcs":[[131]]},{"id":"zacatecas-mine-city","type":"Polygon","arcs":[[132]]},{"id":"fuerte-del-morro","type":"Polygon","arcs":[[133]]},{"id":"tortuga-island","type":"Polygon","arcs":[[134]]},{"id":"white-house","type":"Polygon","arcs":[[135]]},{"id":"inukshuk","type":"Polygon","arcs":[[136]]},{"id":"panama-canal","type":"Polygon","arcs":[[137]]},{"id":"chichen-itza","type":"Polygon","arcs":[[138]]},{"id":"tikal","type":"Polygon","arcs":[[139]]},{"id":"chan-chan-citadel","type":"Polygon","arcs":[[140]]},{"id":"cartagena-de-indias-forts","type":"Polygon","arcs":[[141]]},{"id":"cerro-rico-del-potosi","type":"Polygon","arcs":[[142]]},{"id":"machu-picchu","type":"Polygon","arcs":[[143]]},{"id":"qhapaq-nan","type":"Polygon","arcs":[[144]]},{"id":"salvador-da-bahia","type":"Polygon","arcs":[[145]]},{"id":"tiwanaku","type":"Polygon","arcs":[[146]]},{"id":"alhambra","type":"Polygon","arcs":[[147]]},{"id":"aljaferia-palace","type":"Polygon","arcs":[[148]]},{"id":"ambras-castle","type":"Polygon","arcs":[[149]]},{"id":"amsterdam-bourse","type":"Polygon","arcs":[[150]]},{"id":"belem-tower","type":"Polygon","arcs":[[151]]},{"id":"bibliotheca-corviniana","type":"Polygon","arcs":[[152]]},{"id":"bran-castle","type":"Polygon","arcs":[[153]]},{"id":"brandenburg-gate","type":"Polygon","arcs":[[154]]},{"id":"city-of-sarai","type":"Polygon","arcs":[[155]]},{"id":"cologne-cathedral","type":"Polygon","arcs":[[156]]},{"id":"divrigi-hospital-mosque","type":"Polygon","arcs":[[157]]},{"id":"doges-palace","type":"Polygon","arcs":[[158]]},{"id":"duomo-di-milano","type":"Polygon","arcs":[[159]]},{"id":"dutch-polders","type":"Polygon","arcs":[[160]]},{"id":"edinburgh-castle","type":"Polygon","arcs":[[161]]},{"id":"el-escorial","type":"Polygon","arcs":[[162]]},{"id":"falun-copper-mine","type":"Polygon","arcs":[[163]]},{"id":"hagia-sophia","type":"Polygon","arcs":[[164]]},{"id":"heddal-stave-church","type":"Polygon","arcs":[[165]]},{"id":"historical-center-prague","type":"Polygon","arcs":[[166]]},{"id":"kazan-kremlin","type":"Polygon","arcs":[[167]]},{"id":"kiel-canal","type":"Polygon","arcs":[[168]]},{"id":"kiev-pechersk-lavra","type":"Polygon","arcs":[[169]]},{"id":"krakow-cloth-hall","type":"Polygon","arcs":[[170]]},{"id":"kronborg","type":"Polygon","arcs":[[171]]},{"id":"malbork-castle","type":"Polygon","arcs":[[172]]},{"id":"malta-forts","type":"Polygon","arcs":[[173]]},{"id":"mausoleum-at-halicarnassus","type":"Polygon","arcs":[[174]]},{"id":"moscow-kremlin","type":"Polygon","arcs":[[175]]},{"id":"notre-dame-cathedral","type":"Polygon","arcs":[[176]]},{"id":"palace-of-the-popes","type":"Polygon","arcs":[[177]]},{"id":"parthenon","type":"Polygon","arcs":[[178]]},{"id":"rila-monasteries","type":"Polygon","arcs":[[179]]},{"id":"royal-palace-of-caserta","type":"Polygon","arcs":[[180]]},{"id":"saint-basil-cathedral","type":"Polygon","arcs":[[181]]},{"id":"saint-peters-basilica","type":"Polygon","arcs":[[182]]},{"id":"santa-maria-del-fiore","type":"Polygon","arcs":[[183]]},{"id":"schonbrunn-palace","type":"Polygon","arcs":[[184]]},{"id":"stonehenge","type":"Polygon","arcs":[[185]]},{"id":"sultan-ahmed-mosque","type":"Polygon","arcs":[[186]]},{"id":"the-golden-city","type":"Polygon","arcs":[[187]]},{"id":"tower-of-london","type":"Polygon","arcs":[[188]]},{"id":"trakai-castle","type":"Polygon","arcs":[[189]]},{"id":"ulm-minster","type":"Polygon","arcs":[[190]]},{"id":"venetian-arsenal","type":"Polygon","arcs":[[191]]},{"id":"versailles","type":"Polygon","arcs":[[192]]},{"id":"visby-city","type":"Polygon","arcs":[[193]]},{"id":"winter-palace","type":"Polygon","arcs":[[194]]},{"id":"ait-benhaddou","type":"Polygon","arcs":[[195]]},{"id":"al-azhar-university","type":"Polygon","arcs":[[196]]},{"id":"bam-citadel","type":"Polygon","arcs":[[197]]},{"id":"citadel-of-aleppo","type":"Polygon","arcs":[[198]]},{"id":"city-of-sanaa","type":"Polygon","arcs":[[199]]},{"id":"golestan-palace","type":"Polygon","arcs":[[200]]},{"id":"great-mosque-djenne","type":"Polygon","arcs":[[201]]},{"id":"harar-jugol","type":"Polygon","arcs":[[202]]},{"id":"holy-city-jerusalem","type":"Polygon","arcs":[[203]]},{"id":"holy-city-kairouan","type":"Polygon","arcs":[[204]]},{"id":"imam-hussein-al-abbas-shrines","type":"Polygon","arcs":[[205]]},{"id":"kaaba","type":"Polygon","arcs":[[206]]},{"id":"city-of-khami","type":"Polygon","arcs":[[207]]},{"id":"kilwa-city","type":"Polygon","arcs":[[208]]},{"id":"maidan-e-naqsh-e-jahan","type":"Polygon","arcs":[[209]]},{"id":"mbanza-kongo","type":"Polygon","arcs":[[210]]},{"id":"nizwa-fort","type":"Polygon","arcs":[[211]]},{"id":"petra","type":"Polygon","arcs":[[212]]},{"id":"pyramid-of-cheops","type":"Polygon","arcs":[[213]]},{"id":"rock-hewn-churches-lalibela","type":"Polygon","arcs":[[214]]},{"id":"sankore-madrasah","type":"Polygon","arcs":[[215]]},{"id":"spiral-minaret-samarra","type":"Polygon","arcs":[[216]]},{"id":"suez-canal","type":"Polygon","arcs":[[217]]},{"id":"walls-of-benin","type":"Polygon","arcs":[[218]]},{"id":"afaq-khoja-mausoleum","type":"Polygon","arcs":[[219]]},{"id":"angkor-wat","type":"Polygon","arcs":[[220]]},{"id":"bagan-temples","type":"Polygon","arcs":[[221]]},{"id":"baiturrahman-grand-mosque","type":"Polygon","arcs":[[222]]},{"id":"bara-katra","type":"Polygon","arcs":[[223]]},{"id":"baku-ateshgah","type":"Polygon","arcs":[[224]]},{"id":"borobudur-temple","type":"Polygon","arcs":[[225]]},{"id":"buddha-statues","type":"Polygon","arcs":[[226]]},{"id":"dujiangyan","type":"Polygon","arcs":[[227]]},{"id":"ellora-caves","type":"Polygon","arcs":[[228]]},{"id":"erdene-zuu","type":"Polygon","arcs":[[229]]},{"id":"etchmiadzin-cathedral","type":"Polygon","arcs":[[230]]},{"id":"chola-temples","type":"Polygon","arcs":[[231]]},{"id":"gomateshwara-statue","type":"Polygon","arcs":[[232]]},{"id":"gyeongbok-palace","type":"Polygon","arcs":[[233]]},{"id":"hampi","type":"Polygon","arcs":[[234]]},{"id":"hangzhou-grand-canal","type":"Polygon","arcs":[[235]]},{"id":"harmandir-sahib","type":"Polygon","arcs":[[236]]},{"id":"himeji-castle","type":"Polygon","arcs":[[237]]},{"id":"imperial-city-hue","type":"Polygon","arcs":[[238]]},{"id":"imperial-city-kyoto","type":"Polygon","arcs":[[239]]},{"id":"itchan-kala","type":"Polygon","arcs":[[240]]},{"id":"jokhang-temple","type":"Polygon","arcs":[[241]]},{"id":"kanbawzathadi-palace","type":"Polygon","arcs":[[242]]},{"id":"kashi-vishwanath-temple","type":"Polygon","arcs":[[243]]},{"id":"khajuraho","type":"Polygon","arcs":[[244]]},{"id":"mehrangarh-fort","type":"Polygon","arcs":[[245]]},{"id":"mount-fuji","type":"Polygon","arcs":[[246]]},{"id":"murud-janjira-fort","type":"Polygon","arcs":[[247]]},{"id":"nanjing-grand-canal","type":"Polygon","arcs":[[248]]},{"id":"porcelain-tower-nanjing","type":"Polygon","arcs":[[249]]},{"id":"prambanan-temple","type":"Polygon","arcs":[[250]]},{"id":"pura-besakih","type":"Polygon","arcs":[[251]]},{"id":"registan-square","type":"Polygon","arcs":[[252]]},{"id":"sankin-kotai-palaces","type":"Polygon","arcs":[[253]]},{"id":"shwedagon-pagoda","type":"Polygon","arcs":[[254]]},{"id":"sun-temple-konarak","type":"Polygon","arcs":[[255]]},{"id":"suzhou-grand-canal","type":"Polygon","arcs":[[256]]},{"id":"swayambhunath","type":"Polygon","arcs":[[257]]},{"id":"taj-mahal","type":"Polygon","arcs":[[258]]},{"id":"temple-of-confucius","type":"Polygon","arcs":[[259]]},{"id":"the-forbidden-city","type":"Polygon","arcs":[[260]]},{"id":"the-grand-palace-bangkok","type":"Polygon","arcs":[[261]]},{"id":"the-great-wall-of-china","type":"Polygon","arcs":[[262]]},{"id":"tomb-of-shah-rukn-e-alam","type":"Polygon","arcs":[[263]]},{"id":"narikala-fortress","type":"Polygon","arcs":[[264]]},{"id":"zhenjiang-grand-canal","type":"Polygon","arcs":[[265]]},{"id":"moai","type":"Polygon","arcs":[[266]]},{"id":"nan-madol","type":"Polygon","arcs":[[267]]}]},"background":{"type":"GeometryCollection","geometries":[{"id":"background","type":"MultiPolygon","arcs":[[[0]],[[1]],[[2]],[[3]],[[4]],[[5]],[[6]],[[7]],[[8]],[[9]],[[10]],[[11]],[[12]],[[13]],[[14]],[[15]],[[16],[17]],[[18]],[[19]],[[20]],[[21]],[[22]],[[23]],[[24]],[[25]],[[26]],[[27]],[[28]],[[29]],[[30]],[[31]],[[32]],[[33]],[[34]],[[35]],[[36]],[[37]],[[38]],[[39]],[[40]],[[41]],[[42]],[[43]],[[44]],[[45]],[[46]],[[47]],[[48]],[[49]],[[50]],[[51]],[[52]],[[53]],[[54]],[[55]],[[56]],[[57]],[[58]],[[59]],[[60]],[[61]],[[62]],[[63]],[[64]],[[65]],[[66]],[[67]],[[68]],[[69]],[[70]],[[71]],[[72]],[[73]],[[74]],[[75]],[[76]],[[77]],[[78]],[[79]],[[80]],[[81]],[[82]],[[83]],[[84]],[[85]],[[86]],[[87]],[[88]],[[89]],[[90]],[[91],[92],[93]],[[94]],[[95]],[[96]],[[97]],[[98]],[[99]],[[100]],[[101]],[[102]],[[103]],[[104]],[[105]],[[106]],[[107]],[[108]],[[109]],[[110]],[[111]],[[112]],[[113]],[[114]],[[115]],[[116]],[[117]],[[118]],[[119]],[[120]],[[121]],[[122]],[[123]],[[124]],[[125]],[[126]]]}]}},"arcs":[[[337,459],[-1,1],[0,2],[-6,-1],[-6,0],[-4,-1],[0,0],[-1,0],[6,0],[6,0],[2,-1],[1,-1],[3,1]],[[65,457],[-5,1],[-4,-1],[-2,-1],[0,0],[-1,-1],[1,-1],[5,0],[3,1],[2,1],[1,1]],[[377,453],[3,2],[1,1],[0,2],[1,1],[-5,1],[-4,0],[-5,1],[-6,1],[-6,-1],[-4,0],[0,-2],[6,0],[3,-1],[1,-1],[2,-1],[1,-1],[2,-2],[1,0],[4,0],[5,0]],[[169,441],[3,0],[3,0],[-1,1],[-3,1],[-3,-1],[-3,-1],[0,0],[4,0]],[[157,441],[4,1],[-2,0],[-3,0],[-4,-1],[2,-1],[3,1]],[[229,437],[3,0],[3,0],[2,1],[-2,0],[-3,0],[-4,0],[-3,0],[-3,0],[-2,-1],[2,-1],[3,1],[4,0]],[[313,434],[0,1],[0,1],[-1,1],[-3,1],[-3,0],[-4,0],[1,-1],[-3,1],[-3,0],[-2,-1],[0,-1],[3,-1],[2,0],[3,0],[1,-2],[0,-1],[0,-2],[1,-1],[3,-1],[1,1],[1,1],[1,2],[1,1],[1,1]],[[8,472],[0,0],[3,-2],[4,1],[1,0],[1,0],[1,-1],[0,0],[1,0],[0,0],[0,0],[4,1],[4,-1],[0,0],[8,-1],[3,1],[1,0],[4,1],[8,1],[6,1],[11,1],[8,-1],[11,0],[7,1],[7,-1],[8,0],[0,-2],[-10,0],[-9,0],[-2,-1],[-8,-1],[1,-1],[1,-1],[1,-1],[-1,-2],[-4,0],[-2,-1],[-5,-1],[7,0],[6,0],[4,0],[5,0],[5,-1],[2,-1],[-1,-1],[-4,-1],[-4,-1],[-5,0],[-5,0],[-6,-1],[-1,-1],[-4,-1],[-2,-1],[-1,-3],[1,1],[3,0],[4,0],[5,0],[2,1],[4,0],[4,-1],[3,-1],[4,-1],[4,0],[0,-1],[-1,-1],[0,-1],[4,0],[2,1],[4,-1],[3,-1],[4,0],[3,0],[4,-1],[3,0],[3,-1],[3,0],[1,1],[4,-1],[4,1],[4,0],[3,-1],[4,1],[4,0],[4,0],[4,0],[4,0],[4,0],[3,-1],[3,0],[3,0],[4,0],[3,-1],[1,1],[1,0],[2,1],[3,0],[3,1],[4,0],[3,1],[4,0],[3,-1],[4,0],[4,1],[4,0],[1,-1],[-1,-1],[-2,-1],[-3,0],[-2,-1],[0,-1],[-1,-2],[2,0],[3,0],[4,0],[3,0],[3,1],[1,1],[4,0],[3,0],[4,-1],[3,0],[3,1],[4,0],[2,-3],[2,2],[3,0],[4,0],[2,1],[4,0],[3,0],[3,1],[2,-1],[2,-1],[2,1],[4,0],[3,0],[2,1],[3,0],[3,-1],[3,0],[3,-1],[4,0],[4,0],[2,-1],[2,-1],[0,-1],[0,-1],[-1,-1],[-1,-1],[0,-1],[-1,-1],[0,-1],[0,-1],[1,-1],[1,-1],[1,-2],[-1,-1],[0,-1],[1,-1],[2,-1],[1,-1],[2,-1],[3,-1],[1,-1],[1,0],[2,-1],[2,0],[2,-1],[2,-1],[2,0],[2,-1],[2,-1],[2,0],[2,1],[-1,1],[-3,1],[-1,0],[-2,0],[-3,0],[-2,1],[-2,0],[-1,1],[0,1],[0,1],[1,1],[-2,1],[-2,0],[-2,1],[-1,1],[-2,1],[0,1],[0,1],[2,1],[2,1],[2,0],[1,1],[1,1],[1,2],[1,0],[1,1],[0,3],[1,1],[0,1],[1,1],[0,2],[-2,1],[-1,1],[-4,0],[-1,1],[-2,1],[-4,1],[-4,0],[-3,1],[-4,1],[-2,1],[-4,0],[-5,0],[-5,0],[-4,0],[1,1],[4,0],[3,1],[2,1],[-3,1],[-5,0],[-4,0],[0,2],[0,1],[3,1],[1,1],[3,1],[6,0],[5,1],[4,1],[5,0],[6,1],[7,1],[5,0],[5,1],[3,2],[1,1],[3,-1],[5,-1],[4,-1],[6,-1],[5,0],[7,0],[6,0],[6,1],[2,-2],[4,0],[6,-1],[6,0],[5,-1],[6,0],[6,-1],[4,0],[-2,-1],[-1,-1],[0,-1],[-5,0],[-6,0],[-5,0],[-1,-1],[0,-2],[1,0],[4,-1],[5,-1],[3,0],[4,-1],[2,-1],[4,-1],[3,0],[2,0],[5,0],[4,-1],[3,0],[3,-1],[3,-1],[4,0],[3,-1],[2,-1],[1,-1],[-3,-1],[1,-1],[2,-1],[3,0],[3,-1],[2,-1],[3,-1],[1,-1],[2,-1],[3,0],[1,1],[4,0],[0,-1],[1,-1],[3,0],[1,1],[3,0],[4,0],[3,0],[3,0],[1,1],[3,-1],[3,0],[3,-1],[3,0],[3,-1],[3,0],[3,-1],[1,-1],[2,1],[3,0],[2,1],[2,1],[3,-1],[1,-1],[3,-1],[3,1],[1,1],[3,-1],[3,-1],[3,0],[3,0],[3,1],[3,0],[1,1],[2,0],[3,0],[3,0],[3,0],[3,0],[3,-1],[3,0],[2,-1],[3,0],[2,0],[3,-1],[1,-2],[2,-1],[2,1],[1,1],[3,0],[3,0],[2,1],[2,1],[2,-1],[1,-1],[3,0],[3,-1],[2,-1],[4,0],[2,-1],[2,0],[2,-1],[3,0],[2,-1],[2,0],[2,0],[3,-1],[0,-1],[3,-1],[2,0],[3,-1],[2,0],[2,0],[3,0],[2,1],[1,1],[2,1],[2,1],[3,0],[2,1],[2,1],[3,0],[2,0],[2,-2],[3,1],[2,0],[3,1],[3,0],[2,0],[3,3],[-1,0],[0,2],[-3,0],[-2,1],[1,1],[3,0],[-1,1],[-1,1],[-1,2],[2,0],[3,1],[3,-1],[2,-1],[1,-1],[1,-1],[2,-1],[0,-1],[2,-1],[2,0],[3,0],[2,-1],[3,0],[2,-1],[0,-1],[2,-1],[3,-1],[2,0],[2,-1],[1,-1],[2,0],[3,0],[2,0],[3,0],[3,0],[2,-1],[1,-2],[2,1],[1,1],[2,1],[3,0],[2,0],[3,0],[3,0],[1,0],[3,0],[2,0],[2,0],[3,0],[3,0],[3,0],[1,-1],[2,-1],[2,-1],[3,-2],[2,1],[2,0],[2,1],[3,2],[3,0],[2,0],[3,0],[3,-1],[3,0],[1,-1],[3,0],[3,-1],[2,1],[1,1],[2,0],[3,0],[2,1],[3,1],[4,0],[2,0],[3,-1],[1,-1],[3,0],[2,0],[3,1],[3,-1],[2,0],[3,0],[2,1],[3,-1],[2,0],[3,0],[3,0],[3,-1],[2,0],[1,-1],[0,-1],[2,0],[0,2],[1,1],[1,1],[3,0],[3,0],[3,0],[3,0],[3,0],[3,0],[4,0],[3,0],[2,1],[-1,1],[2,1],[3,0],[3,1],[3,1],[4,0],[3,0],[3,0],[2,0],[2,0],[2,1],[3,1],[3,0],[3,0],[1,1],[4,1],[2,1],[3,1],[3,-1],[3,1],[3,0],[3,0],[3,0],[3,1],[3,0],[2,1],[0,1],[-2,1],[-1,1],[-1,1],[-1,1],[-4,1],[-1,1],[-4,0],[-1,2],[-2,1],[-2,0],[-1,2],[-1,1],[0,1],[0,1],[1,1],[1,1],[1,1],[5,0],[1,1],[-4,1],[-5,0],[-5,1],[-2,1],[-1,1],[-1,1],[-1,1],[3,1],[2,1],[2,1],[3,1],[4,1],[4,1],[7,1],[1,1],[8,1],[0,0],[2,1],[8,-1],[6,1],[5,1]],[[315,387],[3,2],[4,1],[-1,1],[-3,0],[-1,-1],[-1,1],[-2,1],[-3,0],[-2,-1],[-3,0],[-4,-2],[-2,-1],[-4,-3],[2,0],[4,2],[4,1],[1,-1],[1,-2],[2,-1],[2,0],[1,1],[2,2]],[[340,380],[2,1],[-1,1],[-3,1],[-2,-1],[-2,1],[-1,-1],[3,-2],[2,1],[2,-1]],[[692,376],[-4,0],[0,-1],[0,-1],[0,-1],[2,1],[3,0],[0,1],[-1,1]],[[897,352],[3,1],[2,-1],[2,0],[1,0],[1,3],[-1,1],[-1,2],[-1,0],[-2,1],[0,0],[-2,0],[-1,-2],[-1,-2],[-1,-2],[0,-2],[1,1]],[[973,352],[1,1],[1,-1],[1,1],[0,1],[-1,2],[-2,2],[-1,1],[1,1],[-2,0],[-2,1],[-1,2],[-2,3],[-2,1],[-1,1],[-3,0],[-1,-1],[-3,0],[-1,-2],[2,-2],[3,-2],[2,-1],[2,-1],[2,-1],[2,-2],[1,-2],[1,0],[0,-2],[2,-1],[1,1]],[[977,339],[2,3],[0,-2],[2,1],[0,2],[2,1],[2,0],[2,-1],[1,0],[-1,3],[-1,1],[-2,0],[0,1],[0,1],[-1,1],[-1,1],[-1,2],[-2,1],[0,-1],[-2,0],[2,-2],[-1,-2],[-3,-1],[0,-1],[2,-1],[1,-2],[0,-2],[-2,-1],[0,-1],[-1,-1],[-2,-3],[-1,-1],[1,-1],[1,2],[3,1],[0,2]],[[957,301],[-1,0],[-2,0],[-2,-2],[-1,-1],[-2,-2],[-1,-1],[2,0],[1,1],[1,1],[1,1],[2,1],[2,2]],[[988,288],[0,0],[0,2],[-2,0],[-1,0],[0,-1],[1,-1],[1,0],[1,0]],[[8,285],[0,0],[0,-1],[1,0],[-1,1],[0,0]],[[992,285],[-3,2],[-1,-1],[2,-1],[0,0],[2,-1]],[[959,285],[-1,1],[-1,-2],[0,0],[2,1]],[[957,281],[0,2],[-1,0],[0,0],[0,-1],[-1,-2],[2,1]],[[637,277],[0,4],[1,1],[0,1],[-1,1],[-1,-2],[0,1],[0,2],[0,1],[-1,1],[0,2],[-1,3],[-1,4],[-2,5],[-1,4],[-1,3],[-2,1],[-3,1],[-1,-1],[-3,-1],[0,-1],[-1,-2],[-1,-3],[0,-2],[1,-2],[1,0],[0,-1],[1,-2],[1,-2],[-1,-1],[-1,-2],[0,-2],[1,-2],[0,-2],[2,0],[1,0],[1,-1],[2,0],[1,-1],[2,-2],[1,-1],[0,-1],[1,0],[2,-2],[0,-2],[0,-1],[1,1],[1,1],[1,2]],[[892,278],[1,2],[2,-1],[1,1],[1,1],[0,1],[1,3],[0,1],[1,0],[1,3],[-1,1],[1,2],[3,1],[2,2],[2,1],[-1,1],[2,1],[1,3],[1,0],[1,1],[1,-1],[0,3],[2,2],[2,1],[2,2],[1,2],[0,2],[-1,2],[2,2],[0,2],[-1,2],[-1,2],[0,2],[0,2],[-1,2],[-2,1],[-1,3],[-1,1],[-1,2],[-1,2],[-1,2],[0,2],[0,0],[-2,1],[-3,1],[-2,1],[-1,1],[-2,1],[-2,-1],[-2,-1],[0,-1],[-1,0],[-2,2],[-3,0],[-1,-1],[-2,0],[-3,-1],[-1,-2],[-1,-2],[0,-1],[-2,-1],[-2,0],[0,-2],[0,-2],[-2,2],[-2,1],[1,-2],[1,-2],[1,-1],[0,-2],[-3,2],[-1,1],[-1,3],[-2,-2],[0,-1],[-2,-2],[-2,-1],[1,-1],[-3,-1],[-2,0],[-3,-2],[-5,1],[-3,0],[-4,1],[-2,0],[-3,2],[-2,0],[-1,2],[-1,1],[-2,0],[-2,0],[-2,0],[-2,0],[-2,0],[-2,1],[-1,0],[-1,1],[-1,1],[-2,0],[-2,0],[-3,-2],[-2,0],[0,-2],[2,0],[0,-1],[0,-1],[1,-2],[-1,-1],[-1,-3],[-1,-2],[0,-1],[-1,-2],[0,-1],[-1,-1],[0,-2],[-2,-2],[0,-1],[1,1],[-1,-3],[1,1],[1,1],[0,-1],[-1,-3],[0,0],[-1,-1],[0,-2],[1,0],[0,-2],[0,-1],[1,-2],[0,2],[1,-2],[3,-1],[1,-1],[2,-1],[1,0],[1,0],[2,-1],[2,0],[0,-1],[1,0],[1,0],[3,-1],[2,-1],[1,-2],[1,-1],[0,-1],[0,-2],[2,-2],[1,2],[2,0],[-1,-1],[0,-2],[2,1],[0,-2],[1,-2],[1,-1],[2,0],[0,-1],[1,0],[0,0],[1,-1],[1,0],[2,1],[2,2],[2,0],[1,0],[0,-1],[1,-3],[1,0],[0,-1],[1,-2],[2,-1],[1,1],[2,-1],[0,-1],[-2,-1],[2,0],[2,0],[1,1],[2,1],[1,0],[2,1],[1,-1],[1,0],[1,0],[1,1],[0,1],[-1,1],[-1,1],[0,1],[-1,1],[-1,1],[0,1],[3,2],[2,1],[1,0],[2,2],[1,0],[1,1],[1,1],[2,1],[2,-1],[1,-2],[0,-1],[0,-2],[1,-2],[0,-1],[0,-1],[0,-1],[0,-2],[1,-1],[-1,-1],[1,-1],[0,-2],[1,-1],[1,-1],[0,2],[0,1],[1,1],[0,1],[1,1],[0,2],[0,1]],[[943,269],[1,1],[-2,0],[-1,-2],[2,1],[0,0]],[[830,268],[-1,0],[-4,-2],[3,0],[1,1],[1,0],[0,1]],[[940,267],[-1,0],[-2,0],[-1,0],[1,-2],[1,1],[1,0],[1,1]],[[942,266],[0,1],[-3,-2],[0,-2],[1,0],[1,2],[1,1]],[[840,268],[-2,0],[-1,0],[1,-1],[1,-1],[3,-2],[0,0],[2,-1],[2,0],[1,0],[1,0],[-1,1],[-3,1],[-2,1],[-2,2]],[[822,262],[1,1],[2,0],[1,1],[-4,1],[-1,0],[-2,0],[1,-2],[2,0],[0,-1]],[[836,262],[0,2],[-5,1],[-3,-1],[0,-1],[2,0],[2,1],[1,-1],[3,-1]],[[937,263],[0,1],[-2,-2],[-2,-1],[-1,-1],[1,0],[1,1],[2,1],[1,1]],[[931,260],[-1,0],[-1,0],[-1,-1],[0,-1],[2,1],[1,1]],[[797,259],[5,0],[1,-1],[5,1],[1,2],[4,0],[3,2],[-3,1],[-3,-1],[-2,0],[-3,0],[-3,-1],[-3,-1],[-2,0],[-1,0],[-5,-1],[0,-1],[-3,0],[2,-3],[3,0],[2,2],[2,0],[0,1]],[[868,257],[-1,2],[0,-2],[0,-1],[1,-1],[0,1],[0,1]],[[926,259],[-1,0],[-1,-1],[-1,-2],[-1,-2],[1,0],[0,1],[1,0],[1,2],[1,1],[0,1]],[[915,255],[-1,0],[0,1],[-2,1],[-1,0],[-2,0],[-2,0],[-2,-1],[1,-1],[2,0],[2,0],[0,-1],[0,0],[1,1],[1,0],[1,-1],[1,-1],[0,-1],[2,0],[0,0],[0,1],[-1,2]],[[848,250],[-1,1],[-2,-1],[-1,-1],[3,0],[1,1]],[[857,249],[1,2],[-3,-1],[-2,-1],[-2,1],[-1,-1],[0,-1],[4,0],[3,1]],[[919,252],[-1,1],[-1,-1],[0,-1],[-2,-1],[-1,-2],[-2,0],[1,-1],[1,1],[1,0],[1,1],[1,1],[1,1],[1,1]],[[867,243],[0,5],[3,1],[3,-3],[3,-1],[2,0],[2,1],[2,1],[3,0],[5,2],[5,2],[2,1],[2,1],[0,2],[5,2],[0,1],[-2,1],[0,1],[3,2],[2,3],[1,0],[0,1],[2,1],[-1,0],[3,1],[0,1],[-2,0],[-1,0],[-2,-1],[-3,0],[-2,-2],[-1,-1],[-2,-3],[-3,-1],[-3,1],[-1,1],[0,2],[-2,1],[-2,-1],[-3,0],[-2,-2],[-3,-1],[0,1],[-4,0],[1,-2],[2,-1],[-1,-3],[-1,-2],[-5,-2],[-3,-1],[-4,-2],[0,1],[-2,0],[0,-1],[0,-1],[-2,-1],[3,-1],[2,0],[-1,-1],[-4,0],[-1,-1],[-2,-1],[-1,-1],[3,-1],[2,-1],[4,1],[1,1]],[[842,236],[-2,3],[-2,1],[-3,-1],[-4,0],[-3,1],[0,2],[3,2],[1,-1],[5,-1],[0,1],[-1,0],[-1,1],[-3,1],[3,4],[-1,1],[3,3],[0,2],[-2,1],[-1,-1],[1,-3],[-2,1],[-1,0],[0,-1],[-2,-2],[1,-3],[-2,1],[0,3],[0,4],[-2,1],[-1,-1],[1,-3],[0,-2],[-2,0],[0,-2],[1,-2],[0,-2],[2,-4],[0,-1],[2,-2],[3,0],[3,1],[3,0],[3,-2],[0,0]],[[852,237],[0,2],[-2,0],[0,2],[1,1],[-1,1],[-1,-2],[-1,-4],[1,-2],[1,-1],[0,2],[1,0],[1,1]],[[789,256],[-3,0],[-2,-2],[-4,-2],[-1,-2],[-2,-2],[-1,-2],[-2,-4],[-3,-2],[0,-3],[-1,-2],[-3,-2],[-1,-2],[-2,-1],[-3,-3],[-1,-2],[2,0],[4,1],[3,2],[2,2],[1,1],[3,3],[3,0],[2,2],[2,3],[2,1],[-1,2],[1,1],[1,0],[1,2],[1,2],[2,0],[1,2],[-1,3],[0,4]],[[822,235],[3,3],[-3,0],[-1,2],[0,2],[-2,2],[0,3],[-2,4],[0,-1],[-3,1],[-1,-1],[-2,0],[-1,-1],[-4,1],[-1,-2],[-1,1],[-3,-1],[0,-3],[-2,-1],[-1,-3],[0,-2],[0,-3],[2,-1],[2,1],[2,-1],[0,-2],[2,-1],[3,0],[2,-2],[1,-2],[1,-1],[3,-2],[2,-2],[1,-2],[1,0],[2,2],[0,1],[1,1],[3,0],[0,1],[-2,1],[0,1],[-2,1],[-1,2],[2,3],[-1,1]],[[845,217],[1,2],[0,2],[-1,2],[-1,-3],[-1,2],[1,2],[-1,1],[-3,-2],[-1,-2],[1,-1],[-2,-1],[-1,1],[-1,0],[-2,1],[-1,0],[1,-3],[2,-1],[2,-1],[0,2],[3,-1],[0,-1],[2,0],[0,-3],[2,2],[0,1],[0,1]],[[722,223],[-2,1],[-2,-2],[0,-4],[1,-5],[2,2],[1,2],[2,3],[-1,2],[-1,1]],[[333,213],[-2,0],[0,0],[0,-1],[0,-1],[2,-1],[1,0],[-1,3]],[[839,212],[-1,1],[-1,2],[-1,1],[-1,-2],[0,-1],[1,-1],[0,-2],[2,0],[-1,2],[2,-3],[0,3]],[[824,215],[-4,2],[2,-2],[2,-1],[1,-2],[2,-3],[0,2],[-2,2],[-1,2]],[[833,208],[2,1],[2,0],[-1,1],[-1,1],[-2,1],[0,-2],[1,-1],[-1,-1]],[[843,207],[1,3],[-2,-1],[0,1],[0,2],[-1,0],[0,-1],[-1,-1],[0,-1],[1,0],[0,-1],[-1,-2],[2,0],[1,1]],[[832,204],[-1,3],[-1,-2],[-1,-2],[2,0],[1,1]],[[832,190],[1,0],[1,0],[0,0],[0,1],[1,2],[-1,3],[-1,1],[-1,2],[1,2],[1,0],[1,0],[4,1],[0,2],[0,1],[0,1],[-2,-1],[-1,-2],[-1,1],[-1,-2],[-3,1],[-1,-1],[0,-1],[1,-1],[-1,0],[0,1],[-2,-2],[0,-1],[0,-3],[1,1],[0,-4],[1,-2],[2,0]],[[321,190],[-1,1],[-2,0],[-2,0],[0,-1],[1,0],[2,0],[1,0],[1,0]],[[290,191],[-1,1],[-2,-1],[-1,-1],[0,0],[1,0],[1,0],[2,0],[1,1],[1,0],[-2,0]],[[302,186],[2,0],[0,0],[2,0],[2,1],[1,-1],[0,1],[2,0],[0,1],[1,0],[1,1],[-1,1],[-1,0],[-1,0],[-1,0],[-1,0],[-1,0],[0,0],[-1,0],[-1,2],[-1,0],[0,-1],[-2,-1],[-1,1],[-2,-1],[-1,1],[-2,-1],[1,-1],[2,1],[2,0],[1,-1],[-1,-1],[0,-1],[-2,-1],[1,0],[2,0]],[[802,189],[-3,1],[-2,0],[0,-3],[1,-1],[3,-1],[2,0],[0,1],[-1,2],[0,1]],[[75,188],[-1,0],[0,0],[0,-1],[-1,-1],[1,0],[0,0],[0,-1],[0,0],[0,0],[1,0],[1,1],[0,0],[1,1],[0,0],[-1,1],[-1,0]],[[73,184],[-1,0],[0,-1],[0,0],[0,0],[0,0],[1,0],[1,0],[-1,1]],[[72,182],[-1,1],[-1,-1],[0,0],[2,0]],[[69,182],[0,0],[0,0],[-1,0],[-1,-1],[0,0],[1,0],[0,0],[1,1]],[[64,180],[0,0],[-1,0],[0,0],[1,-1],[0,0],[0,1]],[[282,178],[1,1],[3,0],[1,0],[2,2],[2,1],[1,0],[1,1],[0,0],[2,1],[2,1],[0,0],[-2,1],[-2,0],[-2,0],[-4,0],[2,-2],[-1,0],[-2,-1],[-1,0],[0,-2],[-2,0],[-2,0],[-1,-1],[-4,0],[-1,-1],[1,-1],[-2,0],[-2,2],[-1,0],[-1,0],[-1,1],[-1,-1],[1,-1],[1,-1],[1,0],[1,-1],[2,0],[1,0],[2,0],[3,0],[2,1]],[[288,175],[-1,0],[0,-1],[-1,-1],[0,-2],[1,0],[1,3],[0,1]],[[831,178],[-1,2],[-1,-2],[-1,-2],[2,-3],[2,-2],[1,1],[0,1],[-2,5]],[[287,168],[-3,0],[0,-1],[1,0],[2,0],[0,1]],[[290,167],[-1,2],[0,0],[0,-1],[-2,-1],[0,-1],[3,1]],[[868,147],[0,1],[-1,1],[-1,0],[-2,0],[0,2],[-2,-1],[0,-1],[1,-2],[2,0],[1,-1],[2,1]],[[595,143],[-2,1],[0,0],[0,1],[-3,1],[-1,-1],[-1,-1],[1,0],[1,0],[0,-1],[2,0],[3,0]],[[565,143],[1,0],[2,0],[2,1],[0,0],[2,0],[0,0],[-4,1],[0,-1],[-4,0],[1,-1]],[[542,136],[-1,2],[1,1],[-1,1],[-2,-1],[-1,0],[-4,-2],[0,-1],[4,0],[2,0],[2,0]],[[525,128],[2,1],[-1,4],[-1,0],[-1,1],[-1,-1],[0,-3],[-1,-2],[2,0],[1,0]],[[885,139],[-1,2],[1,1],[-2,2],[-3,1],[-5,1],[-4,3],[-2,-1],[0,-2],[-5,0],[-3,1],[-3,1],[3,2],[-2,4],[-2,1],[-1,-1],[1,-2],[-2,-1],[-1,-2],[2,-1],[2,-1],[2,-2],[2,-2],[6,-1],[3,1],[3,-5],[2,2],[4,-3],[1,-1],[2,-4],[-1,-3],[2,-1],[2,-1],[2,4],[0,2],[-3,3],[0,3]],[[526,125],[-1,2],[-1,0],[-1,-2],[1,-1],[2,-1],[0,2]],[[893,119],[2,1],[2,-1],[1,3],[-4,1],[-3,2],[-4,-1],[-1,3],[-3,0],[-1,-3],[2,-2],[2,0],[1,-4],[1,-2],[3,3],[2,0]],[[326,113],[2,0],[2,0],[-1,1],[-1,1],[-3,-2],[-1,-1],[1,0],[1,1]],[[331,106],[-1,0],[-4,-1],[-2,-1],[1,0],[3,0],[3,1],[0,1]],[[162,108],[-1,0],[-4,-1],[-1,-1],[-3,-1],[0,-1],[-3,0],[-1,-2],[0,-1],[3,1],[2,0],[2,1],[1,1],[2,1],[2,1],[1,2]],[[347,102],[-2,2],[2,-1],[1,1],[-1,1],[3,0],[1,0],[3,1],[-1,2],[2,-1],[0,2],[1,1],[-1,3],[-1,0],[-2,-1],[1,-2],[-1,0],[-3,2],[-2,0],[2,-1],[-3,-1],[-3,0],[-5,0],[0,-1],[1,-1],[-1,0],[2,-2],[3,-4],[2,-2],[2,-1],[2,0],[-1,1],[-1,2]],[[137,92],[3,0],[-1,3],[2,3],[-1,0],[-1,-2],[-1,-1],[-2,-1],[0,-1],[0,-1],[1,0]],[[893,101],[2,5],[-4,-1],[-1,4],[2,3],[0,2],[-2,-2],[-2,3],[0,-3],[0,-2],[0,-3],[1,-2],[0,-4],[-2,-3],[0,-4],[3,-1],[-1,-1],[1,0],[1,1],[1,3],[0,3],[1,2]],[[481,97],[-4,2],[-4,0],[2,-3],[-1,-3],[3,-2],[2,-2],[3,0],[3,2],[-2,2],[1,2],[-3,2]],[[535,88],[-2,2],[-3,-1],[0,-1],[4,-1],[1,1]],[[82,84],[-3,1],[-1,-1],[-1,-1],[3,-1],[1,0],[2,0],[1,1],[-2,1]],[[492,80],[-3,3],[3,-1],[3,0],[-1,3],[-3,2],[3,0],[3,4],[2,0],[2,3],[0,1],[4,1],[-1,2],[-1,1],[1,1],[-2,1],[-4,0],[-5,1],[-1,0],[-2,1],[-2,0],[-2,1],[-2,-1],[4,-3],[3,0],[-5,-1],[0,-1],[2,-1],[-1,-1],[0,-2],[5,0],[0,-1],[-2,-2],[-3,-1],[-1,0],[1,-2],[-1,0],[-1,1],[0,-3],[-2,-1],[1,-3],[2,-2],[2,0],[4,0]],[[47,76],[-1,1],[-2,-1],[-2,0],[3,-1],[2,0],[0,1]],[[283,70],[-1,2],[-1,-1],[-1,0],[0,-1],[2,0],[1,0],[0,0]],[[276,69],[-3,1],[-2,0],[-1,-1],[2,-1],[4,0],[0,1]],[[31,66],[1,0],[2,0],[2,1],[3,0],[0,0],[-2,1],[-2,-1],[-2,0],[-2,0],[-1,0],[1,-1]],[[267,61],[1,1],[1,-1],[2,1],[3,1],[3,1],[0,1],[2,0],[2,1],[-2,1],[-5,-1],[-1,-1],[-3,1],[-4,2],[-1,-2],[-3,0],[2,-1],[0,-2],[1,-3],[2,1]],[[460,59],[0,1],[3,2],[-4,2],[-8,2],[-2,1],[-4,-1],[-7,-1],[2,-1],[-5,-1],[4,-1],[0,-1],[-5,0],[1,-2],[4,0],[5,1],[4,-1],[3,1],[5,-2],[4,1]],[[293,57],[-3,0],[-1,-2],[1,-1],[3,0],[2,0],[0,1],[-1,1],[-1,1]],[[8,52],[7,2],[7,2],[0,2],[1,1],[0,-2],[7,0],[6,3],[-3,1],[-5,0],[0,3],[-1,1],[-2,-1],[-2,0],[-4,-1],[-1,-1],[-2,-1],[-4,0],[-1,-1],[1,-1],[-4,1],[2,1],[-2,2],[0,0]],[[992,63],[-4,1],[-3,0],[2,1],[2,2],[1,1],[1,1],[-1,1],[-5,-1],[-8,2],[-2,1],[-4,2],[-4,1],[-1,1],[-4,-1],[-7,2],[-2,-1],[-2,1],[-4,0],[-1,1],[-3,3],[0,1],[3,1],[0,4],[-3,0],[-1,2],[1,1],[-5,2],[-1,3],[-4,0],[-1,3],[-3,3],[-1,-2],[-2,-4],[-1,-6],[1,-4],[2,-2],[1,-1],[4,-1],[5,-3],[4,-3],[5,-2],[3,-4],[-4,0],[-1,3],[-7,3],[-3,-4],[-7,1],[-6,5],[2,2],[-6,0],[-5,0],[1,-1],[-5,-1],[-3,1],[-8,0],[-9,1],[-9,5],[-11,7],[5,0],[1,2],[3,0],[1,-1],[3,0],[4,3],[0,2],[-2,3],[0,3],[-1,5],[-4,4],[-1,2],[-4,3],[-4,3],[-1,2],[-4,1],[-2,0],[-1,-1],[-4,2],[-1,1],[-1,0],[-1,1],[-1,0],[1,2],[-2,1],[0,1],[-1,0],[-2,1],[-1,0],[0,2],[-1,0],[1,0],[2,2],[2,3],[1,2],[0,3],[-1,1],[-3,1],[-2,1],[-2,0],[-1,-1],[1,-2],[-1,-3],[2,-1],[-2,-2],[-1,-1],[-1,1],[-1,0],[0,0],[0,-1],[-1,0],[1,-1],[0,-1],[0,0],[1,-1],[0,-1],[-2,0],[-1,-1],[-4,1],[-2,1],[-3,1],[1,-1],[0,-1],[2,-2],[-2,-2],[-2,1],[-3,2],[-2,2],[-2,0],[-2,1],[2,2],[2,1],[0,1],[2,1],[3,-2],[3,1],[1,0],[1,1],[-4,1],[-1,1],[-3,2],[-1,2],[3,1],[1,3],[1,2],[2,3],[0,2],[-2,0],[1,2],[2,1],[-1,2],[0,2],[-2,0],[-2,3],[-2,4],[-3,3],[-3,3],[-4,2],[-3,0],[-2,1],[-1,0],[-1,1],[-4,1],[-3,1],[-1,3],[-2,0],[0,-2],[0,-1],[-3,-1],[-2,0],[-3,3],[-3,2],[0,2],[2,3],[2,4],[3,1],[2,2],[1,5],[-1,5],[-2,2],[-3,2],[-2,2],[-4,3],[-1,-2],[1,-2],[-2,-1],[-2,-1],[-1,-1],[-2,-3],[-2,-1],[-2,0],[0,-2],[-2,0],[-1,3],[-1,4],[-1,2],[0,2],[2,0],[1,2],[1,3],[1,1],[2,1],[1,1],[1,0],[1,2],[2,2],[0,2],[-1,1],[1,1],[0,2],[1,0],[1,3],[0,1],[-2,0],[-3,-2],[-3,-2],[0,-2],[-2,-2],[0,-2],[-1,-1],[0,-2],[0,-2],[-2,-1],[0,-1],[-1,-1],[-2,-2],[0,2],[-1,-2],[1,-1],[0,-3],[0,-2],[1,-2],[-1,-2],[0,-3],[-1,-1],[-1,-3],[0,-4],[-1,-2],[-2,1],[-3,2],[-2,0],[-2,-1],[1,-3],[0,-3],[-2,-3],[0,-1],[-2,0],[-2,-2],[0,-2],[0,-1],[-1,-1],[-1,-2],[-3,0],[1,1],[-1,1],[-1,0],[-1,0],[-1,0],[-1,0],[0,1],[-2,0],[-3,0],[0,2],[-2,2],[-4,2],[-3,3],[-2,2],[-2,2],[0,1],[-2,1],[-2,1],[-1,0],[-1,2],[0,3],[0,3],[-1,2],[0,5],[-1,0],[-1,2],[0,1],[-2,1],[-1,2],[-1,0],[-3,-2],[-1,-4],[-1,-3],[-1,-1],[-1,-3],[-1,-3],[-1,-2],[-2,-4],[-1,-5],[-1,-3],[0,-4],[0,-2],[-4,1],[-2,0],[-4,-3],[1,-1],[0,-1],[-4,-3],[-2,0],[0,-2],[-3,-2],[-5,0],[-4,0],[-4,1],[-5,-1],[-3,-1],[-3,0],[-1,-4],[-2,0],[-2,0],[-2,2],[-4,-1],[-3,-2],[-2,-1],[-2,-3],[-2,-3],[-1,0],[-2,-1],[-1,1],[-2,0],[1,1],[-1,1],[1,2],[1,2],[2,1],[0,1],[2,1],[0,1],[0,1],[0,1],[1,1],[0,1],[1,1],[0,-2],[0,-2],[1,0],[1,1],[0,1],[-1,2],[1,1],[0,0],[1,1],[2,-1],[2,0],[2,0],[1,-2],[3,-1],[1,-2],[1,-1],[0,0],[0,1],[0,1],[0,2],[1,2],[2,1],[2,0],[2,1],[1,1],[0,1],[1,1],[0,0],[-1,2],[0,1],[-1,0],[-1,2],[-1,0],[-1,1],[0,1],[0,2],[0,0],[-2,0],[-1,1],[-1,2],[0,0],[-2,0],[-1,1],[0,1],[-1,1],[-2,0],[-2,0],[-1,1],[-2,0],[0,2],[0,1],[-3,1],[-4,1],[-3,2],[-1,0],[-1,0],[-2,1],[-1,1],[-3,0],[0,0],[-1,1],[-1,0],[0,0],[-1,0],[-1,1],[-2,0],[-1,-2],[0,-1],[0,-1],[-1,-2],[-1,-1],[1,-1],[0,-1],[0,0],[0,-2],[0,-1],[-1,-1],[0,-1],[-2,-1],[-1,-2],[-1,-2],[-2,-2],[-1,0],[-2,-3],[0,-2],[0,-2],[-2,-3],[-1,-1],[-2,0],[0,-2],[0,0],[-1,-2],[-1,0],[-1,-2],[-2,-3],[-1,-2],[-1,0],[0,-1],[0,-1],[1,-1],[-1,0],[0,1],[-1,2],[-1,1],[0,1],[-1,-1],[-1,-2],[-2,-3],[-1,0],[1,3],[2,2],[2,5],[1,1],[1,2],[3,3],[-1,0],[0,2],[3,2],[1,1],[1,3],[-1,0],[0,3],[1,3],[1,1],[2,1],[2,3],[0,3],[2,1],[4,3],[1,1],[2,2],[0,1],[2,0],[0,1],[0,1],[-1,1],[1,1],[1,0],[0,1],[2,2],[1,0],[3,-1],[2,0],[3,-1],[1,0],[1,-1],[2,0],[1,0],[1,0],[1,-1],[2,-1],[1,0],[0,1],[0,2],[0,1],[-1,1],[-1,3],[-1,3],[-2,4],[-2,4],[-3,3],[-3,3],[-2,3],[-5,2],[-2,2],[-3,4],[-1,1],[0,1],[-2,1],[-1,1],[-1,0],[0,2],[-1,1],[-1,2],[-1,1],[-1,3],[0,2],[2,1],[0,1],[-1,1],[0,1],[0,1],[1,2],[1,3],[1,0],[1,2],[0,2],[0,3],[0,4],[0,1],[0,2],[-1,2],[-2,2],[-3,1],[-3,1],[-3,3],[-1,1],[-2,2],[-1,0],[0,2],[1,2],[1,2],[0,1],[0,0],[0,2],[0,1],[0,1],[0,1],[-1,1],[-2,1],[-4,1],[-1,1],[0,2],[1,0],[0,1],[-1,2],[0,3],[-1,1],[-2,1],[0,1],[-2,1],[0,1],[-2,2],[-3,3],[-2,2],[-2,1],[-3,1],[-1,0],[-1,1],[-1,0],[-2,0],[-3,0],[-1,0],[-1,0],[-3,1],[-2,0],[-2,1],[-1,0],[-2,-1],[0,0],[-2,-1],[0,0],[0,0],[0,-2],[-1,-2],[1,0],[0,-2],[-2,-3],[-1,-2],[0,0],[-2,-4],[-2,-2],[-1,-2],[-1,-2],[-1,-2],[-1,-5],[0,-3],[0,-1],[-1,-2],[-2,-2],[-1,-3],[-1,-2],[-2,-2],[0,-3],[0,-1],[0,-3],[1,-2],[0,-1],[1,-3],[1,-1],[1,-2],[1,-1],[1,-2],[-1,-2],[0,0],[-1,-2],[-1,-2],[0,0],[1,-1],[-1,-3],[0,-2],[-2,-2],[1,0],[-1,-1],[0,-2],[-3,-3],[-2,-3],[-2,-2],[-2,-3],[0,-1],[1,-1],[0,-2],[1,-2],[-1,0],[1,-3],[1,-2],[-1,-2],[-2,-1],[0,-1],[-1,0],[0,-1],[-3,1],[-1,0],[-1,1],[-2,0],[-1,-2],[-1,-2],[-2,-2],[-2,0],[-3,0],[-2,0],[-2,1],[-4,2],[-2,0],[-2,1],[-3,0],[-1,0],[-2,-1],[-2,0],[-3,1],[-2,0],[-3,1],[0,0],[-1,0],[-3,-1],[-2,-2],[-2,-2],[-2,-1],[-1,-1],[-2,-1],[-1,-1],[-1,-1],[0,-2],[-1,-2],[-1,-1],[-1,0],[-1,-1],[0,-1],[-1,-1],[0,0],[-2,-1],[-1,0],[-1,-1],[0,-1],[0,0],[-1,-1],[0,-2],[0,-1],[-1,-2],[-1,-1],[1,-1],[1,-2],[1,-1],[0,-1],[1,-2],[0,-2],[0,-3],[-1,-1],[1,-2],[-1,-1],[-2,-1],[0,-1],[1,-2],[1,0],[1,-2],[-1,-1],[1,-2],[2,-1],[1,-1],[0,-1],[1,-2],[1,-2],[1,-1],[2,-2],[2,-1],[2,-1],[2,-2],[2,0],[2,-3],[-1,-3],[1,-2],[1,-2],[1,-2],[3,-1],[2,-1],[2,-3],[1,-2],[2,0],[1,2],[3,-1],[3,1],[1,0],[3,-1],[3,-1],[1,-1],[3,-1],[5,0],[4,-1],[2,1],[2,-1],[3,0],[1,0],[2,0],[3,-1],[2,0],[0,2],[2,-1],[0,0],[-1,2],[0,1],[1,1],[0,2],[-2,1],[0,2],[2,0],[0,1],[1,1],[4,1],[1,-1],[2,1],[4,1],[1,2],[2,1],[4,1],[3,1],[2,0],[1,-2],[-1,-2],[1,-1],[2,-1],[2,-1],[4,1],[1,1],[1,0],[0,1],[3,0],[1,1],[3,0],[3,1],[3,0],[1,1],[2,-1],[1,-1],[3,0],[2,0],[0,2],[1,-1],[2,0],[2,1],[2,-1],[0,-1],[0,0],[1,-1],[1,-3],[0,0],[0,0],[1,-3],[1,-1],[0,-1],[0,-2],[1,-1],[-1,-1],[1,-1],[-2,0],[-2,0],[-2,1],[-4,0],[-2,-1],[-3,0],[-1,1],[-2,0],[-2,-1],[-3,0],[-2,-3],[-2,-1],[1,-2],[-1,-2],[3,-2],[4,0],[1,-2],[5,0],[3,-2],[4,-1],[4,0],[5,2],[4,1],[3,0],[2,0],[4,-1],[0,-2],[-1,-1],[-1,-1],[-2,-1],[-1,-1],[-3,-2],[-3,-1],[-3,-2],[2,0],[3,-2],[-2,-1],[4,-1],[0,-1],[-3,0],[-2,1],[-2,1],[-2,0],[-2,1],[0,1],[1,1],[3,0],[-1,1],[-3,0],[-3,2],[-2,-1],[1,-1],[-3,-1],[0,0],[3,-1],[-1,-1],[-4,0],[0,-1],[-3,0],[-1,1],[-2,2],[0,1],[-1,1],[-1,-1],[-1,4],[-1,1],[-1,2],[1,1],[0,1],[2,1],[0,1],[-4,0],[-1,1],[-2,1],[-1,-1],[0,0],[-1,0],[-2,-1],[-3,1],[2,1],[-2,1],[-1,0],[-2,-1],[0,0],[0,2],[2,1],[-1,1],[1,1],[2,1],[0,1],[-3,0],[1,1],[-2,0],[1,3],[-2,0],[-2,-2],[-1,-2],[0,-2],[-1,-1],[-2,-1],[0,-1],[0,0],[0,-1],[-2,-1],[0,-1],[0,-2],[0,-1],[0,0],[-1,-1],[0,0],[-2,-1],[-2,-1],[-2,-1],[-2,-1],[-3,-2],[1,0],[-1,-1],[0,-1],[-2,0],[-1,1],[-1,-1],[0,-1],[0,0],[1,0],[-2,-1],[-2,1],[0,1],[0,1],[0,2],[3,1],[1,2],[3,2],[3,0],[0,1],[-1,1],[3,1],[2,0],[2,2],[1,0],[-1,1],[-2,-1],[-2,0],[-1,1],[2,1],[0,2],[-2,0],[-1,2],[-1,1],[0,-1],[0,-2],[1,0],[-1,-2],[-1,-1],[-1,-1],[-1,-1],[-2,0],[-1,-1],[-2,-1],[-2,-1],[-2,-2],[-2,-1],[-1,-3],[-1,0],[-3,-1],[-1,0],[-2,2],[-1,0],[-2,1],[-6,0],[-4,0],[0,2],[0,2],[-2,1],[-4,1],[0,1],[-2,1],[-1,3],[1,1],[-1,1],[-1,2],[-2,1],[-2,2],[-3,0],[-3,0],[-2,1],[-1,1],[-1,0],[-1,-1],[-1,-2],[-2,0],[-1,0],[-2,0],[-1,0],[0,-2],[0,-1],[-1,-1],[-1,-1],[0,-2],[1,0],[0,-2],[1,-1],[0,-1],[-1,-1],[0,-1],[0,-2],[-1,-1],[4,-2],[4,0],[3,0],[3,1],[2,-1],[5,0],[1,-1],[1,-6],[-3,-2],[-2,-2],[-4,-1],[-1,-2],[4,0],[5,0],[-1,-3],[2,1],[7,-2],[0,-2],[3,-1],[2,0],[1,-1],[3,-4],[4,-1],[2,0],[0,-1],[3,0],[0,1],[2,-1],[-1,-2],[0,-1],[-1,-2],[0,-2],[1,-1],[0,-1],[3,0],[1,-1],[2,-1],[0,2],[-1,1],[0,0],[2,1],[-1,1],[-1,0],[-2,2],[1,1],[0,1],[3,1],[0,1],[3,-1],[1,-1],[3,1],[2,1],[1,-1],[5,-1],[3,-1],[3,1],[0,0],[3,0],[0,-1],[4,-1],[0,-2],[0,-2],[1,-2],[3,-1],[2,2],[2,0],[0,-2],[1,-1],[-1,0],[-2,-1],[0,-2],[3,0],[4,-1],[3,1],[2,0],[4,-2],[-3,-1],[-5,0],[-5,1],[-4,1],[-2,-2],[-3,-1],[1,-2],[-1,-3],[1,-2],[2,-1],[7,-3],[1,-1],[0,-1],[-4,-1],[-4,1],[-3,1],[0,2],[-4,2],[-5,3],[-2,4],[2,1],[2,2],[-2,3],[-3,1],[-1,4],[-2,3],[-3,0],[-1,2],[-4,0],[0,-3],[-3,-3],[-2,-4],[-2,-1],[-5,3],[-4,0],[-4,-1],[0,-3],[-1,-6],[2,-2],[7,-2],[6,-3],[5,-4],[6,-5],[5,-2],[7,-4],[6,-1],[5,0],[4,-2],[5,0],[5,0],[9,2],[-4,0],[3,2],[3,-1],[4,2],[8,0],[10,3],[2,2],[0,2],[-3,1],[-4,1],[-12,-2],[-2,0],[4,2],[1,4],[3,1],[2,1],[1,-2],[-2,-1],[2,-1],[6,2],[3,-1],[-2,-2],[6,-3],[3,1],[2,1],[2,-2],[-3,-2],[2,-2],[-2,-1],[7,1],[2,1],[-3,0],[0,2],[2,1],[4,-1],[1,-1],[5,-2],[10,-2],[2,0],[-3,2],[4,0],[2,-1],[5,0],[4,-1],[3,2],[3,-2],[-3,-2],[2,-1],[8,1],[3,1],[10,3],[2,-1],[-3,-2],[0,0],[-3,-1],[1,-1],[-2,-2],[0,-1],[5,-2],[2,-3],[2,0],[7,0],[1,2],[-3,2],[2,1],[1,2],[-1,4],[3,1],[-1,2],[-5,4],[3,0],[1,-1],[3,0],[1,-2],[2,-1],[-1,-2],[1,-1],[-3,-1],[-1,-1],[2,-3],[-3,-2],[5,-2],[-1,-2],[1,0],[2,2],[-1,2],[3,1],[-2,-2],[5,-1],[6,-1],[5,2],[-3,-2],[0,-3],[5,-1],[6,0],[6,0],[-2,-1],[3,-2],[3,0],[6,-2],[7,0],[1,-1],[7,0],[2,1],[6,-2],[5,0],[1,-1],[3,-1],[6,-1],[5,1],[-4,0],[6,1],[1,1],[3,-1],[8,0],[6,2],[2,1],[-1,1],[-3,1],[-7,2],[-2,0],[3,1],[4,0],[3,0],[1,2],[2,-1],[4,0],[9,0],[0,1],[12,1],[0,-2],[6,0],[4,0],[4,2],[2,1],[-2,1],[4,3],[4,1],[2,-3],[5,1],[5,-1],[5,1],[2,-1],[4,1],[-2,-3],[4,-1],[25,2],[2,1],[7,3],[11,-1],[6,0],[2,2],[0,2],[3,0],[4,0],[4,0],[6,0],[5,0],[5,2],[3,0],[-2,-2],[1,-1],[9,0],[5,0],[8,1],[4,2]],[[634,127],[2,2],[1,0],[1,1],[-3,0],[0,2],[0,1],[-1,1],[0,1],[0,2],[3,1],[2,1],[4,1],[4,-1],[0,-1],[0,-1],[0,-3],[-2,-1],[1,-2],[-2,0],[1,-3],[2,1],[3,-1],[-2,-1],[-1,-2],[-2,1],[-1,2],[0,-2],[-1,-1],[1,-1],[0,-1],[-4,-1],[-1,-2],[-1,-1],[0,-1],[2,0],[0,-2],[3,0],[2,0],[0,-2],[0,-2],[-3,0],[-2,0],[-3,1],[-3,0],[-1,2],[-3,0],[-2,3],[2,3],[0,2],[3,3],[1,1]],[[239,51],[-2,1],[-4,-1],[-2,1],[-4,-2],[3,0],[2,-2],[2,1],[2,1],[1,0],[2,1]],[[8,45],[0,0],[3,0],[4,0],[-1,1],[-2,0],[-4,1],[0,-2]],[[253,50],[-1,3],[4,-2],[3,2],[0,2],[2,1],[3,-1],[2,-3],[0,-3],[4,0],[4,1],[4,1],[0,1],[-2,2],[2,1],[0,2],[-6,2],[-4,0],[-2,-1],[-1,2],[-3,2],[-1,1],[-3,2],[-4,0],[-2,1],[0,2],[-3,0],[-4,3],[-3,3],[-1,2],[0,3],[4,0],[1,3],[2,2],[4,0],[5,1],[2,1],[2,1],[4,1],[3,1],[4,0],[3,0],[0,3],[1,3],[2,3],[4,2],[2,-1],[1,-3],[-1,-4],[-2,-1],[4,-2],[3,-1],[2,-2],[0,-2],[-2,-3],[-4,-2],[4,-2],[-2,-3],[0,-4],[1,-1],[5,1],[3,0],[2,-1],[3,1],[3,2],[1,1],[5,0],[0,3],[1,3],[2,0],[2,2],[4,-1],[3,-3],[1,-2],[3,3],[3,3],[3,3],[-1,2],[4,2],[2,1],[5,1],[1,1],[1,2],[2,1],[2,1],[0,3],[-2,1],[-2,1],[-5,1],[-3,2],[-5,0],[-6,0],[-4,0],[-2,0],[-3,2],[-3,1],[-4,4],[-3,2],[2,0],[4,-4],[6,-2],[4,0],[3,1],[-3,2],[1,3],[1,2],[3,1],[5,0],[3,-3],[0,2],[2,1],[-4,1],[-6,2],[-3,1],[-3,2],[-2,0],[0,-2],[5,-3],[-4,0],[-4,1],[1,1],[-3,1],[-3,1],[-3,1],[-1,2],[-1,0],[0,1],[1,2],[1,0],[0,-1],[1,1],[0,0],[-2,1],[-1,0],[-2,0],[-2,0],[-1,0],[-2,1],[4,0],[0,0],[-3,1],[-2,0],[0,0],[-1,1],[1,0],[-1,2],[-2,2],[0,-1],[-1,0],[0,-1],[0,2],[1,0],[0,1],[-1,1],[-2,2],[0,0],[1,-2],[-1,-1],[-1,-2],[0,1],[0,2],[-1,0],[1,1],[1,2],[0,0],[1,1],[0,3],[-2,2],[-3,1],[-1,1],[-2,1],[-1,1],[0,1],[-3,1],[-2,2],[-1,1],[-1,2],[1,2],[1,2],[1,2],[0,2],[1,3],[0,2],[0,1],[-1,1],[-1,1],[-1,-1],[0,-1],[-1,-1],[-2,-2],[-1,-2],[0,-1],[0,-2],[-1,-1],[-2,-3],[-1,0],[-3,1],[0,0],[-1,-1],[-2,-1],[-3,0],[-3,0],[-2,0],[-1,1],[1,0],[0,2],[0,0],[0,0],[-1,0],[-1,1],[-2,-1],[-2,-1],[-3,0],[-2,0],[-2,0],[-2,1],[-2,2],[-3,1],[-2,1],[0,1],[0,2],[0,2],[0,0],[0,0],[0,0],[-1,3],[0,2],[0,3],[-1,2],[1,1],[1,2],[0,2],[2,2],[1,1],[1,2],[3,0],[1,2],[2,-1],[2,0],[2,-1],[2,0],[2,-2],[1,-1],[0,-2],[0,-1],[2,-1],[3,-1],[2,1],[2,-1],[1,1],[0,1],[-2,2],[0,1],[0,1],[0,1],[-1,2],[-1,0],[0,0],[0,0],[0,0],[0,1],[0,1],[0,0],[0,1],[0,1],[-1,1],[0,1],[-1,0],[0,1],[1,0],[0,0],[1,0],[0,0],[1,0],[1,0],[0,0],[0,0],[1,0],[2,0],[1,0],[0,-1],[1,1],[0,0],[1,0],[1,-1],[1,1],[0,0],[1,0],[1,1],[1,0],[1,1],[-1,0],[0,1],[1,1],[-1,1],[0,1],[0,1],[0,1],[0,1],[-1,0],[0,2],[0,0],[0,1],[0,1],[0,0],[1,2],[1,1],[1,1],[1,1],[0,1],[1,0],[1,-1],[0,1],[2,0],[1,-1],[2,0],[0,-1],[2,0],[0,0],[1,0],[2,1],[1,1],[1,0],[1,1],[2,-2],[1,-1],[0,-1],[1,-2],[1,-1],[2,0],[0,-1],[2,0],[2,-1],[2,-1],[1,-1],[1,0],[1,1],[-1,1],[0,1],[-2,0],[1,1],[0,2],[-1,1],[1,2],[1,0],[1,-2],[-1,-1],[0,-2],[3,-1],[0,-1],[1,-1],[1,2],[2,0],[1,1],[1,1],[2,0],[3,0],[2,1],[2,1],[1,-1],[0,-1],[4,0],[3,0],[-2,1],[0,1],[3,0],[2,2],[0,2],[2,0],[1,0],[1,1],[2,2],[0,1],[1,1],[2,1],[1,1],[3,0],[0,0],[3,0],[3,0],[0,1],[2,0],[3,3],[1,1],[1,0],[0,1],[2,5],[1,0],[0,2],[-2,3],[1,0],[5,1],[0,3],[2,-2],[4,1],[4,1],[2,2],[-1,2],[3,-1],[6,1],[4,0],[4,2],[3,3],[2,1],[3,0],[1,1],[1,4],[0,1],[-1,5],[-1,2],[-4,3],[-2,3],[-2,3],[-1,0],[0,2],[0,5],[-1,4],[0,2],[-1,1],[-1,4],[-2,3],[-1,3],[-2,1],[-1,2],[-3,0],[-4,1],[-2,1],[-3,1],[-3,2],[-3,3],[0,2],[0,1],[0,3],[-1,2],[-2,1],[-3,5],[-2,2],[-2,1],[-1,3],[-2,1],[-1,2],[-3,2],[-2,-1],[-2,0],[-2,-1],[-2,0],[-2,-1],[0,1],[4,3],[-1,2],[2,1],[0,1],[-3,4],[-4,1],[-5,1],[-3,-1],[0,2],[0,2],[0,1],[-2,1],[-2,1],[-3,-1],[-1,0],[0,3],[2,1],[2,-1],[1,2],[-3,0],[-2,2],[-1,3],[0,1],[-3,0],[-2,2],[-1,2],[3,2],[3,0],[-1,3],[-4,1],[-1,3],[-3,2],[-1,1],[1,3],[2,1],[-1,0],[-3,0],[-1,1],[-3,1],[0,2],[-1,0],[-3,-1],[-3,-1],[-4,-2],[-1,-2],[1,-1],[-1,-2],[-1,-5],[2,-2],[2,-3],[-4,0],[3,-3],[1,-4],[3,1],[1,-6],[-2,-1],[0,4],[-2,-1],[1,-4],[1,-5],[1,-2],[-1,-2],[0,-3],[1,0],[2,-5],[2,-4],[1,-4],[-1,-4],[1,-3],[0,-3],[1,-3],[1,-6],[1,-5],[0,-6],[0,-5],[0,-4],[-3,-1],[0,-1],[-6,-3],[-5,-3],[-2,-2],[-1,-2],[1,-1],[-3,-3],[-2,-5],[-3,-6],[-1,-1],[-1,-2],[-2,-2],[-2,-1],[1,-1],[-2,-3],[1,-2],[3,-2],[1,-2],[-1,-1],[-1,2],[-1,-2],[0,0],[0,-3],[1,0],[0,-2],[1,-2],[0,-1],[2,-1],[1,-1],[0,0],[1,-1],[0,-1],[1,-1],[1,0],[1,-2],[1,-1],[-1,-1],[1,-2],[-1,-2],[1,-1],[-1,-2],[-1,-2],[-1,0],[0,-2],[0,-1],[0,0],[-1,-1],[-1,0],[-1,0],[-1,1],[-1,0],[-1,0],[0,1],[1,2],[0,0],[-1,0],[-1,0],[-1,-1],[0,0],[-1,0],[0,-1],[-1,0],[-1,0],[-1,0],[0,0],[-1,0],[-1,-1],[-1,0],[1,-1],[-1,-1],[0,0],[-1,-1],[-1,0],[-1,-1],[0,0],[0,0],[-1,1],[0,-1],[-1,0],[-1,-1],[1,0],[0,-1],[-1,-1],[1,0],[-1,-1],[-2,-1],[0,-1],[-1,-1],[-2,-1],[1,-1],[0,1],[0,0],[0,-1],[-1,0],[0,0],[-2,0],[-1,0],[-1,-1],[-1,0],[-1,0],[-2,-1],[-1,0],[-2,0],[-1,-2],[-3,-3],[-2,0],[-2,-1],[-1,0],[-3,1],[-1,0],[-2,0],[-2,-1],[-2,-1],[-3,0],[-3,-2],[-2,-1],[-1,-1],[-1,0],[-3,-1],[-1,-1],[-3,-2],[-1,-1],[-1,-2],[1,0],[0,-1],[0,0],[0,-1],[-1,-2],[0,-1],[-1,-1],[-2,-3],[-3,-2],[-1,-2],[-3,-1],[0,0],[0,-2],[-1,-1],[-2,-1],[0,-2],[-2,0],[-1,-2],[-2,-1],[0,-1],[-1,-2],[-1,-2],[0,-1],[-2,-1],[-1,0],[-2,-1],[0,1],[0,2],[1,2],[0,1],[3,2],[0,0],[0,1],[1,1],[0,-1],[1,2],[1,1],[0,1],[2,1],[1,3],[1,1],[0,1],[1,2],[1,0],[1,1],[1,1],[0,1],[-1,1],[-1,0],[0,-2],[-2,-1],[-2,-2],[-2,0],[0,-2],[0,-2],[-1,-1],[-2,-1],[0,0],[-1,0],[-2,-1],[-1,-2],[0,0],[1,0],[1,-1],[0,-1],[-2,-2],[-2,-1],[-1,-1],[-1,-2],[-1,-2],[-1,-3],[-1,-1],[-1,-2],[-2,0],[0,-1],[-1,0],[-1,-1],[-3,0],[-1,0],[0,-2],[-3,-3],[-2,-3],[0,-1],[-1,-1],[-2,-2],[-1,-3],[-1,-1],[1,-2],[-1,-3],[0,-2],[1,-2],[0,-5],[0,-4],[-1,-2],[-1,-2],[1,0],[3,1],[2,2],[1,0],[-1,-3],[-1,-2],[0,0],[-5,-2],[-2,-2],[-5,-1],[-2,-2],[1,-2],[-4,-1],[0,-2],[-4,-2],[0,-2],[-1,-1],[-3,-1],[0,-2],[-4,-2],[-1,-3],[-3,0],[-4,0],[-4,-1],[-5,-3],[-3,0],[-5,-1],[-3,0],[-6,-1],[-3,-1],[-3,0],[0,2],[-1,0],[-3,1],[-3,1],[-3,0],[0,-1],[1,-3],[3,-1],[-1,0],[-3,1],[-2,2],[-4,2],[2,1],[-3,2],[-3,1],[-2,1],[-1,1],[-4,2],[-1,1],[-3,1],[-2,0],[-3,1],[-2,1],[-3,1],[-4,0],[-1,0],[3,-1],[3,-1],[3,-2],[3,0],[1,-1],[4,-2],[1,0],[2,-1],[0,-2],[2,-2],[-3,1],[-1,-1],[-2,1],[-2,-1],[0,1],[-1,-1],[-3,1],[-2,0],[0,-2],[1,-1],[-2,-1],[-4,1],[-2,-2],[-2,0],[0,-2],[-2,-1],[1,-2],[2,-1],[1,-1],[2,-1],[2,1],[2,-2],[2,1],[3,-1],[-1,-1],[-1,-1],[2,-1],[-2,0],[-3,1],[-1,0],[-2,0],[-4,0],[-4,-1],[-1,-1],[-3,-1],[3,-1],[6,-2],[3,0],[-1,2],[6,-1],[-2,-1],[-4,-1],[-1,-2],[-3,-1],[-4,-1],[2,-1],[5,0],[3,-1],[1,-2],[2,-1],[3,0],[5,-2],[3,1],[4,-2],[4,1],[2,1],[1,-1],[5,1],[0,0],[4,1],[3,-1],[6,1],[5,1],[2,0],[4,-1],[4,1],[3,1],[5,0],[4,2],[3,0],[2,-1],[4,-1],[4,0],[4,-1],[4,-1],[2,1],[2,0],[1,-1],[2,0],[4,2],[4,-2],[0,2],[4,0],[1,-1],[3,0],[4,2],[7,1],[3,0],[3,0],[4,1],[-4,2],[5,0],[7,0],[2,-1],[3,2],[3,-1],[-2,-2],[1,0],[4,-1],[2,0],[2,1],[3,1],[3,0],[5,1],[4,0],[4,0],[0,-2],[2,0],[4,1],[0,2],[2,-2],[2,0],[1,-3],[-3,-1],[-3,-1],[1,-3],[3,-2],[3,0],[3,1],[4,3],[-3,2],[6,0]],[[188,40],[-1,2],[6,-1],[3,1],[4,-1],[2,1],[2,2],[2,-1],[-2,-3],[2,0],[3,0],[3,2],[2,2],[0,2],[5,1],[5,2],[0,1],[-5,0],[2,1],[-1,1],[-5,0],[-5,-1],[-3,0],[-5,1],[-8,1],[-4,0],[-1,-1],[-4,-1],[-2,0],[-4,-2],[2,0],[4,-1],[4,0],[4,0],[-6,-1],[-5,0],[-4,0],[-2,-1],[7,-1],[-5,0],[-4,0],[2,-2],[2,-2],[7,-1],[3,0]],[[214,39],[-2,2],[-4,-2],[1,0],[3,0],[2,0]],[[291,40],[1,1],[-3,0],[-3,0],[-3,0],[-1,0],[-3,-1],[0,-1],[1,0],[7,0],[4,1]],[[263,40],[3,2],[2,-2],[7,-1],[5,2],[-1,2],[6,-1],[2,-1],[6,2],[4,1],[0,1],[6,0],[2,1],[7,1],[2,2],[3,2],[-5,1],[6,2],[5,1],[4,2],[4,0],[-1,2],[-5,4],[-3,-2],[-4,-2],[-4,0],[0,2],[3,1],[3,1],[1,1],[2,3],[-1,2],[-3,-1],[-7,-2],[4,2],[3,2],[0,1],[-7,-1],[-6,-2],[-3,-1],[1,-1],[-5,-1],[-4,-2],[0,1],[-7,1],[-3,-1],[2,-2],[5,0],[6,-1],[-1,-1],[1,-1],[3,-3],[0,-1],[-1,-1],[-5,-1],[-5,-1],[2,-1],[-3,-2],[-3,0],[-2,-1],[-1,1],[-5,1],[-10,-1],[-6,-1],[-4,0],[-3,-1],[3,-1],[-4,-1],[-1,-2],[3,-3],[2,-1],[7,-1],[-2,2]],[[226,38],[3,1],[5,0],[1,0],[-3,2],[4,1],[0,2],[-5,1],[-2,0],[-2,-1],[-7,-2],[0,-1],[5,0],[-3,-1],[4,-2]],[[893,40],[-5,0],[-5,0],[-1,0],[3,-1],[3,-1],[4,1],[1,1]],[[245,41],[-3,2],[-3,0],[-1,-2],[0,-2],[1,-1],[3,0],[5,0],[6,0],[-4,3],[-4,0]],[[171,45],[-7,1],[-2,-1],[-6,-1],[1,-1],[2,-2],[2,-2],[-2,-2],[9,0],[4,0],[7,0],[2,1],[3,1],[-3,1],[-7,2],[-3,2],[0,1]],[[912,35],[-3,1],[-5,0],[-5,-1],[1,-1],[5,0],[7,1]],[[244,35],[-1,1],[-4,0],[-4,-1],[2,-1],[4,-1],[2,1],[1,1]],[[897,34],[-3,2],[-10,0],[-4,0],[-6,-2],[2,-1],[3,-1],[8,0],[10,2]],[[231,30],[2,2],[0,1],[-1,2],[-5,0],[-3,0],[0,-2],[-4,1],[0,-2],[3,0],[4,-1],[4,0],[0,-1]],[[204,32],[1,1],[3,-1],[3,1],[0,1],[-2,1],[-9,1],[-7,1],[-4,0],[0,-1],[5,-1],[-12,0],[-4,0],[4,-3],[3,-1],[7,1],[5,2],[5,0],[-4,-3],[2,-1],[3,1],[1,1]],[[657,47],[-1,0],[-9,0],[-1,-1],[-5,-1],[0,-2],[2,0],[0,-2],[6,-2],[-3,0],[7,-3],[-1,-1],[6,-1],[9,-2],[9,-1],[5,-1],[5,0],[2,1],[-2,1],[-9,1],[-9,1],[-8,3],[-4,3],[-5,2],[1,3],[5,2]],[[241,29],[3,1],[6,0],[2,1],[-1,1],[3,1],[2,0],[4,1],[4,0],[4,-1],[6,0],[4,0],[3,1],[1,1],[-2,1],[-4,1],[-3,-1],[-8,1],[-6,0],[-4,-1],[-8,0],[-1,-2],[0,-1],[-3,-1],[-5,-1],[-3,-1],[1,-1],[5,0]],[[182,28],[0,2],[-2,1],[-3,0],[-5,1],[-4,1],[-4,-1],[5,-2],[5,-2],[5,0],[3,0]],[[244,28],[-2,0],[-5,0],[-1,-1],[6,0],[2,1],[0,0]],[[199,28],[-5,1],[-4,-1],[2,-1],[4,0],[4,0],[-1,1]],[[568,27],[-7,1],[-4,0],[2,-1],[-2,-1],[6,0],[1,1],[4,0]],[[200,25],[-3,1],[-5,0],[0,-1],[3,0],[2,0],[3,0]],[[238,27],[-4,0],[-2,0],[-1,-1],[-1,-1],[4,0],[2,0],[3,1],[-1,1]],[[226,26],[2,1],[-5,0],[-4,-1],[-6,0],[2,-1],[-3,-1],[0,-1],[5,1],[7,1],[2,1]],[[787,26],[-15,1],[5,-3],[2,-1],[2,0],[7,2],[-1,1]],[[550,22],[9,2],[-7,1],[-2,2],[-2,1],[-1,2],[-4,0],[-5,-1],[2,-1],[-4,-1],[-5,-2],[-2,-3],[7,-1],[1,1],[4,0],[1,-1],[4,0],[4,1]],[[570,20],[5,1],[-4,2],[-8,0],[-8,0],[-1,-1],[-4,0],[-3,-1],[9,-1],[4,1],[3,-1],[7,0]],[[640,20],[-4,0],[-2,1],[-1,0],[-3,0],[-3,0],[2,-1],[-6,0],[5,-1],[4,0],[1,1],[1,-1],[3,0],[4,1],[-1,0]],[[773,25],[-6,0],[-7,-1],[-5,-1],[-2,-2],[-4,0],[7,-2],[6,-1],[6,1],[6,3],[-1,3]],[[262,22],[3,1],[-3,1],[-5,2],[-5,0],[-6,0],[-3,-1],[0,-1],[2,-1],[-5,0],[-3,-1],[-1,-1],[2,-1],[1,-1],[3,0],[-1,-1],[6,0],[4,2],[5,0],[4,1],[2,1]],[[313,13],[7,0],[6,1],[5,0],[0,1],[-7,1],[-6,1],[-3,0],[6,0],[-6,2],[-5,1],[-5,2],[-5,1],[-2,0],[-8,0],[4,1],[-2,0],[2,2],[-3,0],[-4,1],[-1,1],[-4,1],[0,1],[5,0],[0,0],[-7,2],[-7,-1],[-8,1],[-4,-1],[-6,0],[0,-1],[5,-1],[-1,-2],[1,0],[8,1],[-4,-2],[-4,0],[2,-1],[5,-1],[0,-1],[-3,-1],[-2,-1],[8,0],[2,0],[4,-1],[-6,0],[-9,0],[-5,-1],[-3,-1],[-3,-1],[0,-1],[4,0],[3,0],[5,-1],[4,-1],[4,0],[3,1],[2,-1],[3,-1],[5,0],[9,0],[1,0],[8,0],[6,0],[6,0]],[[426,12],[17,2],[-5,1],[-10,0],[-15,0],[1,1],[10,0],[8,1],[5,-1],[3,1],[-3,1],[7,-1],[13,-1],[8,1],[2,1],[-12,2],[-1,1],[-9,0],[7,0],[-4,2],[-2,2],[0,3],[4,2],[-5,0],[-4,1],[5,1],[0,2],[-2,1],[3,2],[-6,0],[3,1],[-1,1],[-4,1],[-3,0],[3,2],[0,1],[-5,-1],[-2,0],[4,1],[4,2],[1,2],[-5,1],[-2,-2],[-4,-1],[1,2],[-3,1],[7,0],[4,0],[-7,3],[-8,2],[-8,1],[-3,0],[-3,1],[-3,3],[-6,2],[-2,0],[-4,1],[-4,0],[-2,2],[0,2],[-2,2],[-4,2],[1,2],[-1,2],[-2,3],[-3,0],[-4,-2],[-6,0],[-3,-2],[-1,-2],[-5,-4],[-2,-2],[0,-2],[-4,-3],[1,-2],[-2,0],[3,-4],[4,-1],[1,-1],[1,-2],[-3,1],[-2,0],[-2,1],[-3,-1],[-1,-2],[1,-1],[3,0],[6,0],[-5,-1],[-3,-1],[-2,0],[-3,-1],[3,-2],[-1,-1],[-2,-2],[-4,-3],[-3,-1],[0,-1],[-7,-2],[-6,0],[-8,0],[-6,0],[-3,-1],[-5,-1],[7,-1],[6,0],[-12,-1],[-6,-1],[0,-1],[10,-2],[10,-1],[1,-1],[-7,-1],[2,-1],[10,-2],[4,0],[-1,-1],[6,-1],[9,0],[8,-1],[3,1],[7,-1],[7,1],[4,0],[5,1],[-6,-2],[0,-1],[9,-1],[10,0],[3,-1],[10,0],[22,0]],[[248,135],[0,-1],[0,0],[0,-1],[0,0],[0,-1],[1,0],[0,-1],[0,0],[1,0],[0,-1],[1,0],[1,0],[0,0],[1,0],[1,0],[0,0],[1,0],[1,0],[0,0],[1,0],[0,0],[1,1],[0,0],[1,1],[0,0],[1,0],[0,1],[0,0],[0,1],[0,0],[0,1],[0,0],[0,1],[0,0],[-1,1],[0,0],[0,1],[-1,0],[0,0],[-1,1],[0,0],[-1,0],[-1,0],[0,0],[-1,0],[-1,0],[0,0],[-1,0],[-1,0],[0,0],[-1,0],[0,-1],[-1,0],[0,0],[0,-1],[-1,0],[0,-1],[0,0],[0,-1],[0,0],[0,0]],[[197,139],[0,-1],[0,0],[1,-1],[0,0],[0,-1],[0,0],[1,-1],[0,0],[1,0],[0,-1],[1,0],[0,0],[1,0],[1,0],[0,0],[1,0],[1,0],[0,0],[1,0],[0,0],[1,1],[1,0],[0,0],[0,1],[1,0],[0,0],[0,1],[1,0],[0,1],[0,0],[0,1],[0,0],[-1,1],[0,0],[0,1],[0,0],[-1,1],[0,0],[-1,0],[0,1],[-1,0],[0,0],[-1,0],[-1,0],[0,0],[-1,0],[-1,0],[0,0],[-1,0],[0,0],[-1,0],[0,-1],[-1,0],[0,0],[-1,-1],[0,0],[0,-1],[0,0],[-1,-1],[0,0],[0,0]],[[225,160],[0,0],[0,-1],[0,0],[1,-1],[0,0],[0,-1],[0,0],[1,-1],[0,0],[1,0],[0,-1],[1,0],[0,0],[1,0],[1,0],[0,0],[1,0],[0,0],[1,0],[1,1],[0,0],[1,0],[0,0],[0,1],[1,0],[0,1],[0,0],[0,1],[0,0],[0,1],[0,0],[0,1],[0,0],[0,1],[0,0],[-1,1],[0,0],[0,0],[-1,1],[0,0],[-1,0],[0,0],[-1,1],[0,0],[-1,0],[-1,0],[0,0],[-1,0],[0,-1],[-1,0],[0,0],[-1,0],[0,-1],[-1,0],[0,-1],[0,0],[0,0],[-1,-1],[0,0],[0,-1],[0,0]],[[224,187],[0,0],[0,-1],[0,0],[0,-1],[0,0],[1,-1],[0,0],[0,0],[1,-1],[0,0],[1,0],[0,-1],[1,0],[0,0],[1,0],[0,0],[1,0],[1,0],[0,0],[1,1],[0,0],[0,0],[1,1],[0,0],[1,0],[0,1],[0,0],[0,1],[0,0],[0,1],[0,0],[0,1],[0,0],[0,1],[0,0],[-1,1],[0,0],[0,1],[-1,0],[0,0],[-1,0],[0,1],[-1,0],[0,0],[-1,0],[0,0],[-1,0],[0,0],[-1,0],[0,-1],[-1,0],[0,0],[-1,-1],[0,0],[0,0],[-1,-1],[0,0],[0,-1],[0,0],[0,-1],[0,0]],[[217,187],[0,-1],[0,0],[0,-1],[1,0],[0,-1],[0,0],[0,-1],[1,0],[0,0],[1,-1],[0,0],[1,0],[0,0],[1,0],[0,0],[1,0],[0,0],[1,0],[0,0],[1,0],[0,0],[1,1],[0,0],[1,1],[0,0],[0,0],[0,1],[0,0],[1,1],[0,0],[0,1],[-1,0],[0,1],[0,0],[0,1],[0,0],[-1,1],[0,0],[0,0],[-1,1],[0,0],[-1,0],[0,0],[-1,0],[0,0],[-1,0],[-1,0],[0,0],[-1,0],[0,0],[-1,0],[0,-1],[0,0],[-1,0],[0,-1],[0,0],[-1,-1],[0,0],[0,-1],[0,0],[0,0]],[[214,178],[0,0],[0,-1],[0,0],[1,-1],[0,0],[0,-1],[0,0],[1,-1],[0,0],[1,0],[0,0],[1,-1],[0,0],[1,0],[0,0],[1,0],[1,0],[0,0],[1,0],[0,1],[1,0],[0,0],[0,1],[1,0],[0,0],[0,1],[1,0],[0,1],[0,0],[0,1],[0,0],[0,1],[0,0],[0,1],[-1,0],[0,1],[0,0],[-1,0],[0,1],[-1,0],[0,0],[-1,1],[0,0],[-1,0],[0,0],[-1,0],[0,0],[-1,0],[0,-1],[-1,0],[0,0],[-1,0],[0,-1],[-1,0],[0,0],[0,-1],[0,0],[-1,-1],[0,0],[0,-1],[0,0]],[[314,190],[0,-1],[0,0],[0,-1],[0,0],[1,-1],[0,0],[0,0],[1,-1],[0,0],[1,0],[0,-1],[0,0],[1,0],[1,0],[0,0],[1,0],[0,0],[1,0],[0,0],[1,0],[0,1],[1,0],[0,0],[0,1],[1,0],[0,1],[0,0],[0,1],[0,0],[0,1],[0,0],[0,1],[0,0],[0,1],[0,0],[0,0],[-1,1],[0,0],[-1,1],[0,0],[-1,0],[0,0],[-1,0],[0,1],[-1,0],[0,0],[-1,0],[0,-1],[-1,0],[0,0],[-1,0],[0,-1],[0,0],[-1,0],[0,-1],[0,0],[-1,-1],[0,0],[0,-1],[0,0],[0,0]],[[296,186],[0,-1],[0,0],[0,-1],[0,0],[0,-1],[1,0],[0,-1],[0,0],[1,-1],[0,0],[1,0],[0,0],[1,0],[0,-1],[1,0],[0,0],[1,1],[1,0],[0,0],[1,0],[0,0],[0,1],[1,0],[0,0],[1,1],[0,0],[0,1],[0,0],[0,1],[0,0],[0,1],[0,0],[0,1],[0,0],[0,1],[-1,0],[0,1],[0,0],[-1,0],[0,1],[-1,0],[0,0],[-1,0],[0,0],[-1,0],[0,0],[-1,0],[0,0],[-1,0],[0,0],[-1,-1],[0,0],[-1,0],[0,-1],[0,0],[-1,0],[0,-1],[0,0],[0,-1],[0,0],[0,0]],[[283,134],[0,0],[0,-1],[0,0],[1,-1],[0,0],[0,-1],[1,0],[0,-1],[0,0],[1,0],[1,-1],[0,0],[1,0],[1,0],[0,0],[1,0],[1,0],[0,0],[1,0],[0,1],[1,0],[1,0],[0,0],[1,1],[0,0],[0,1],[0,0],[1,1],[0,0],[0,1],[0,0],[0,1],[-1,0],[0,1],[0,0],[0,1],[-1,0],[0,0],[-1,1],[0,0],[-1,0],[0,0],[-1,1],[-1,0],[0,0],[-1,0],[-1,0],[0,0],[-1,-1],[0,0],[-1,0],[-1,0],[0,-1],[0,0],[-1,-1],[0,0],[0,0],[-1,-1],[0,0],[0,-1],[0,0]],[[214,74],[0,-1],[0,0],[0,-1],[1,0],[0,-1],[1,0],[0,-1],[1,0],[1,0],[1,-1],[1,0],[1,0],[1,0],[1,0],[1,0],[1,0],[1,0],[1,0],[1,0],[1,0],[1,0],[1,1],[1,0],[1,1],[0,0],[1,0],[0,1],[0,0],[0,1],[0,0],[0,1],[0,0],[0,1],[-1,0],[0,1],[-1,0],[0,1],[-1,0],[-1,0],[-1,1],[-1,0],[-1,0],[0,0],[-1,0],[-1,0],[-1,0],[-1,0],[-1,0],[-1,0],[-1,0],[-1,0],[-1,-1],[-1,0],[-1,0],[0,-1],[-1,0],[0,-1],[-1,0],[0,-1],[0,0],[0,0]],[[277,216],[0,-1],[0,-1],[0,0],[1,-1],[0,0],[0,0],[0,-1],[1,0],[0,-1],[1,0],[0,0],[0,0],[1,0],[1,-1],[0,0],[1,0],[0,1],[1,0],[0,0],[1,0],[0,0],[0,1],[1,0],[0,0],[0,1],[1,0],[0,1],[0,0],[0,1],[0,0],[0,1],[0,0],[0,1],[0,0],[0,1],[-1,0],[0,1],[0,0],[-1,0],[0,1],[-1,0],[0,0],[-1,0],[0,0],[-1,0],[0,0],[-1,0],[0,0],[-1,0],[0,0],[-1,-1],[0,0],[0,0],[-1,-1],[0,0],[0,-1],[0,0],[-1,0],[0,-1],[0,0],[0,0]],[[253,184],[0,-1],[0,0],[0,-1],[0,0],[0,-1],[1,0],[0,-1],[0,0],[1,0],[0,-1],[1,0],[0,0],[1,0],[0,0],[1,0],[0,0],[1,0],[0,0],[1,0],[0,0],[1,1],[0,0],[1,0],[0,1],[0,0],[1,1],[0,0],[0,0],[0,1],[0,1],[0,0],[0,1],[0,0],[0,1],[0,0],[-1,0],[0,1],[0,0],[-1,1],[0,0],[-1,0],[0,0],[-1,0],[0,1],[-1,0],[0,0],[-1,-1],[-1,0],[0,0],[-1,0],[0,0],[0,-1],[-1,0],[0,0],[-1,-1],[0,0],[0,-1],[0,0],[0,-1],[0,0],[0,0]],[[250,193],[0,0],[0,-1],[0,0],[0,-1],[0,0],[1,-1],[0,0],[0,0],[1,-1],[0,0],[1,0],[0,-1],[1,0],[0,0],[1,0],[0,0],[1,0],[0,0],[1,1],[0,0],[1,0],[0,0],[1,1],[0,0],[0,1],[1,0],[0,0],[0,1],[0,0],[0,1],[0,0],[0,1],[0,0],[0,1],[0,0],[-1,1],[0,0],[0,1],[-1,0],[0,0],[-1,1],[0,0],[-1,0],[0,0],[-1,0],[0,0],[-1,0],[0,0],[-1,0],[0,-1],[-1,0],[0,0],[-1,0],[0,-1],[0,0],[-1,-1],[0,0],[0,-1],[0,0],[0,-1],[0,0]],[[279,262],[0,0],[0,-1],[0,0],[0,-1],[0,0],[1,0],[0,-1],[0,0],[1,-1],[0,0],[1,0],[0,0],[1,0],[0,-1],[1,0],[0,0],[1,0],[0,1],[1,0],[0,0],[1,0],[0,1],[0,0],[1,0],[0,1],[0,0],[1,1],[0,0],[0,1],[0,0],[0,1],[0,0],[0,1],[-1,0],[0,1],[0,0],[0,0],[-1,1],[0,0],[-1,1],[0,0],[0,0],[-1,0],[0,0],[-1,0],[-1,0],[0,0],[-1,0],[0,0],[0,0],[-1,-1],[0,0],[-1,0],[0,-1],[0,0],[-1,-1],[0,0],[0,-1],[0,0],[0,-1],[0,0]],[[289,212],[0,-1],[0,0],[0,-1],[0,0],[0,-1],[0,0],[1,0],[0,-1],[0,0],[1,0],[0,-1],[1,0],[0,0],[1,0],[0,0],[1,0],[0,0],[1,0],[0,0],[1,0],[0,1],[1,0],[0,0],[0,1],[1,0],[0,1],[0,0],[0,1],[0,0],[1,1],[0,0],[-1,1],[0,0],[0,1],[0,0],[0,0],[-1,1],[0,0],[0,1],[-1,0],[0,0],[-1,0],[0,0],[-1,1],[0,0],[-1,0],[0,0],[-1,-1],[0,0],[-1,0],[0,0],[-1,-1],[0,0],[0,0],[-1,-1],[0,0],[0,-1],[0,0],[0,-1],[0,0],[0,0]],[[315,294],[0,-1],[0,0],[0,-1],[0,0],[1,-1],[0,0],[0,0],[1,-1],[0,0],[1,0],[0,-1],[1,0],[0,0],[1,0],[0,0],[1,0],[0,0],[1,0],[0,0],[1,0],[0,1],[1,0],[0,0],[0,1],[1,0],[0,1],[0,0],[0,0],[0,1],[0,1],[0,0],[0,1],[0,0],[0,1],[0,0],[0,0],[-1,1],[0,0],[0,1],[-1,0],[0,0],[-1,0],[0,0],[-1,1],[-1,0],[0,0],[-1,0],[0,-1],[-1,0],[0,0],[-1,0],[0,-1],[-1,0],[0,0],[0,-1],[0,0],[-1,-1],[0,0],[0,-1],[0,0],[0,0]],[[297,276],[0,0],[0,-1],[0,0],[0,-1],[0,0],[1,-1],[0,0],[0,0],[1,-1],[0,0],[1,0],[0,0],[1,-1],[0,0],[1,0],[0,0],[1,0],[0,0],[1,1],[0,0],[1,0],[0,0],[0,1],[1,0],[0,1],[0,0],[0,0],[1,1],[0,0],[0,1],[0,0],[0,1],[0,1],[-1,0],[0,0],[0,1],[0,0],[-1,1],[0,0],[-1,0],[0,1],[-1,0],[0,0],[-1,0],[0,0],[-1,0],[0,0],[-1,0],[0,0],[-1,-1],[0,0],[-1,0],[0,0],[0,-1],[-1,0],[0,-1],[0,0],[0,-1],[0,0],[0,-1],[0,0]],[[280,241],[1,-1],[0,0],[0,-1],[0,0],[0,-1],[0,0],[1,0],[0,-1],[0,0],[1,0],[0,-1],[1,0],[0,0],[1,0],[0,0],[1,0],[0,0],[1,0],[0,0],[1,0],[0,1],[1,0],[0,0],[0,1],[1,0],[0,1],[0,0],[0,1],[0,0],[0,1],[0,0],[0,1],[0,0],[0,1],[0,0],[-1,1],[0,0],[0,0],[-1,1],[0,0],[0,0],[-1,0],[0,1],[-1,0],[0,0],[-1,0],[0,0],[-1,-1],[0,0],[-1,0],[0,0],[-1,0],[0,-1],[0,0],[-1,-1],[0,0],[0,-1],[0,0],[0,-1],[-1,0],[0,0]],[[390,276],[0,-1],[0,0],[0,-1],[0,0],[0,-1],[1,0],[0,-1],[0,0],[1,0],[0,-1],[1,0],[0,0],[1,0],[0,0],[1,0],[0,0],[1,0],[0,0],[1,0],[0,0],[1,1],[0,0],[0,0],[1,1],[0,0],[0,0],[0,1],[1,0],[0,1],[0,0],[0,1],[0,0],[0,1],[-1,0],[0,1],[0,0],[0,1],[-1,0],[0,1],[-1,0],[0,0],[-1,0],[0,0],[-1,0],[0,1],[-1,0],[0,-1],[-1,0],[0,0],[-1,0],[0,0],[-1,-1],[0,0],[0,0],[-1,-1],[0,0],[0,-1],[0,0],[0,-1],[0,0],[0,0]],[[307,286],[0,-1],[0,0],[0,-1],[1,0],[0,-1],[0,0],[0,-1],[1,0],[0,0],[1,-1],[0,0],[1,0],[0,0],[1,0],[0,-1],[1,1],[0,0],[1,0],[0,0],[1,0],[0,0],[1,1],[0,0],[0,0],[1,1],[0,0],[0,1],[0,0],[0,1],[0,0],[0,1],[0,0],[0,1],[0,0],[0,1],[0,0],[-1,1],[0,0],[-1,0],[0,1],[0,0],[-1,0],[0,0],[-1,0],[-1,0],[0,0],[-1,0],[0,0],[-1,0],[0,0],[-1,-1],[0,0],[0,0],[-1,-1],[0,0],[0,0],[-1,-1],[0,0],[0,-1],[0,0],[0,0]],[[484,139],[0,-1],[0,0],[0,-1],[0,0],[1,-1],[0,0],[0,-1],[1,0],[0,0],[1,-1],[0,0],[1,0],[1,0],[0,0],[1,0],[1,0],[0,0],[1,0],[1,0],[0,0],[1,1],[0,0],[1,0],[0,1],[1,0],[0,0],[0,1],[0,0],[0,1],[0,0],[0,1],[0,0],[0,1],[0,0],[0,1],[-1,0],[0,1],[-1,0],[0,0],[-1,1],[0,0],[-1,0],[0,0],[-1,0],[-1,0],[0,0],[-1,0],[0,0],[-1,0],[-1,0],[0,0],[-1,-1],[0,0],[-1,0],[0,-1],[0,0],[-1,-1],[0,0],[0,-1],[0,0],[0,0]],[[491,127],[0,-1],[0,0],[0,-1],[0,0],[1,-1],[0,0],[0,-1],[1,0],[0,-1],[1,0],[1,0],[0,0],[1,0],[1,-1],[0,0],[1,0],[1,0],[0,1],[1,0],[1,0],[0,0],[1,1],[0,0],[1,0],[0,1],[1,0],[0,1],[0,0],[0,1],[0,0],[0,1],[0,0],[0,1],[0,0],[-1,1],[0,0],[0,1],[-1,0],[0,0],[-1,1],[-1,0],[0,0],[-1,0],[-1,0],[0,0],[-1,0],[-1,0],[0,0],[-1,0],[0,0],[-1,-1],[-1,0],[0,0],[-1,-1],[0,0],[0,0],[-1,-1],[0,0],[0,-1],[0,0],[0,0]],[[524,111],[0,0],[0,-1],[0,0],[0,-1],[1,0],[0,-1],[1,0],[0,-1],[1,0],[0,0],[1,0],[1,-1],[0,0],[1,0],[1,0],[1,0],[0,0],[1,0],[1,0],[1,1],[0,0],[1,0],[1,1],[0,0],[0,0],[1,1],[0,0],[0,1],[0,0],[0,1],[0,0],[0,1],[0,0],[0,1],[-1,0],[0,1],[0,0],[-1,1],[-1,0],[0,0],[-1,0],[0,1],[-1,0],[-1,0],[-1,0],[0,0],[-1,0],[-1,0],[0,0],[-1,-1],[-1,0],[0,0],[-1,-1],[0,0],[-1,0],[0,-1],[-1,0],[0,-1],[0,0],[0,-1],[0,0]],[[505,97],[0,0],[0,-1],[1,0],[0,-1],[0,0],[1,-1],[0,0],[1,0],[0,-1],[1,0],[1,0],[1,-1],[0,0],[1,0],[1,0],[1,0],[1,0],[1,0],[1,0],[0,1],[1,0],[1,0],[0,1],[1,0],[0,0],[1,1],[0,0],[0,1],[0,0],[0,1],[0,0],[0,1],[0,0],[0,1],[-1,0],[0,1],[-1,0],[0,1],[-1,0],[-1,0],[0,0],[-1,1],[-1,0],[-1,0],[0,0],[-1,0],[-1,0],[-1,0],[-1,0],[0,-1],[-1,0],[-1,0],[0,-1],[-1,0],[0,0],[-1,-1],[0,0],[0,-1],[-1,0],[0,-1],[0,0]],[[469,135],[0,-1],[0,0],[0,-1],[0,0],[0,-1],[1,0],[0,-1],[0,0],[1,0],[0,-1],[1,0],[1,0],[0,0],[1,0],[1,-1],[0,1],[1,0],[1,0],[0,0],[1,0],[0,0],[1,1],[0,0],[1,0],[0,1],[1,0],[0,1],[0,0],[0,1],[0,0],[0,1],[0,0],[0,1],[0,0],[-1,1],[0,0],[0,1],[-1,0],[0,0],[-1,1],[-1,0],[0,0],[-1,0],[0,0],[-1,0],[-1,0],[0,0],[-1,0],[-1,0],[0,0],[-1,-1],[0,0],[-1,0],[0,-1],[0,0],[-1,0],[0,-1],[0,0],[0,-1],[0,0],[0,0]],[[545,111],[0,-1],[0,0],[0,-1],[0,0],[1,-1],[0,0],[0,-1],[1,0],[0,-1],[1,0],[1,0],[0,0],[1,0],[1,-1],[1,0],[1,0],[0,1],[1,0],[1,0],[1,0],[0,0],[1,1],[0,0],[1,0],[0,1],[1,0],[0,1],[0,0],[0,1],[0,0],[0,1],[0,0],[0,1],[0,0],[-1,1],[0,0],[-1,1],[0,0],[-1,0],[0,1],[-1,0],[-1,0],[0,0],[-1,0],[-1,0],[0,0],[-1,0],[-1,0],[-1,0],[0,0],[-1,-1],[-1,0],[0,0],[-1,-1],[0,0],[0,0],[-1,-1],[0,0],[0,-1],[0,0],[0,0]],[[562,116],[0,-1],[0,0],[1,-1],[0,0],[0,-1],[0,0],[1,0],[0,-1],[1,0],[1,0],[0,-1],[1,0],[1,0],[0,0],[1,0],[1,0],[1,0],[0,0],[1,0],[1,0],[0,1],[1,0],[1,0],[0,1],[0,0],[1,1],[0,0],[0,1],[0,0],[0,1],[0,0],[0,1],[0,0],[0,1],[-1,0],[0,1],[0,0],[-1,0],[0,1],[-1,0],[-1,0],[0,0],[-1,1],[-1,0],[0,0],[-1,0],[-1,0],[-1,-1],[0,0],[-1,0],[-1,0],[0,0],[-1,-1],[0,0],[-1,-1],[0,0],[0,-1],[0,0],[-1,0],[0,-1]],[[528,97],[0,-1],[1,0],[0,-1],[0,0],[0,-1],[1,0],[0,0],[1,-1],[0,0],[1,-1],[1,0],[1,0],[1,0],[0,0],[1,0],[1,0],[1,0],[1,0],[1,0],[1,0],[0,1],[1,0],[1,0],[0,1],[1,0],[0,1],[0,0],[0,1],[1,0],[0,1],[0,0],[-1,1],[0,0],[0,1],[0,0],[-1,0],[0,1],[-1,0],[-1,1],[0,0],[-1,0],[-1,0],[-1,0],[0,0],[-1,1],[-1,0],[-1,-1],[-1,0],[0,0],[-1,0],[-1,0],[0,-1],[-1,0],[-1,0],[0,-1],[-1,0],[0,-1],[0,0],[0,-1],[-1,0],[0,0]],[[622,111],[0,0],[0,-1],[1,0],[0,-1],[0,0],[1,-1],[0,0],[1,0],[0,-1],[1,0],[0,0],[1,0],[1,-1],[1,0],[0,0],[1,0],[1,0],[1,0],[0,1],[1,0],[1,0],[0,0],[1,1],[0,0],[1,1],[0,0],[1,1],[0,0],[0,1],[0,0],[0,1],[0,0],[0,1],[-1,0],[0,1],[0,0],[-1,0],[0,1],[-1,0],[-1,0],[0,1],[-1,0],[-1,0],[0,0],[-1,0],[-1,0],[-1,0],[0,0],[-1,0],[-1,0],[0,-1],[-1,0],[0,0],[-1,-1],[0,0],[-1,-1],[0,0],[0,-1],[0,0],[-1,-1],[0,0]],[[511,101],[0,0],[0,-1],[0,0],[1,-1],[0,0],[0,-1],[1,0],[0,-1],[1,0],[1,0],[0,0],[1,-1],[1,0],[1,0],[1,0],[1,0],[0,0],[1,0],[1,0],[1,1],[1,0],[0,0],[1,1],[0,0],[1,0],[0,1],[0,0],[1,1],[0,0],[0,1],[0,0],[0,1],[-1,0],[0,1],[0,0],[-1,1],[0,0],[-1,1],[0,0],[-1,0],[-1,0],[0,1],[-1,0],[-1,0],[-1,0],[-1,0],[0,0],[-1,0],[-1,-1],[-1,0],[0,0],[-1,0],[0,-1],[-1,0],[0,0],[-1,-1],[0,0],[0,-1],[-1,0],[0,-1],[0,0]],[[598,133],[0,-1],[0,0],[0,-1],[0,0],[1,-1],[0,0],[0,-1],[1,0],[0,0],[1,-1],[0,0],[1,0],[1,0],[0,0],[1,0],[1,0],[0,0],[1,0],[1,0],[0,0],[1,0],[0,1],[1,0],[0,1],[1,0],[0,0],[0,1],[0,0],[1,1],[0,0],[0,1],[-1,0],[0,1],[0,0],[0,1],[-1,0],[0,1],[0,0],[-1,0],[-1,1],[0,0],[-1,0],[0,0],[-1,0],[-1,0],[0,0],[-1,0],[-1,0],[0,0],[-1,0],[0,0],[-1,-1],[0,0],[-1,0],[0,-1],[0,0],[-1,-1],[0,0],[0,-1],[0,0],[0,0]],[[527,116],[0,0],[0,-1],[0,0],[0,-1],[0,0],[1,-1],[0,0],[1,-1],[0,0],[1,0],[1,0],[0,-1],[1,0],[1,0],[0,0],[1,0],[1,0],[1,0],[0,0],[1,1],[1,0],[0,0],[1,1],[0,0],[1,0],[0,1],[0,0],[1,1],[0,0],[0,1],[0,0],[0,1],[-1,0],[0,1],[0,0],[-1,1],[0,0],[-1,1],[0,0],[-1,0],[0,0],[-1,1],[-1,0],[0,0],[-1,0],[-1,0],[0,0],[-1,0],[-1,0],[0,-1],[-1,0],[-1,0],[0,-1],[-1,0],[0,0],[0,-1],[-1,0],[0,-1],[0,0],[0,-1],[0,0]],[[518,116],[0,0],[0,-1],[0,0],[1,-1],[0,0],[0,-1],[1,0],[0,-1],[1,0],[0,0],[1,-1],[1,0],[0,0],[1,0],[1,0],[1,0],[0,0],[1,0],[1,0],[1,1],[0,0],[1,0],[0,1],[1,0],[0,0],[1,1],[0,0],[0,1],[0,0],[0,1],[0,0],[0,1],[0,0],[0,1],[-1,0],[0,1],[-1,0],[0,0],[-1,1],[0,0],[-1,0],[-1,1],[0,0],[-1,0],[-1,0],[0,0],[-1,0],[-1,0],[0,-1],[-1,0],[-1,0],[0,0],[-1,-1],[0,0],[-1,0],[0,-1],[0,0],[-1,-1],[0,0],[0,-1],[0,0]],[[505,97],[0,-1],[0,0],[1,-1],[0,0],[0,-1],[1,0],[0,-1],[1,0],[0,0],[1,-1],[1,0],[1,0],[0,0],[1,0],[1,0],[1,0],[1,0],[1,0],[1,0],[0,0],[1,0],[1,1],[0,0],[1,1],[0,0],[1,0],[0,1],[0,0],[0,1],[1,0],[-1,1],[0,1],[0,0],[0,0],[-1,1],[0,0],[-1,1],[0,0],[-1,0],[0,1],[-1,0],[-1,0],[-1,0],[-1,0],[0,0],[-1,0],[-1,0],[-1,0],[-1,0],[0,0],[-1,0],[-1,-1],[0,0],[-1,0],[0,-1],[-1,0],[0,-1],[0,0],[-1,-1],[0,0],[0,0]],[[482,88],[0,-1],[1,-1],[0,0],[0,-1],[0,0],[1,0],[0,-1],[1,0],[1,-1],[0,0],[1,0],[1,0],[1,-1],[1,0],[1,0],[1,0],[1,0],[1,1],[1,0],[1,0],[0,0],[1,1],[1,0],[0,0],[1,1],[0,0],[1,1],[0,0],[0,1],[0,0],[0,1],[0,0],[0,1],[-1,0],[0,1],[-1,0],[0,0],[-1,1],[-1,0],[0,0],[-1,1],[-1,0],[-1,0],[-1,0],[0,0],[-1,0],[-1,0],[-1,0],[-1,0],[-1,0],[-1,-1],[0,0],[-1,0],[0,-1],[-1,0],[0,-1],[-1,0],[0,0],[0,-1],[-1,0]],[[482,129],[0,0],[0,-1],[0,0],[1,-1],[0,0],[0,-1],[1,0],[0,0],[1,-1],[0,0],[1,0],[0,0],[1,-1],[1,0],[0,0],[1,0],[1,0],[1,0],[0,1],[1,0],[0,0],[1,0],[0,1],[1,0],[0,1],[1,0],[0,1],[0,0],[0,1],[0,0],[0,1],[0,0],[0,1],[0,0],[-1,1],[0,0],[0,0],[-1,1],[0,0],[-1,0],[-1,1],[0,0],[-1,0],[0,0],[-1,0],[-1,0],[0,0],[-1,0],[-1,0],[0,0],[-1,-1],[0,0],[-1,0],[0,-1],[-1,0],[0,-1],[0,0],[-1,-1],[0,0],[0,-1],[0,0]],[[533,75],[0,-1],[0,0],[0,-1],[0,0],[1,-1],[0,0],[1,-1],[0,0],[1,0],[1,-1],[1,0],[1,0],[1,0],[1,0],[1,0],[1,0],[2,0],[1,0],[1,0],[1,0],[1,1],[0,0],[1,0],[1,1],[0,0],[1,0],[0,1],[1,0],[0,1],[0,1],[0,0],[-1,1],[0,0],[0,1],[-1,0],[0,0],[-1,1],[-1,0],[0,0],[-1,1],[-1,0],[-1,0],[-1,0],[-1,0],[-1,0],[-1,0],[-1,0],[-1,0],[-1,0],[-1,0],[-1,0],[0,-1],[-1,0],[-1,0],[-1,-1],[0,0],[-1,-1],[0,0],[0,-1],[0,0],[0,0]],[[573,128],[0,0],[0,-1],[0,0],[0,-1],[0,0],[1,-1],[0,0],[1,0],[0,-1],[1,0],[0,0],[1,-1],[1,0],[0,0],[1,0],[1,0],[0,0],[1,0],[1,1],[0,0],[1,0],[1,0],[0,1],[0,0],[1,1],[0,0],[0,0],[1,1],[0,0],[0,1],[0,1],[0,0],[-1,1],[0,0],[0,0],[0,1],[-1,0],[0,1],[-1,0],[0,0],[-1,1],[-1,0],[0,0],[-1,0],[-1,0],[0,0],[-1,0],[-1,0],[0,0],[-1,-1],[0,0],[-1,0],[0,0],[-1,-1],[0,0],[-1,-1],[0,0],[0,-1],[0,0],[0,-1],[0,0]],[[515,78],[0,-1],[0,0],[0,-1],[1,0],[0,-1],[0,0],[1,-1],[1,0],[1,-1],[0,0],[1,0],[1,0],[1,-1],[1,0],[1,0],[1,0],[2,0],[1,1],[1,0],[1,0],[0,0],[1,1],[1,0],[1,0],[0,1],[1,0],[0,1],[0,0],[0,1],[0,0],[0,1],[0,0],[0,1],[0,0],[-1,1],[0,0],[-1,1],[-1,0],[-1,0],[0,0],[-1,1],[-1,0],[-1,0],[-1,0],[-1,0],[-1,0],[-1,0],[-1,0],[-1,0],[-1,0],[0,-1],[-1,0],[-1,0],[-1,-1],[0,0],[-1,0],[0,-1],[-1,0],[0,-1],[0,0],[0,0]],[[532,104],[0,-1],[0,-1],[0,0],[0,-1],[1,0],[0,0],[0,-1],[1,0],[1,-1],[0,0],[1,0],[1,0],[1,-1],[0,0],[1,0],[1,0],[1,0],[1,1],[0,0],[1,0],[1,0],[1,1],[0,0],[1,0],[0,1],[0,0],[1,1],[0,0],[0,1],[0,0],[0,1],[0,0],[0,1],[-1,0],[0,1],[0,0],[-1,0],[0,1],[-1,0],[-1,0],[0,1],[-1,0],[-1,0],[-1,0],[0,0],[-1,0],[-1,0],[-1,0],[0,0],[-1,0],[-1,-1],[0,0],[-1,0],[-1,-1],[0,0],[0,-1],[-1,0],[0,0],[0,-1],[0,0],[0,0]],[[625,88],[0,-1],[1,0],[0,-1],[0,0],[0,-1],[1,0],[0,0],[1,-1],[1,0],[0,0],[1,-1],[1,0],[1,0],[1,0],[1,0],[1,0],[1,0],[1,0],[1,0],[1,0],[0,1],[1,0],[1,0],[0,1],[1,0],[0,1],[1,0],[0,1],[0,0],[0,1],[0,0],[0,1],[0,0],[-1,1],[0,0],[-1,0],[0,1],[-1,0],[-1,1],[0,0],[-1,0],[-1,0],[-1,0],[-1,1],[-1,0],[0,0],[-1,-1],[-1,0],[-1,0],[-1,0],[-1,0],[0,-1],[-1,0],[0,0],[-1,-1],[0,0],[-1,-1],[0,0],[0,-1],[-1,0],[0,0]],[[518,92],[0,0],[0,-1],[0,0],[0,-1],[1,0],[0,0],[1,-1],[0,0],[1,-1],[1,0],[1,0],[0,0],[1,-1],[1,0],[1,0],[1,0],[1,0],[1,0],[1,1],[1,0],[0,0],[1,0],[1,1],[0,0],[1,1],[0,0],[0,1],[1,0],[0,1],[0,0],[0,1],[0,0],[-1,1],[0,0],[0,1],[-1,0],[0,0],[-1,1],[-1,0],[0,0],[-1,1],[-1,0],[-1,0],[-1,0],[0,0],[-1,0],[-1,0],[-1,0],[-1,0],[0,0],[-1,-1],[-1,0],[-1,0],[0,-1],[-1,0],[0,-1],[0,0],[-1,-1],[0,0],[0,-1],[0,0]],[[576,103],[0,-1],[0,0],[0,-1],[0,0],[1,-1],[0,0],[0,-1],[1,0],[1,-1],[0,0],[1,0],[1,0],[1,0],[0,-1],[1,0],[1,0],[1,0],[1,1],[0,0],[1,0],[1,0],[1,1],[0,0],[1,0],[0,1],[1,0],[0,1],[0,0],[0,1],[0,0],[0,1],[0,0],[0,1],[0,0],[-1,1],[0,0],[-1,1],[0,0],[-1,0],[-1,1],[0,0],[-1,0],[-1,0],[-1,0],[0,0],[-1,0],[-1,0],[-1,0],[0,0],[-1,0],[-1,-1],[0,0],[-1,0],[0,-1],[-1,0],[0,0],[-1,-1],[0,0],[0,-1],[0,0],[0,0]],[[547,104],[0,-1],[0,0],[0,-1],[0,0],[1,-1],[0,0],[0,-1],[1,0],[1,-1],[0,0],[1,0],[1,0],[1,0],[0,-1],[1,0],[1,0],[1,0],[1,1],[0,0],[1,0],[1,0],[1,1],[0,0],[1,0],[0,1],[1,0],[0,1],[0,0],[0,1],[0,0],[0,1],[0,0],[0,1],[-1,0],[0,1],[0,0],[-1,1],[0,0],[-1,0],[-1,1],[0,0],[-1,0],[-1,0],[-1,0],[0,0],[-1,0],[-1,0],[-1,0],[0,0],[-1,0],[-1,-1],[0,0],[-1,0],[0,-1],[-1,0],[0,0],[-1,-1],[0,0],[0,-1],[0,0],[0,0]],[[526,87],[0,0],[0,-1],[0,0],[0,-1],[1,0],[0,-1],[1,0],[0,0],[1,-1],[1,0],[0,0],[1,-1],[1,0],[1,0],[1,0],[1,0],[1,0],[1,0],[1,0],[1,1],[1,0],[0,0],[1,1],[1,0],[0,0],[1,1],[0,0],[0,1],[0,0],[0,1],[0,0],[0,1],[0,0],[-1,1],[0,0],[0,1],[-1,0],[-1,1],[0,0],[-1,0],[-1,0],[-1,1],[-1,0],[0,0],[-1,0],[-1,0],[-1,0],[-1,0],[-1,0],[-1,-1],[0,0],[-1,0],[-1,-1],[0,0],[-1,0],[0,-1],[-1,0],[0,-1],[0,0],[0,-1],[0,0]],[[544,93],[0,-1],[0,0],[0,-1],[0,0],[0,-1],[1,0],[0,-1],[1,0],[1,0],[0,-1],[1,0],[1,0],[1,0],[1,0],[1,0],[1,0],[1,0],[0,0],[1,0],[1,0],[1,0],[1,1],[0,0],[1,1],[0,0],[1,0],[0,1],[0,0],[0,1],[0,0],[0,1],[0,0],[0,1],[0,0],[-1,1],[0,0],[-1,1],[0,0],[-1,0],[-1,1],[0,0],[-1,0],[-1,0],[-1,0],[-1,0],[-1,0],[0,0],[-1,0],[-1,0],[-1,0],[-1,0],[0,-1],[-1,0],[0,0],[-1,-1],[0,0],[-1,-1],[0,0],[0,-1],[0,0]],[[534,142],[0,0],[0,-1],[0,0],[0,-1],[0,0],[1,-1],[0,0],[0,0],[1,-1],[0,0],[1,0],[1,-1],[0,0],[1,0],[0,0],[1,0],[1,0],[0,0],[1,1],[1,0],[0,0],[1,0],[0,1],[1,0],[0,1],[0,0],[0,0],[1,1],[0,0],[0,1],[0,0],[0,1],[-1,0],[0,1],[0,0],[0,1],[-1,0],[0,1],[-1,0],[0,0],[-1,1],[0,0],[-1,0],[-1,0],[0,0],[-1,0],[0,0],[-1,0],[-1,0],[0,-1],[-1,0],[0,0],[-1,0],[0,-1],[0,0],[-1,-1],[0,0],[0,-1],[0,0],[0,-1],[0,0]],[[569,139],[0,0],[0,-1],[0,0],[0,-1],[0,0],[1,-1],[0,0],[1,-1],[0,0],[1,0],[0,0],[1,-1],[0,0],[1,0],[1,0],[0,0],[1,0],[1,0],[0,0],[1,1],[0,0],[1,0],[0,1],[1,0],[0,0],[1,1],[0,0],[0,1],[0,0],[0,1],[0,0],[0,1],[0,0],[0,1],[-1,0],[0,1],[0,0],[-1,1],[0,0],[-1,0],[0,0],[-1,1],[-1,0],[0,0],[-1,0],[0,0],[-1,0],[-1,0],[0,0],[-1,-1],[0,0],[-1,0],[0,-1],[-1,0],[0,0],[-1,-1],[0,0],[0,-1],[0,0],[0,-1],[0,0]],[[594,88],[0,0],[0,-1],[0,0],[1,-1],[0,0],[0,-1],[1,0],[1,-1],[0,0],[1,0],[1,-1],[1,0],[1,0],[1,0],[1,0],[0,0],[1,0],[1,0],[1,0],[1,0],[1,1],[1,0],[0,0],[1,1],[0,0],[1,1],[0,0],[0,1],[1,0],[0,1],[0,0],[-1,1],[0,0],[0,1],[-1,0],[0,1],[-1,0],[0,0],[-1,1],[-1,0],[-1,0],[0,0],[-1,1],[-1,0],[-1,0],[-1,0],[-1,0],[-1,0],[0,-1],[-1,0],[-1,0],[-1,0],[0,-1],[-1,0],[0,-1],[-1,0],[0,0],[-1,-1],[0,0],[0,-1],[0,0]],[[499,107],[0,-1],[0,0],[0,-1],[0,0],[1,-1],[0,0],[1,0],[0,-1],[1,0],[0,-1],[1,0],[1,0],[1,0],[0,0],[1,0],[1,0],[1,0],[1,0],[0,0],[1,0],[1,1],[0,0],[1,0],[0,1],[1,0],[0,1],[1,0],[0,1],[0,0],[0,1],[0,0],[0,1],[0,0],[-1,1],[0,0],[-1,0],[0,1],[-1,0],[0,1],[-1,0],[0,0],[-1,0],[-1,0],[-1,1],[0,0],[-1,0],[-1,-1],[-1,0],[0,0],[-1,0],[-1,0],[0,-1],[-1,0],[0,0],[-1,-1],[0,0],[-1,-1],[0,0],[0,-1],[0,0],[0,0]],[[506,120],[0,0],[0,-1],[1,0],[0,-1],[0,0],[0,-1],[1,0],[0,0],[1,-1],[0,0],[1,0],[1,-1],[0,0],[1,0],[1,0],[1,0],[0,0],[1,0],[1,0],[0,1],[1,0],[1,0],[0,1],[1,0],[0,0],[0,1],[1,0],[0,1],[0,0],[0,1],[0,0],[0,1],[0,0],[-1,1],[0,0],[0,1],[-1,0],[0,1],[-1,0],[0,0],[-1,0],[-1,1],[0,0],[-1,0],[-1,0],[0,0],[-1,0],[-1,0],[0,0],[-1,-1],[-1,0],[0,0],[-1,-1],[0,0],[-1,0],[0,-1],[0,0],[0,-1],[-1,0],[0,-1],[0,0]],[[559,137],[0,-1],[0,0],[0,-1],[0,0],[0,-1],[1,0],[0,-1],[0,0],[1,0],[0,-1],[1,0],[1,0],[0,0],[1,0],[1,-1],[0,0],[1,1],[1,0],[0,0],[1,0],[0,0],[1,1],[0,0],[1,0],[0,1],[1,0],[0,1],[0,0],[0,1],[0,0],[0,1],[0,0],[0,1],[0,0],[-1,1],[0,0],[0,1],[-1,0],[0,0],[-1,1],[0,0],[-1,0],[-1,0],[0,0],[-1,0],[-1,0],[0,0],[-1,0],[0,0],[-1,0],[-1,-1],[0,0],[-1,0],[0,-1],[0,0],[-1,0],[0,-1],[0,0],[0,-1],[0,0],[0,0]],[[557,125],[0,0],[0,-1],[0,0],[1,-1],[0,0],[0,-1],[1,0],[0,-1],[1,0],[0,0],[1,0],[0,-1],[1,0],[1,0],[1,0],[0,0],[1,0],[1,0],[0,0],[1,1],[1,0],[0,0],[1,1],[0,0],[1,0],[0,1],[0,0],[0,1],[0,0],[0,1],[0,0],[0,1],[0,0],[0,1],[0,0],[-1,1],[0,0],[-1,1],[0,0],[-1,0],[0,0],[-1,1],[-1,0],[0,0],[-1,0],[-1,0],[0,0],[-1,0],[-1,0],[0,-1],[-1,0],[0,0],[-1,-1],[0,0],[-1,0],[0,-1],[0,0],[-1,-1],[0,0],[0,-1]],[[533,128],[0,0],[0,-1],[0,0],[0,-1],[0,0],[1,-1],[0,0],[1,-1],[0,0],[1,0],[0,-1],[1,0],[1,0],[0,0],[1,0],[1,0],[0,0],[1,0],[1,0],[0,1],[1,0],[0,0],[1,1],[0,0],[1,0],[0,1],[0,0],[1,1],[0,0],[0,1],[0,0],[0,1],[-1,0],[0,1],[0,0],[-1,1],[0,0],[0,0],[-1,1],[0,0],[-1,0],[-1,1],[0,0],[-1,0],[-1,0],[0,0],[-1,0],[-1,0],[0,-1],[-1,0],[0,0],[-1,0],[0,-1],[-1,0],[0,0],[-1,-1],[0,0],[0,-1],[0,0],[0,-1],[0,0]],[[594,88],[0,0],[0,-1],[0,0],[1,-1],[0,0],[0,-1],[1,0],[1,-1],[0,0],[1,0],[1,-1],[1,0],[1,0],[1,0],[1,0],[1,0],[0,0],[1,0],[1,0],[1,0],[1,1],[1,0],[0,0],[1,1],[0,0],[1,1],[0,0],[0,1],[1,0],[0,1],[0,0],[-1,1],[0,0],[0,1],[-1,0],[0,1],[-1,0],[0,0],[-1,1],[-1,0],[-1,0],[0,0],[-1,1],[-1,0],[-1,0],[-1,0],[-1,0],[0,0],[-1,-1],[-1,0],[-1,0],[-1,0],[0,-1],[-1,0],[0,-1],[-1,0],[0,0],[-1,-1],[0,0],[0,-1]],[[527,126],[0,-1],[1,0],[0,-1],[0,0],[0,-1],[0,0],[1,-1],[0,0],[1,0],[0,-1],[1,0],[1,0],[0,0],[1,0],[1,0],[1,0],[0,0],[1,0],[1,0],[0,0],[1,1],[0,0],[1,0],[0,1],[1,0],[0,1],[0,0],[1,1],[0,0],[0,1],[0,0],[0,1],[-1,0],[0,1],[0,0],[-1,0],[0,1],[0,0],[-1,1],[-1,0],[0,0],[-1,0],[0,0],[-1,1],[-1,0],[0,0],[-1,-1],[-1,0],[0,0],[-1,0],[-1,0],[0,-1],[-1,0],[0,0],[0,-1],[-1,0],[0,-1],[0,0],[0,-1],[-1,0],[0,0]],[[524,121],[0,-1],[0,0],[0,-1],[0,0],[1,-1],[0,0],[0,-1],[1,0],[0,0],[1,-1],[1,0],[0,0],[1,0],[1,0],[1,0],[0,0],[1,0],[1,0],[0,0],[1,0],[1,0],[0,1],[1,0],[0,1],[1,0],[0,0],[0,1],[0,0],[1,1],[0,0],[0,1],[-1,0],[0,1],[0,0],[0,1],[-1,0],[0,1],[-1,0],[0,0],[-1,1],[0,0],[-1,0],[-1,0],[0,0],[-1,0],[-1,0],[0,0],[-1,0],[-1,0],[0,0],[-1,0],[-1,-1],[0,0],[-1,0],[0,-1],[0,0],[-1,-1],[0,0],[0,-1],[0,0],[0,0]],[[537,109],[0,-1],[0,0],[0,-1],[1,0],[0,-1],[0,0],[1,-1],[0,0],[1,0],[1,-1],[0,0],[1,0],[1,0],[1,0],[0,0],[1,0],[1,0],[1,0],[0,0],[1,0],[1,0],[0,1],[1,0],[1,0],[0,1],[0,0],[1,1],[0,0],[0,1],[0,0],[0,1],[0,0],[0,1],[-1,0],[0,1],[0,0],[-1,1],[0,0],[-1,0],[-1,1],[0,0],[-1,0],[-1,0],[0,0],[-1,0],[-1,0],[-1,0],[0,0],[-1,0],[-1,0],[0,0],[-1,-1],[-1,0],[0,0],[-1,-1],[0,0],[0,-1],[-1,0],[0,-1],[0,0],[0,0]],[[487,101],[0,-1],[0,0],[0,-1],[1,0],[0,-1],[0,0],[1,-1],[0,0],[1,-1],[1,0],[0,0],[1,0],[1,0],[1,-1],[1,0],[1,0],[0,0],[1,1],[1,0],[1,0],[1,0],[0,1],[1,0],[0,0],[1,1],[0,0],[0,1],[1,0],[0,1],[0,0],[0,1],[0,0],[-1,1],[0,0],[0,1],[-1,0],[0,1],[-1,0],[0,0],[-1,0],[-1,1],[0,0],[-1,0],[-1,0],[-1,0],[-1,0],[0,0],[-1,0],[-1,0],[-1,0],[0,-1],[-1,0],[-1,0],[0,-1],[-1,0],[0,-1],[0,0],[-1,0],[0,-1],[0,0],[0,0]],[[573,128],[0,0],[0,-1],[0,0],[0,-1],[0,0],[1,-1],[0,0],[1,0],[0,-1],[1,0],[0,0],[1,-1],[1,0],[0,0],[1,0],[1,0],[0,0],[1,0],[1,1],[0,0],[1,0],[1,0],[0,1],[0,0],[1,1],[0,0],[0,0],[1,1],[0,0],[0,1],[0,1],[0,0],[-1,1],[0,0],[0,0],[0,1],[-1,0],[0,1],[-1,0],[0,0],[-1,1],[-1,0],[0,0],[-1,0],[-1,0],[0,0],[-1,0],[-1,0],[0,0],[-1,-1],[0,0],[-1,0],[0,0],[-1,-1],[0,0],[-1,-1],[0,0],[0,-1],[0,0],[0,-1],[0,0]],[[544,107],[0,0],[0,-1],[0,0],[0,-1],[0,0],[1,-1],[0,0],[1,0],[0,-1],[1,0],[1,0],[1,-1],[0,0],[1,0],[1,0],[1,0],[0,0],[1,0],[1,0],[1,1],[0,0],[1,0],[1,1],[0,0],[1,1],[0,0],[0,0],[0,1],[1,0],[0,1],[0,0],[-1,1],[0,0],[0,1],[0,0],[-1,1],[0,0],[-1,1],[0,0],[-1,0],[-1,0],[0,1],[-1,0],[-1,0],[-1,0],[0,0],[-1,0],[-1,0],[-1,0],[0,-1],[-1,0],[-1,0],[0,-1],[-1,0],[0,0],[0,-1],[-1,0],[0,-1],[0,0],[0,-1],[0,0]],[[492,100],[0,-1],[0,0],[0,-1],[0,0],[1,-1],[0,0],[1,-1],[0,0],[1,0],[0,-1],[1,0],[1,0],[1,0],[1,0],[1,-1],[0,0],[1,1],[1,0],[1,0],[1,0],[0,0],[1,1],[1,0],[0,0],[1,1],[0,0],[0,1],[1,0],[0,1],[0,0],[0,1],[0,0],[-1,1],[0,0],[0,1],[-1,0],[0,1],[-1,0],[-1,0],[0,1],[-1,0],[-1,0],[0,0],[-1,0],[-1,0],[-1,0],[-1,0],[0,0],[-1,0],[-1,0],[-1,-1],[0,0],[-1,0],[0,-1],[-1,0],[0,0],[-1,-1],[0,0],[0,-1],[0,0],[0,0]],[[560,91],[0,0],[0,-1],[0,0],[0,-1],[0,0],[1,-1],[0,0],[1,-1],[1,0],[0,0],[1,-1],[1,0],[1,0],[1,0],[1,0],[1,0],[1,0],[1,0],[1,0],[0,0],[1,1],[1,0],[0,0],[1,1],[1,0],[0,1],[0,0],[0,1],[1,0],[0,1],[0,0],[-1,1],[0,0],[0,1],[-1,0],[0,1],[-1,0],[0,0],[-1,1],[-1,0],[0,0],[-1,0],[-1,1],[-1,0],[-1,0],[0,0],[-1,0],[-1,0],[-1,-1],[-1,0],[0,0],[-1,0],[-1,-1],[0,0],[-1,-1],[0,0],[-1,0],[0,-1],[0,0],[0,-1]],[[520,108],[0,0],[0,-1],[0,0],[0,-1],[1,0],[0,-1],[1,0],[0,-1],[1,0],[0,0],[1,-1],[1,0],[0,0],[1,0],[1,0],[1,0],[1,0],[0,0],[1,0],[1,1],[1,0],[0,0],[1,1],[0,0],[1,0],[0,1],[0,0],[1,1],[0,0],[0,1],[0,0],[0,1],[-1,0],[0,1],[0,0],[-1,1],[0,0],[-1,0],[0,1],[-1,0],[-1,0],[0,1],[-1,0],[-1,0],[0,0],[-1,0],[-1,0],[-1,0],[0,-1],[-1,0],[-1,0],[0,0],[-1,-1],[0,0],[-1,0],[0,-1],[-1,0],[0,-1],[0,0],[0,-1]],[[527,116],[0,0],[0,-1],[0,0],[0,-1],[0,0],[1,-1],[0,0],[1,-1],[0,0],[1,0],[1,0],[0,-1],[1,0],[1,0],[1,0],[0,0],[1,0],[1,0],[0,0],[1,1],[1,0],[0,0],[1,1],[0,0],[1,0],[0,1],[0,0],[1,1],[0,0],[0,1],[0,0],[0,1],[-1,0],[0,1],[0,0],[-1,1],[0,0],[0,1],[-1,0],[-1,0],[0,0],[-1,1],[-1,0],[0,0],[-1,0],[-1,0],[0,0],[-1,0],[-1,0],[0,-1],[-1,0],[-1,0],[0,-1],[-1,0],[0,0],[0,-1],[-1,0],[0,-1],[0,0],[0,-1]],[[498,107],[0,-1],[0,0],[1,-1],[0,0],[0,0],[0,-1],[1,0],[0,-1],[1,0],[1,0],[0,-1],[1,0],[1,0],[1,0],[1,0],[0,0],[1,0],[1,0],[1,0],[0,0],[1,1],[1,0],[0,0],[1,1],[0,0],[1,1],[0,0],[0,1],[0,0],[0,1],[0,0],[0,1],[0,0],[0,1],[-1,0],[0,1],[-1,0],[0,0],[-1,1],[0,0],[-1,0],[-1,0],[0,1],[-1,0],[-1,0],[-1,0],[0,0],[-1,-1],[-1,0],[-1,0],[0,0],[-1,0],[0,-1],[-1,0],[0,-1],[-1,0],[0,0],[0,-1],[-1,0],[0,-1],[0,0]],[[541,83],[0,-1],[0,0],[0,-1],[0,0],[1,-1],[0,0],[1,0],[0,-1],[1,0],[1,-1],[1,0],[1,0],[1,0],[1,0],[1,0],[1,0],[1,0],[1,0],[1,0],[1,0],[0,1],[1,0],[1,0],[0,1],[1,0],[0,1],[1,0],[0,1],[0,0],[0,1],[0,0],[0,1],[0,0],[-1,1],[0,0],[-1,0],[0,1],[-1,0],[-1,1],[0,0],[-1,0],[-1,0],[-1,0],[-1,0],[-1,1],[-1,0],[-1,-1],[0,0],[-1,0],[-1,0],[-1,0],[-1,-1],[0,0],[-1,0],[-1,-1],[0,0],[0,-1],[-1,0],[0,-1],[0,0],[0,0]],[[573,77],[0,-1],[0,0],[0,-1],[1,0],[0,-1],[0,0],[1,-1],[1,0],[1,-1],[0,0],[1,0],[1,0],[1,0],[1,-1],[2,0],[1,0],[1,0],[1,1],[1,0],[1,0],[1,0],[0,1],[1,0],[1,0],[0,1],[1,0],[0,1],[1,0],[0,1],[0,0],[0,1],[-1,0],[0,1],[0,0],[-1,1],[0,0],[-1,1],[-1,0],[0,0],[-1,1],[-1,0],[-1,0],[-1,0],[-1,0],[-1,0],[-1,0],[-1,0],[-1,0],[-1,0],[-1,0],[0,-1],[-1,0],[-1,0],[-1,-1],[0,0],[-1,0],[0,-1],[-1,0],[0,-1],[0,0],[0,0]],[[475,156],[0,-1],[0,-1],[0,0],[0,-1],[0,0],[1,0],[0,-1],[0,0],[1,-1],[0,0],[1,0],[1,0],[0,0],[1,-1],[0,0],[1,0],[1,0],[0,1],[1,0],[0,0],[1,0],[0,1],[1,0],[0,0],[0,1],[1,0],[0,1],[0,0],[0,1],[0,0],[0,1],[0,0],[0,1],[0,0],[0,1],[-1,0],[0,1],[-1,0],[0,0],[-1,0],[0,1],[-1,0],[0,0],[-1,0],[0,0],[-1,0],[0,0],[-1,0],[-1,0],[0,0],[-1,-1],[0,0],[-1,0],[0,-1],[0,0],[-1,-1],[0,0],[0,0],[0,-1],[0,0],[0,0]],[[580,158],[0,0],[0,-1],[0,0],[0,-1],[0,0],[1,-1],[0,0],[0,0],[1,-1],[0,0],[1,0],[0,-1],[1,0],[1,0],[0,0],[1,0],[0,0],[1,0],[1,0],[0,1],[1,0],[0,0],[1,1],[0,0],[0,0],[1,1],[0,0],[0,1],[0,0],[0,1],[0,0],[0,1],[0,0],[0,1],[-1,0],[0,1],[0,0],[-1,1],[0,0],[-1,0],[0,0],[-1,1],[0,0],[-1,0],[0,0],[-1,0],[-1,0],[0,0],[-1,0],[0,-1],[-1,0],[0,0],[-1,-1],[0,0],[0,0],[-1,-1],[0,0],[0,-1],[0,0],[0,-1],[0,0]],[[655,161],[0,-1],[0,0],[0,-1],[0,0],[0,-1],[1,0],[0,-1],[0,0],[1,0],[0,-1],[1,0],[0,0],[1,0],[1,0],[0,0],[1,0],[0,0],[1,0],[1,0],[0,0],[1,1],[0,0],[0,0],[1,1],[0,0],[0,0],[1,1],[0,0],[0,1],[0,0],[0,1],[0,1],[0,0],[0,1],[-1,0],[0,0],[0,1],[-1,0],[0,1],[-1,0],[0,0],[-1,0],[0,0],[-1,0],[0,1],[-1,0],[-1,-1],[0,0],[-1,0],[0,0],[-1,0],[0,-1],[-1,0],[0,0],[0,-1],[-1,0],[0,-1],[0,0],[0,-1],[0,0],[0,0]],[[595,141],[0,0],[1,-1],[0,0],[0,-1],[0,0],[0,-1],[1,0],[0,0],[1,-1],[0,0],[1,0],[0,0],[1,-1],[1,0],[0,0],[1,0],[1,0],[0,1],[1,0],[1,0],[0,0],[1,0],[0,1],[0,0],[1,1],[0,0],[0,1],[1,0],[0,1],[0,0],[0,1],[0,0],[-1,1],[0,0],[0,1],[0,0],[-1,0],[0,1],[-1,0],[0,0],[-1,1],[0,0],[-1,0],[-1,0],[0,0],[-1,0],[0,0],[-1,0],[-1,0],[0,0],[-1,-1],[0,0],[-1,0],[0,-1],[-1,0],[0,-1],[0,0],[0,-1],[0,0],[-1,-1]],[[616,198],[0,0],[0,-1],[0,0],[0,-1],[0,0],[1,-1],[0,0],[0,0],[1,-1],[0,0],[1,0],[0,0],[1,-1],[0,0],[1,0],[0,0],[1,0],[0,0],[1,1],[0,0],[1,0],[0,0],[1,1],[0,0],[0,1],[0,0],[1,1],[0,0],[0,1],[0,0],[0,1],[0,0],[0,1],[0,0],[-1,1],[0,0],[0,0],[-1,1],[0,0],[0,0],[-1,1],[0,0],[-1,0],[0,0],[-1,0],[-1,0],[0,0],[-1,0],[0,0],[-1,0],[0,-1],[0,0],[-1,0],[0,-1],[0,0],[-1,-1],[0,0],[0,-1],[0,0],[0,-1],[0,0]],[[634,143],[0,-1],[1,0],[0,-1],[0,0],[0,-1],[0,0],[1,-1],[0,0],[1,0],[0,-1],[1,0],[0,0],[1,0],[1,0],[0,0],[1,0],[1,0],[0,0],[1,0],[0,0],[1,1],[1,0],[0,0],[0,1],[1,0],[0,1],[0,0],[0,1],[1,0],[0,1],[0,0],[-1,1],[0,0],[0,1],[0,0],[-1,0],[0,1],[0,0],[-1,1],[0,0],[-1,0],[0,0],[-1,0],[-1,1],[0,0],[-1,0],[-1,-1],[0,0],[-1,0],[0,0],[-1,0],[0,-1],[-1,0],[0,0],[-1,-1],[0,0],[0,-1],[0,0],[0,-1],[-1,0]],[[482,202],[0,0],[1,-1],[0,0],[0,-1],[0,0],[0,-1],[1,0],[0,0],[0,-1],[1,0],[0,0],[1,0],[0,-1],[1,0],[0,0],[1,0],[0,0],[1,0],[0,1],[1,0],[0,0],[1,0],[0,1],[1,0],[0,1],[0,0],[0,1],[0,0],[1,1],[0,0],[0,1],[0,0],[-1,1],[0,0],[0,0],[0,1],[-1,0],[0,1],[0,0],[-1,0],[0,1],[-1,0],[0,0],[-1,0],[0,0],[-1,0],[0,0],[-1,0],[0,0],[-1,-1],[0,0],[-1,0],[0,0],[0,-1],[-1,0],[0,-1],[0,0],[0,-1],[0,0],[-1,-1],[0,0]],[[610,215],[0,-1],[0,0],[0,-1],[1,0],[0,-1],[0,0],[0,0],[1,-1],[0,0],[1,0],[0,-1],[0,0],[1,0],[0,0],[1,0],[1,0],[0,0],[1,0],[0,0],[1,0],[0,1],[0,0],[1,0],[0,1],[0,0],[1,1],[0,0],[0,1],[0,0],[0,1],[0,0],[0,1],[0,0],[0,1],[0,0],[-1,0],[0,1],[0,0],[-1,1],[0,0],[-1,0],[0,0],[-1,0],[0,1],[-1,0],[0,0],[-1,0],[0,-1],[-1,0],[0,0],[-1,0],[0,-1],[0,0],[-1,0],[0,-1],[0,0],[-1,-1],[0,0],[0,-1],[0,0],[0,0]],[[591,154],[0,-1],[0,-1],[0,0],[0,-1],[0,0],[0,0],[1,-1],[0,0],[1,-1],[0,0],[1,0],[0,0],[1,0],[1,-1],[0,0],[1,0],[0,0],[1,1],[1,0],[0,0],[1,0],[0,1],[1,0],[0,0],[0,1],[1,0],[0,1],[0,0],[0,1],[0,0],[0,1],[0,0],[0,1],[0,0],[-1,1],[0,0],[0,1],[-1,0],[0,0],[-1,1],[0,0],[-1,0],[0,0],[-1,0],[-1,0],[0,0],[-1,0],[0,0],[-1,0],[0,0],[-1,-1],[0,0],[-1,0],[0,-1],[-1,0],[0,-1],[0,0],[0,0],[0,-1],[0,0],[0,0]],[[522,143],[0,-1],[0,0],[0,-1],[0,0],[0,-1],[1,0],[0,0],[0,-1],[1,0],[0,-1],[1,0],[1,0],[0,0],[1,0],[0,0],[1,0],[1,0],[0,0],[1,0],[1,0],[0,1],[1,0],[0,0],[0,1],[1,0],[0,1],[0,0],[1,1],[0,0],[0,1],[0,0],[0,1],[-1,0],[0,1],[0,0],[0,0],[-1,1],[0,0],[-1,1],[0,0],[-1,0],[0,0],[-1,0],[-1,1],[0,0],[-1,0],[0,-1],[-1,0],[-1,0],[0,0],[-1,0],[0,-1],[-1,0],[0,0],[0,-1],[-1,0],[0,-1],[0,0],[0,-1],[0,0],[0,0]],[[615,151],[0,0],[0,-1],[0,0],[0,-1],[0,0],[0,-1],[1,0],[0,-1],[1,0],[0,0],[1,0],[0,-1],[1,0],[1,0],[0,0],[1,0],[0,0],[1,0],[1,0],[0,1],[1,0],[0,0],[1,1],[0,0],[0,0],[1,1],[0,0],[0,1],[0,0],[0,1],[0,0],[0,1],[0,0],[0,1],[-1,0],[0,1],[0,0],[-1,1],[0,0],[-1,0],[0,0],[-1,1],[0,0],[-1,0],[0,0],[-1,0],[-1,0],[0,0],[-1,0],[0,-1],[-1,0],[0,0],[-1,-1],[0,0],[-1,0],[0,-1],[0,0],[0,-1],[0,0],[0,-1]],[[604,182],[0,-1],[0,0],[0,-1],[0,0],[0,-1],[0,0],[1,-1],[0,0],[1,0],[0,-1],[1,0],[0,0],[1,0],[0,0],[1,0],[0,0],[1,0],[0,0],[1,0],[0,0],[1,1],[0,0],[1,0],[0,1],[0,0],[1,0],[0,1],[0,0],[0,1],[0,0],[0,1],[0,1],[0,0],[0,0],[-1,1],[0,0],[0,1],[-1,0],[0,1],[0,0],[-1,0],[0,0],[-1,0],[0,0],[-1,1],[-1,0],[0,-1],[-1,0],[0,0],[-1,0],[0,0],[-1,-1],[0,0],[0,0],[-1,-1],[0,0],[0,-1],[0,0],[0,-1],[0,0],[0,0]],[[572,295],[0,0],[1,-1],[0,0],[0,-1],[0,0],[0,-1],[1,0],[0,0],[1,-1],[0,0],[0,0],[1,0],[0,-1],[1,0],[1,0],[0,0],[1,0],[0,0],[1,1],[0,0],[1,0],[0,0],[0,1],[1,0],[0,1],[0,0],[1,1],[0,0],[0,1],[0,0],[0,1],[0,0],[0,1],[0,0],[-1,1],[0,0],[0,0],[-1,1],[0,0],[-1,0],[0,1],[-1,0],[0,0],[-1,0],[0,0],[-1,0],[0,0],[-1,0],[0,0],[-1,0],[0,-1],[-1,0],[0,0],[0,-1],[-1,0],[0,-1],[0,0],[0,-1],[-1,0],[0,-1],[0,0]],[[603,265],[0,-1],[0,0],[0,-1],[0,0],[1,-1],[0,0],[0,-1],[1,0],[0,0],[0,-1],[1,0],[0,0],[1,0],[0,0],[1,0],[0,0],[1,0],[0,0],[1,0],[0,0],[1,1],[0,0],[1,0],[0,1],[0,0],[0,1],[1,0],[0,0],[0,1],[0,0],[0,1],[0,1],[0,0],[0,1],[-1,0],[0,0],[0,1],[-1,0],[0,1],[0,0],[-1,0],[0,0],[-1,0],[0,1],[-1,0],[0,0],[-1,0],[0,-1],[-1,0],[0,0],[-1,0],[0,-1],[-1,0],[0,0],[0,-1],[-1,0],[0,-1],[0,0],[0,-1],[0,0],[0,0]],[[635,151],[0,0],[0,-1],[1,0],[0,-1],[0,0],[0,-1],[1,0],[0,-1],[1,0],[0,0],[1,-1],[0,0],[1,0],[0,0],[1,0],[1,0],[0,0],[1,0],[1,0],[0,1],[1,0],[0,0],[1,1],[0,0],[0,0],[1,1],[0,0],[0,1],[0,0],[0,1],[0,0],[0,1],[0,0],[0,1],[-1,0],[0,1],[0,0],[-1,0],[0,1],[-1,0],[0,0],[-1,1],[0,0],[-1,0],[-1,0],[0,0],[-1,0],[0,0],[-1,-1],[0,0],[-1,0],[0,0],[-1,-1],[0,0],[-1,0],[0,-1],[0,0],[0,-1],[-1,0],[0,-1],[0,0]],[[534,257],[0,0],[0,-1],[0,0],[0,-1],[1,0],[0,0],[0,-1],[1,0],[0,-1],[0,0],[1,0],[0,0],[1,0],[0,-1],[1,0],[0,0],[1,0],[0,1],[1,0],[0,0],[1,0],[0,1],[1,0],[0,0],[0,1],[0,0],[1,1],[0,0],[0,1],[0,0],[0,1],[0,0],[0,1],[0,0],[-1,1],[0,0],[0,0],[-1,1],[0,0],[0,0],[-1,1],[0,0],[-1,0],[0,0],[-1,0],[0,0],[-1,0],[0,0],[-1,0],[0,0],[-1,-1],[0,0],[-1,0],[0,-1],[0,0],[-1,-1],[0,0],[0,-1],[0,0],[0,-1],[0,0]],[[653,178],[0,-1],[0,0],[0,-1],[0,0],[0,-1],[1,0],[0,-1],[0,0],[1,0],[0,-1],[1,0],[0,0],[1,0],[0,0],[1,0],[1,0],[0,0],[1,0],[0,0],[1,0],[0,0],[1,1],[0,0],[0,0],[1,1],[0,0],[0,1],[0,0],[0,1],[0,0],[0,1],[0,0],[0,1],[0,0],[0,1],[-1,0],[0,1],[0,0],[-1,0],[0,1],[-1,0],[0,0],[-1,0],[0,0],[-1,0],[0,0],[-1,0],[0,0],[-1,0],[0,0],[-1,0],[0,-1],[-1,0],[0,0],[0,-1],[-1,0],[0,-1],[0,0],[0,-1],[0,0],[0,0]],[[591,157],[0,0],[0,-1],[0,0],[1,-1],[0,0],[0,0],[0,-1],[1,0],[0,-1],[1,0],[0,0],[1,0],[0,-1],[1,0],[1,0],[0,0],[1,0],[1,1],[0,0],[1,0],[0,0],[1,1],[0,0],[0,0],[1,1],[0,0],[0,1],[0,0],[1,1],[0,0],[0,1],[-1,0],[0,1],[0,0],[0,1],[0,0],[-1,0],[0,1],[-1,0],[0,0],[-1,1],[0,0],[-1,0],[0,0],[-1,0],[-1,0],[0,0],[-1,0],[0,0],[-1,0],[0,-1],[-1,0],[0,0],[-1,-1],[0,0],[0,-1],[0,0],[-1,-1],[0,0],[0,-1],[0,0]],[[579,158],[0,0],[0,-1],[1,0],[0,-1],[0,0],[0,-1],[1,0],[0,0],[1,-1],[0,0],[1,0],[0,0],[1,-1],[0,0],[1,0],[1,0],[0,0],[1,1],[0,0],[1,0],[0,0],[1,0],[0,1],[1,0],[0,1],[0,0],[0,1],[1,0],[0,1],[0,0],[0,1],[0,0],[0,1],[-1,0],[0,1],[0,0],[-1,0],[0,1],[0,0],[-1,0],[0,1],[-1,0],[-1,0],[0,0],[-1,0],[0,0],[-1,0],[0,0],[-1,0],[-1,0],[0,-1],[-1,0],[0,0],[0,-1],[-1,0],[0,-1],[0,0],[0,-1],[-1,0],[0,-1],[0,0]],[[602,207],[0,0],[0,-1],[0,0],[0,-1],[0,0],[1,0],[0,-1],[0,0],[1,-1],[0,0],[1,0],[0,0],[1,0],[0,-1],[1,0],[0,0],[1,0],[0,1],[1,0],[0,0],[1,0],[0,1],[0,0],[1,0],[0,1],[0,0],[0,1],[1,0],[0,1],[0,0],[0,1],[0,0],[0,1],[-1,0],[0,1],[0,0],[0,0],[-1,1],[0,0],[-1,0],[0,1],[-1,0],[0,0],[-1,0],[0,0],[-1,0],[0,0],[-1,0],[0,0],[-1,0],[0,-1],[-1,0],[0,0],[0,-1],[-1,0],[0,-1],[0,0],[0,-1],[0,0],[0,-1],[0,0]],[[487,194],[0,0],[0,-1],[0,0],[0,-1],[0,0],[1,0],[0,-1],[0,0],[1,-1],[0,0],[1,0],[0,0],[1,0],[0,-1],[1,0],[0,0],[1,0],[0,1],[1,0],[0,0],[1,0],[0,1],[1,0],[0,0],[0,1],[0,0],[1,1],[0,0],[0,1],[0,0],[0,1],[0,0],[0,1],[0,0],[-1,1],[0,0],[0,1],[-1,0],[0,0],[-1,1],[0,0],[0,0],[-1,0],[-1,0],[0,0],[-1,0],[0,0],[-1,0],[0,0],[-1,0],[0,-1],[-1,0],[0,0],[0,-1],[-1,0],[0,-1],[0,0],[0,0],[0,-1],[0,-1],[0,0]],[[614,147],[0,-1],[0,0],[0,-1],[0,0],[1,-1],[0,0],[0,-1],[1,0],[0,0],[1,-1],[0,0],[1,0],[0,0],[1,0],[1,0],[0,0],[1,0],[1,0],[0,0],[1,0],[0,1],[1,0],[0,0],[1,1],[0,0],[0,1],[1,0],[0,0],[0,1],[0,1],[0,0],[0,1],[0,0],[-1,1],[0,0],[0,0],[-1,1],[0,0],[0,1],[-1,0],[-1,0],[0,0],[-1,0],[0,0],[-1,1],[0,0],[-1,-1],[-1,0],[0,0],[-1,0],[0,0],[-1,-1],[0,0],[-1,0],[0,-1],[0,0],[-1,-1],[0,0],[0,-1],[0,0],[0,0]],[[582,157],[1,-1],[0,0],[0,-1],[0,0],[0,-1],[0,0],[1,-1],[0,0],[1,0],[0,-1],[1,0],[0,0],[1,0],[0,0],[1,0],[1,0],[0,0],[1,0],[0,0],[1,0],[0,0],[1,1],[0,0],[1,1],[0,0],[0,0],[1,1],[0,0],[0,1],[0,0],[0,1],[0,0],[0,1],[-1,0],[0,1],[0,0],[0,1],[-1,0],[0,0],[-1,1],[0,0],[-1,0],[0,0],[-1,0],[-1,0],[0,0],[-1,0],[0,0],[-1,0],[0,0],[-1,0],[0,-1],[-1,0],[0,0],[-1,-1],[0,0],[0,-1],[0,0],[0,-1],[-1,0]],[[510,223],[0,-1],[0,0],[1,-1],[0,0],[0,0],[0,-1],[1,0],[0,-1],[0,0],[1,0],[0,-1],[1,0],[0,0],[1,0],[0,0],[1,0],[0,0],[1,0],[0,0],[1,1],[0,0],[1,0],[0,0],[0,1],[1,0],[0,1],[0,0],[0,1],[0,0],[0,1],[0,0],[0,1],[0,0],[0,1],[0,0],[-1,1],[0,0],[0,0],[-1,1],[0,0],[0,0],[-1,0],[0,1],[-1,0],[0,0],[-1,0],[-1,0],[0,0],[-1,-1],[0,0],[0,0],[-1,0],[0,-1],[-1,0],[0,-1],[0,0],[0,0],[0,-1],[-1,0],[0,-1],[0,0]],[[701,133],[0,-1],[0,-1],[1,0],[0,-1],[0,0],[0,0],[1,-1],[0,0],[1,-1],[0,0],[1,0],[0,0],[1,0],[1,-1],[0,0],[1,0],[1,0],[1,1],[0,0],[1,0],[0,0],[1,1],[0,0],[1,0],[0,1],[0,0],[1,1],[0,0],[0,1],[0,0],[0,1],[0,0],[0,1],[0,0],[-1,1],[0,0],[-1,1],[0,0],[0,0],[-1,0],[-1,1],[0,0],[-1,0],[0,0],[-1,0],[-1,0],[0,0],[-1,0],[-1,0],[0,0],[-1,-1],[0,0],[-1,0],[0,-1],[-1,0],[0,-1],[0,0],[0,0],[-1,-1],[0,0],[0,0]],[[779,204],[0,-1],[0,0],[0,-1],[0,0],[0,-1],[1,0],[0,-1],[0,0],[1,0],[0,-1],[1,0],[0,0],[1,0],[0,0],[1,0],[0,0],[1,0],[0,0],[1,0],[0,0],[1,0],[0,1],[1,0],[0,1],[0,0],[0,0],[1,1],[0,0],[0,1],[0,0],[0,1],[0,0],[0,1],[0,0],[-1,1],[0,0],[0,1],[-1,0],[0,0],[0,1],[-1,0],[0,0],[-1,0],[0,0],[-1,0],[0,0],[-1,0],[0,0],[-1,0],[0,0],[-1,0],[0,-1],[-1,0],[0,0],[0,-1],[-1,0],[0,-1],[0,0],[0,-1],[0,0],[0,0]],[[754,182],[0,0],[0,-1],[0,0],[0,-1],[1,0],[0,0],[0,-1],[1,0],[0,-1],[0,0],[1,0],[0,0],[1,0],[1,-1],[0,0],[1,0],[0,0],[1,1],[0,0],[1,0],[0,0],[1,1],[0,0],[0,0],[1,1],[0,0],[0,1],[0,0],[1,1],[0,0],[0,1],[-1,0],[0,1],[0,0],[0,1],[0,0],[-1,0],[0,1],[-1,0],[0,0],[0,1],[-1,0],[0,0],[-1,0],[-1,0],[0,0],[-1,0],[0,0],[-1,0],[0,0],[-1,-1],[0,0],[0,0],[-1,-1],[0,0],[0,-1],[-1,0],[0,0],[0,-1],[0,-1],[0,0]],[[756,225],[0,0],[0,-1],[0,0],[0,-1],[0,0],[0,-1],[1,0],[0,-1],[0,0],[1,0],[0,0],[1,-1],[0,0],[1,0],[0,0],[1,0],[0,0],[1,0],[0,0],[1,1],[0,0],[1,0],[0,1],[0,0],[1,0],[0,1],[0,0],[0,1],[0,0],[0,1],[0,0],[0,1],[0,0],[0,1],[0,0],[0,1],[-1,0],[0,1],[0,0],[-1,0],[0,0],[-1,1],[0,0],[-1,0],[0,0],[-1,0],[0,0],[-1,0],[0,0],[-1,-1],[0,0],[-1,0],[0,-1],[0,0],[-1,0],[0,-1],[0,0],[0,-1],[0,0],[0,-1],[0,0]],[[742,176],[0,-1],[0,0],[0,-1],[0,0],[0,-1],[1,0],[0,-1],[0,0],[1,-1],[0,0],[1,0],[0,0],[1,0],[0,-1],[1,0],[0,0],[1,1],[1,0],[0,0],[1,0],[0,0],[1,1],[0,0],[0,0],[1,1],[0,0],[0,1],[0,0],[0,1],[0,0],[0,1],[0,0],[0,1],[0,0],[0,1],[0,0],[-1,1],[0,0],[-1,0],[0,1],[-1,0],[0,0],[-1,0],[0,0],[-1,0],[0,0],[-1,0],[0,0],[-1,0],[0,0],[-1,-1],[0,0],[-1,0],[0,-1],[0,0],[-1,0],[0,-1],[0,0],[0,-1],[0,0],[0,0]],[[630,130],[0,-1],[0,0],[0,-1],[1,0],[0,-1],[0,0],[1,0],[0,-1],[1,0],[0,0],[1,-1],[0,0],[1,0],[1,0],[0,0],[1,0],[1,0],[0,0],[1,0],[1,0],[0,1],[1,0],[0,0],[1,1],[0,0],[0,1],[1,0],[0,1],[0,0],[0,1],[0,0],[0,1],[0,0],[-1,1],[0,0],[0,1],[-1,0],[0,0],[-1,1],[0,0],[-1,0],[0,0],[-1,1],[-1,0],[0,0],[-1,0],[-1,0],[0,-1],[-1,0],[0,0],[-1,0],[-1,0],[0,-1],[0,0],[-1,-1],[0,0],[0,-1],[-1,0],[0,-1],[0,0],[0,0]],[[796,261],[0,0],[0,-1],[0,0],[1,-1],[0,0],[0,-1],[0,0],[1,-1],[0,0],[1,0],[0,0],[1,-1],[0,0],[1,0],[0,0],[1,0],[0,0],[1,0],[0,0],[1,1],[0,0],[0,0],[1,1],[0,0],[0,0],[1,1],[0,0],[0,1],[0,0],[0,1],[0,0],[0,1],[0,0],[0,1],[0,0],[-1,1],[0,0],[0,1],[-1,0],[0,0],[-1,0],[0,1],[-1,0],[0,0],[-1,0],[0,0],[-1,0],[0,0],[-1,0],[0,-1],[-1,0],[0,0],[0,-1],[-1,0],[0,0],[0,-1],[0,0],[-1,-1],[0,0],[0,-1],[0,0]],[[679,145],[0,0],[0,-1],[1,0],[0,-1],[0,0],[0,-1],[1,0],[0,-1],[1,0],[0,0],[1,0],[0,-1],[1,0],[1,0],[0,0],[1,0],[0,0],[1,0],[1,0],[0,1],[1,0],[0,0],[1,1],[0,0],[1,0],[0,1],[0,0],[0,1],[0,0],[0,1],[0,0],[0,1],[0,0],[0,1],[0,0],[-1,1],[0,0],[-1,1],[0,0],[-1,0],[0,0],[-1,1],[0,0],[-1,0],[0,0],[-1,0],[-1,0],[0,0],[-1,0],[0,-1],[-1,0],[0,0],[-1,-1],[0,0],[-1,0],[0,-1],[0,0],[0,-1],[-1,0],[0,-1],[0,0]],[[777,156],[0,-1],[1,0],[0,-1],[0,0],[0,-1],[0,0],[1,-1],[0,0],[1,0],[0,-1],[1,0],[0,0],[1,0],[0,0],[1,0],[1,0],[0,0],[1,0],[0,0],[1,0],[0,0],[1,1],[0,0],[1,0],[0,1],[0,0],[1,1],[0,0],[0,1],[0,0],[0,1],[0,0],[0,1],[-1,0],[0,1],[0,0],[0,1],[-1,0],[0,0],[-1,1],[0,0],[-1,0],[0,0],[-1,0],[-1,0],[0,0],[-1,0],[0,0],[-1,0],[0,0],[-1,0],[0,-1],[-1,0],[0,-1],[-1,0],[0,0],[0,-1],[0,0],[0,-1],[-1,0],[0,0]],[[700,186],[0,-1],[0,0],[0,-1],[1,0],[0,-1],[0,0],[0,-1],[1,0],[0,0],[1,-1],[0,0],[1,0],[0,0],[1,0],[0,0],[1,0],[0,0],[1,0],[0,0],[1,0],[0,0],[1,1],[0,0],[1,0],[0,1],[0,0],[0,1],[1,0],[0,1],[0,0],[0,1],[0,0],[-1,1],[0,0],[0,1],[0,0],[-1,1],[0,0],[0,0],[-1,1],[0,0],[-1,0],[0,0],[-1,0],[0,0],[-1,0],[0,0],[-1,0],[0,0],[-1,0],[0,0],[-1,-1],[0,0],[-1,-1],[0,0],[0,0],[0,-1],[-1,0],[0,-1],[0,0],[0,0]],[[774,111],[0,0],[0,-1],[0,0],[0,-1],[1,0],[0,-1],[0,0],[1,0],[0,-1],[1,0],[1,0],[1,0],[0,-1],[1,0],[1,0],[1,0],[0,0],[1,0],[1,1],[1,0],[0,0],[1,0],[0,1],[1,0],[0,1],[1,0],[0,1],[0,0],[0,1],[0,0],[0,1],[0,0],[0,1],[0,0],[-1,1],[0,0],[-1,0],[0,1],[-1,0],[0,0],[-1,1],[-1,0],[0,0],[-1,0],[-1,0],[0,0],[-1,0],[-1,0],[-1,0],[0,0],[-1,-1],[-1,0],[0,0],[-1,-1],[0,0],[0,-1],[-1,0],[0,-1],[0,0],[0,-1],[0,0]],[[614,131],[0,-1],[0,0],[0,-1],[0,0],[0,-1],[1,0],[0,-1],[1,0],[0,0],[1,-1],[0,0],[1,0],[1,0],[0,0],[1,-1],[1,0],[0,1],[1,0],[1,0],[0,0],[1,0],[0,1],[1,0],[0,0],[1,1],[0,0],[0,1],[0,0],[1,1],[0,0],[0,1],[-1,0],[0,1],[0,0],[0,1],[-1,0],[0,1],[0,0],[-1,0],[-1,1],[0,0],[-1,0],[0,0],[-1,0],[-1,0],[0,0],[-1,0],[-1,0],[0,0],[-1,0],[0,-1],[-1,0],[0,0],[-1,-1],[0,0],[-1,0],[0,-1],[0,0],[0,-1],[0,0],[0,0]],[[711,211],[0,-1],[0,0],[0,-1],[1,0],[0,-1],[0,0],[0,0],[1,-1],[0,0],[1,0],[0,-1],[1,0],[0,0],[1,0],[0,0],[1,0],[0,0],[1,0],[0,0],[1,0],[0,1],[1,0],[0,0],[0,1],[1,0],[0,1],[0,0],[0,1],[0,0],[0,1],[0,0],[0,1],[0,0],[0,1],[0,0],[-1,0],[0,1],[0,0],[-1,1],[0,0],[-1,0],[0,0],[-1,0],[0,1],[-1,0],[0,0],[-1,0],[0,-1],[-1,0],[0,0],[-1,0],[0,-1],[0,0],[-1,0],[0,-1],[0,0],[0,-1],[-1,0],[0,-1],[0,0],[0,0]],[[704,205],[0,0],[0,-1],[0,0],[0,-1],[1,0],[0,-1],[0,0],[1,-1],[0,0],[0,0],[1,0],[0,-1],[1,0],[0,0],[1,0],[0,0],[1,0],[0,0],[1,0],[0,1],[1,0],[0,0],[1,1],[0,0],[0,0],[1,1],[0,0],[0,1],[0,0],[0,1],[0,0],[0,1],[0,0],[0,1],[-1,0],[0,1],[0,0],[0,1],[-1,0],[0,0],[-1,0],[0,1],[-1,0],[0,0],[-1,0],[0,0],[-1,0],[0,0],[-1,0],[0,-1],[-1,0],[0,0],[-1,-1],[0,0],[0,0],[0,-1],[-1,0],[0,-1],[0,0],[0,-1],[0,0]],[[841,138],[0,-1],[0,0],[0,-1],[0,0],[1,-1],[0,0],[0,-1],[1,0],[0,0],[1,-1],[0,0],[1,0],[1,0],[0,0],[1,0],[1,0],[0,0],[1,0],[0,0],[1,0],[1,0],[0,1],[1,0],[0,0],[0,1],[1,0],[0,1],[0,0],[0,1],[0,0],[0,1],[0,0],[0,1],[0,0],[-1,1],[0,0],[0,1],[-1,0],[0,0],[-1,1],[0,0],[-1,0],[0,0],[-1,0],[-1,0],[0,0],[-1,0],[-1,0],[0,0],[-1,0],[0,0],[-1,-1],[0,0],[-1,0],[0,-1],[0,0],[-1,-1],[0,0],[0,-1],[0,0],[0,0]],[[704,198],[0,0],[0,-1],[0,0],[0,-1],[0,0],[1,0],[0,-1],[0,0],[1,-1],[0,0],[1,0],[0,0],[1,-1],[0,0],[1,0],[0,0],[1,0],[0,1],[1,0],[0,0],[1,0],[0,1],[1,0],[0,0],[0,1],[1,0],[0,1],[0,0],[0,1],[0,0],[0,1],[0,0],[0,1],[0,0],[-1,1],[0,0],[0,0],[0,1],[-1,0],[0,0],[-1,1],[0,0],[-1,0],[0,0],[-1,0],[0,0],[-1,0],[0,0],[-1,0],[0,0],[-1,-1],[0,0],[-1,0],[0,-1],[0,0],[-1,-1],[0,0],[0,-1],[0,0],[0,-1],[0,0]],[[823,158],[0,-1],[0,0],[0,-1],[0,0],[0,-1],[1,0],[0,-1],[0,0],[1,0],[0,-1],[1,0],[0,0],[1,0],[1,0],[0,-1],[1,1],[0,0],[1,0],[1,0],[0,0],[1,0],[0,1],[1,0],[0,0],[0,1],[1,0],[0,1],[0,0],[0,1],[0,0],[0,1],[0,0],[0,1],[0,0],[-1,1],[0,0],[0,1],[-1,0],[0,0],[-1,1],[0,0],[-1,0],[0,0],[-1,0],[0,0],[-1,0],[-1,0],[0,0],[-1,0],[0,0],[-1,0],[0,-1],[-1,0],[0,-1],[0,0],[-1,0],[0,-1],[0,0],[0,-1],[0,0],[0,0]],[[699,154],[0,-1],[0,0],[0,-1],[0,0],[1,-1],[0,0],[0,0],[1,-1],[0,0],[1,0],[0,-1],[1,0],[0,0],[1,0],[0,0],[1,0],[1,0],[0,0],[1,0],[0,0],[1,1],[0,0],[1,0],[0,1],[1,0],[0,1],[0,0],[0,1],[0,0],[0,1],[0,0],[0,1],[0,0],[0,1],[0,0],[-1,1],[0,0],[0,0],[-1,1],[0,0],[-1,0],[0,0],[-1,1],[-1,0],[0,0],[-1,0],[0,0],[-1,-1],[0,0],[-1,0],[-1,0],[0,0],[0,-1],[-1,0],[0,-1],[0,0],[-1,-1],[0,0],[0,-1],[0,0],[0,0]],[[862,145],[0,0],[0,-1],[0,0],[1,-1],[0,0],[0,-1],[1,0],[0,-1],[0,0],[1,0],[1,0],[0,-1],[1,0],[0,0],[1,0],[1,0],[0,0],[1,0],[0,0],[1,1],[1,0],[0,0],[1,1],[0,0],[0,0],[1,1],[0,0],[0,1],[0,0],[0,1],[0,0],[0,1],[0,0],[0,1],[-1,0],[0,1],[0,0],[-1,1],[0,0],[-1,0],[0,0],[-1,1],[0,0],[-1,0],[-1,0],[0,0],[-1,0],[0,0],[-1,0],[-1,-1],[0,0],[-1,0],[0,-1],[-1,0],[0,0],[0,-1],[0,0],[-1,-1],[0,0],[0,-1],[0,0]],[[789,195],[0,0],[0,-1],[0,0],[0,-1],[1,0],[0,-1],[0,0],[0,0],[1,-1],[0,0],[1,0],[0,0],[1,-1],[0,0],[1,0],[0,0],[1,0],[0,0],[1,1],[0,0],[1,0],[0,0],[1,1],[0,0],[0,1],[1,0],[0,1],[0,0],[0,1],[0,0],[0,1],[0,0],[0,1],[0,0],[0,0],[-1,1],[0,0],[0,1],[-1,0],[0,0],[-1,1],[0,0],[-1,0],[0,0],[-1,0],[0,0],[-1,0],[0,0],[-1,0],[0,-1],[-1,0],[0,0],[-1,0],[0,-1],[0,0],[-1,-1],[0,0],[0,-1],[0,0],[0,-1],[0,0]],[[865,145],[0,-1],[0,0],[0,-1],[0,0],[1,-1],[0,0],[0,-1],[1,0],[0,0],[1,-1],[0,0],[1,0],[1,0],[0,0],[1,0],[1,0],[0,0],[1,0],[0,0],[1,0],[1,0],[0,1],[0,0],[1,0],[0,1],[1,0],[0,1],[0,0],[0,1],[0,0],[0,1],[0,0],[0,1],[0,0],[-1,1],[0,0],[0,1],[-1,0],[0,0],[-1,1],[0,0],[-1,0],[-1,0],[0,0],[-1,0],[0,0],[-1,0],[-1,0],[0,0],[-1,0],[0,0],[-1,-1],[0,0],[-1,-1],[0,0],[0,0],[-1,-1],[0,0],[0,-1],[0,0],[0,0]],[[658,127],[0,0],[1,-1],[0,0],[0,-1],[0,0],[0,-1],[1,0],[0,0],[1,-1],[0,0],[1,0],[1,-1],[0,0],[1,0],[1,0],[0,0],[1,0],[1,0],[1,1],[0,0],[1,0],[0,0],[1,1],[0,0],[1,1],[0,0],[0,0],[0,1],[1,0],[0,1],[0,0],[-1,1],[0,1],[0,0],[0,0],[-1,1],[0,0],[-1,1],[0,0],[-1,0],[0,1],[-1,0],[0,0],[-1,0],[-1,0],[0,0],[-1,0],[-1,0],[0,0],[-1,-1],[-1,0],[0,0],[-1,0],[0,-1],[0,0],[-1,-1],[0,0],[0,-1],[0,0],[-1,-1],[0,0]],[[743,159],[0,0],[1,-1],[0,0],[0,-1],[0,0],[0,-1],[1,0],[0,0],[1,-1],[0,0],[1,0],[0,-1],[1,0],[0,0],[1,0],[1,0],[0,0],[1,0],[0,1],[1,0],[0,0],[1,0],[0,1],[1,0],[0,1],[0,0],[0,0],[1,1],[0,0],[0,1],[0,1],[0,0],[0,1],[-1,0],[0,0],[0,1],[-1,0],[0,1],[0,0],[-1,0],[0,1],[-1,0],[-1,0],[0,0],[-1,0],[0,0],[-1,0],[0,0],[-1,0],[-1,-1],[0,0],[-1,0],[0,0],[0,-1],[-1,0],[0,-1],[0,0],[0,-1],[0,0],[-1,-1],[0,0]],[[759,193],[0,-1],[0,0],[0,-1],[0,0],[0,-1],[0,0],[1,0],[0,-1],[1,0],[0,0],[0,-1],[1,0],[0,0],[1,0],[1,0],[0,0],[1,0],[0,0],[1,0],[0,0],[1,1],[0,0],[0,0],[1,1],[0,0],[0,1],[1,0],[0,1],[0,0],[0,1],[0,0],[0,1],[0,0],[-1,1],[0,0],[0,1],[0,0],[-1,0],[0,1],[-1,0],[0,0],[-1,0],[0,1],[-1,0],[0,0],[-1,0],[0,0],[-1,0],[0,-1],[-1,0],[0,0],[-1,0],[0,-1],[0,0],[-1,-1],[0,0],[0,-1],[0,0],[0,-1],[0,0],[0,0]],[[721,171],[0,0],[1,-1],[0,0],[0,-1],[0,0],[0,-1],[1,0],[0,-1],[1,0],[0,0],[0,0],[1,-1],[1,0],[0,0],[1,0],[0,0],[1,0],[0,0],[1,0],[1,1],[0,0],[0,0],[1,1],[0,0],[1,0],[0,1],[0,0],[0,1],[0,0],[0,1],[0,0],[0,1],[0,0],[0,1],[0,0],[-1,1],[0,0],[0,1],[-1,0],[0,0],[-1,0],[0,1],[-1,0],[0,0],[-1,0],[0,0],[-1,0],[-1,0],[0,0],[-1,-1],[0,0],[-1,0],[0,-1],[0,0],[-1,0],[0,-1],[0,0],[0,-1],[0,0],[-1,-1],[0,0]],[[713,172],[0,0],[0,-1],[0,0],[0,-1],[1,0],[0,-1],[0,0],[1,0],[0,-1],[1,0],[0,0],[1,0],[0,-1],[1,0],[0,0],[1,0],[0,0],[1,1],[1,0],[0,0],[1,0],[0,0],[0,1],[1,0],[0,1],[0,0],[1,1],[0,0],[0,1],[0,0],[0,1],[0,0],[0,1],[-1,0],[0,1],[0,0],[0,0],[-1,1],[0,0],[-1,0],[0,1],[-1,0],[0,0],[-1,0],[0,0],[-1,0],[0,0],[-1,0],[-1,0],[0,0],[-1,-1],[0,0],[0,0],[-1,-1],[0,0],[0,-1],[-1,0],[0,-1],[0,0],[0,-1],[0,0]],[[694,168],[0,0],[0,-1],[0,0],[0,-1],[1,0],[0,0],[0,-1],[1,0],[0,-1],[1,0],[0,0],[1,0],[0,0],[1,-1],[0,0],[1,0],[1,0],[0,1],[1,0],[0,0],[1,0],[0,1],[1,0],[0,0],[0,1],[1,0],[0,1],[0,0],[0,1],[0,0],[0,1],[0,0],[0,1],[0,0],[-1,1],[0,0],[0,0],[-1,1],[0,0],[-1,0],[0,1],[-1,0],[0,0],[-1,0],[0,0],[-1,0],[0,0],[-1,0],[0,0],[-1,0],[0,-1],[-1,0],[0,0],[-1,-1],[0,0],[0,-1],[-1,0],[0,-1],[0,0],[0,-1],[0,0]],[[873,144],[0,-1],[0,0],[0,-1],[1,0],[0,-1],[0,0],[1,-1],[0,0],[0,0],[1,-1],[1,0],[0,0],[1,0],[0,0],[1,0],[1,0],[0,0],[1,0],[1,0],[0,0],[1,0],[0,1],[1,0],[0,1],[0,0],[1,0],[0,1],[0,0],[0,1],[0,0],[0,1],[0,0],[0,1],[0,0],[-1,1],[0,0],[0,1],[-1,0],[0,0],[-1,1],[0,0],[-1,0],[0,0],[-1,0],[-1,0],[0,0],[-1,0],[0,0],[-1,0],[-1,0],[0,0],[-1,-1],[0,0],[-1,0],[0,-1],[0,0],[0,-1],[-1,0],[0,-1],[0,0],[0,0]],[[694,190],[0,0],[0,-1],[0,0],[1,-1],[0,0],[0,-1],[0,0],[1,0],[0,-1],[1,0],[0,0],[1,0],[0,-1],[1,0],[0,0],[1,0],[0,0],[1,0],[0,1],[1,0],[0,0],[1,0],[0,1],[1,0],[0,1],[0,0],[0,1],[0,0],[1,1],[0,0],[0,1],[0,0],[-1,1],[0,0],[0,0],[0,1],[-1,0],[0,1],[0,0],[-1,0],[0,1],[-1,0],[0,0],[-1,0],[0,0],[-1,0],[0,0],[-1,0],[-1,0],[0,-1],[0,0],[-1,0],[0,0],[-1,-1],[0,0],[0,-1],[0,0],[-1,-1],[0,0],[0,-1],[0,0]],[[819,153],[0,-1],[0,0],[0,-1],[0,0],[1,-1],[0,0],[0,-1],[1,0],[0,0],[1,-1],[0,0],[1,0],[0,0],[1,0],[1,0],[0,0],[1,0],[0,0],[1,0],[1,0],[0,0],[1,1],[0,0],[0,1],[1,0],[0,0],[0,1],[0,0],[0,1],[1,0],[-1,1],[0,0],[0,1],[0,0],[0,1],[-1,0],[0,1],[0,0],[-1,0],[0,1],[-1,0],[0,0],[-1,0],[-1,0],[0,0],[-1,0],[0,0],[-1,0],[0,0],[-1,0],[0,0],[-1,-1],[0,0],[-1,0],[0,-1],[0,0],[-1,-1],[0,0],[0,-1],[0,0],[0,0]],[[819,153],[0,-1],[0,0],[0,-1],[0,0],[1,-1],[0,0],[0,0],[1,-1],[0,0],[1,-1],[0,0],[1,0],[0,0],[1,0],[0,0],[1,0],[1,0],[0,0],[1,0],[0,0],[1,1],[0,0],[1,0],[0,1],[1,0],[0,1],[0,0],[0,1],[0,0],[0,1],[0,0],[0,1],[0,0],[0,1],[0,0],[-1,0],[0,1],[0,0],[-1,1],[0,0],[-1,0],[0,0],[-1,0],[-1,1],[0,0],[-1,0],[0,0],[-1,-1],[0,0],[-1,0],[-1,0],[0,-1],[0,0],[-1,0],[0,-1],[-1,0],[0,-1],[0,0],[0,-1],[0,0],[0,0]],[[797,261],[0,0],[0,-1],[0,0],[0,-1],[1,0],[0,0],[0,-1],[1,0],[0,-1],[0,0],[1,0],[0,0],[1,0],[0,-1],[1,0],[0,0],[1,1],[0,0],[1,0],[0,0],[1,0],[0,1],[1,0],[0,0],[0,1],[0,0],[1,1],[0,0],[0,1],[0,0],[0,1],[0,0],[0,1],[0,0],[-1,1],[0,0],[0,1],[-1,0],[0,0],[0,1],[-1,0],[0,0],[-1,0],[0,0],[-1,0],[0,0],[-1,0],[0,0],[-1,0],[0,0],[-1,-1],[0,0],[-1,0],[0,-1],[0,0],[0,-1],[-1,0],[0,0],[0,-1],[0,-1],[0,0]],[[811,263],[0,0],[0,-1],[0,0],[0,-1],[0,0],[0,-1],[1,0],[0,-1],[1,0],[0,0],[0,0],[1,-1],[0,0],[1,0],[0,0],[1,0],[0,0],[1,0],[0,0],[1,1],[0,0],[1,0],[0,1],[0,0],[1,0],[0,1],[0,0],[0,1],[0,0],[1,1],[0,0],[-1,1],[0,0],[0,1],[0,0],[0,1],[-1,0],[0,1],[0,0],[-1,0],[0,0],[-1,1],[0,0],[-1,0],[0,0],[-1,0],[0,0],[-1,0],[0,0],[-1,-1],[0,0],[-1,0],[0,-1],[0,0],[-1,0],[0,-1],[0,0],[0,-1],[0,0],[0,-1],[0,0]],[[677,132],[0,-1],[0,0],[0,-1],[0,0],[0,0],[1,-1],[0,0],[1,-1],[0,0],[1,0],[0,-1],[1,0],[1,0],[0,0],[1,0],[1,0],[0,0],[1,0],[1,0],[0,0],[1,1],[0,0],[1,0],[0,1],[1,0],[0,1],[0,0],[0,1],[0,0],[0,1],[0,0],[0,1],[0,0],[0,1],[0,0],[-1,1],[0,0],[-1,0],[0,1],[-1,0],[0,0],[-1,0],[0,1],[-1,0],[-1,0],[0,0],[-1,0],[-1,0],[0,-1],[-1,0],[0,0],[-1,0],[0,-1],[-1,0],[0,-1],[-1,0],[0,-1],[0,0],[0,0],[0,-1],[0,0]],[[876,143],[0,-1],[0,0],[0,-1],[0,0],[1,-1],[0,0],[0,-1],[1,0],[0,0],[1,-1],[0,0],[1,0],[1,0],[0,0],[1,0],[0,0],[1,0],[1,0],[0,0],[1,0],[0,1],[1,0],[0,0],[1,1],[0,0],[0,1],[1,0],[0,1],[0,0],[0,1],[0,0],[0,1],[0,0],[0,1],[-1,0],[0,0],[0,1],[-1,0],[0,1],[-1,0],[0,0],[-1,0],[-1,0],[0,1],[-1,0],[0,0],[-1,-1],[-1,0],[0,0],[-1,0],[0,0],[-1,-1],[0,0],[-1,0],[0,-1],[0,0],[-1,-1],[0,0],[0,-1],[0,0],[0,0]],[[758,194],[0,0],[0,-1],[0,0],[0,-1],[0,0],[1,-1],[0,0],[0,0],[1,-1],[0,0],[1,0],[0,0],[1,-1],[0,0],[1,0],[0,0],[1,0],[0,1],[1,0],[0,0],[1,0],[0,1],[1,0],[0,0],[0,1],[0,0],[1,1],[0,0],[0,1],[0,0],[0,1],[0,0],[0,1],[0,0],[-1,1],[0,0],[0,0],[-1,1],[0,0],[-1,0],[0,1],[0,0],[-1,0],[0,0],[-1,0],[-1,0],[0,0],[-1,0],[0,0],[-1,0],[0,-1],[0,0],[-1,0],[0,-1],[-1,0],[0,-1],[0,0],[0,-1],[0,0],[0,-1],[0,0]],[[730,186],[0,-1],[0,0],[0,-1],[0,0],[1,0],[0,-1],[0,0],[1,-1],[0,0],[1,0],[0,-1],[1,0],[0,0],[1,0],[0,0],[1,0],[0,0],[1,0],[0,0],[1,0],[0,1],[1,0],[0,0],[0,1],[1,0],[0,1],[0,0],[0,1],[1,0],[0,1],[0,0],[-1,1],[0,0],[0,1],[0,0],[0,1],[-1,0],[0,0],[0,1],[-1,0],[0,0],[-1,0],[0,1],[-1,0],[-1,0],[0,0],[-1,0],[0,0],[-1,-1],[0,0],[-1,0],[0,0],[0,-1],[-1,0],[0,-1],[0,0],[-1,-1],[0,0],[0,0],[0,-1],[0,0]],[[824,155],[0,-1],[0,0],[0,-1],[0,0],[1,-1],[0,0],[0,-1],[1,0],[0,0],[1,-1],[0,0],[1,0],[0,0],[1,0],[1,0],[0,0],[1,0],[0,0],[1,0],[0,0],[1,1],[0,0],[1,0],[0,1],[1,0],[0,1],[0,0],[0,0],[0,1],[0,1],[0,0],[0,1],[0,0],[0,1],[0,0],[-1,0],[0,1],[0,0],[-1,1],[0,0],[-1,0],[0,0],[-1,0],[-1,0],[0,1],[-1,0],[0,-1],[-1,0],[0,0],[-1,0],[0,0],[-1,-1],[0,0],[-1,0],[0,-1],[0,0],[-1,-1],[0,0],[0,-1],[0,0],[0,0]],[[728,165],[0,-1],[0,0],[0,-1],[0,0],[0,-1],[0,0],[1,-1],[0,0],[1,0],[0,-1],[1,0],[0,0],[1,0],[0,0],[1,-1],[1,1],[0,0],[1,0],[0,0],[1,0],[0,0],[1,1],[0,0],[1,0],[0,1],[0,0],[0,1],[1,0],[0,1],[0,0],[0,1],[0,0],[-1,1],[0,0],[0,1],[0,0],[-1,1],[0,0],[-1,0],[0,1],[0,0],[-1,0],[-1,0],[0,0],[-1,0],[0,0],[-1,0],[0,0],[-1,0],[0,0],[-1,-1],[0,0],[-1,0],[0,-1],[-1,0],[0,0],[0,-1],[0,0],[0,-1],[0,0],[0,0]],[[708,166],[0,0],[0,-1],[0,0],[0,-1],[0,0],[1,-1],[0,0],[0,-1],[1,0],[0,0],[1,-1],[0,0],[1,0],[1,0],[0,0],[1,0],[0,0],[1,0],[0,0],[1,1],[0,0],[1,0],[0,1],[1,0],[0,0],[0,1],[1,0],[0,1],[0,0],[0,1],[0,0],[0,1],[0,0],[-1,1],[0,0],[0,1],[-1,0],[0,0],[0,1],[-1,0],[0,0],[-1,1],[0,0],[-1,0],[-1,0],[0,0],[-1,0],[0,0],[-1,-1],[0,0],[-1,0],[0,0],[-1,-1],[0,0],[0,0],[-1,-1],[0,0],[0,-1],[0,0],[0,-1],[0,0]],[[814,143],[0,0],[0,-1],[0,0],[0,-1],[0,0],[1,-1],[0,0],[1,-1],[0,0],[1,0],[0,-1],[1,0],[0,0],[1,0],[1,0],[0,0],[1,0],[0,0],[1,0],[1,1],[0,0],[1,0],[0,0],[1,1],[0,0],[0,1],[1,0],[0,1],[0,0],[0,1],[0,0],[0,1],[0,0],[-1,1],[0,0],[0,1],[-1,0],[0,0],[-1,1],[0,0],[-1,0],[0,1],[-1,0],[0,0],[-1,0],[-1,0],[0,0],[-1,0],[0,-1],[-1,0],[-1,0],[0,0],[-1,-1],[0,0],[0,0],[-1,-1],[0,0],[0,-1],[0,0],[0,-1],[0,0]],[[812,131],[0,0],[0,-1],[0,0],[0,-1],[0,0],[1,-1],[0,0],[1,0],[0,-1],[1,0],[0,0],[1,-1],[1,0],[0,0],[1,0],[1,0],[0,0],[1,0],[1,1],[0,0],[1,0],[0,0],[1,1],[0,0],[1,1],[0,0],[0,0],[0,1],[1,0],[0,1],[0,0],[-1,1],[0,0],[0,1],[0,0],[-1,1],[0,0],[0,1],[-1,0],[-1,0],[0,1],[-1,0],[0,0],[-1,0],[-1,0],[0,0],[-1,0],[-1,0],[0,0],[-1,-1],[0,0],[-1,0],[0,-1],[-1,0],[0,0],[-1,-1],[0,0],[0,-1],[0,0],[0,-1],[0,0]],[[770,203],[0,-1],[0,0],[0,-1],[0,0],[0,-1],[0,0],[1,-1],[0,0],[1,0],[0,-1],[0,0],[1,0],[0,0],[1,0],[1,0],[0,0],[1,0],[0,0],[1,0],[0,0],[1,1],[0,0],[0,0],[1,1],[0,0],[0,0],[0,1],[1,0],[0,1],[0,0],[0,1],[0,0],[0,1],[-1,0],[0,1],[0,0],[0,1],[-1,0],[0,0],[-1,1],[0,0],[-1,0],[0,0],[-1,0],[0,1],[-1,-1],[0,0],[-1,0],[0,0],[-1,0],[0,0],[-1,-1],[0,0],[0,0],[-1,-1],[0,0],[0,-1],[0,0],[0,-1],[0,0],[0,0]],[[812,130],[0,-1],[0,0],[0,-1],[1,0],[0,-1],[0,0],[1,0],[0,-1],[1,0],[0,-1],[1,0],[0,0],[1,0],[1,0],[0,0],[1,0],[1,0],[0,0],[1,0],[1,0],[0,1],[1,0],[0,0],[1,1],[0,0],[0,1],[1,0],[0,1],[0,0],[0,1],[0,0],[0,1],[0,0],[0,1],[-1,0],[0,0],[-1,1],[0,0],[-1,1],[0,0],[-1,0],[0,0],[-1,0],[-1,1],[0,0],[-1,0],[-1,-1],[0,0],[-1,0],[0,0],[-1,0],[0,-1],[-1,0],[0,0],[-1,-1],[0,0],[0,-1],[-1,0],[0,-1],[0,0],[0,0]],[[690,158],[0,-1],[0,0],[0,-1],[0,0],[0,-1],[1,0],[0,-1],[0,0],[1,0],[0,-1],[1,0],[0,0],[1,0],[1,0],[0,0],[1,0],[0,0],[1,0],[1,0],[0,0],[1,1],[0,0],[1,0],[0,1],[0,0],[1,1],[0,0],[0,0],[0,1],[0,1],[0,0],[0,1],[0,0],[0,1],[-1,0],[0,0],[0,1],[-1,0],[0,1],[-1,0],[0,0],[-1,0],[0,0],[-1,1],[0,0],[-1,0],[-1,-1],[0,0],[-1,0],[0,0],[-1,0],[0,-1],[-1,0],[0,0],[0,-1],[-1,0],[0,-1],[0,0],[0,-1],[0,0],[0,0]],[[615,126],[0,0],[0,-1],[0,0],[0,-1],[1,0],[0,0],[0,-1],[1,0],[0,-1],[1,0],[1,0],[0,0],[1,-1],[1,0],[0,0],[1,0],[1,0],[0,1],[1,0],[1,0],[0,0],[1,0],[0,1],[1,0],[0,1],[1,0],[0,1],[0,0],[0,1],[0,0],[0,1],[0,0],[0,1],[0,0],[-1,1],[0,0],[0,0],[-1,1],[0,0],[-1,0],[-1,1],[0,0],[-1,0],[-1,0],[0,0],[-1,0],[-1,0],[0,0],[-1,0],[0,0],[-1,-1],[-1,0],[0,0],[-1,-1],[0,0],[0,-1],[-1,0],[0,-1],[0,0],[0,-1],[0,0]],[[821,152],[0,0],[0,-1],[0,0],[0,-1],[0,0],[1,-1],[0,0],[0,0],[1,-1],[0,0],[1,0],[0,0],[1,-1],[1,0],[0,0],[1,0],[0,0],[1,0],[1,1],[0,0],[1,0],[0,0],[1,1],[0,0],[0,1],[1,0],[0,1],[0,0],[0,1],[0,0],[0,1],[0,0],[0,1],[0,0],[0,1],[-1,0],[0,0],[-1,1],[0,0],[-1,0],[0,1],[-1,0],[0,0],[-1,0],[0,0],[-1,0],[-1,0],[0,0],[-1,0],[0,0],[-1,-1],[0,0],[-1,0],[0,-1],[0,0],[-1,-1],[0,0],[0,-1],[0,0],[0,-1],[0,0]],[[196,314],[0,0],[0,-1],[0,0],[0,-1],[0,0],[1,0],[0,-1],[0,0],[1,-1],[0,0],[1,0],[0,0],[1,0],[0,-1],[1,0],[1,0],[0,0],[1,1],[0,0],[1,0],[0,0],[1,1],[0,0],[0,0],[1,1],[0,0],[0,1],[0,0],[1,1],[0,0],[0,1],[0,0],[-1,1],[0,0],[0,1],[0,0],[-1,0],[0,1],[0,0],[-1,0],[0,1],[-1,0],[-1,0],[0,0],[-1,0],[0,0],[-1,0],[0,0],[-1,0],[-1,0],[0,-1],[-1,0],[0,0],[0,-1],[-1,0],[0,-1],[0,0],[0,-1],[0,0],[0,-1],[0,0]],[[928,222],[0,-1],[0,0],[0,-1],[0,0],[0,-1],[1,0],[0,-1],[0,0],[1,0],[0,-1],[1,0],[0,0],[1,0],[0,0],[1,0],[0,0],[1,0],[0,0],[1,0],[0,0],[1,0],[0,1],[0,0],[1,0],[0,1],[0,0],[0,1],[1,0],[0,1],[0,0],[0,1],[0,0],[0,1],[-1,0],[0,1],[0,0],[0,1],[-1,0],[0,0],[-1,1],[0,0],[-1,0],[0,0],[-1,0],[0,0],[-1,0],[0,0],[-1,0],[0,0],[-1,0],[0,0],[0,-1],[-1,0],[0,-1],[0,0],[-1,0],[0,-1],[0,0],[0,-1],[0,0],[0,0]]],"transform":{"scale":[1,1],"translate":[0,0]}}
