{"type":"Topology","objects":{"countries":{"type":"GeometryCollection","geometries":[{"id":"VA","type":"Polygon","arcs":[[0]]},{"id":"GB","type":"MultiPolygon","arcs":[[[1]],[[2]],[[3]],[[4]],[[5]],[[6]],[[7]],[[8]],[[9]],[[10]],[[11]],[[12]],[[13]],[[14]],[[15]],[[16]],[[17]],[[18]],[[19]],[[20]],[[21]],[[22]],[[23]]]},{"id":"UA","type":"MultiPolygon","arcs":[[[24]],[[25]],[[26]]]},{"id":"TR","type":"MultiPolygon","arcs":[[[27]],[[28]],[[29]]]},{"id":"CH","type":"Polygon","arcs":[[30]]},{"id":"SE","type":"MultiPolygon","arcs":[[[31]],[[32]],[[33]],[[34]],[[35]],[[36]]]},{"id":"ES","type":"MultiPolygon","arcs":[[[37]],[[38]],[[39]],[[40]],[[41]],[[42]]]},{"id":"SK","type":"Polygon","arcs":[[43]]},{"id":"SI","type":"Polygon","arcs":[[44]]},{"id":"RS","type":"Polygon","arcs":[[45]]},{"id":"SM","type":"Polygon","arcs":[[46]]},{"id":"RU","type":"MultiPolygon","arcs":[[[47],[48]],[[49],[50]],[[51]],[[52]],[[53]],[[54]],[[55]],[[56]],[[57]],[[58]]]},{"id":"RO","type":"Polygon","arcs":[[59]]},{"id":"PT","type":"MultiPolygon","arcs":[[[60]],[[61]],[[62]],[[63]],[[64]],[[65]],[[66]],[[67]]]},{"id":"PL","type":"Polygon","arcs":[[68]]},{"id":"NO","type":"MultiPolygon","arcs":[[[69]],[[70]],[[71]],[[72]],[[73]],[[74]],[[75]],[[76]],[[77]],[[78]],[[79]],[[80]],[[81]],[[82]],[[83]],[[84]],[[85]],[[86]],[[87]],[[88]],[[89]],[[90]],[[91]],[[92]]]},{"id":"NL","type":"MultiPolygon","arcs":[[[93]],[[94]],[[95]],[[96]],[[97]],[[98]],[[99]],[[100]],[[101]]]},{"id":"ME","type":"Polygon","arcs":[[102]]},{"id":"MD","type":"Polygon","arcs":[[103]]},{"id":"MC","type":"Polygon","arcs":[[104]]},{"id":"MT","type":"MultiPolygon","arcs":[[[105]],[[106]]]},{"id":"MK","type":"Polygon","arcs":[[107]]},{"id":"LU","type":"Polygon","arcs":[[108]]},{"id":"LT","type":"MultiPolygon","arcs":[[[109]],[[110]]]},{"id":"LI","type":"Polygon","arcs":[[111]]},{"id":"LV","type":"Polygon","arcs":[[112]]},{"id":"XK","type":"Polygon","arcs":[[113]]},{"id":"IT","type":"MultiPolygon","arcs":[[[114],[115],[116]],[[117]],[[118]],[[119]],[[120]],[[121]],[[122]],[[123]]]},{"id":"IE","type":"MultiPolygon","arcs":[[[124]],[[125]]]},{"id":"IS","type":"Polygon","arcs":[[126]]},{"id":"HU","type":"Polygon","arcs":[[127]]},{"id":"GR","type":"MultiPolygon","arcs":[[[128]],[[129]],[[130]],[[131]],[[132]],[[133]],[[134]],[[135]],[[136]],[[137]],[[138]],[[139]],[[140]],[[141]],[[142]],[[143]],[[144]],[[145]],[[146]],[[147]],[[148]],[[149]],[[150]],[[151]],[[152]],[[153]],[[154]],[[155]],[[156]],[[157]],[[158]],[[159]],[[160]],[[161]],[[162]],[[163]],[[164]],[[165]],[[166]],[[167]]]},{"id":"DE","type":"MultiPolygon","arcs":[[[168]],[[169]],[[170]],[[171]],[[172]],[[173]]]},{"id":"FR","type":"MultiPolygon","arcs":[[[174]],[[175]],[[176]]]},{"id":"FI","type":"MultiPolygon","arcs":[[[177]],[[178]],[[179]],[[180]],[[181]],[[182]],[[183]],[[184]]]},{"id":"EE","type":"MultiPolygon","arcs":[[[185]],[[186]],[[187]],[[188]]]},{"id":"DK","type":"MultiPolygon","arcs":[[[189]],[[190]],[[191]],[[192]],[[193]],[[194]],[[195]],[[196]],[[197]],[[198]],[[199]],[[200]]]},{"id":"CZ","type":"Polygon","arcs":[[201]]},{"id":"HR","type":"MultiPolygon","arcs":[[[202]],[[203]],[[204]],[[205]],[[206]],[[207]],[[208]],[[209]],[[210]],[[211]],[[212]],[[213]],[[214]]]},{"id":"BG","type":"Polygon","arcs":[[215]]},{"id":"BA","type":"Polygon","arcs":[[216]]},{"id":"BE","type":"Polygon","arcs":[[217]]},{"id":"BY","type":"Polygon","arcs":[[218]]},{"id":"AT","type":"Polygon","arcs":[[219]]},{"id":"AD","type":"Polygon","arcs":[[220]]},{"id":"AL","type":"Polygon","arcs":[[221]]}]}},"arcs":[[[501,501],[0,0],[0,0],[0,0],[0,0],[0,0]],[[364,353],[-1,1],[-2,0],[-1,0],[-2,1],[-1,0],[-2,0],[-1,-2],[-1,-1],[-1,-1],[0,1],[-1,0],[-1,-1],[0,0],[1,-1],[-1,0],[-1,-1],[0,0],[-1,-1],[-1,0],[-1,1],[-2,0],[-2,-1],[0,-1],[0,-1],[0,0],[0,-1],[1,-1],[1,0],[1,0],[4,-1],[1,-1],[2,-1],[1,0],[0,-1],[1,-1],[1,-1],[-1,0],[0,-1],[0,-1],[0,0],[0,-1],[0,-1],[0,-1],[1,0],[-2,0],[-1,0],[-1,0],[-1,0],[-1,0],[0,0],[1,-1],[1,-1],[1,0],[1,-1],[0,0],[1,-1],[1,-1],[3,0],[0,0],[1,0],[1,0],[1,0],[1,0],[2,1],[0,-2],[1,0],[1,2],[0,0],[1,0],[0,0],[-1,0],[0,-1],[-1,0],[0,-2],[0,-1],[1,-1],[1,-1],[-1,0],[0,-1],[0,-1],[0,0],[1,-1],[1,-1],[0,-1],[0,-1],[-1,0],[0,0],[-1,0],[0,0],[-1,-1],[-1,-2],[-1,-2],[0,-2],[2,-2],[2,-2],[2,0],[-1,0],[-3,-1],[-1,0],[-1,1],[0,0],[-1,0],[0,0],[-1,1],[0,0],[-1,0],[-1,0],[0,-1],[0,0],[0,-1],[-1,0],[-1,1],[-1,0],[-1,0],[-1,-1],[0,0],[-1,0],[0,2],[-1,-2],[-1,-1],[0,-1],[1,-1],[0,0],[0,0],[2,-2],[2,-3],[0,0],[1,-1],[0,-1],[0,-1],[-1,-2],[0,-1],[0,-1],[1,-1],[0,0],[2,1],[-1,-1],[-1,-1],[0,-1],[1,-1],[0,0],[-1,1],[0,1],[-1,0],[-1,0],[0,1],[0,0],[-1,0],[0,0],[0,0],[0,0],[0,-1],[0,-1],[1,-1],[2,-1],[-1,0],[-2,1],[-1,1],[0,0],[-1,1],[0,0],[0,2],[0,1],[-2,5],[-1,0],[0,0],[0,0],[-1,0],[0,0],[0,-1],[0,0],[1,-3],[1,0],[0,-1],[1,-1],[0,0],[0,0],[0,0],[-1,0],[1,-4],[1,-1],[0,-1],[1,-2],[1,-1],[0,-1],[1,0],[0,-1],[1,-1],[1,-1],[-1,0],[-3,2],[-1,1],[-1,-1],[0,0],[-1,-1],[0,-1],[0,0],[-1,-1],[0,0],[1,0],[1,0],[2,-1],[-1,-1],[0,0],[1,-1],[2,-1],[0,-2],[0,-1],[0,-1],[-1,-1],[0,0],[0,-1],[0,0],[1,0],[1,-1],[-1,0],[0,-1],[0,0],[0,-1],[1,-1],[0,-1],[1,0],[2,0],[0,0],[0,0],[1,0],[0,0],[-1,-2],[0,-1],[0,-1],[1,0],[0,-1],[0,0],[0,0],[2,0],[0,0],[0,0],[0,-1],[0,-1],[0,0],[1,-1],[0,0],[0,-1],[0,0],[1,0],[1,0],[0,0],[0,1],[0,0],[2,0],[0,0],[0,1],[2,-1],[3,0],[1,0],[2,0],[1,0],[2,1],[0,0],[0,0],[-1,1],[0,2],[0,0],[0,0],[-1,1],[-2,1],[-3,2],[-2,1],[0,1],[-1,0],[1,1],[1,0],[-1,1],[-1,1],[-1,1],[1,0],[1,0],[2,0],[2,-1],[1,1],[1,0],[0,0],[1,0],[1,0],[5,1],[1,0],[1,1],[0,1],[1,2],[0,0],[-1,1],[-1,0],[-1,2],[0,0],[0,1],[-1,1],[-2,3],[-1,2],[-1,1],[-1,1],[-1,0],[0,1],[-3,0],[0,0],[-1,0],[-1,1],[1,0],[1,-1],[1,1],[2,1],[0,1],[-1,1],[-2,-1],[-2,2],[0,0],[-1,0],[-1,0],[-2,-1],[0,0],[0,0],[1,1],[4,2],[0,0],[2,-1],[2,0],[3,3],[1,1],[1,2],[1,1],[0,1],[0,1],[1,3],[0,4],[0,4],[1,1],[0,0],[3,3],[1,0],[1,2],[1,2],[1,1],[1,1],[-1,1],[0,1],[0,1],[0,1],[1,2],[1,2],[-1,-1],[0,0],[0,0],[-1,0],[-1,-1],[0,0],[-2,0],[-1,-1],[-1,0],[2,1],[1,0],[3,4],[1,2],[1,2],[-1,1],[-1,1],[0,1],[-1,1],[2,1],[0,0],[0,0],[1,0],[1,-1],[0,-1],[1,0],[2,1],[1,0],[0,0],[2,1],[1,0],[2,3],[1,1],[0,1],[0,2],[-1,1],[-1,1],[0,2],[0,0],[-1,1],[-1,1],[-1,0],[0,0],[-1,0],[0,0],[1,1],[-1,1],[0,1],[-1,0],[-1,-1],[-2,1],[1,1],[0,0],[0,1],[-1,1],[-1,0],[-1,0],[-1,0],[-1,0],[1,0],[1,1],[0,1],[0,0],[2,0],[1,1],[3,0],[1,0],[0,0],[0,1],[-1,2],[0,0],[-3,1],[-1,1],[0,1],[-2,-1],[0,1],[-2,0],[-1,1],[-1,0],[-1,0],[-3,-1],[-3,0],[-3,0],[-1,0],[-1,-1],[-1,-1],[-1,0],[-1,-1],[0,1],[-1,1],[-1,0],[-1,0],[-2,0],[-1,0],[0,0],[0,1],[0,0],[0,0],[-3,-1],[0,0],[-1,1],[-1,-1],[-1,0],[-1,-1],[-1,-1],[-1,0],[-3,1],[-1,1],[-1,2],[-1,1],[-1,1],[-1,0],[-1,-1],[-1,-1],[-1,-1],[0,0],[0,0],[-1,0],[-1,0],[-1,0],[-2,0],[-1,1],[-2,1],[0,0],[-1,1],[-1,0],[-1,-1],[-1,0],[-1,0],[-1,0],[0,0],[0,-1],[1,-1],[2,0],[2,-2],[2,0],[0,-1],[0,0],[1,0],[0,-1],[3,-2],[1,-1],[0,-1],[1,-1],[2,0],[1,-2],[0,0],[3,0],[2,0],[2,1],[1,0],[1,0],[1,0],[2,-2],[1,-1],[1,-1],[1,-1],[2,-1],[-1,0],[-1,1]],[[355,327],[0,0],[1,0],[0,1],[-1,0],[-1,1],[-1,0],[0,0],[-1,-1],[0,-1],[0,-2],[1,0],[1,0],[1,2]],[[383,246],[-1,0],[1,-1],[0,0],[1,0],[0,1],[-1,0]],[[397,229],[0,1],[-1,-2],[1,-2],[0,0],[0,1],[0,0],[0,0],[0,0],[0,1],[0,1],[0,0]],[[395,229],[0,1],[0,0],[1,1],[0,0],[0,-1],[0,1],[-1,3],[0,0],[0,1],[0,0],[-1,1],[0,1],[0,1],[0,0],[-1,0],[1,-2],[0,-1],[0,-1],[0,0],[-1,0],[0,0],[0,-1],[0,0],[0,0],[-1,0],[0,0],[0,-1],[0,0],[0,0],[1,0],[1,0],[0,-2],[-1,-1],[0,0],[0,0],[1,0],[0,-1],[1,0],[0,0],[0,1]],[[399,225],[0,1],[0,1],[0,0],[-1,0],[0,0],[0,-1],[0,-1],[0,0],[0,0],[1,0],[0,0],[0,0],[0,0]],[[377,251],[0,0],[0,0],[-1,-1],[0,0],[0,-1],[0,0],[1,1],[0,0],[0,1],[0,0],[0,0],[0,0]],[[379,252],[0,0],[0,0],[-1,-1],[1,0],[0,0],[0,1],[0,0]],[[379,248],[0,0],[0,1],[1,0],[0,0],[1,1],[-1,0],[0,0],[0,0],[-1,0],[-1,0],[-1,-1],[0,0],[0,0],[0,-1],[0,0],[0,1],[0,0],[0,-1],[0,0],[0,-1],[0,-1],[1,0],[0,1],[1,0],[0,1],[0,0],[0,0]],[[382,246],[-1,1],[0,-1],[0,-1],[-1,0],[0,-1],[0,0],[0,0],[0,0],[1,1],[0,0],[1,1],[0,0],[0,0]],[[345,277],[0,0],[0,0],[1,-1],[0,0],[0,0],[0,1],[-1,0]],[[353,296],[-1,-1],[0,0],[0,0],[0,-2],[0,-1],[0,0],[0,0],[1,0],[0,0],[1,0],[0,2],[0,1],[-1,1]],[[351,282],[-3,0],[-2,0],[0,-1],[1,0],[1,0],[0,-2],[-1,-1],[0,0],[1,-1],[0,0],[1,0],[0,0],[0,0],[1,1],[0,1],[1,0],[0,1],[0,2]],[[347,287],[0,2],[0,1],[0,1],[-1,0],[-1,0],[-1,0],[0,0],[1,0],[0,-1],[0,-1],[0,0],[0,0],[-1,1],[-1,0],[0,0],[1,-1],[0,-1],[0,0],[0,0],[1,0],[0,0],[0,0],[1,-1],[1,0]],[[348,289],[-1,0],[0,0],[0,0],[0,-1],[0,0],[0,-1],[2,0],[-1,0],[0,-1],[1,0],[1,-1],[0,0],[1,0],[-1,2],[-2,2]],[[354,253],[-2,2],[0,0],[0,1],[-2,0],[1,0],[0,1],[0,0],[0,0],[-1,1],[-1,0],[-1,1],[-1,0],[0,1],[-1,0],[0,0],[0,0],[0,-1],[1,0],[0,-1],[1,0],[0,0],[-1,-1],[-1,0],[0,-1],[1,0],[0,0],[0,0],[-1,-1],[0,0],[1,0],[0,-1],[0,0],[0,0],[0,-1],[1,1],[0,0],[1,0],[0,0],[0,0],[0,-1],[0,0],[1,0],[1,-1],[2,-1],[1,0],[0,0],[0,1],[0,1]],[[349,272],[0,1],[-1,-1],[0,0],[0,-1],[1,0],[0,0],[0,1],[0,0],[0,0]],[[352,265],[-1,1],[0,0],[0,1],[0,1],[0,0],[0,0],[2,1],[1,0],[0,0],[0,1],[0,0],[-1,1],[-1,1],[0,0],[-1,0],[0,0],[0,-3],[-1,1],[0,-1],[-1,0],[0,-1],[0,-1],[-2,-1],[0,-1],[0,0],[0,0],[0,-1],[1,1],[0,-1],[0,0],[0,0],[0,0],[0,-1],[2,0],[0,-1],[1,0],[0,1],[1,1],[0,1]],[[344,261],[1,1],[-1,1],[-1,0],[-1,-2],[0,0],[0,0],[0,0],[0,0],[1,0],[0,0],[1,0],[0,0]],[[342,269],[0,0],[-1,-1],[0,0],[0,-1],[0,0],[0,-1],[1,-1],[1,0],[0,0],[-1,3],[0,1]],[[340,270],[-1,0],[0,0],[0,0],[1,0],[0,0],[0,0],[0,0],[0,0]],[[340,313],[0,-1],[-1,1],[0,0],[-1,0],[0,-1],[-1,0],[0,0],[0,-1],[0,0],[-1,-1],[0,0],[0,-1],[0,0],[0,-1],[-1,-1],[0,0],[0,0],[-1,0],[-1,1],[0,0],[0,1],[0,0],[-1,1],[-1,0],[0,0],[0,0],[-1,0],[-1,-1],[0,0],[-2,-1],[0,-1],[0,0],[-1,-2],[0,-1],[0,0],[1,-1],[2,0],[1,0],[0,-1],[-1,0],[0,-1],[0,0],[0,0],[0,0],[1,0],[0,0],[1,0],[0,0],[1,0],[0,-1],[1,-1],[0,0],[1,-1],[0,-1],[2,0],[0,0],[0,1],[1,-1],[1,-1],[0,0],[1,0],[1,0],[2,0],[1,0],[1,1],[1,0],[0,1],[0,2],[1,2],[1,1],[0,1],[-1,1],[-1,0],[0,1],[0,-1],[1,0],[1,1],[1,1],[0,0],[0,1],[-1,1],[0,0],[0,-1],[0,-1],[-1,0],[0,1],[0,2],[0,0],[1,0],[-1,1],[-1,0],[-1,0],[0,1],[-1,0],[0,1],[-1,1],[-1,-1],[-1,0]],[[376,369],[-1,0],[-1,0],[0,1],[0,0],[-1,0],[-1,-2],[-1,0],[1,0],[1,-1],[1,0],[1,1],[1,1]],[[743,376],[0,0],[-4,1],[0,0],[-2,1],[-1,3],[-1,0],[-2,2],[0,1],[-1,2],[-1,-1],[-1,1],[-1,1],[-1,1],[-1,1],[-2,0],[-1,1],[-3,5],[-1,3],[0,0],[-1,1],[0,1],[-1,0],[2,-3],[0,0],[0,-1],[0,-1],[-1,0],[-1,3],[-1,0],[0,1],[0,2],[1,1],[1,1],[1,2],[0,0],[-2,0],[-1,-2],[-1,0],[-2,0],[0,1],[-2,-1],[-1,-1],[-1,1],[-1,0],[-2,-1],[-2,1],[1,1],[-1,1],[-1,0],[0,1],[-2,-1],[-1,0],[-2,1],[-1,0],[-3,2],[-2,0],[-3,-1],[-1,0],[-1,0],[-1,0],[1,-1],[0,0],[1,0],[0,-1],[0,0],[-2,0],[-1,0],[-1,0],[-1,-1],[2,0],[1,0],[3,-1],[2,0],[0,-1],[1,-1],[0,0],[-2,1],[-2,0],[-1,0],[-1,-1],[0,-1],[0,-1],[-1,-2],[-1,-1],[-1,-1],[-1,0],[1,1],[1,1],[1,1],[1,3],[0,1],[-1,1],[-1,0],[-2,0],[0,-2],[0,1],[-1,2],[0,0],[-2,1],[-3,1],[0,2],[0,1],[0,1],[0,1],[-1,2],[0,1],[-2,3],[0,1],[-2,1],[-1,1],[0,0],[-2,0],[0,1],[0,1],[0,1],[1,0],[1,3],[0,1],[0,0],[-1,-1],[-2,0],[-2,1],[-1,1],[-2,1],[0,0],[-1,0],[0,0],[0,1],[1,0],[0,0],[-1,0],[-3,0],[-1,0],[-2,-2],[1,0],[0,-1],[2,0],[0,0],[0,-1],[0,0],[0,-1],[-1,0],[1,-1],[0,-2],[1,0],[0,-2],[0,-1],[1,-1],[0,-1],[0,-1],[-1,-1],[0,-1],[0,-1],[0,0],[1,-1],[0,-1],[1,0],[0,0],[0,2],[1,0],[0,0],[0,-1],[0,0],[1,0],[0,-1],[1,0],[0,1],[1,0],[0,0],[1,-1],[0,0],[0,0],[2,1],[0,0],[2,-1],[0,-1],[0,0],[-2,-1],[-1,-1],[0,-2],[0,0],[-1,-1],[-2,0],[-1,-1],[0,0],[0,0],[-1,-1],[0,-1],[0,0],[0,-1],[-1,-1],[0,0],[0,0],[-1,0],[0,0],[-1,-1],[-2,-1],[0,0],[0,0],[-1,-1],[1,0],[0,-2],[0,-1],[-1,0],[0,-2],[-1,-1],[0,0],[-1,1],[0,0],[-1,0],[-1,0],[-1,-2],[-2,0],[0,0],[-1,1],[0,0],[0,0],[-1,-1],[0,1],[0,0],[0,-1],[-1,0],[-1,0],[-1,0],[0,-1],[0,0],[-1,0],[-1,0],[-1,-1],[-1,0],[-1,0],[0,0],[0,0],[-1,1],[-1,0],[0,0],[-1,1],[-2,1],[-1,0],[-1,0],[-1,1],[0,1],[-1,0],[-1,1],[-1,0],[0,2],[0,1],[-1,1],[-2,1],[-2,0],[-2,1],[-2,2],[-1,1],[-1,1],[-1,0],[0,0],[-3,-2],[0,0],[-1,0],[-1,0],[-1,0],[-1,1],[-1,-1],[0,0],[-1,1],[-3,0],[0,-1],[0,0],[0,0],[-2,1],[-3,-1],[0,0],[-1,1],[0,0],[-1,1],[0,0],[-1,0],[0,0],[0,-1],[0,0],[-1,0],[0,-1],[0,0],[-1,1],[0,0],[-1,-1],[0,-1],[-1,0],[-1,0],[0,0],[-1,-1],[0,0],[0,0],[0,-1],[-1,0],[0,0],[0,0],[-1,-2],[1,-2],[1,-1],[0,-2],[0,-1],[0,-1],[1,0],[0,-1],[0,0],[1,0],[1,0],[1,0],[0,0],[0,0],[-1,-1],[-1,-1],[0,0],[0,-1],[0,0],[0,-1],[-1,-2],[0,-1],[0,-1],[1,-2],[1,-1],[0,-1],[2,-3],[1,-2],[1,-1],[1,-1],[0,-1],[2,-1],[0,-1],[1,0],[0,-1],[0,-1],[-1,-1],[0,-1],[-1,0],[0,-1],[1,0],[0,0],[0,0],[0,-1],[-1,0],[-1,-1],[-1,-2],[-1,-2],[-1,0],[0,-1],[0,0],[0,-1],[-1,-1],[0,0],[0,-1],[0,-1],[1,0],[0,0],[1,0],[1,1],[0,-1],[1,-1],[1,-2],[1,-1],[0,0],[1,0],[1,-1],[0,0],[2,0],[1,-1],[1,0],[1,-1],[3,0],[2,0],[1,0],[3,0],[1,0],[1,0],[1,0],[2,0],[1,0],[1,-1],[1,0],[2,2],[0,0],[0,0],[1,0],[2,0],[0,0],[1,1],[0,0],[0,0],[0,-1],[1,-1],[0,0],[1,0],[1,0],[0,-1],[1,0],[1,0],[1,0],[1,0],[0,0],[1,1],[0,0],[1,0],[0,-1],[0,0],[1,-1],[0,0],[1,0],[0,-1],[0,0],[1,0],[0,0],[1,1],[1,1],[0,1],[1,-1],[1,0],[1,-1],[2,-1],[1,0],[1,-1],[1,1],[1,0],[0,1],[1,1],[1,-1],[0,0],[0,-1],[0,-1],[0,0],[-1,-1],[0,-1],[0,-1],[0,-2],[0,0],[0,-2],[1,-1],[1,-1],[0,-1],[1,0],[1,0],[1,-1],[1,-1],[2,0],[0,0],[1,0],[1,0],[1,0],[0,0],[1,-1],[0,0],[0,-3],[0,0],[1,-1],[0,0],[2,0],[1,0],[1,0],[2,-2],[1,0],[1,-1],[1,0],[1,-1],[1,1],[1,0],[2,1],[1,2],[3,2],[1,1],[0,0],[-1,1],[-1,0],[0,1],[0,0],[1,1],[0,1],[1,1],[0,0],[0,1],[1,0],[-1,1],[0,0],[1,0],[2,-1],[1,0],[1,1],[0,-1],[1,0],[1,-1],[1,0],[0,0],[1,1],[0,1],[1,0],[0,0],[1,-1],[0,1],[0,0],[0,1],[1,0],[0,2],[1,0],[0,0],[0,1],[0,1],[0,0],[1,1],[1,1],[0,0],[1,1],[1,0],[1,-1],[0,-1],[2,0],[1,0],[0,0],[1,0],[1,1],[0,-1],[1,0],[1,0],[1,1],[0,-1],[1,-1],[1,-1],[1,-1],[1,0],[0,-1],[1,-1],[1,0],[1,1],[1,0],[0,1],[2,1],[2,1],[1,1],[1,-1],[0,0],[0,0],[0,-1],[0,-1],[1,0],[2,1],[1,0],[0,-1],[2,1],[1,0],[1,0],[1,-1],[0,0],[1,0],[0,0],[1,1],[1,0],[1,-1],[1,1],[2,0],[1,0],[1,-1],[0,0],[1,0],[0,0],[0,1],[0,1],[1,1],[1,0],[0,1],[0,1],[-1,1],[0,1],[-1,1],[-1,1],[1,1],[1,0],[1,0],[1,0],[0,0],[0,0],[0,1],[-1,0],[-1,1],[0,0],[0,2],[0,1],[2,-1],[0,0],[1,1],[0,1],[1,1],[0,0],[0,1],[0,0],[1,0],[0,0],[0,0],[0,1],[0,2],[0,1],[1,1],[-1,1],[0,0],[-3,1],[-2,1],[-1,1],[-1,0],[-1,1],[0,2],[0,0],[-1,1],[-1,1],[-1,1],[0,1],[1,1],[0,1],[0,0],[0,1],[0,0],[0,0],[1,0],[0,0],[0,0],[-1,1],[0,1],[1,0],[0,1]],[[690,408],[1,0],[-1,0],[-3,1],[-2,-1],[0,0],[-1,-1],[1,1],[1,0],[4,0]],[[705,405],[1,-1],[-1,-1],[2,-1],[2,1],[1,0],[1,-1],[1,1],[2,1],[0,-1],[2,0],[1,0],[1,2],[2,0],[0,0],[0,0],[4,3],[1,1],[1,0],[1,0],[2,-2],[1,0],[1,-1],[1,-1],[1,0],[1,-1],[1,0],[2,0],[-1,2],[0,1],[0,1],[1,1],[-2,1],[-1,1],[-2,1],[-1,0],[0,-1],[-1,0],[-2,0],[0,1],[-1,2],[-1,2],[-1,1],[-2,1],[-1,0],[-2,2],[-1,3],[-2,3],[-1,1],[-2,0],[-1,0],[-2,-1],[0,-1],[0,0],[0,-1],[0,-3],[-1,-1],[-1,-2],[-2,0],[-1,0],[-1,0],[-3,-1],[-1,0],[-2,1],[0,0],[-1,-1],[2,-3],[2,-3],[2,-1],[1,-2],[2,-2],[-1,-1],[-1,0]],[[651,508],[-3,1],[-1,0],[1,-1],[1,-1],[1,0],[1,1],[0,0]],[[805,436],[1,0],[2,0],[1,0],[0,0],[1,-2],[1,0],[2,-1],[0,0],[1,0],[1,-1],[1,0],[0,-2],[0,0],[0,0],[1,0],[0,-1],[1,0],[0,1],[1,0],[3,1],[1,0],[0,0],[0,1],[0,0],[1,0],[1,0],[1,0],[0,0],[1,0],[0,0],[0,0],[0,1],[1,0],[1,0],[1,1],[1,1],[1,1],[1,1],[0,1],[-1,2],[1,0],[0,1],[0,0],[2,1],[1,1],[-1,1],[0,0],[2,0],[2,0],[1,0],[1,-1],[1,-1],[2,0],[2,1],[2,1],[1,0],[0,0],[1,0],[0,1],[-1,-1],[-2,0],[-1,1],[0,1],[1,4],[0,0],[-1,1],[-1,0],[-1,1],[0,0],[0,0],[1,1],[0,0],[0,1],[1,0],[1,0],[0,1],[0,0],[0,1],[0,0],[1,1],[1,1],[1,0],[1,2],[0,0],[1,1],[1,2],[0,0],[0,0],[1,0],[1,0],[0,0],[0,1],[0,1],[0,0],[0,1],[0,1],[0,1],[0,1],[0,1],[1,0],[1,0],[1,0],[2,0],[0,1],[0,1],[0,0],[1,0],[0,1],[1,0],[0,1],[0,0],[2,1],[1,0],[0,0],[0,1],[1,1],[0,0],[0,0],[-1,0],[-1,1],[0,0],[-1,1],[0,1],[-1,1],[0,1],[0,0],[-1,0],[0,-1],[-1,-2],[-1,0],[0,0],[-1,0],[0,0],[-1,0],[0,1],[-1,1],[-2,1],[-1,0],[-1,0],[-2,1],[-1,0],[-1,0],[-1,0],[-1,1],[-1,0],[-1,0],[-1,1],[0,2],[-1,2],[-1,1],[-1,-1],[-1,-1],[0,0],[-1,0],[0,1],[-1,1],[-1,2],[-2,1],[-2,1],[-2,1],[0,1],[-2,0],[-2,1],[-1,0],[-2,1],[-2,3],[-3,4],[-3,3],[-2,1],[-2,1],[-2,1],[-3,1],[-1,0],[-1,1],[-2,-1],[-2,0],[0,0],[-1,0],[-2,0],[-2,3],[-1,1],[-1,0],[-2,2],[0,1],[-2,0],[-1,1],[-1,0],[-2,0],[0,-1],[-2,1],[-2,0],[0,1],[0,1],[1,3],[0,0],[2,3],[0,0],[-1,0],[-1,1],[0,0],[-1,1],[1,2],[-1,1],[0,1],[0,1],[-1,1],[-2,-1],[-1,0],[1,-1],[-2,-2],[-2,-2],[1,-1],[1,-3],[1,-2],[-1,-1],[0,-1],[-1,0],[-1,-1],[-1,2],[-1,1],[-1,0],[0,1],[0,1],[-1,1],[-2,1],[-2,0],[-3,0],[-2,0],[-1,0],[-1,1],[-3,3],[-2,5],[0,1],[-3,2],[-1,2],[-1,0],[-4,2],[-2,0],[-1,2],[-3,0],[-3,-1],[-1,-1],[-2,-2],[-2,-1],[-3,0],[-6,-1],[-1,0],[-3,1],[-4,0],[0,2],[0,3],[0,2],[0,2],[0,0],[0,1],[-2,0],[0,0],[-2,1],[-3,2],[-1,0],[-4,0],[-2,-1],[-1,0],[-1,-2],[-1,-1],[0,0],[0,-1],[-1,0],[-1,1],[-1,0],[-1,0],[-3,-1],[-2,0],[-1,2],[-1,1],[-1,1],[0,-1],[0,-1],[-3,1],[-1,1],[-2,0],[-1,0],[0,0],[1,-1],[1,0],[4,-2],[0,0],[1,-2],[1,-1],[0,-1],[-1,1],[-5,1],[-4,1],[0,1],[-1,0],[0,-2],[0,0],[1,-1],[2,-1],[-1,-1],[-1,0],[-1,-1],[-1,0],[-1,0],[0,-1],[-1,-2],[-1,0],[0,-1],[1,-1],[0,-2],[0,-1],[-1,0],[-3,-1],[-1,1],[-1,-1],[-1,-1],[-1,0],[0,1],[-1,0],[-1,-1],[-1,0],[-1,0],[0,-2],[1,0],[0,-1],[-1,-1],[0,-1],[1,-1],[0,0],[1,1],[1,1],[0,1],[1,1],[0,0],[0,-1],[0,0],[1,0],[1,0],[3,-1],[0,-1],[-2,1],[-1,-1],[-1,0],[0,-1],[-1,-1],[0,0],[0,-1],[1,-1],[1,-2],[0,0],[-1,0],[-1,0],[0,0],[-1,-1],[1,-1],[0,0],[-2,-2],[-1,-1],[0,0],[1,-2],[1,-1],[0,-1],[-1,0],[-4,2],[-1,1],[-3,0],[0,0],[0,-1],[0,-1],[-1,-3],[0,-2],[2,-1],[1,-3],[2,-3],[3,-1],[1,-1],[2,0],[0,0],[1,1],[1,0],[3,-1],[1,0],[0,-1],[-1,-1],[0,-1],[1,0],[1,0],[0,1],[0,0],[0,1],[0,0],[4,-1],[3,-1],[2,0],[2,-1],[1,-1],[-1,0],[-1,0],[-1,0],[0,-1],[1,-1],[1,-1],[5,-2],[3,-1],[0,-1],[-1,0],[-4,1],[-2,0],[-1,-1],[-1,0],[0,-1],[-1,-1],[0,-1],[1,-1],[2,-1],[6,0],[5,-2],[5,0],[4,-2],[1,-1],[1,-2],[5,-6],[2,-3],[2,-2],[4,-2],[2,-3],[1,0],[9,-2],[6,-2],[2,-2],[1,0],[0,0],[0,1],[1,1],[1,1],[1,0],[3,0],[4,-2],[0,0],[1,0],[3,3],[1,1],[2,0],[1,0],[0,-1],[1,-1],[1,0],[3,0],[1,1],[4,-1],[4,-1],[1,1],[6,-1],[1,-1],[3,-2],[5,-4],[5,0],[1,0],[1,0],[1,-1],[1,0],[4,-4],[1,-2],[1,-1],[1,-1],[2,-4],[0,-1]],[[666,477],[0,2],[2,2],[2,2],[2,1],[7,1],[1,0],[0,1],[0,1],[0,1],[-2,1],[-6,0],[-1,0],[-1,1],[-1,1],[-2,0],[-3,2],[0,2],[-1,2],[-3,3],[-2,1],[-2,4],[-1,3],[-1,0],[-1,1],[0,-1],[1,-1],[-1,-1],[0,-1],[1,-1],[1,-1],[2,-2],[1,-2],[-2,1],[-3,1],[-1,0],[-1,0],[-1,-1],[0,0],[0,0],[0,-1],[1,-1],[0,-1],[1,-1],[0,-1],[0,0],[0,-1],[0,0],[-1,-1],[0,-1],[2,-2],[1,0],[0,-1],[-1,-2],[0,-1],[-1,0],[0,0],[-1,0],[-1,-1],[-1,0],[0,0],[0,-1],[1,0],[1,-1],[0,0],[0,-1],[0,-1],[1,0],[0,0],[2,-1],[0,0],[1,-1],[1,0],[1,-1],[1,0],[0,0],[1,0],[2,1],[1,0],[0,0],[1,-1],[1,0],[0,0],[0,0],[1,0],[1,-1]],[[471,421],[0,0],[0,1],[0,1],[0,2],[-1,1],[0,1],[0,1],[0,0],[1,0],[0,0],[2,0],[1,1],[0,0],[0,1],[1,0],[1,1],[1,0],[2,-2],[0,0],[1,1],[0,1],[-1,1],[0,1],[0,1],[0,1],[0,0],[0,0],[-1,0],[-1,-1],[-1,0],[0,0],[0,1],[-1,1],[1,1],[0,0],[0,1],[0,1],[1,0],[-1,1],[0,0],[0,0],[-1,-2],[0,0],[-1,0],[-1,0],[-1,1],[-1,0],[-1,0],[0,-1],[0,-1],[-1,-1],[0,0],[-1,0],[0,0],[0,1],[0,2],[-1,1],[-1,1],[-1,1],[0,1],[0,0],[0,1],[1,1],[-1,0],[0,0],[-1,0],[0,-1],[-1,-1],[0,-1],[0,0],[-1,-1],[-1,0],[-1,-2],[0,0],[0,-2],[0,0],[0,-1],[-1,0],[-1,1],[0,1],[-2,1],[0,0],[1,1],[0,0],[-2,2],[0,0],[-1,1],[-1,1],[-2,-1],[0,0],[-1,0],[-1,1],[-2,0],[-1,0],[-1,-1],[0,0],[0,-1],[-1,0],[0,-1],[-1,-1],[0,0],[1,-2],[-1,0],[0,-1],[0,-1],[0,0],[-2,0],[-1,0],[-1,0],[-1,1],[0,0],[0,1],[0,0],[0,1],[-2,1],[0,0],[-1,0],[0,-1],[1,-1],[1,0],[0,-1],[0,0],[-1,-1],[0,-1],[1,0],[0,-1],[0,-1],[2,-1],[1,-1],[0,-1],[0,-1],[1,0],[1,-1],[1,0],[0,-1],[1,-1],[2,-2],[0,0],[0,-1],[0,0],[0,0],[-1,0],[0,-1],[1,0],[1,-1],[0,0],[1,0],[0,1],[0,0],[1,0],[0,0],[1,0],[1,-1],[0,-1],[1,0],[1,0],[2,0],[2,0],[1,0],[1,0],[1,0],[0,0],[0,0],[0,0],[1,0],[0,-1],[0,0],[0,0],[-1,0],[0,0],[0,0],[0,-1],[1,0],[0,-1],[1,1],[1,1],[0,0],[0,-1],[1,0],[0,1],[0,0],[0,0],[3,0],[0,0],[2,1],[2,1]],[[544,270],[0,0],[0,1],[-1,0],[0,1],[0,3],[1,1],[-1,0],[0,1],[0,0],[0,1],[-2,1],[0,1],[-1,1],[0,2],[0,0],[-1,0],[0,-1],[1,-1],[-1,-1],[-1,-1],[0,0],[0,-1],[0,-2],[0,-2],[0,0],[1,-1],[0,-2],[1,-1],[2,0],[0,0],[0,-1],[1,0],[0,0],[1,1]],[[527,294],[0,0],[-1,0],[0,0],[0,-3],[0,-1],[1,-5],[1,0],[1,-3],[0,-1],[0,-1],[0,-1],[0,-1],[1,0],[0,1],[0,0],[0,1],[0,0],[-1,4],[0,2],[-1,0],[-1,8]],[[485,256],[1,2],[1,1],[0,-1],[1,-1],[0,-2],[0,-2],[0,-2],[-1,-2],[0,-1],[1,-1],[1,-1],[0,-2],[1,0],[0,0],[1,0],[1,-1],[0,-1],[1,-1],[0,-2],[0,-1],[0,-1],[1,-1],[-1,-2],[-1,-2],[-1,-3],[0,-1],[1,0],[0,-1],[2,0],[0,0],[0,-1],[1,-1],[0,0],[0,-1],[0,-1],[-1,-2],[-1,-1],[-1,0],[-1,-2],[-1,0],[0,-4],[1,-3],[0,-1],[0,-1],[-2,-4],[0,-1],[0,-1],[0,-2],[0,-1],[0,0],[1,-1],[-1,-1],[0,0],[-1,-3],[2,-3],[-1,-2],[1,-1],[2,-3],[0,-1],[0,0],[1,-1],[1,-1],[2,0],[0,0],[3,0],[2,1],[0,-1],[0,-1],[1,-1],[0,-1],[-1,-2],[0,-1],[-1,-1],[-2,-1],[2,-3],[1,-2],[1,-4],[0,-1],[1,-1],[0,-5],[0,-1],[0,-1],[0,-1],[0,-1],[-1,-3],[3,0],[0,-1],[1,0],[1,-1],[1,-1],[-1,-3],[1,-1],[2,-3],[2,-3],[0,-1],[0,-1],[0,-1],[0,-1],[-1,-1],[-1,-2],[1,-1],[0,0],[1,-1],[1,-1],[0,0],[0,-4],[2,-2],[1,-2],[2,1],[2,1],[0,-2],[1,-1],[0,-1],[-1,-1],[0,-3],[0,0],[1,-1],[0,0],[3,1],[0,-1],[1,1],[1,0],[3,1],[1,0],[0,0],[1,-1],[1,-1],[-2,-1],[1,-1],[0,-1],[1,-1],[-1,-2],[0,-1],[0,0],[-1,-1],[2,-1],[1,0],[1,1],[0,0],[0,0],[0,1],[2,1],[1,0],[1,1],[0,1],[1,0],[0,1],[1,0],[1,1],[1,0],[1,0],[3,1],[0,0],[1,1],[1,1],[1,1],[0,0],[1,1],[1,1],[1,1],[0,0],[-1,1],[0,1],[1,2],[0,1],[0,0],[0,1],[0,0],[0,1],[0,0],[0,0],[0,0],[1,0],[1,0],[0,2],[0,0],[0,1],[0,0],[0,1],[0,1],[0,1],[1,0],[1,1],[0,1],[1,1],[0,0],[0,1],[0,1],[0,1],[0,1],[-1,1],[0,0],[0,1],[0,1],[1,1],[0,1],[0,0],[0,0],[1,1],[1,1],[0,1],[2,3],[-2,0],[-1,0],[-1,0],[-1,0],[-1,1],[0,0],[0,1],[-2,-1],[-1,-1],[-1,1],[0,0],[-1,0],[0,0],[0,0],[0,1],[0,0],[0,1],[0,1],[0,1],[-1,0],[0,0],[0,0],[0,0],[0,1],[-1,0],[0,0],[0,1],[0,0],[0,1],[-1,0],[-1,0],[0,0],[0,1],[0,0],[0,0],[1,1],[0,0],[-1,0],[0,-1],[-1,1],[1,0],[0,1],[0,0],[1,1],[0,0],[-1,2],[-1,1],[0,1],[0,1],[0,1],[1,0],[0,2],[1,1],[1,1],[0,1],[0,0],[-1,2],[-2,2],[-1,4],[0,1],[-1,1],[-1,1],[-1,1],[-1,1],[-1,1],[0,1],[-1,0],[0,0],[-1,0],[0,0],[0,1],[-1,-1],[0,1],[0,1],[-1,2],[-2,0],[0,0],[0,0],[0,1],[0,0],[0,0],[-1,0],[0,0],[0,1],[0,1],[-1,0],[-1,0],[0,1],[1,0],[0,0],[0,1],[0,0],[-1,1],[0,1],[0,0],[-1,0],[0,0],[0,0],[-1,0],[0,-1],[0,0],[0,1],[0,0],[0,1],[0,1],[0,0],[0,0],[1,1],[0,0],[-1,0],[0,2],[-1,0],[0,0],[-1,0],[0,0],[-1,0],[0,0],[0,1],[0,1],[1,1],[1,1],[-1,0],[0,1],[0,2],[0,1],[0,1],[0,1],[0,1],[1,1],[-1,0],[-1,-1],[0,1],[-1,1],[1,1],[0,1],[0,1],[0,1],[0,0],[0,1],[0,0],[0,2],[1,2],[0,0],[0,2],[0,1],[0,1],[1,1],[1,0],[1,0],[0,0],[0,0],[1,1],[0,0],[1,-1],[1,0],[0,1],[1,2],[1,0],[1,0],[1,1],[0,2],[1,0],[1,1],[1,0],[0,1],[1,1],[0,1],[0,1],[0,1],[-1,1],[-1,1],[0,0],[-1,2],[-1,0],[0,0],[-1,1],[0,0],[-1,1],[0,0],[1,0],[0,0],[1,-1],[0,0],[1,0],[0,0],[0,0],[1,0],[0,1],[0,0],[-1,0],[0,2],[0,1],[-1,0],[-1,1],[-1,1],[-1,1],[0,0],[-1,0],[-1,1],[-1,2],[-2,1],[-1,1],[-2,0],[-3,0],[0,0],[0,0],[1,1],[1,0],[1,0],[1,0],[1,1],[-1,1],[-1,0],[1,2],[0,1],[0,1],[0,3],[-1,0],[0,2],[1,1],[0,1],[0,1],[0,1],[0,1],[-1,3],[0,1],[1,1],[0,1],[0,2],[-1,1],[0,2],[-1,2],[0,1],[-1,4],[-1,1],[0,1],[-1,-1],[-1,0],[-1,0],[-1,0],[-3,0],[-2,1],[0,0],[0,1],[-1,1],[0,-1],[-1,1],[-1,0],[-1,2],[0,1],[0,1],[1,1],[0,2],[-1,2],[-1,0],[-2,0],[-4,1],[-3,-1],[0,-1],[0,-1],[0,-1],[0,-1],[0,-1],[0,-1],[-1,-1],[-2,-3],[-1,-2],[0,0],[0,0],[2,0],[0,0],[0,0],[0,-1],[-1,-1],[0,0],[1,-1],[1,0],[0,-1],[0,-1],[-1,-1],[0,0],[-2,-2],[-1,-1],[-2,-5],[-1,-3],[-1,1],[0,-2],[0,-1],[0,-1],[-2,-1],[0,0],[0,-3],[-1,-1],[-1,-1],[0,-4],[-1,0],[0,0],[0,-1],[0,0],[-1,-3],[0,-3],[0,-1],[0,-1],[0,-1],[0,0],[1,0],[0,0]],[[545,268],[0,1],[-1,0],[0,0],[1,-2],[1,0],[0,1],[-1,0]],[[537,253],[0,0],[0,0],[0,0],[0,-1],[1,0],[0,0],[-1,1]],[[538,247],[0,0],[0,0],[0,-1],[0,0],[0,0],[1,0],[0,0],[-1,0],[0,1]],[[380,543],[-1,0],[0,0],[-1,0],[0,-1],[0,0],[0,0],[1,0],[1,1],[0,0]],[[399,529],[1,0],[1,0],[1,0],[0,1],[0,0],[0,1],[-1,1],[-1,1],[-1,2],[-1,0],[-1,1],[-1,-1],[-2,-1],[0,0],[0,-2],[0,0],[-1,0],[-1,0],[-1,1],[0,-1],[-1,0],[0,-1],[0,0],[5,-4],[1,0],[3,-1],[1,0],[-1,1],[0,0],[1,0],[-1,1],[0,0],[0,1]],[[412,529],[-1,0],[-3,-2],[-1,0],[0,0],[0,-1],[0,0],[2,0],[2,0],[1,2],[0,0],[0,1]],[[379,539],[-1,1],[-2,0],[0,-1],[0,-1],[1,0],[0,0],[1,-1],[2,0],[1,0],[0,1],[-2,1],[0,0]],[[352,470],[0,1],[1,1],[0,0],[1,0],[1,1],[1,0],[0,0],[0,1],[0,1],[-1,0],[0,1],[0,0],[0,0],[1,0],[0,0],[0,0],[1,-1],[0,0],[0,1],[0,0],[1,1],[2,1],[1,0],[1,1],[0,0],[2,2],[0,0],[1,0],[1,0],[0,0],[1,0],[0,0],[1,1],[0,0],[1,1],[0,0],[3,0],[0,1],[1,0],[1,0],[1,0],[1,0],[0,0],[1,-1],[0,-1],[0,0],[1,0],[2,1],[1,1],[1,1],[1,0],[1,0],[0,2],[0,0],[0,0],[0,1],[0,0],[0,1],[1,0],[0,0],[1,0],[1,-1],[0,0],[2,1],[0,1],[1,0],[0,1],[0,0],[1,-1],[1,0],[2,1],[2,0],[1,1],[0,-1],[0,0],[1,0],[0,0],[1,-1],[1,0],[1,0],[0,0],[1,1],[1,0],[0,1],[1,0],[0,1],[-1,0],[-1,0],[0,2],[0,0],[1,0],[0,1],[0,2],[-1,1],[-2,1],[-8,4],[-2,2],[-1,0],[-5,1],[-4,1],[-2,0],[-3,2],[-1,1],[1,0],[0,2],[0,0],[-2,1],[0,0],[-1,0],[0,0],[-3,4],[-3,2],[-1,2],[-2,1],[-3,5],[0,2],[0,5],[1,1],[1,2],[2,1],[0,1],[-1,1],[-2,1],[-4,2],[-2,1],[0,2],[-2,0],[0,3],[-1,1],[0,1],[-1,1],[-1,0],[1,2],[0,0],[-1,0],[-1,0],[-5,0],[-4,2],[-2,2],[-2,4],[-2,2],[-1,0],[-2,-1],[-1,-1],[-2,0],[-1,1],[-1,0],[-2,0],[-2,-1],[-2,0],[-2,0],[-2,-1],[-2,-1],[-7,0],[0,0],[-1,1],[-3,1],[-3,0],[-3,0],[-1,1],[-1,1],[-1,2],[0,0],[0,-1],[-1,0],[0,1],[-1,1],[-1,0],[-2,-2],[-2,-1],[-1,-1],[-1,-2],[0,-2],[0,-1],[0,-1],[0,0],[-1,-1],[0,-1],[1,-2],[1,0],[1,0],[-2,-1],[-1,1],[0,-2],[-4,-4],[0,-1],[0,0],[0,0],[-1,0],[-2,0],[-3,0],[0,-4],[0,-2],[0,0],[1,-2],[1,-1],[2,-1],[1,-2],[2,0],[0,0],[1,-1],[0,-1],[0,0],[-1,0],[-2,-4],[0,-1],[1,-1],[0,-1],[1,-1],[0,-1],[2,0],[1,-1],[1,-1],[0,-1],[0,-1],[-2,-1],[-1,-3],[1,-2],[-1,0],[0,-1],[-1,-2],[0,0],[1,0],[4,1],[0,0],[1,0],[1,-1],[1,-2],[0,-1],[0,-1],[-1,-1],[0,-1],[1,0],[0,-1],[1,0],[1,-1],[0,0],[0,-1],[0,0],[0,-1],[1,-2],[0,0],[0,-2],[0,-1],[0,-2],[0,-1],[1,0],[1,0],[1,-2],[2,-1],[2,0],[1,-1],[1,-1],[0,0],[0,0],[0,-1],[0,-1],[-1,0],[-1,-1],[-1,0],[0,0],[1,-1],[0,-2],[0,0],[-1,-1],[-1,0],[0,0],[-1,-1],[0,1],[-2,-1],[-1,0],[0,-1],[0,0],[-1,1],[0,0],[0,0],[-1,1],[-1,0],[-1,0],[-1,-1],[-1,0],[0,-1],[-2,0],[0,0],[-1,0],[-1,0],[-1,0],[0,0],[0,0],[-1,-1],[1,-1],[1,-1],[0,0],[0,0],[-1,-1],[0,0],[0,-1],[-1,1],[-2,0],[-1,0],[-1,0],[-1,1],[-1,0],[0,-1],[0,-2],[2,-1],[1,-1],[0,0],[-1,0],[0,-1],[0,0],[1,-1],[0,0],[-1,-1],[1,-1],[0,0],[0,-1],[-2,0],[0,0],[0,-1],[1,-1],[0,-1],[-1,0],[0,-1],[-1,-1],[0,-1],[0,-1],[1,-1],[1,-1],[1,0],[2,-1],[2,1],[1,0],[2,0],[0,0],[2,-1],[0,-1],[0,0],[0,-1],[1,0],[2,-1],[2,1],[1,-1],[1,1],[1,0],[1,1],[1,2],[2,1],[2,0],[3,0],[1,1],[3,0],[1,0],[3,0],[1,1],[4,2],[2,1],[5,2],[3,1],[3,-1],[1,0],[1,1],[2,0],[1,0],[1,1],[4,2],[1,-1],[0,0],[3,1],[3,2],[1,0],[2,0],[2,-1],[0,0]],[[110,631],[0,0],[0,-2],[0,-3],[1,-1],[2,1],[0,1],[0,1],[0,0],[-1,1],[0,1],[-2,1]],[[592,389],[0,1],[-1,0],[0,1],[0,1],[0,2],[-1,1],[-1,2],[1,2],[-1,0],[-3,2],[0,0],[-1,-1],[0,0],[0,0],[-1,-1],[0,0],[-1,-1],[0,0],[-1,0],[-1,1],[-2,0],[0,0],[-2,0],[-2,0],[-1,1],[0,0],[-1,3],[-2,2],[-1,1],[-1,0],[-1,0],[-1,-1],[-1,0],[0,0],[-1,1],[0,1],[-2,1],[-3,1],[-1,0],[0,1],[0,1],[0,0],[0,1],[0,0],[-3,1],[-3,0],[-2,1],[-2,0],[-1,-1],[-1,-1],[-2,-1],[0,0],[0,0],[-1,0],[-1,0],[0,0],[-1,-1],[-1,-2],[-1,-2],[0,-1],[0,-1],[1,-1],[0,0],[0,0],[0,-1],[0,-2],[1,-1],[0,0],[2,0],[1,0],[2,0],[1,-1],[0,-1],[1,0],[0,-1],[0,0],[1,-1],[1,0],[0,-1],[0,-1],[0,0],[0,-1],[2,-1],[0,-1],[0,0],[1,0],[0,-1],[1,-1],[0,0],[1,0],[0,0],[1,0],[1,0],[0,1],[0,0],[2,0],[1,-2],[0,0],[1,0],[0,-1],[1,0],[0,1],[1,1],[0,0],[0,0],[1,1],[0,0],[1,0],[0,1],[0,0],[0,1],[0,0],[0,0],[1,0],[0,0],[2,0],[0,-1],[0,-1],[1,0],[0,-1],[1,0],[0,0],[1,0],[0,0],[1,0],[0,-1],[1,1],[1,0],[1,0],[1,0],[0,0],[1,-2],[0,0],[1,0],[1,0],[3,0],[0,0],[2,0],[1,1],[0,1],[1,0],[1,1],[3,0],[1,0]],[[539,433],[-1,0],[-1,0],[0,0],[0,0],[-1,0],[1,2],[-1,0],[-1,0],[0,0],[-1,1],[0,1],[-1,0],[-1,0],[0,1],[-1,0],[0,0],[0,1],[0,0],[0,1],[0,1],[1,1],[-1,1],[0,0],[-2,1],[-1,1],[0,0],[1,1],[0,0],[-1,1],[0,0],[0,1],[1,0],[0,1],[-1,0],[-2,0],[-1,-1],[-1,1],[0,0],[-1,0],[0,-1],[-1,0],[-1,-1],[0,0],[0,-1],[-1,1],[0,0],[0,2],[-1,0],[-1,0],[-1,0],[-1,0],[-1,0],[0,0],[0,0],[0,1],[-1,0],[-3,0],[0,-1],[1,0],[0,-1],[1,0],[1,0],[0,-1],[-1,0],[-1,-2],[0,0],[-1,0],[0,-1],[0,-1],[0,-1],[-1,0],[0,0],[0,0],[0,0],[0,-1],[1,-1],[0,0],[0,0],[-1,-1],[0,0],[-1,0],[0,0],[0,0],[0,-1],[0,0],[0,-1],[1,-1],[1,0],[0,-1],[1,0],[0,0],[1,0],[1,0],[1,0],[0,0],[2,0],[2,1],[0,0],[0,0],[1,0],[0,0],[0,-1],[1,0],[1,-1],[0,0],[1,-1],[0,0],[1,0],[0,-1],[2,0],[2,0],[1,0],[1,-1],[2,0],[0,0],[1,0],[1,0],[0,-1],[0,-1],[0,-1],[1,0],[1,0],[1,0],[0,1],[0,1],[0,0],[1,1],[0,0],[0,1],[1,1],[0,0]],[[605,457],[0,0],[-1,1],[0,0],[0,1],[-1,2],[0,0],[0,0],[0,2],[0,1],[0,1],[0,0],[1,1],[0,0],[1,2],[0,0],[2,1],[1,0],[1,1],[0,1],[1,0],[0,1],[0,1],[0,0],[0,1],[-1,1],[-1,1],[-1,0],[0,1],[-1,0],[0,1],[0,0],[0,1],[0,1],[1,1],[0,1],[1,0],[0,1],[-1,1],[0,1],[-1,0],[0,0],[-1,-1],[0,0],[-1,1],[-1,1],[-1,-1],[-1,1],[0,0],[-1,0],[0,1],[-1,0],[-1,0],[0,0],[-1,-1],[0,0],[1,-1],[0,0],[1,-3],[0,-1],[0,0],[0,0],[-1,0],[-3,-1],[0,-1],[-1,0],[-1,-1],[0,0],[-1,-1],[-1,-1],[-1,0],[-1,-1],[-1,0],[0,0],[0,-1],[0,0],[-1,0],[0,1],[-1,0],[0,0],[0,1],[1,0],[0,1],[-1,0],[-1,2],[0,0],[0,1],[0,0],[-1,1],[0,-1],[0,0],[-1,-1],[-1,0],[-3,-1],[-1,0],[0,0],[-2,-1],[0,0],[-1,-1],[-2,-1],[-1,-1],[-1,0],[0,-1],[0,0],[0,-1],[0,0],[1,-1],[0,0],[1,1],[0,0],[0,-1],[1,-1],[-1,0],[-1,-2],[-1,-2],[-1,0],[1,0],[0,0],[0,0],[1,0],[1,-1],[1,0],[0,0],[-1,-1],[-1,-1],[-1,-1],[-1,0],[-1,-1],[0,0],[-1,0],[0,-1],[0,-1],[0,-1],[1,-1],[1,-1],[0,-2],[0,-1],[0,0],[-1,0],[0,0],[-1,0],[-1,0],[-1,1],[0,-1],[0,0],[1,0],[0,0],[0,0],[0,-1],[-1,-2],[1,-1],[0,0],[0,0],[1,0],[1,0],[1,0],[0,0],[0,-1],[-1,0],[0,0],[0,-1],[-1,0],[-2,0],[-1,-1],[0,-1],[1,0],[0,-1],[0,0],[-1,0],[-1,-1],[0,-1],[0,-1],[-1,-1],[1,0],[0,-1],[0,0],[0,0],[1,-1],[0,0],[0,-1],[0,0],[1,1],[0,-1],[1,0],[1,0],[0,-1],[0,0],[1,0],[0,-1],[1,-1],[1,0],[1,0],[1,0],[3,0],[0,0],[0,0],[1,1],[1,1],[1,0],[1,1],[0,0],[1,1],[1,1],[0,0],[0,0],[0,0],[0,0],[0,0],[1,1],[0,1],[0,1],[0,0],[0,0],[0,0],[0,1],[1,0],[1,1],[1,0],[1,1],[0,0],[1,0],[2,1],[0,0],[0,0],[1,0],[0,0],[0,1],[-1,0],[0,1],[0,0],[0,0],[0,0],[0,1],[0,0],[0,0],[1,0],[1,0],[0,1],[0,0],[-1,0],[-1,0],[0,0],[0,1],[2,0],[1,1],[0,0],[1,0],[2,0],[1,1],[1,1],[1,-1],[1,-2],[2,0],[1,0],[1,1],[1,0],[-1,1],[-1,0],[0,0],[-1,1],[0,1],[1,0],[1,1],[0,0],[1,0],[0,1],[0,0]],[[501,473],[-1,0],[0,-1],[0,-1],[1,0],[0,1],[0,1]],[[973,7],[0,85],[-1,0],[-4,1],[-3,1],[-3,0],[-1,0],[0,0],[-1,0],[-1,0],[0,-1],[1,-1],[0,-1],[-1,-2],[-1,-1],[-1,1],[0,1],[0,1],[0,0],[-1,2],[0,1],[0,3],[-1,1],[0,1],[-1,1],[0,1],[1,0],[0,1],[0,1],[0,2],[0,1],[-1,0],[0,1],[0,1],[0,3],[0,0],[1,1],[0,0],[0,1],[-1,0],[-1,0],[-1,1],[-1,1],[-1,1],[0,1],[0,2],[0,0],[0,0],[-1,0],[0,0],[-1,0],[-1,-1],[-1,-2],[1,-2],[0,-1],[-1,-1],[0,0],[-1,0],[0,0],[0,1],[0,1],[0,1],[-1,0],[0,1],[-1,0],[-2,0],[-2,1],[0,1],[0,0],[0,1],[0,0],[1,0],[0,0],[0,1],[0,1],[-1,0],[-1,-1],[-1,-1],[-1,0],[-1,0],[-1,0],[0,0],[0,1],[0,1],[0,1],[-1,1],[-2,3],[-2,1],[-1,-1],[0,-1],[-1,-1],[-1,-1],[0,-1],[-2,0],[-3,-2],[-2,-1],[-2,-1],[-1,0],[-1,2],[0,1],[0,0],[0,1],[-1,1],[-1,0],[0,1],[-1,0],[-2,0],[-2,1],[-1,1],[-2,2],[0,1],[-1,1],[0,2],[0,1],[-1,1],[0,0],[1,1],[0,0],[1,1],[-1,1],[0,0],[-1,1],[0,1],[0,1],[-1,2],[-1,1],[-1,2],[-1,2],[-1,1],[-2,3],[-1,1],[-1,0],[0,2],[-2,2],[0,0],[0,1],[0,0],[0,1],[0,1],[1,1],[0,1],[-1,0],[-1,0],[0,1],[-1,1],[-1,1],[-1,0],[-1,2],[0,1],[0,0],[0,1],[-1,1],[-1,0],[0,1],[-1,0],[0,2],[-1,1],[-1,0],[0,1],[0,0],[-2,3],[0,1],[-1,1],[-2,2],[0,1],[0,0],[-1,0],[-2,2],[-2,1],[-1,0],[0,1],[1,2],[0,0],[1,1],[0,1],[0,1],[0,0],[1,0],[2,-1],[0,0],[0,-1],[1,0],[0,0],[1,0],[0,0],[0,1],[0,1],[-1,0],[0,1],[0,0],[0,1],[1,1],[1,-1],[1,0],[1,-1],[0,0],[2,0],[2,-1],[1,0],[0,1],[0,1],[0,0],[-1,0],[-1,1],[-1,1],[-1,1],[-1,1],[-1,1],[0,1],[0,1],[0,0],[0,2],[1,1],[1,1],[2,1],[1,0],[0,1],[0,1],[0,2],[-2,1],[0,1],[0,2],[-1,1],[0,1],[1,0],[2,0],[1,0],[1,0],[1,1],[1,-1],[3,-1],[0,0],[1,0],[3,-1],[0,0],[2,0],[1,1],[1,1],[1,2],[0,2],[0,2],[-1,3],[-2,2],[-1,0],[-1,1],[-1,0],[-1,0],[-1,0],[-1,0],[0,0],[0,1],[0,2],[1,1],[0,1],[-2,2],[0,0],[0,-1],[-1,0],[0,0],[-2,1],[-1,0],[-1,1],[-1,0],[-1,0],[-2,-1],[-2,0],[-2,0],[-1,1],[0,0],[-1,1],[-2,0],[0,0],[0,1],[0,1],[0,1],[0,1],[-1,1],[-1,0],[-2,0],[-2,0],[-1,1],[0,1],[-1,1],[0,0],[-1,0],[0,2],[-1,2],[0,1],[0,1],[0,2],[0,1],[-1,1],[-1,0],[-2,0],[-2,0],[-2,0],[-2,0],[-2,0],[0,0],[-1,1],[0,0],[1,1],[0,0],[1,1],[2,1],[0,1],[0,1],[0,0],[0,0],[-1,0],[-1,-1],[-1,-1],[-2,-1],[-2,0],[0,-1],[-2,0],[-1,0],[-1,0],[-1,0],[-3,-1],[-1,0],[-1,0],[-1,0],[0,1],[-1,1],[-1,0],[-1,0],[0,1],[0,0],[-1,1],[0,0],[0,0],[-1,0],[-1,-1],[-2,0],[-1,0],[-1,1],[0,0],[-132,-206],[1,-1],[1,1],[0,1],[0,0],[1,0],[0,0],[0,0],[0,-1],[1,-1],[0,-1],[-1,0],[-1,-1],[-1,0],[0,1],[0,-3],[2,-4],[1,-3],[2,-1],[1,-1],[0,1],[-2,2],[0,1],[0,0],[1,0],[0,0],[1,0],[-1,1],[1,1],[0,1],[2,1],[1,1],[0,1],[-1,0],[0,1],[-1,1],[0,1],[0,0],[1,0],[0,0],[2,-1],[1,0],[0,-1],[1,-1],[0,0],[0,-1],[1,0],[1,1],[1,-1],[-1,-2],[0,-2],[0,-2],[1,-1],[1,-2],[0,0],[2,-1],[1,-1],[2,0],[1,-1],[1,-2],[1,-5],[0,0],[0,-1],[2,-3],[0,0],[1,0],[1,1],[1,0],[1,1],[0,0],[0,1],[0,1],[2,2],[1,0],[2,0],[0,-1],[1,-1],[0,0],[-1,0],[0,-1],[0,-1],[-1,0],[-1,-2],[1,-1],[1,-1],[0,-1],[0,-2],[-1,-2],[-1,-1],[-1,1],[-5,-3],[-1,-1],[-1,-1],[1,-2],[0,-2],[0,-1],[0,0],[3,-1],[71,0],[0,0],[-1,1],[-1,0],[0,-1],[0,0],[-1,0],[0,0],[-2,1],[-1,-1],[-1,1],[0,0],[-2,3],[-1,0],[0,1],[1,0],[0,0],[2,1],[0,0],[2,0],[2,-1],[2,0],[2,-1],[3,-4]],[[827,259],[-2,4],[-1,1],[0,1],[-1,0],[0,0],[0,-1],[-1,0],[-1,0],[-2,0],[-1,0],[-1,0],[0,1],[0,2],[0,1],[0,3],[0,0],[0,1],[-1,1],[-1,2],[-1,1],[-1,1],[-1,1],[0,1],[0,1],[1,2],[-2,2],[0,2],[-1,1],[0,0],[-1,1],[0,0],[1,0],[1,3],[2,1],[0,1],[1,0],[1,1],[0,1],[0,1],[-1,1],[-1,1],[-1,0],[-1,0],[-1,0],[-2,-1],[-3,-2],[-2,0],[-1,0],[-1,0],[0,1],[0,1],[0,1],[0,1],[1,1],[0,1],[0,1],[0,1],[-1,2],[0,2],[1,3],[1,2],[1,0],[1,0],[1,1],[0,0],[1,1],[0,1],[-1,1],[0,3],[1,3],[1,2],[2,0],[2,0],[1,1],[1,1],[1,1],[0,1],[1,1],[1,0],[1,1],[1,-1],[0,-1],[1,0],[3,-2],[2,0],[1,0],[1,1],[3,1],[2,1],[1,0],[2,2],[2,1],[2,2],[0,0],[0,1],[-1,0],[-1,0],[-1,0],[0,1],[0,0],[0,0],[0,1],[0,0],[1,1],[0,0],[1,0],[1,0],[2,0],[3,0],[1,0],[0,0],[-1,1],[0,1],[0,0],[-1,3],[-1,0],[0,1],[0,0],[1,1],[0,0],[0,1],[0,0],[0,0],[-1,0],[-1,0],[0,0],[-1,3],[0,1],[-1,1],[-2,2],[0,0],[-1,0],[0,1],[0,1],[-1,0],[-1,-1],[0,0],[0,1],[1,0],[1,1],[0,1],[0,0],[0,1],[-1,0],[1,2],[0,1],[0,1],[0,2],[0,1],[0,1],[1,1],[-1,0],[-1,0],[1,1],[0,0],[-1,2],[0,1],[0,1],[0,1],[1,1],[0,0],[2,-1],[1,1],[2,0],[1,0],[1,1],[2,1],[2,3],[2,2],[-1,-4],[0,-1],[0,1],[1,2],[0,3],[1,1],[1,2],[0,0],[1,3],[1,0],[0,0],[2,1],[1,0],[1,2],[1,0],[1,0],[4,2],[2,2],[2,0],[1,2],[1,0],[1,0],[1,0],[0,1],[0,2],[0,1],[0,1],[-1,2],[-1,0],[0,3],[0,2],[-1,0],[-2,1],[0,0],[-3,1],[-1,-1],[-1,-1],[-1,0],[-1,-1],[-1,0],[0,0],[-1,0],[-2,-1],[-1,0],[-1,0],[0,1],[0,0],[-1,0],[0,-1],[-1,0],[-1,0],[-1,0],[-1,0],[-1,1],[-1,0],[-1,0],[-1,0],[0,0],[-2,0],[-1,-1],[0,0],[-1,-2],[0,-1],[0,-1],[-1,0],[-1,1],[-2,1],[-2,-1],[-1,0],[-1,0],[-1,0],[-1,0],[0,0],[0,2],[-1,0],[-1,0],[-1,0],[0,0],[-2,1],[-1,2],[0,1],[-1,0],[0,1],[-2,0],[0,1],[-1,-1],[0,0],[0,-1],[0,0],[0,-1],[-2,0],[-1,0],[-2,0],[-3,0],[-1,0],[-1,0],[-1,0],[-1,0],[-1,0],[-1,1],[-2,-1],[-1,1],[-2,1],[0,0],[0,1],[-5,1],[-1,0],[-2,0],[-3,0],[-1,0],[-2,0],[-2,0],[-1,1],[-2,0],[-2,1],[0,0],[0,1],[0,1],[-2,0],[-5,-2],[-2,-1],[-8,-3],[-1,0],[-4,0],[-1,0],[-5,-2],[-1,1],[-1,0],[-1,0],[-1,0],[-1,-1],[-1,-1],[-1,-1],[-3,0],[-3,0],[-1,0],[0,0],[2,-2],[1,-1],[-2,0],[0,0],[-1,0],[1,-1],[0,0],[1,0],[2,0],[1,0],[1,0],[3,-3],[0,0],[-1,-1],[0,0],[0,0],[-1,-1],[1,-1],[0,-3],[0,-3],[1,-1],[0,0],[1,1],[0,0],[0,-1],[0,-1],[1,-1],[1,0],[1,0],[-3,-2],[-3,-1],[0,1],[-1,0],[-2,-2],[-1,-1],[1,0],[1,0],[2,-2],[0,0],[1,0],[2,-1],[-1,-1],[-1,-1],[2,-1],[1,-1],[3,-3],[1,-1],[0,0],[0,-1],[-1,-1],[-1,0],[-2,0],[0,2],[-2,1],[-1,1],[0,-2],[1,0],[0,-1],[-2,1],[0,1],[-2,3],[0,-1],[-1,0],[0,-1],[1,-1],[0,0],[0,0],[-1,0],[0,0],[0,0],[0,-1],[0,0],[0,-1],[-1,-1],[0,-1],[1,-1],[1,-1],[1,-1],[0,0],[0,-2],[1,-1],[1,0],[1,-1],[2,-1],[3,-1],[0,0],[1,-1],[-1,-1],[0,-1],[0,-2],[0,-1],[0,0],[0,0],[-1,0],[0,0],[0,-1],[0,0],[-1,-1],[0,-1],[-1,-1],[0,0],[-2,1],[0,-1],[0,-2],[0,0],[1,-1],[1,0],[0,-1],[0,0],[0,0],[-1,0],[-1,0],[-1,0],[-1,-1],[1,-1],[1,-1],[0,-1],[1,-1],[0,-1],[0,-1],[-1,0],[-1,-1],[0,-1],[0,-1],[0,0],[-1,0],[0,0],[-1,1],[-1,0],[-2,0],[-1,-1],[-1,1],[-1,0],[-1,-1],[0,0],[-1,0],[0,0],[-1,1],[-1,0],[-1,0],[-2,-1],[0,1],[-1,0],[-2,-1],[-1,0],[0,1],[0,1],[0,0],[0,0],[-1,1],[-1,-1],[-2,-1],[-2,-1],[0,-1],[-1,0],[-1,-1],[-1,0],[-1,1],[0,1],[-1,0],[-1,1],[-1,1],[-1,1],[0,1],[-1,-1],[-1,0],[-1,0],[0,1],[-1,-1],[-1,0],[0,0],[-1,0],[-2,0],[0,1],[-1,1],[-1,0],[-1,-1],[0,0],[-1,-1],[-1,-1],[0,0],[0,-1],[0,-1],[0,0],[-1,0],[0,-2],[-1,0],[0,-1],[0,0],[0,-1],[-1,1],[0,0],[-1,0],[0,-1],[-1,-1],[0,0],[-1,0],[-1,1],[-1,0],[0,1],[-1,-1],[-1,0],[-2,1],[-1,0],[0,0],[1,-1],[-1,0],[0,-1],[0,0],[-1,-1],[0,-1],[-1,-1],[0,0],[0,-1],[1,0],[1,-1],[0,0],[-1,-1],[-3,-2],[-1,-2],[-2,-1],[-1,0],[-1,-1],[-1,1],[-1,0],[-1,1],[-1,0],[-2,2],[-1,0],[-1,0],[-2,0],[0,0],[-1,1],[0,0],[0,3],[0,0],[-1,1],[0,0],[-1,0],[-1,0],[-1,0],[0,0],[0,0],[-1,-1],[-1,-1],[0,0],[0,0],[-1,-2],[0,-1],[0,-1],[-1,-1],[0,-1],[0,0],[0,0],[-1,-1],[-1,-1],[-1,0],[-1,-1],[0,0],[0,-1],[0,-1],[0,-1],[1,0],[1,-1],[1,0],[0,0],[1,1],[1,0],[1,0],[1,0],[1,-1],[1,-2],[0,-1],[1,-1],[0,0],[1,0],[-1,-1],[0,0],[0,-1],[-2,-1],[-1,0],[0,0],[0,-1],[0,0],[-2,-1],[-2,0],[-2,1],[0,0],[0,-1],[0,-1],[0,-1],[0,0],[-1,-1],[-1,0],[-3,-1],[-1,-1],[-1,-1],[0,-1],[-1,0],[0,0],[0,-2],[0,0],[-1,0],[-1,-1],[-2,0],[0,-1],[0,0],[0,-1],[0,-1],[1,-1],[-1,-1],[0,-1],[-1,-1],[-1,0],[0,-1],[0,0],[0,0],[1,-1],[-1,-2],[0,0],[0,-1],[-1,0],[0,0],[-1,0],[0,0],[-1,0],[0,0],[-1,-1],[0,0],[-2,-1],[-2,1],[-1,0],[0,0],[0,1],[-1,0],[0,1],[-1,0],[-1,1],[0,0],[-1,-1],[0,-1],[0,0],[0,-1],[0,0],[-1,0],[-2,-1],[0,0],[-1,1],[-1,1],[0,0],[-1,-1],[0,0],[-1,-1],[-1,1],[0,0],[-1,0],[0,0],[-2,-1],[0,0],[0,-1],[0,-1],[0,-1],[-1,-2],[0,0],[-1,-1],[0,0],[-1,-1],[-1,0],[0,-1],[0,-1],[-1,0],[-1,1],[0,0],[0,-2],[0,-1],[0,-2],[0,0],[0,-1],[0,0],[0,-1],[0,0],[-1,-1],[-2,0],[0,-1],[0,-1],[-1,1],[0,-1],[0,-1],[0,0],[0,-1],[0,-1],[0,0],[2,-1],[0,-1],[0,0],[0,0],[-1,0],[0,-1],[-1,-1],[-1,-1],[-1,-1],[0,-1],[0,-1],[0,-1],[0,0],[-2,-4],[0,-1],[0,-1],[0,-1],[1,-1],[0,-1],[1,-3],[0,-1],[0,0],[0,0],[1,-1],[0,0],[0,0],[0,-1],[0,0],[-1,-1],[0,0],[0,-1],[-1,-1],[0,-1],[0,-1],[1,0],[0,0],[1,1],[1,-1],[0,-1],[0,-1],[1,0],[1,0],[1,0],[0,0],[0,-1],[0,-1],[1,0],[0,-1],[4,-1],[3,1],[0,-1],[0,-1],[-1,0],[0,0],[-1,-1],[-2,-1],[-1,0],[-1,1],[-2,0],[-3,-1],[-1,0],[-1,-2],[-1,-1],[2,1],[-1,-1],[0,-1],[0,0],[-1,0],[-2,2],[-2,1],[1,-4],[2,-2],[0,-1],[0,-1],[1,0],[0,-1],[2,-2],[1,-2],[1,-3],[0,-1],[1,-1],[1,-3],[0,0],[1,-4],[1,-2],[0,-1],[2,-3],[1,-3],[0,-1],[0,-2],[0,-1],[1,-2],[-1,-1],[0,0],[-1,-1],[0,0],[-1,-1],[-1,-1],[-2,-1],[-2,-1],[-2,-1],[-3,-2],[-1,0],[0,0],[1,-1],[1,-3],[0,-1],[0,-1],[0,-1],[0,-1],[-1,0],[0,-1],[-2,0],[-1,-1],[-1,-1],[0,-1],[1,-1],[-1,-1],[0,0],[0,-1],[-2,0],[-1,0],[0,-1],[-1,-1],[0,0],[0,-1],[0,-1],[1,0],[0,-1],[0,0],[-1,-1],[-1,0],[0,0],[0,0],[0,0],[0,-1],[0,-2],[0,-2],[-1,-1],[0,0],[1,0],[1,-1],[0,0],[0,-1],[0,0],[-2,-4],[0,0],[-1,-2],[-1,0],[-1,-1],[0,-1],[-1,-1],[-1,-1],[-1,-1],[0,-1],[-2,-2],[0,-1],[-1,0],[0,-1],[1,-2],[0,-2],[1,-2],[0,-1],[1,-3],[0,-1],[0,-1],[-2,0],[-2,-2],[-1,-2],[-2,0],[-2,-1],[-2,-2],[-1,-2],[0,-1],[1,-4],[0,0],[0,-1],[-1,0],[0,0],[-1,0],[-1,0],[1,-1],[1,0],[1,-1],[0,-1],[1,0],[0,-1],[0,0],[0,-3],[0,0],[2,-2],[1,0],[0,-1],[0,-1],[0,0],[0,-1],[0,0],[0,-1],[0,0],[0,0],[1,0],[1,1],[1,-1],[1,0],[0,0],[0,-1],[-1,-1],[0,-1],[1,0],[2,0],[0,0],[1,-1],[0,-1],[1,-1],[0,0],[0,0],[0,-1],[0,-1],[2,1],[1,1],[2,0],[1,0],[0,1],[0,1],[0,0],[-1,0],[-3,0],[0,1],[0,0],[1,1],[1,1],[1,-1],[1,0],[1,0],[0,0],[0,1],[0,0],[1,-1],[1,0],[0,0],[1,0],[0,1],[0,1],[0,2],[0,1],[-1,0],[1,0],[1,-1],[0,-3],[0,0],[3,-1],[1,0],[2,0],[1,0],[1,0],[0,-1],[0,0],[4,0],[5,1],[7,2],[5,3],[0,1],[2,0],[0,-1],[1,0],[5,2],[1,0],[0,-1],[-1,-1],[1,0],[0,1],[2,1],[1,0],[2,2],[1,0],[0,0],[1,0],[1,0],[2,3],[1,1],[1,2],[1,0],[0,0],[1,1],[1,3],[0,1],[-1,7],[-2,3],[-3,4],[-3,3],[-2,0],[-3,1],[-2,0],[-2,0],[-2,0],[-1,0],[-3,1],[-5,0],[-1,0],[-4,-2],[-1,2],[0,0],[-1,-1],[0,0],[0,0],[-2,-1],[-1,1],[-1,-1],[-1,0],[-1,1],[0,0],[-2,-1],[-1,0],[-2,-2],[0,0],[0,-1],[-3,0],[-3,1],[1,0],[1,0],[1,0],[1,1],[1,1],[1,1],[2,1],[0,0],[0,1],[2,-1],[0,1],[0,1],[1,1],[1,0],[1,0],[0,0],[0,1],[0,1],[-1,0],[1,0],[1,0],[3,0],[2,1],[3,2],[1,1],[0,1],[0,0],[0,1],[0,1],[0,2],[0,1],[0,1],[1,2],[1,1],[2,2],[1,1],[0,2],[1,0],[0,0],[0,1],[1,2],[1,1],[2,1],[1,0],[1,-1],[1,0],[3,1],[2,2],[0,0],[3,0],[1,0],[3,1],[1,0],[1,-2],[1,-2],[0,-1],[0,-1],[-1,-1],[-1,-2],[-1,0],[-1,0],[-1,1],[-1,0],[-1,0],[-1,-1],[-3,-2],[-1,0],[0,-1],[-1,-1],[-1,-1],[1,0],[1,-1],[-1,-3],[1,-1],[1,0],[2,1],[4,2],[1,0],[1,0],[1,-1],[0,0],[1,1],[0,-1],[3,0],[4,1],[1,0],[0,-2],[0,0],[1,-2],[1,0],[1,0],[0,-1],[-1,-1],[-1,-1],[-1,-1],[-3,-2],[-1,-1],[-1,-1],[0,-2],[0,0],[2,-4],[0,-1],[0,-3],[1,0],[1,-1],[2,-3],[1,-2],[0,-4],[0,-1],[1,0],[1,0],[1,0],[1,0],[1,-1],[1,0],[3,0],[0,1],[1,0],[0,1],[0,1],[0,0],[1,-1],[1,0],[0,0],[1,1],[1,0],[0,-1],[-1,0],[-1,-2],[0,-3],[0,-1],[-1,-3],[-1,-1],[-1,-2],[0,-1],[-1,-1],[-2,0],[-1,0],[-1,-1],[-1,-1],[0,-1],[-1,-4],[-1,-5],[0,-1],[-1,0],[0,-1],[-1,-1],[0,-1],[-6,-2],[0,0],[-1,-1],[1,0],[0,0],[4,0],[0,0],[4,-3],[3,0],[2,-1],[3,2],[2,2],[3,1],[1,2],[-2,1],[-1,1],[-3,2],[0,1],[-1,4],[1,1],[0,1],[2,0],[3,1],[2,2],[1,1],[1,0],[1,0],[1,-1],[1,0],[0,0],[0,0],[1,-1],[3,-3],[1,-1],[0,-2],[-2,-3],[0,-1],[0,-1],[-1,-1],[-1,-1],[2,-2],[1,-2],[1,0],[0,-1],[-1,-1],[-1,0],[0,-1],[1,0],[1,0],[1,0],[2,-5],[0,-2],[1,-2],[1,-2],[0,0],[1,-1],[1,-2],[1,-1],[1,-2],[0,0]],[[692,7],[0,0],[4,1],[1,0],[2,0],[1,0],[0,0],[0,2],[0,1],[0,0],[0,0],[-3,1],[0,0],[-1,0],[0,0],[-1,0],[0,1],[1,0],[0,0],[1,0],[0,1],[0,0],[-2,0],[0,0],[0,0],[-1,0],[0,1],[0,0],[-1,0],[0,0],[0,0],[-2,1],[-1,1],[-1,0],[-1,0],[0,0],[0,1],[0,0],[-1,0],[-1,0],[-2,1],[-2,0],[0,-1],[0,0],[0,-1],[-1,0],[0,-1],[0,-1],[1,0],[-1,-1],[1,0],[1,0],[0,0],[-2,-1],[-2,0],[0,-1],[-1,1],[0,0],[-1,-1],[-1,-1],[0,-1],[0,0],[-2,2],[-1,1],[-1,0],[-1,1],[0,1],[-5,-8]],[[666,7],[5,8],[-1,0],[-1,0],[-1,0],[-1,-1],[-1,-2],[-1,0],[0,-2],[-1,0],[0,-2],[0,0],[0,-1]],[[632,139],[0,1],[1,1],[0,0],[0,1],[0,0],[-1,-1],[0,0],[-1,0],[0,-1],[0,0],[0,0],[0,-1],[1,0]],[[662,102],[0,1],[-2,0],[0,-1],[0,0],[0,0],[1,0],[1,0],[0,0]],[[675,14],[1,1],[1,0],[0,0],[1,0],[0,1],[1,1],[0,1],[0,0],[1,0],[-1,1],[0,-1],[-1,0],[-1,0],[0,-1],[-1,0],[-1,-1],[-1,1],[0,0],[-1,0],[0,-1],[0,0],[1,-1],[0,-1],[1,0],[-1,0],[0,0],[1,0],[0,0]],[[794,10],[-1,1],[-2,0],[-2,0],[0,-1],[0,0],[1,-1],[1,0],[1,-1],[0,1],[1,0],[0,0],[1,1],[0,0]],[[840,354],[0,1],[-1,-1],[-1,-1],[0,0],[1,1],[1,0]],[[682,49],[1,2],[0,0],[-1,1],[0,-1],[-1,0],[0,1],[0,1],[0,2],[-1,3],[-1,1],[-1,1],[-2,-1],[-2,-1],[0,-1],[0,0],[-1,-1],[0,-1],[-1,-1],[0,-2],[0,-1],[1,-2],[0,0],[1,-1],[5,1],[2,0],[1,0]],[[719,9],[1,0],[1,1],[0,1],[0,1],[0,1],[-1,0],[-1,0],[0,1],[0,0],[-1,0],[0,0],[-1,-1],[-1,0],[-1,0],[0,0],[-1,0],[0,1],[0,0],[0,0],[-3,-1],[-1,0],[0,0],[0,-1],[-2,-1],[0,0],[0,-1],[0,0],[0,-2],[0,-1],[1,0],[0,0],[2,1],[1,0],[1,0],[1,0],[2,0],[1,1],[2,0],[0,0]],[[564,304],[-1,1],[-1,4],[0,0],[1,0],[1,0],[1,0],[2,-1],[0,-2],[-1,-2],[1,0],[1,-1],[0,1],[1,0],[1,1],[2,0],[2,1],[0,0],[2,-1],[2,0],[0,1],[1,1],[1,0],[0,1],[0,3],[0,1],[0,1],[0,1],[1,1],[0,0],[-5,0],[-4,1],[-5,0],[-4,1],[-3,0],[-3,0],[-2,0],[0,0],[1,-1],[0,-2],[1,-1],[0,-2],[0,-1],[1,-1],[2,0],[1,-1],[1,-1],[1,-2],[1,-1],[0,0]],[[656,428],[2,2],[1,0],[3,0],[1,0],[0,0],[-1,0],[0,-1],[0,0],[1,0],[0,0],[2,-1],[1,-1],[2,-1],[2,0],[1,1],[0,0],[1,1],[0,1],[0,2],[0,1],[0,1],[-5,3],[0,-1],[0,-1],[-1,0],[1,-1],[-2,0],[0,0],[0,1],[0,1],[0,1],[0,1],[0,1],[0,1],[0,0],[1,0],[0,1],[-1,2],[0,1],[1,5],[0,2],[0,1],[-2,1],[0,0],[-2,0],[-2,-1],[-1,-1],[-1,0],[-1,0],[-1,0],[0,0],[-1,0],[-2,0],[-3,-1],[-1,0],[-2,1],[-3,1],[-3,2],[-2,3],[-1,1],[-1,2],[-2,0],[-4,1],[-3,0],[-4,0],[-2,1],[-3,0],[-5,0],[-3,0],[-3,1],[0,0],[-1,0],[0,-1],[1,-1],[0,0],[1,-1],[0,0],[-1,-1],[-2,-1],[-1,0],[0,0],[0,-1],[-1,0],[0,0],[-1,-1],[-1,0],[0,-1],[1,-1],[0,0],[1,0],[1,-1],[-1,0],[-1,-1],[-1,0],[-2,0],[-1,2],[-1,1],[-1,-1],[-1,-1],[-2,0],[-1,0],[0,0],[-1,-1],[-2,0],[0,-1],[0,0],[1,0],[1,0],[0,0],[0,-1],[-1,0],[-1,0],[0,0],[0,0],[0,-1],[0,0],[0,0],[0,0],[0,-1],[1,0],[0,-1],[0,0],[-1,0],[0,0],[0,0],[-2,-1],[-1,0],[0,0],[-1,-1],[-1,0],[-1,-1],[-1,0],[0,-1],[0,0],[0,0],[0,0],[0,-1],[0,-1],[-1,-1],[0,0],[0,0],[0,0],[0,0],[0,0],[-1,-1],[-1,-1],[0,0],[-1,-1],[-1,0],[-1,-1],[-1,-1],[1,0],[2,-1],[1,1],[0,-1],[1,0],[0,-1],[0,0],[0,0],[1,-1],[2,0],[1,0],[0,-1],[0,0],[0,-1],[1,0],[0,-1],[-1,0],[1,-2],[0,0],[0,0],[1,-1],[0,-1],[0,-1],[0,0],[1,-1],[0,-2],[0,0],[0,-1],[1,-1],[0,0],[1,-3],[0,0],[0,-1],[1,0],[-1,-2],[1,0],[0,-1],[1,-1],[0,-1],[1,-1],[0,0],[1,0],[0,0],[1,0],[1,-1],[0,0],[1,-2],[1,-1],[0,0],[1,-1],[0,0],[1,-1],[0,0],[3,1],[2,-1],[0,0],[0,0],[0,1],[3,0],[1,-1],[0,0],[1,1],[1,-1],[1,0],[1,0],[1,0],[0,0],[3,2],[0,0],[1,0],[1,-1],[1,-1],[2,-2],[2,-1],[2,0],[2,-1],[1,-1],[0,-1],[0,-2],[1,0],[1,-1],[1,0],[1,0],[0,0],[1,0],[1,1],[1,0],[1,1],[1,1],[1,1],[0,1],[1,1],[0,1],[2,1],[0,0],[1,1],[1,2],[1,0],[1,1],[0,1],[1,0],[1,1],[2,1],[1,2],[1,1],[0,1],[1,2],[0,0],[0,2],[0,3],[0,2],[1,2],[0,0],[0,1],[1,1],[0,1],[0,0],[-1,0],[0,1],[1,0],[0,1],[1,0]],[[142,572],[2,1],[1,1],[2,1],[0,1],[-1,0],[-1,1],[-2,-1],[-1,-2],[-1,-1],[0,0],[1,-1]],[[276,476],[1,-1],[1,0],[1,0],[2,0],[1,-1],[0,1],[0,0],[1,1],[0,0],[0,0],[-1,1],[-1,1],[1,1],[0,0],[0,0],[1,0],[1,0],[1,0],[0,0],[2,0],[0,1],[1,0],[1,1],[1,0],[1,0],[1,-1],[0,0],[0,0],[1,-1],[0,0],[0,1],[1,0],[2,1],[0,-1],[1,1],[0,0],[1,0],[1,1],[0,0],[0,2],[-1,1],[0,0],[1,0],[1,1],[1,0],[0,1],[0,1],[0,0],[0,0],[-1,1],[-1,1],[-2,0],[-2,1],[-1,2],[-1,0],[-1,0],[0,1],[0,2],[0,1],[0,2],[0,0],[-1,2],[0,1],[0,0],[0,1],[0,0],[-1,1],[-1,0],[0,1],[-1,0],[0,1],[1,1],[0,1],[0,1],[-1,2],[-1,1],[-1,0],[0,0],[-4,-1],[-1,0],[0,0],[1,2],[0,1],[1,0],[-1,2],[1,3],[2,1],[0,1],[0,1],[-1,1],[-1,1],[-2,0],[0,1],[-1,1],[0,1],[-1,1],[0,1],[2,4],[1,0],[0,0],[0,1],[-1,1],[0,0],[-2,0],[-1,2],[-2,1],[-1,1],[-1,2],[0,0],[0,2],[0,4],[-1,-1],[-4,2],[-2,0],[-2,-2],[-3,-1],[-2,-1],[-1,0],[-2,0],[-1,1],[-1,-1],[2,-2],[2,-3],[1,-2],[0,-2],[1,-2],[-1,-2],[2,-3],[0,-1],[0,-3],[2,1],[0,-1],[-1,0],[-1,0],[0,-1],[-2,1],[-1,0],[-1,0],[1,-2],[0,-2],[1,0],[1,0],[1,0],[0,-1],[0,-1],[1,-1],[2,-1],[-1,0],[-1,0],[-2,2],[-1,2],[-1,0],[-1,0],[-1,-1],[0,0],[0,-1],[0,-1],[1,-1],[1,-2],[1,-2],[0,-1],[0,0],[1,-1],[1,0],[1,-2],[3,-3],[3,-4],[0,0],[-1,-1],[1,-1],[2,-5],[1,0],[1,-1],[0,-3],[1,-1],[0,-1],[0,-1],[0,-2],[0,-4],[0,-1],[1,-1],[-1,0],[0,-1],[0,-1],[2,-1]],[[80,478],[0,0],[0,0],[-1,0],[0,-1],[0,0],[1,0],[0,1],[0,0]],[[71,445],[0,0],[-2,-1],[-1,-1],[1,-1],[0,0],[1,0],[1,1],[1,1],[0,1],[-1,0]],[[63,443],[0,0],[-2,-3],[-1,-1],[-1,-2],[3,4],[1,2]],[[55,438],[-1,0],[-1,-2],[2,0],[0,1],[0,1],[0,0],[0,0]],[[59,442],[0,1],[-1,-1],[0,0],[-1,-1],[-1,0],[-1,-1],[0,-1],[1,0],[1,0],[2,3]],[[80,463],[0,1],[4,1],[1,1],[-1,1],[-1,0],[-2,-1],[-3,-2],[0,-1],[0,-1],[0,0],[1,0],[1,1]],[[595,353],[1,1],[0,1],[0,0],[0,1],[1,0],[1,2],[1,2],[1,1],[1,0],[0,1],[0,0],[0,0],[-1,0],[0,1],[1,0],[0,1],[1,1],[0,1],[0,1],[-1,0],[0,1],[-2,1],[0,1],[-1,1],[-1,1],[-1,2],[-2,3],[0,1],[-1,1],[-1,2],[0,1],[0,1],[1,2],[0,1],[0,0],[0,1],[0,0],[1,1],[1,1],[0,0],[0,0],[-1,0],[-1,0],[-1,0],[0,0],[-1,0],[-3,0],[-1,-1],[-1,0],[0,-1],[-1,-1],[-2,0],[0,0],[-3,0],[-1,0],[-1,0],[0,0],[-1,2],[0,0],[-1,0],[-1,0],[-1,0],[-1,-1],[0,1],[-1,0],[0,0],[-1,0],[0,0],[-1,0],[0,1],[-1,0],[0,1],[0,1],[-2,0],[0,0],[-1,0],[0,0],[0,0],[0,-1],[0,0],[0,-1],[-1,0],[0,0],[-1,-1],[0,0],[0,0],[-1,-1],[0,-1],[-1,0],[0,1],[-1,0],[0,0],[-1,2],[-2,0],[0,0],[0,-1],[-1,0],[0,0],[-1,-1],[-2,-2],[0,-1],[0,0],[0,-1],[-1,0],[-1,0],[-1,0],[0,0],[-1,-1],[-1,0],[0,0],[0,-1],[-1,0],[0,1],[0,0],[-1,0],[0,0],[-1,0],[0,-1],[-1,0],[0,0],[-1,-1],[0,0],[1,-1],[1,0],[-1,-1],[0,0],[0,0],[-1,1],[-1,0],[0,0],[-3,-2],[-2,0],[0,0],[-1,0],[1,1],[1,1],[0,0],[-1,1],[-1,0],[0,1],[0,0],[-1,1],[0,0],[-1,-1],[-1,-1],[-1,-2],[0,0],[-1,0],[0,0],[-1,-1],[1,0],[0,0],[1,-1],[0,0],[0,0],[0,-1],[0,0],[0,0],[-1,-1],[-2,1],[-1,0],[0,0],[0,-1],[-1,0],[0,0],[-1,-1],[-1,0],[-2,0],[0,0],[-1,0],[0,-1],[0,0],[-1,-2],[-1,0],[-1,0],[0,0],[0,1],[0,1],[-1,0],[-1,0],[0,0],[1,-2],[1,-1],[0,-3],[-1,-1],[0,-1],[0,0],[-2,-1],[0,-1],[0,-1],[0,0],[-1,-1],[0,-1],[0,-1],[0,-1],[0,0],[1,-1],[0,-1],[0,0],[-1,-1],[0,0],[0,-1],[0,-1],[-1,0],[0,0],[0,-1],[0,-1],[0,-1],[-1,-2],[-2,-2],[-1,-1],[0,-1],[0,-1],[1,0],[1,-2],[0,-1],[0,0],[0,-1],[-1,-4],[-1,-1],[0,-1],[0,0],[2,0],[1,1],[0,-1],[0,0],[0,-1],[-1,-1],[-1,0],[-1,0],[-1,-1],[0,-1],[1,1],[1,0],[3,-2],[4,-2],[5,-2],[1,0],[2,-1],[0,0],[0,-1],[1,-1],[1,-2],[3,0],[1,-1],[2,-2],[5,-1],[2,-1],[1,0],[2,1],[2,1],[1,0],[-1,0],[-2,-1],[0,0],[1,3],[1,1],[1,1],[2,0],[3,-1],[1,-1],[1,0],[0,0],[2,0],[3,0],[3,0],[4,-1],[5,0],[4,-1],[5,0],[0,0],[0,-1],[1,0],[1,0],[0,0],[0,1],[0,0],[1,0],[0,0],[1,0],[1,1],[1,1],[0,0],[1,1],[0,1],[0,0],[2,5],[2,4],[1,2],[1,2],[0,1],[0,1],[1,1],[0,1],[-1,1],[-3,2],[0,0],[-1,2],[0,1],[-1,1],[0,0],[1,0],[1,1],[1,0],[1,1],[1,0],[0,0],[0,1],[0,1],[0,1],[1,1],[-1,1],[0,1],[0,1],[1,1]],[[533,105],[-1,0],[-2,1],[1,1],[0,0],[0,1],[1,2],[-1,1],[0,1],[-1,1],[2,1],[-1,1],[-1,1],[0,0],[-1,0],[-3,-1],[-1,0],[-1,-1],[0,1],[-3,-1],[0,0],[-1,1],[0,0],[0,3],[1,1],[0,1],[-1,1],[0,2],[-2,-1],[-2,-1],[-1,2],[-2,2],[0,4],[0,0],[-1,1],[-1,1],[0,0],[-1,1],[1,2],[1,1],[0,1],[0,1],[0,1],[0,1],[-2,3],[-2,3],[-1,1],[1,3],[-1,1],[-1,1],[-1,0],[0,1],[-3,0],[1,3],[0,1],[0,1],[0,1],[0,1],[0,5],[-1,1],[0,1],[-1,4],[-1,2],[-2,3],[2,1],[1,1],[0,1],[1,2],[0,1],[-1,1],[0,1],[0,1],[-2,-1],[-3,0],[0,0],[-2,0],[-1,1],[-1,1],[0,0],[0,1],[-2,3],[-1,1],[1,2],[-2,3],[1,3],[0,0],[1,1],[-1,1],[0,0],[0,1],[0,2],[0,1],[0,1],[2,4],[0,1],[0,1],[-1,3],[0,4],[1,0],[1,2],[1,0],[1,1],[1,2],[0,1],[0,1],[0,0],[-1,1],[0,1],[0,0],[-2,0],[0,1],[-1,0],[0,1],[1,3],[1,2],[1,2],[-1,1],[0,1],[0,1],[0,2],[-1,1],[0,1],[-1,1],[-1,0],[0,0],[-1,0],[0,2],[-1,1],[-1,1],[0,1],[1,2],[0,2],[0,2],[0,2],[-1,1],[0,1],[-1,-1],[-1,-2],[0,0],[0,0],[-2,-1],[0,0],[0,0],[-1,0],[-1,-1],[0,-1],[-1,-2],[0,0],[0,-3],[0,-1],[-1,-1],[0,1],[0,2],[0,0],[-1,1],[0,1],[0,0],[0,1],[0,1],[-1,3],[0,1],[-1,0],[0,0],[-1,1],[-1,0],[0,-1],[-2,-2],[0,0],[0,1],[1,1],[0,1],[-1,0],[0,0],[-2,1],[1,1],[-1,1],[-1,0],[0,0],[0,1],[-2,1],[-3,4],[-2,1],[-1,1],[-1,0],[-1,1],[-3,1],[-2,-1],[-2,1],[0,-1],[-1,0],[1,-1],[0,0],[-1,0],[0,0],[0,0],[0,1],[-1,0],[-1,0],[0,-1],[0,-1],[1,0],[0,0],[0,-1],[0,0],[-1,0],[-1,0],[-3,-2],[0,-1],[-2,-1],[-1,-1],[0,-2],[0,-1],[0,-3],[1,0],[1,1],[2,1],[0,0],[1,-1],[1,-1],[0,0],[-2,1],[0,-1],[-1,-1],[0,0],[0,-1],[0,0],[0,-1],[0,-1],[1,-1],[1,-1],[1,-1],[1,0],[0,-1],[-1,1],[-1,0],[-1,1],[-1,1],[-1,0],[-1,1],[-1,0],[0,1],[-1,1],[-2,0],[0,-1],[1,-4],[0,-1],[1,-1],[1,0],[0,-1],[1,0],[0,0],[1,1],[1,-1],[1,0],[2,-1],[0,-1],[-1,1],[-1,0],[-1,0],[-1,0],[0,-1],[1,-1],[1,-2],[1,0],[0,-1],[0,0],[0,-1],[2,-2],[1,-1],[1,1],[-1,2],[0,1],[1,-3],[1,-1],[0,0],[1,-1],[1,0],[-2,0],[-3,1],[-1,1],[-1,1],[-1,1],[0,1],[-1,1],[0,0],[-1,1],[-1,1],[-1,1],[-1,1],[0,1],[-1,0],[0,1],[0,0],[-1,-1],[1,-1],[0,-1],[0,-1],[1,-1],[-1,-1],[1,-1],[0,0],[1,1],[1,0],[1,-1],[0,0],[-1,-1],[-1,0],[-1,0],[0,-2],[-1,-2],[1,0],[2,-2],[1,-1],[0,0],[-1,1],[-2,0],[-1,-1],[0,-1],[0,-2],[0,-1],[0,-2],[1,0],[0,0],[1,0],[2,0],[3,0],[2,0],[1,0],[1,0],[2,0],[0,0],[1,1],[0,1],[0,0],[1,0],[-1,0],[0,-2],[4,-1],[0,0],[-1,0],[0,-1],[0,-2],[0,0],[0,0],[-1,2],[0,1],[0,0],[-1,0],[-1,0],[-1,0],[-1,0],[-1,-1],[1,0],[-1,-1],[0,1],[0,1],[-1,1],[-2,-1],[-3,0],[-2,1],[-1,0],[-1,-2],[-1,-1],[0,-1],[0,-1],[2,-1],[0,1],[1,-1],[-1,0],[0,-1],[-1,-1],[0,0],[-1,-1],[0,-2],[0,-1],[1,0],[1,0],[2,0],[2,1],[2,1],[3,0],[2,-1],[-1,0],[-2,0],[-1,0],[-4,-1],[-1,-1],[-1,1],[-1,-1],[0,-1],[0,-2],[1,0],[0,0],[1,0],[0,0],[0,-1],[1,-1],[1,-1],[1,0],[1,0],[0,0],[0,0],[1,1],[0,0],[3,-1],[0,0],[1,-1],[-2,1],[-1,0],[-1,0],[0,-1],[0,0],[1,-1],[0,0],[1,-1],[0,0],[1,0],[1,0],[2,0],[2,1],[1,0],[1,0],[0,0],[1,0],[-1,0],[-1,-1],[1,0],[1,-1],[2,0],[0,-1],[-4,1],[-1,-1],[-1,0],[-1,1],[-1,0],[-1,0],[1,-1],[1,-2],[0,0],[0,-1],[3,-1],[1,-1],[1,0],[0,0],[1,0],[2,1],[0,1],[1,0],[2,2],[0,0],[-2,-3],[-1,0],[0,-1],[0,-2],[1,0],[2,-1],[0,0],[0,-1],[0,0],[-1,0],[0,-1],[-1,0],[1,-1],[1,-1],[0,0],[2,0],[1,0],[1,1],[-1,1],[0,0],[1,0],[1,-1],[1,-1],[1,0],[0,0],[1,1],[0,1],[1,0],[0,1],[0,0],[1,0],[0,-1],[1,0],[2,1],[1,-1],[0,0],[0,-1],[0,0],[0,-1],[0,0],[1,-1],[1,-1],[1,0],[1,-1],[0,0],[0,-1],[-1,0],[0,0],[0,-1],[2,-1],[-1,0],[0,0],[-1,0],[-1,1],[-1,1],[0,0],[1,1],[-1,1],[-4,3],[-2,1],[0,-1],[-1,0],[0,-1],[0,-1],[-1,0],[-1,0],[0,0],[1,-2],[0,-1],[1,0],[1,-1],[0,-2],[2,-1],[2,-4],[1,-1],[1,-1],[1,-1],[1,-1],[1,0],[1,-1],[0,-1],[0,0],[-1,1],[-1,0],[0,-1],[1,-1],[0,-1],[5,-3],[0,0],[0,1],[2,0],[1,-2],[1,-2],[0,1],[-1,0],[-1,2],[-1,0],[0,0],[0,-1],[-1,0],[0,0],[-1,-1],[0,-1],[1,-2],[0,-1],[0,-1],[2,-3],[0,-1],[1,-1],[1,0],[0,0],[0,-1],[-1,0],[0,-1],[3,-1],[2,0],[1,-1],[1,0],[0,-1],[0,0],[-2,0],[-1,1],[0,0],[-1,0],[-1,0],[-1,-3],[1,-2],[0,0],[0,-1],[1,-1],[0,0],[1,-1],[0,0],[1,0],[1,-1],[0,0],[-1,0],[0,-1],[0,-1],[0,0],[1,0],[1,-2],[0,0],[1,0],[0,-1],[1,0],[1,0],[1,-1],[3,0],[1,-1],[-1,0],[-3,0],[-1,0],[-1,0],[0,0],[0,0],[0,-1],[0,-1],[1,-1],[1,-2],[1,1],[1,1],[1,0],[0,0],[1,2],[0,0],[0,-2],[1,-1],[0,0],[-1,0],[-1,0],[-1,-1],[0,-1],[0,-1],[1,0],[-1,-1],[-1,2],[-1,0],[-1,0],[1,-1],[-1,-1],[2,-2],[0,-1],[1,1],[1,0],[0,0],[1,0],[0,-1],[-2,0],[0,-1],[0,0],[1,-1],[1,-1],[1,0],[1,-1],[0,0],[0,1],[1,2],[0,2],[1,0],[-1,-2],[1,0],[0,0],[0,-1],[0,0],[-1,-1],[0,-2],[0,0],[1,-1],[1,-1],[1,1],[1,0],[1,0],[1,-1],[1,-1],[0,0],[0,0],[0,0],[-1,0],[0,0],[-1,0],[-3,0],[-1,0],[0,-1],[0,-1],[1,0],[1,-1],[1,0],[1,-2],[1,-1],[0,-2],[1,-2],[2,-1],[0,0],[-1,-1],[0,-1],[1,-2],[0,-1],[0,0],[1,1],[0,1],[1,0],[2,0],[0,0],[-1,-1],[-1,0],[0,-1],[0,-1],[1,0],[0,0],[1,-1],[0,0],[0,0],[0,-1],[1,-1],[2,-2],[0,1],[0,2],[0,2],[0,1],[1,-1],[0,-4],[0,-1],[1,-1],[0,0],[1,-1],[0,0],[0,0],[1,1],[0,3],[0,1],[0,1],[-1,3],[0,0],[0,0],[1,0],[1,-3],[1,0],[0,0],[0,-1],[-1,-1],[0,-1],[-1,-2],[1,-1],[1,0],[0,0],[1,0],[0,0],[1,-2],[1,0],[1,1],[1,0],[1,1],[0,0],[-1,-2],[-1,-1],[-1,-1],[-1,-1],[0,0],[0,0],[1,-1],[1,0],[1,-1],[0,0],[1,0],[1,0],[0,0],[0,-1],[1,-1],[1,1],[1,0],[0,1],[1,2],[1,1],[0,1],[1,0],[0,-1],[-1,-1],[0,0],[0,-2],[0,0],[1,-3],[1,-1],[1,-1],[0,-2],[1,-1],[0,0],[0,-1],[-1,0],[0,-1],[0,-1],[1,-2],[1,0],[0,0],[1,1],[1,0],[1,1],[0,0],[0,-1],[0,0],[1,0],[0,0],[1,0],[0,0],[0,1],[0,0],[-1,2],[0,2],[0,1],[0,3],[-1,1],[0,2],[1,0],[1,-1],[0,-1],[0,-2],[2,-5],[1,-2],[1,-3],[0,0],[1,1],[0,2],[0,1],[0,0],[0,2],[0,0],[1,1],[0,1],[0,0],[1,-2],[0,-2],[1,-1],[-1,-1],[1,-1],[1,0],[0,0],[-2,-1],[0,-1],[0,-1],[1,-1],[1,-1],[0,1],[2,0],[2,0],[0,2],[0,1],[0,0],[-2,2],[0,0],[1,0],[1,0],[0,0],[0,1],[1,3],[0,1],[0,1],[0,0],[0,-2],[0,-1],[1,-1],[-1,-2],[0,-2],[1,-1],[0,-1],[1,0],[1,0],[1,1],[0,1],[2,0],[0,0],[0,0],[1,0],[0,-1],[1,0],[1,1],[0,1],[0,0],[1,0],[1,0],[2,1],[1,1],[0,1],[-2,2],[-1,1],[-1,1],[-6,1],[0,1],[4,1],[1,0],[0,1],[0,1],[0,0],[1,1],[0,0],[1,0],[1,0],[0,-1],[0,-1],[0,-1],[1,1],[0,1],[1,0],[0,-1],[0,0],[1,0],[1,0],[0,1],[1,1],[0,1],[0,0],[-1,0],[-1,1],[-1,-1],[-1,0],[0,0],[0,0],[0,1],[0,0],[0,1],[0,0],[0,1],[0,1],[-1,0],[-2,2],[0,0],[0,3],[0,0],[0,1],[-1,0],[-1,0],[0,-1],[0,-1],[0,-2],[1,-1],[0,0],[0,-2],[-2,-2],[-2,-1],[-2,-1],[-1,0],[-1,-1],[-2,-2],[0,1],[-1,0],[-1,2],[0,0],[-1,1],[0,0],[-1,0],[-1,0],[-1,0],[0,0],[-1,3],[0,1],[-1,0],[0,1],[0,1],[0,3],[0,2],[0,0],[1,3],[0,1],[0,1],[-1,1],[0,0],[-1,0],[0,1],[0,1],[0,2],[-1,1],[-1,0],[-1,-1],[-1,0],[-1,0],[-1,-1],[-1,0],[-1,0],[0,1],[0,0],[-1,1],[-1,1],[-1,0],[0,-1],[-2,0],[-2,0],[0,0],[0,0],[-1,-1],[-2,-2],[0,-1],[-1,-2],[-2,-1],[0,0],[-1,0],[-1,0],[0,1],[0,0],[-1,1],[1,1],[0,1],[0,0],[-1,-1],[-1,1],[0,0]],[[440,226],[-1,0],[0,0],[0,-2],[0,0],[1,0],[0,1],[0,1]],[[440,237],[0,2],[-1,0],[0,-1],[0,-1],[0,0],[0,-2],[0,0],[0,0],[1,1],[0,1]],[[579,84],[-1,0],[0,0],[0,-1],[0,-1],[0,0],[1,1],[0,0],[0,1]],[[487,160],[0,1],[-1,0],[0,-1],[0,-1],[1,0],[0,0],[0,0],[0,1]],[[465,189],[-1,0],[0,0],[1,-1],[2,0],[0,-1],[0,0],[0,1],[0,0],[0,1],[-2,0]],[[463,194],[-1,0],[-1,0],[0,-1],[0,0],[1,-1],[1,0],[0,1],[0,1],[0,0]],[[543,76],[0,1],[0,0],[-1,1],[-1,2],[0,0],[0,0],[-1,1],[-1,0],[0,0],[0,0],[-1,1],[0,0],[-1,-1],[-1,-1],[0,0],[1,0],[0,-1],[1,0],[0,0],[1,0],[1,-1],[1,0],[1,-2],[0,0],[0,0],[1,0]],[[552,69],[2,0],[0,0],[1,1],[0,0],[0,1],[0,0],[-1,0],[0,1],[-1,0],[-1,-1],[-1,0],[0,0],[1,-1],[0,-1]],[[544,80],[1,1],[0,0],[-1,1],[-1,1],[1,1],[-1,0],[0,0],[-1,0],[0,-1],[0,0],[0,0],[-1,0],[0,0],[0,-1],[1,-1],[0,0],[1,0],[1,-2],[0,0],[0,1]],[[546,79],[-1,1],[0,0],[-1,-1],[0,-1],[0,-1],[1,0],[0,0],[0,0],[1,0],[0,1],[0,1]],[[497,120],[0,1],[1,0],[0,0],[0,0],[0,1],[-1,0],[0,1],[-1,0],[0,0],[-1,0],[0,1],[-1,-1],[0,1],[0,0],[0,0],[-1,1],[0,-2],[0,0],[1,-1],[0,0],[0,0],[1,-1],[1,-1],[0,0],[1,0]],[[492,127],[-1,0],[0,-1],[1,-2],[0,0],[1,0],[0,1],[0,0],[-1,1],[0,1]],[[503,110],[1,1],[1,1],[0,2],[-1,1],[-1,0],[-1,0],[0,0],[-1,-1],[0,0],[-1,1],[0,0],[-1,-1],[0,0],[1,-1],[0,-1],[1,0],[0,0],[0,0],[1,-1],[-1,0],[1,-1],[1,1],[-1,-2],[1,0],[0,0],[0,0],[0,1]],[[526,88],[0,0],[0,0],[0,0],[1,1],[0,0],[0,1],[0,0],[0,0],[-1,0],[0,0],[-1,-1],[0,-1],[0,-1],[0,0],[1,1]],[[531,89],[0,1],[-1,0],[0,0],[0,0],[-1,0],[0,-1],[0,0],[0,-1],[1,-1],[1,0],[0,0],[0,2]],[[523,91],[1,0],[0,0],[0,0],[1,0],[0,0],[0,1],[0,1],[-1,1],[-1,1],[0,0],[0,0],[-1,1],[0,1],[0,1],[0,0],[-2,1],[-1,0],[-1,0],[0,-1],[0,0],[1,0],[0,-1],[0,0],[0,0],[0,-1],[0,0],[1,0],[0,-1],[0,0],[1,0],[0,0],[0,-1],[0,0],[0,-1],[0,-1],[1,-1],[0,0],[0,-1],[0,0],[0,-1],[0,-1],[1,0],[0,1],[0,2]],[[490,156],[0,0],[0,0],[0,-1],[1,0],[0,-1],[1,0],[0,1],[0,0],[-2,1]],[[490,154],[-1,0],[0,-1],[1,0],[0,-1],[0,0],[0,0],[1,0],[0,1],[0,1],[-1,0]],[[483,172],[0,0],[-1,0],[-2,0],[0,0],[0,-1],[1,-1],[1,0],[1,1],[0,1]],[[515,99],[1,1],[0,-1],[0,0],[1,0],[0,1],[1,0],[0,1],[0,1],[0,0],[0,1],[0,0],[0,2],[-1,0],[-1,0],[-1,0],[0,1],[-1,2],[0,0],[-1,-1],[0,0],[-1,0],[0,0],[0,-1],[1,0],[0,-1],[0,-1],[0,-1],[0,0],[0,-1],[1,0],[1,0],[-1,-1],[0,0],[0,-1],[0,0],[1,0],[0,-1],[0,0],[0,0]],[[507,115],[0,0],[1,-1],[0,-1],[0,0],[1,-1],[0,0],[0,-1],[0,0],[0,-1],[1,0],[0,1],[1,0],[0,2],[0,1],[-1,1],[-1,0],[0,2],[-1,1],[0,0],[0,0],[-1,0],[0,0],[0,0],[-2,1],[0,0],[0,-1],[-1,0],[0,1],[0,1],[-1,0],[0,-1],[-2,2],[-2,1],[0,-1],[0,-1],[1,-1],[1,-1],[2,-1],[2,-2],[0,-3],[0,-1],[0,-1],[0,0],[0,-1],[0,-1],[1,-1],[0,-1],[1,-2],[0,0],[1,0],[0,0],[0,1],[-1,2],[0,1],[0,1],[0,1],[0,1],[1,2],[-1,1],[0,1]],[[380,70],[0,0],[0,-1],[1,-1],[2,-1],[2,-1],[1,0],[0,1],[0,1],[-2,0],[-2,0],[-2,2]],[[515,24],[-1,0],[-1,0],[0,-2],[0,0],[1,0],[1,0],[0,1],[0,1]],[[439,374],[-1,0],[-1,0],[0,0],[-1,0],[0,-1],[0,0],[0,-1],[1,-1],[0,0],[0,0],[0,0],[1,-2],[0,0],[0,-1],[-1,0],[-1,0],[-1,-1],[0,-1],[0,0],[-1,0],[-1,1],[-1,-1],[0,-1],[-1,-1],[0,0],[0,-1],[0,1],[-1,0],[-1,0],[0,0],[0,0],[0,0],[0,-1],[0,0],[-2,1],[0,0],[0,-1],[-1,0],[0,0],[-1,1],[0,0],[0,1],[-1,-1],[0,0],[-1,0],[-1,-1],[-2,0],[-1,0],[-1,0],[0,-1],[-1,-1],[1,0],[0,0],[2,0],[1,0],[2,2],[1,0],[0,0],[0,-1],[-1,0],[0,0],[-1,-1],[2,0],[-1,0],[0,-1],[-1,-2],[0,-1],[1,-1],[0,-1],[1,0],[0,0],[2,-2],[1,-2],[1,-2],[1,-5],[1,-1],[0,-1],[1,1],[0,0],[2,-1],[2,-2],[1,-1],[1,-1],[3,-1],[2,-1],[2,0],[2,0],[2,0],[1,1],[0,1],[1,0],[1,1],[0,1],[0,3],[0,0],[-1,1],[0,2],[-1,2],[0,0],[-2,0],[0,0],[0,0],[0,1],[0,0],[-1,0],[0,1],[1,0],[1,0],[0,0],[1,0],[0,1],[0,0],[0,1],[0,1],[0,1],[-1,1],[-1,0],[0,0],[-1,1],[0,0],[0,0],[1,1],[0,0],[0,1],[-1,0],[-2,1],[0,0],[-1,0],[0,0],[0,0],[-2,-1],[0,0],[0,1],[-1,0],[-1,0],[0,1],[1,1],[1,1],[0,0],[0,1],[0,1],[0,0],[0,1],[0,1],[-1,1],[0,1],[0,0],[0,0],[1,0],[0,1],[-2,1],[0,0],[-1,0],[0,0],[0,0],[0,1],[1,0],[0,0],[1,1],[-1,2]],[[424,364],[0,1],[-1,0],[-1,1],[-1,0],[-1,0],[0,0],[-1,0],[0,-1],[-1,0],[-1,0],[0,1],[0,-1],[-1,0],[0,0],[0,-1],[1,-1],[1,0],[1,1],[2,0],[1,0],[1,0],[1,0]],[[444,335],[-1,0],[0,0],[0,0],[1,0],[0,0]],[[441,336],[-2,0],[-1,-1],[0,0],[1,0],[1,0],[1,0],[0,1]],[[433,337],[-1,1],[0,0],[1,-1],[0,0]],[[435,336],[0,0],[-1,0],[2,0],[1,0],[1,0],[-3,0]],[[431,341],[-1,0],[0,0],[0,0],[0,-1],[1,-1],[0,2]],[[422,359],[1,1],[0,0],[0,0],[-1,0],[-1,-1],[-1,1],[0,-1],[0,0],[0,0],[2,0]],[[447,334],[0,0],[0,0],[1,0],[0,0],[-1,0]],[[571,472],[0,1],[0,0],[0,1],[1,0],[1,1],[2,1],[1,1],[0,0],[2,1],[0,0],[1,0],[3,1],[1,0],[1,1],[0,0],[0,1],[-1,0],[-1,1],[0,0],[-1,0],[0,1],[0,0],[1,1],[0,1],[0,0],[-1,0],[-1,1],[0,0],[-1,1],[-1,-1],[0,0],[0,-1],[0,-1],[0,0],[-1,1],[0,1],[-1,1],[-1,1],[0,1],[-1,1],[0,2],[1,0],[0,1],[0,1],[0,0],[0,1],[0,1],[-2,-1],[-1,-2],[-2,-2],[-3,-1],[0,-1],[0,0],[0,0],[-1,0],[0,0],[-1,0],[0,-1],[-1,0],[0,-1],[1,0],[0,0],[0,-1],[0,0],[0,-1],[-1,-1],[0,-1],[0,-2],[0,0],[0,0],[2,-1],[-1,-1],[0,-1],[1,0],[0,-1],[0,-1],[1,-1],[1,0],[0,0],[1,1],[0,0],[0,-1],[0,-1],[-1,-1],[0,0],[0,-1],[1,1],[0,0],[1,0],[0,-1],[1,0]],[[632,393],[0,-1],[1,-1],[1,0],[1,0],[2,-1],[1,-1],[0,0],[1,0],[1,-1],[0,0],[0,0],[1,0],[1,0],[1,1],[1,0],[1,0],[0,0],[0,1],[1,0],[1,0],[1,0],[0,1],[0,0],[0,-1],[1,1],[0,0],[0,0],[1,-1],[0,0],[2,0],[1,2],[1,0],[1,0],[0,0],[1,-1],[0,0],[1,1],[0,2],[1,0],[0,1],[0,2],[-1,0],[1,1],[0,0],[0,0],[2,1],[1,1],[0,0],[1,0],[0,0],[0,0],[1,1],[0,1],[0,0],[0,1],[1,1],[0,0],[0,0],[1,1],[2,0],[1,1],[0,0],[0,2],[1,1],[2,1],[0,0],[0,1],[-2,1],[0,0],[-2,-1],[0,0],[0,0],[-1,1],[0,0],[-1,0],[0,-1],[-1,0],[0,1],[-1,0],[0,0],[0,1],[0,0],[-1,0],[0,-2],[0,0],[-1,0],[0,1],[-1,1],[0,0],[0,1],[0,1],[1,1],[0,1],[0,1],[-1,1],[0,1],[0,2],[-1,0],[0,2],[-1,1],[1,0],[0,1],[0,0],[0,1],[0,0],[-2,0],[0,1],[-1,0],[-1,0],[0,-1],[-1,0],[0,-1],[1,0],[0,0],[0,-1],[-1,-1],[0,-1],[0,0],[-1,-2],[0,-2],[0,-3],[0,-2],[0,0],[-1,-2],[0,-1],[-1,-1],[-1,-2],[-2,-1],[-1,-1],[-1,0],[0,-1],[-1,-1],[-1,0],[-1,-2],[-1,-1],[0,0],[-2,-1],[0,-1],[-1,-1],[0,-1],[-1,-1],[-1,-1],[-1,-1],[-1,0],[-1,-1],[-1,0],[0,0],[-1,0]],[[449,475],[-1,0],[0,0],[0,-1],[0,0],[1,1],[0,0]],[[530,588],[-1,1],[-1,0],[-1,-1],[0,-2],[1,1],[1,1],[1,0]],[[526,586],[0,0],[-1,0],[0,-1],[1,0],[0,0],[0,1],[0,0]],[[598,487],[1,0],[1,0],[0,-1],[1,0],[0,0],[1,-1],[1,1],[1,-1],[1,-1],[0,0],[1,1],[0,0],[2,2],[1,0],[1,1],[1,0],[1,1],[1,2],[1,0],[0,1],[0,0],[0,0],[0,2],[1,3],[-1,1],[0,0],[-1,0],[0,0],[0,2],[-1,1],[-1,1],[-2,0],[-1,0],[-1,0],[0,0],[-2,0],[-1,1],[-1,2],[-1,1],[-1,1],[-1,0],[-1,0],[-1,0],[-1,1],[-1,0],[-1,0],[0,0],[-1,-1],[-1,0],[-1,1],[0,-1],[-1,-1],[-1,-1],[0,0],[-1,-2],[-1,-1],[0,-1],[0,-2],[0,0],[0,-1],[0,0],[0,-1],[0,-3],[0,0],[0,0],[2,0],[0,0],[0,-1],[0,-1],[0,-1],[3,-2],[1,0],[0,0],[1,1],[0,0],[0,-1],[1,-1],[0,0],[2,-1]],[[440,383],[0,1],[0,0],[0,1],[0,1],[1,1],[0,0],[1,1],[1,0],[0,1],[0,0],[-1,1],[0,0],[0,1],[-1,1],[0,1],[0,-1],[-1,0],[0,0],[-1,0],[0,1],[-1,0],[0,0],[-1,-1],[0,0],[-1,0],[0,-1],[0,0],[1,0],[0,-1],[0,0],[-1,-1],[0,-1],[0,-1],[0,0],[0,0],[0,-1],[0,0],[0,-1],[1,0],[0,-1],[1,-2],[1,1],[0,0],[1,0],[0,0]],[[564,304],[0,0],[0,-2],[0,-1],[0,-2],[1,0],[0,1],[0,1],[0,2],[-1,1]],[[581,315],[-1,-1],[0,-1],[0,-1],[0,-1],[0,-3],[0,-1],[-1,0],[-1,-1],[0,-1],[-2,0],[-2,1],[0,0],[-2,-1],[-2,0],[-1,-1],[-1,0],[0,-1],[-1,1],[-1,0],[0,0],[0,-1],[0,-2],[-1,-2],[-1,-3],[-1,-3],[0,0],[2,-2],[2,-3],[1,0],[2,-1],[0,0],[3,-1],[2,0],[1,0],[1,0],[0,0],[1,0],[1,0],[0,0],[4,-1],[0,0],[1,0],[2,0],[1,1],[2,-1],[0,0],[1,0],[1,-2],[0,0],[1,0],[0,0],[1,1],[1,1],[1,0],[4,0],[0,0],[2,2],[1,0],[1,1],[1,1],[1,0],[1,1],[1,0],[1,0],[0,1],[0,1],[0,1],[0,1],[0,1],[0,0],[2,0],[0,0],[1,0],[-1,1],[0,0],[0,0],[0,1],[-3,1],[0,0],[0,1],[0,0],[0,1],[-1,1],[-1,0],[-1,1],[0,1],[0,2],[0,1],[0,1],[0,0],[0,0],[0,2],[0,1],[0,0],[0,1],[0,0],[1,0],[1,0],[0,1],[0,0],[0,1],[-1,0],[-1,0],[0,0],[0,0],[0,-1],[0,-1],[-1,0],[-1,1],[0,0],[-1,1],[0,1],[-1,0],[-1,0],[-1,1],[0,1],[0,1],[-1,0],[-1,1],[-1,1],[-1,-1],[0,0],[-1,0],[-1,1],[0,0],[-1,0],[-1,0],[-1,1],[-1,-1],[0,0],[0,-1],[-1,-1],[0,0],[-1,-1],[-1,-1],[-1,0],[0,0],[-1,0],[0,0],[0,-1],[0,0],[-1,0],[-1,0],[0,1]],[[471,428],[-1,0],[0,0],[0,-1],[0,-1],[1,-1],[0,0],[0,0],[0,1],[0,0],[0,0],[0,1],[0,0],[0,1],[0,0]],[[608,290],[-1,0],[-1,0],[-1,-1],[-1,0],[-1,-1],[-1,-1],[-1,0],[-2,-2],[0,0],[-4,0],[-1,0],[-1,-1],[-1,-1],[0,0],[-1,0],[0,0],[-1,2],[-1,0],[0,0],[-2,1],[-1,-1],[-2,0],[-1,0],[0,0],[-4,1],[0,0],[-1,0],[-1,0],[0,0],[-1,0],[-1,0],[-2,0],[-3,1],[0,0],[-2,1],[-1,0],[-2,3],[-2,2],[-1,-3],[0,-5],[0,-3],[1,-2],[0,-1],[1,-2],[-1,-1],[1,-2],[1,-3],[2,-1],[2,-1],[2,-2],[1,1],[0,1],[3,2],[1,1],[2,3],[3,1],[2,0],[1,-1],[2,-2],[0,-2],[0,-1],[-1,-4],[-1,-2],[0,-1],[0,0],[1,-1],[2,-1],[0,-1],[1,0],[1,-1],[1,0],[0,1],[1,0],[0,-1],[0,0],[0,0],[0,0],[2,1],[1,0],[0,0],[1,1],[1,0],[1,0],[0,0],[2,2],[1,0],[1,1],[1,0],[1,-1],[1,-1],[1,0],[0,1],[1,0],[1,0],[1,0],[1,-1],[0,1],[0,1],[2,0],[1,1],[0,0],[0,1],[0,0],[0,1],[0,0],[0,2],[0,1],[0,2],[0,0],[1,-1],[1,0],[0,1],[0,1],[1,0],[1,1],[0,0],[1,1],[0,0],[1,2],[0,1],[0,1],[0,1],[0,0],[0,0],[0,1],[-1,1],[-1,2],[-1,1],[0,1],[0,0],[-1,1],[0,0],[-1,0],[-2,0],[-1,0],[0,2],[-1,0],[-1,1],[0,0]],[[584,481],[1,-1],[0,0],[0,-1],[0,0],[1,-2],[1,0],[0,-1],[-1,0],[0,-1],[0,0],[1,0],[0,-1],[1,0],[0,0],[0,1],[0,0],[1,0],[1,1],[1,0],[1,1],[1,1],[0,0],[1,1],[1,0],[0,1],[3,1],[1,0],[0,0],[0,0],[0,1],[-1,3],[0,0],[-1,1],[0,0],[1,1],[0,0],[-2,1],[0,0],[-1,1],[0,1],[0,0],[-1,-1],[0,0],[-1,0],[-3,2],[0,1],[0,1],[0,1],[0,0],[-2,0],[0,0],[0,-1],[0,-1],[-1,-2],[0,-1],[-1,0],[-1,-1],[-1,0],[-1,-1],[-1,-1],[0,-1],[0,0],[0,-1],[-1,-1],[0,0],[0,-1],[1,0],[0,0],[1,-1],[1,0]],[[445,443],[1,1],[1,0],[2,0],[1,-1],[1,0],[0,0],[2,1],[1,-1],[1,-1],[0,0],[2,-2],[0,0],[-1,-1],[0,0],[2,-1],[0,-1],[1,-1],[1,0],[0,1],[0,0],[0,2],[0,0],[1,2],[1,0],[1,1],[0,0],[0,1],[1,1],[0,1],[1,0],[0,0],[1,0],[-1,-1],[0,-1],[0,0],[0,-1],[1,-1],[1,-1],[1,-1],[0,-2],[0,-1],[0,0],[1,0],[0,0],[1,1],[0,1],[0,1],[1,0],[1,0],[1,-1],[1,0],[1,0],[0,0],[1,2],[0,0],[0,0],[1,-1],[-1,0],[0,-1],[0,-1],[0,0],[-1,-1],[1,-1],[0,-1],[0,0],[1,0],[1,1],[1,0],[0,0],[0,0],[0,-1],[0,-1],[0,-1],[1,-1],[0,0],[1,0],[1,0],[1,1],[0,0],[1,0],[1,0],[0,-1],[1,0],[0,-2],[1,0],[2,0],[1,0],[1,0],[1,0],[0,0],[2,-1],[2,-1],[1,0],[0,0],[-1,1],[0,1],[0,0],[1,2],[1,1],[1,1],[0,0],[2,0],[1,0],[1,0],[3,1],[2,0],[1,0],[3,1],[-1,0],[0,1],[-1,0],[-1,1],[0,1],[0,0],[0,1],[0,0],[0,0],[1,0],[0,0],[1,1],[0,0],[0,0],[-1,1],[0,1],[0,0],[0,0],[0,0],[1,0],[0,1],[0,1],[0,1],[1,0],[0,0],[1,2],[1,0],[0,1],[-1,0],[-1,0],[1,-1],[-2,-2],[0,0],[-1,1],[-3,0],[0,0],[-1,1],[-1,1],[-1,0],[-1,1],[-2,1],[-1,0],[0,0],[1,-1],[-1,0],[-1,1],[-1,1],[0,1],[0,1],[0,1],[1,2],[2,1],[-1,1],[0,1],[-1,1],[0,-1],[-1,0],[0,2],[1,4],[1,3],[1,1],[2,2],[2,1],[4,3],[3,1],[0,1],[2,2],[1,3],[1,5],[2,2],[1,3],[5,3],[3,3],[4,1],[2,1],[6,-1],[1,0],[1,0],[1,1],[-1,1],[-1,1],[-1,1],[0,2],[1,1],[6,2],[6,2],[2,1],[3,2],[5,2],[1,1],[4,3],[1,2],[1,1],[-1,2],[0,1],[0,2],[-2,-1],[-1,-1],[-3,-4],[-4,0],[-1,-1],[-2,0],[0,-1],[-1,-1],[0,0],[-2,0],[-1,1],[-1,2],[-1,3],[-1,4],[0,2],[1,1],[2,1],[2,1],[2,1],[0,4],[1,2],[-1,1],[-1,0],[-2,1],[-2,1],[0,2],[0,3],[0,1],[-3,3],[-1,2],[-1,1],[0,1],[-4,1],[-1,-2],[0,-2],[0,-1],[2,-1],[0,-2],[0,-2],[0,-1],[1,-1],[1,0],[1,-1],[0,-2],[-1,-1],[0,-2],[-1,-3],[-3,-4],[-1,-3],[-1,-2],[-1,-1],[-2,0],[-1,0],[-4,-2],[0,0],[0,-1],[0,-1],[0,-1],[-1,-2],[-1,-1],[-1,0],[-1,0],[-1,1],[-1,0],[-1,0],[0,0],[1,-2],[0,0],[-2,-1],[-2,0],[0,0],[0,1],[-1,-1],[0,-1],[-2,-3],[-1,-2],[-1,0],[-1,1],[-2,-1],[-2,0],[0,0],[-1,1],[-1,-1],[0,0],[-2,-2],[-2,0],[-5,-5],[-2,-2],[-3,-2],[-1,-3],[-2,-1],[-2,-1],[-1,0],[0,1],[-1,0],[0,-1],[0,0],[1,0],[0,-1],[-3,-3],[-1,-1],[-1,-1],[0,-1],[0,0],[-1,0],[-1,0],[0,-1],[0,-1],[0,-1],[0,-1],[-1,-2],[-2,-2],[0,-5],[-1,-2],[-1,-1],[-4,-1],[-4,-3],[-1,0],[-3,-1],[-2,-1],[-2,1],[-2,3],[-3,3],[-1,1],[-2,1],[-3,1],[0,-1],[0,-1],[0,-1],[1,0],[1,-1],[0,-1],[0,0],[0,-1],[-1,0],[-2,0],[-1,0],[-1,-1],[-2,-1],[-1,-1],[0,-1],[0,0],[0,-1],[0,0],[0,-1],[1,-1],[0,-1],[1,0],[0,0],[0,-2],[-1,0],[0,0],[0,0],[-1,-1],[-1,0],[0,-1],[0,-1],[-1,-1],[0,0],[1,-1],[1,0],[0,1],[2,-1],[0,-1],[1,0],[0,-1],[0,-1],[1,0],[-1,0],[-1,-2],[0,-1],[-1,-1],[-1,-1],[0,0],[0,-1],[0,0],[2,-1],[0,-1]],[[501,501],[0,0],[0,0],[0,0],[0,0],[0,0]],[[501,473],[0,-1],[0,-1],[-1,0],[0,1],[0,1],[1,0]],[[479,488],[1,1],[0,0],[-1,0],[1,1],[-1,-1],[-2,1],[0,0],[-1,-1],[0,0],[2,0],[0,-1],[1,1],[0,-1]],[[518,518],[0,0],[0,0],[-1,0],[1,-1],[1,0],[0,1],[-1,0]],[[499,576],[0,0],[-1,0],[0,-1],[0,0],[1,0],[0,1],[0,0]],[[539,553],[-1,1],[0,1],[-3,4],[0,1],[0,1],[0,1],[0,1],[-1,1],[0,1],[1,1],[0,0],[1,1],[0,0],[-1,1],[1,1],[1,0],[0,1],[0,1],[-1,1],[-1,0],[0,1],[0,1],[0,1],[0,0],[-1,0],[-1,0],[-2,0],[-2,0],[0,0],[-1,-1],[-2,-2],[-1,-1],[-2,-1],[-1,0],[-1,0],[-2,0],[-2,-2],[-3,-1],[-1,-1],[-1,0],[0,-1],[-2,0],[-1,-1],[-1,0],[-1,0],[-1,0],[0,0],[-2,-1],[-1,-2],[0,0],[1,-2],[0,-2],[1,0],[1,-1],[0,0],[0,-1],[2,2],[0,0],[1,0],[1,-1],[0,0],[1,-1],[2,0],[1,0],[0,1],[1,0],[0,0],[2,1],[1,1],[1,0],[1,-1],[2,0],[2,0],[2,-1],[1,0],[1,-1],[1,-1],[1,0],[1,0],[1,0],[2,0],[0,0],[1,-1],[1,0],[0,0],[2,-1],[1,0],[1,0],[-1,1]],[[471,517],[1,0],[1,4],[0,1],[0,1],[-1,0],[-1,2],[0,2],[1,1],[0,1],[0,1],[-1,9],[-1,1],[0,1],[-1,1],[-1,-1],[-1,0],[-1,0],[0,0],[-1,0],[-1,-1],[0,3],[-1,1],[-1,1],[0,0],[-1,0],[-1,0],[-1,-1],[0,-1],[-1,-1],[-1,-1],[0,-2],[0,-2],[0,-1],[1,-1],[0,-1],[0,-1],[0,0],[1,0],[0,0],[0,-1],[0,-1],[-1,0],[-1,-1],[0,-1],[0,0],[1,-1],[0,-1],[0,-2],[0,-1],[-1,-1],[0,-1],[-1,-1],[0,-1],[-1,0],[0,-2],[0,-2],[1,0],[0,0],[1,1],[0,0],[1,0],[2,0],[1,-1],[1,-1],[2,-2],[1,0],[1,-1],[0,-1],[1,0],[0,1],[1,0],[1,1],[1,0],[0,1],[0,0],[1,1],[0,0],[0,0],[-1,1],[0,0],[1,1]],[[458,543],[-1,1],[0,-1],[0,-1],[0,0],[1,0],[0,1]],[[456,514],[0,1],[0,0],[0,-1],[0,-1],[1,0],[0,0],[0,1],[-1,0]],[[309,308],[0,0],[0,-1],[0,0],[-2,-1],[1,0],[0,0],[1,0],[1,0],[-1,2]],[[336,297],[-2,0],[0,1],[-1,1],[0,0],[-1,1],[0,1],[-1,0],[0,0],[-1,0],[0,0],[-1,0],[0,0],[0,0],[0,0],[0,1],[1,0],[0,1],[-1,0],[-2,0],[-1,1],[0,0],[0,1],[1,2],[0,0],[0,1],[2,1],[0,0],[1,1],[1,0],[0,0],[0,0],[1,0],[1,-1],[0,0],[0,-1],[0,0],[1,-1],[1,0],[0,0],[0,0],[1,1],[0,1],[0,0],[0,1],[0,0],[1,1],[0,0],[0,1],[0,0],[1,0],[0,1],[1,0],[0,0],[1,-1],[0,1],[1,0],[0,1],[-1,0],[-1,0],[0,0],[0,0],[0,1],[0,1],[0,1],[0,2],[0,1],[0,1],[0,1],[0,1],[0,0],[0,1],[0,2],[0,1],[-1,2],[0,1],[-1,1],[0,1],[-1,1],[0,1],[-2,2],[-1,0],[0,0],[1,2],[-1,1],[-1,-1],[-2,0],[0,0],[-1,0],[0,0],[-1,0],[0,-1],[0,1],[-1,0],[-1,0],[-2,0],[-1,0],[0,0],[-1,1],[0,0],[-1,0],[-1,0],[0,0],[-1,1],[-1,0],[-1,0],[-1,0],[0,-1],[0,0],[-1,0],[0,0],[0,1],[0,0],[0,1],[-1,0],[0,0],[-2,1],[-1,0],[-1,0],[-4,0],[0,0],[-1,0],[-1,-1],[0,0],[-2,1],[-1,-1],[2,-1],[1,-1],[1,0],[-1,0],[-3,0],[-1,0],[-1,0],[1,-1],[1,0],[1,-1],[1,0],[0,0],[2,-1],[-5,1],[-1,-1],[0,0],[-1,0],[0,-1],[2,-1],[1,-1],[0,0],[1,0],[1,-1],[0,0],[-3,-1],[-1,0],[0,-1],[0,0],[2,-1],[1,1],[0,0],[1,0],[0,1],[2,0],[-1,-1],[0,-1],[0,-1],[1,0],[0,0],[2,-1],[0,0],[2,0],[3,0],[2,0],[-1,-1],[0,0],[-1,1],[-1,0],[-2,0],[0,-1],[-1,0],[0,0],[-1,0],[-1,0],[-1,0],[1,-1],[3,-1],[0,0],[1,-1],[0,-1],[0,0],[2,-2],[0,0],[1,0],[1,0],[0,0],[0,0],[1,-1],[-1,0],[0,-1],[-3,0],[-1,0],[0,-1],[0,0],[0,-1],[0,0],[-1,0],[0,0],[-1,0],[0,0],[1,-1],[-1,0],[-1,0],[-1,-1],[0,0],[1,-1],[0,0],[0,-1],[0,0],[1,0],[1,0],[1,0],[-1,0],[0,-1],[0,0],[0,-1],[2,0],[1,0],[0,-1],[0,0],[-1,-1],[-2,0],[1,-1],[0,-1],[1,0],[0,-1],[-1,0],[0,-1],[0,0],[-1,0],[0,-1],[1,0],[0,-1],[1,1],[1,0],[1,0],[1,0],[2,1],[1,1],[0,0],[1,-1],[0,0],[2,1],[2,1],[0,0],[0,-1],[0,-1],[0,0],[1,-1],[1,0],[1,0],[0,0],[1,-1],[1,-1],[-3,0],[-2,-2],[0,0],[1,0],[1,0],[0,-1],[1,0],[1,-1],[0,-1],[0,0],[1,-1],[0,0],[0,-1],[1,0],[2,0],[0,0],[1,0],[1,1],[0,-1],[1,0],[0,0],[0,1],[0,0],[0,1],[0,0],[-1,1],[0,0],[0,1],[0,0],[1,-1],[0,-1],[0,0],[0,-1],[1,-1],[0,0],[2,0],[-1,-1],[1,0],[0,0],[1,1],[0,1],[1,0],[-1,1],[-1,0],[0,1]],[[325,125],[1,1],[1,-1],[0,0],[2,0],[1,0],[1,0],[0,0],[0,0],[-1,0],[0,0],[-1,1],[-1,1],[-1,1],[0,0],[0,1],[1,0],[0,0],[1,0],[0,1],[0,0],[0,1],[-1,1],[0,0],[-1,1],[0,0],[0,1],[2,0],[0,0],[0,0],[0,1],[0,0],[0,0],[0,1],[-1,1],[1,-1],[1,0],[1,1],[1,1],[0,1],[0,-1],[0,1],[1,0],[0,0],[-1,1],[0,1],[-1,0],[0,0],[0,0],[0,1],[0,0],[0,0],[0,0],[0,1],[0,0],[0,0],[0,0],[-1,0],[1,1],[0,1],[0,0],[0,0],[0,1],[-1,0],[-1,0],[0,0],[0,1],[0,0],[-1,1],[-1,1],[-1,0],[0,0],[-1,0],[-1,-1],[0,1],[-1,1],[0,0],[1,1],[-1,0],[0,1],[-1,0],[-1,0],[-1,1],[-1,0],[-1,0],[-1,0],[-2,0],[-2,0],[-2,1],[-1,0],[-2,1],[-1,1],[-1,0],[-1,-1],[-1,0],[-4,0],[-1,0],[-1,0],[0,1],[0,0],[0,0],[0,1],[-1,0],[-1,0],[-1,0],[0,0],[0,-1],[0,1],[0,0],[0,0],[-1,0],[-2,0],[-4,-2],[-1,-1],[-1,-1],[-1,-1],[-2,-1],[0,-1],[-1,-1],[1,-1],[0,0],[0,0],[0,0],[1,0],[0,0],[0,-1],[-1,0],[-1,1],[0,0],[0,-1],[0,0],[-1,-1],[-1,-1],[0,-1],[0,0],[0,0],[0,0],[0,0],[-1,-1],[-1,1],[0,0],[-6,-2],[-1,-1],[0,0],[0,-1],[0,-1],[0,-1],[0,0],[1,-1],[0,1],[0,0],[0,1],[0,0],[3,0],[1,0],[0,0],[1,0],[0,-1],[1,0],[1,-1],[0,0],[0,0],[1,0],[1,0],[-1,-1],[0,0],[-2,0],[-1,0],[0,0],[1,0],[0,0],[0,-1],[0,0],[0,-1],[1,0],[2,-1],[0,0],[1,0],[0,0],[-1,0],[-2,0],[-1,0],[0,0],[0,-1],[-1,0],[0,-1],[1,0],[1,-1],[0,0],[-1,0],[0,-1],[-2,-1],[-3,-2],[-1,0],[-1,0],[-1,0],[-1,-1],[0,0],[0,-1],[0,-1],[1,0],[0,0],[1,0],[1,1],[1,0],[1,0],[0,0],[1,0],[0,0],[0,0],[0,1],[2,0],[0,0],[0,0],[0,-1],[1,1],[0,0],[1,0],[1,1],[3,1],[0,0],[0,-1],[1,-1],[0,0],[-2,0],[0,0],[-2,-1],[0,-1],[0,0],[2,-1],[1,0],[2,0],[0,0],[0,0],[0,-1],[-2,-1],[0,-1],[-1,-1],[-2,0],[0,-1],[-1,0],[-3,0],[-2,0],[0,0],[-1,-1],[-1,-1],[-1,-1],[0,-1],[1,0],[1,0],[0,0],[1,1],[1,1],[-1,-1],[1,-1],[0,0],[0,-1],[0,-1],[0,0],[0,0],[1,1],[1,2],[1,0],[0,0],[1,0],[0,-1],[-1,0],[-1,-1],[0,0],[0,-1],[0,0],[1,0],[1,0],[-1,-1],[0,-1],[0,0],[0,0],[1,-1],[0,0],[1,1],[0,1],[0,-1],[0,-1],[0,0],[0,0],[0,0],[1,0],[0,0],[0,0],[1,0],[1,2],[0,0],[-1,1],[0,0],[0,0],[1,0],[0,1],[0,0],[1,-1],[0,1],[0,0],[0,0],[0,1],[0,1],[0,0],[0,0],[1,0],[0,0],[0,-1],[1,-1],[0,0],[-2,-2],[0,-1],[0,-1],[0,0],[1,0],[0,0],[2,1],[0,0],[0,-1],[-1,0],[0,0],[0,-1],[-1,0],[0,0],[-1,-1],[0,0],[0,0],[1,0],[1,-1],[1,1],[1,0],[0,1],[0,1],[1,1],[1,1],[0,1],[0,0],[0,2],[1,2],[0,0],[0,0],[-1,0],[0,1],[1,0],[0,1],[0,0],[-1,2],[-1,0],[0,0],[-1,-1],[0,1],[1,1],[0,0],[-1,1],[0,0],[1,0],[0,0],[-1,1],[0,0],[0,0],[0,0],[0,1],[0,0],[1,0],[-1,2],[0,1],[1,-1],[0,-1],[1,0],[0,0],[0,0],[0,-1],[1,-1],[1,0],[1,-1],[0,1],[0,0],[0,1],[1,0],[0,0],[0,0],[1,-1],[1,-2],[0,-2],[1,-1],[1,0],[0,0],[1,0],[0,1],[0,2],[0,1],[1,1],[0,1],[0,0],[1,0],[0,0],[0,-1],[1,-2],[0,-1],[1,0],[1,0],[1,0],[0,0],[1,0],[0,0],[1,0],[0,1],[0,1],[0,2],[1,1],[0,2],[0,0],[0,1],[0,-1],[0,0],[1,-1],[0,-1],[0,-3],[0,0],[0,-1],[1,1],[1,0],[1,1],[0,2],[0,1],[0,0],[1,0],[0,-1],[0,0],[1,-1],[2,-1],[0,0],[0,1],[1,0],[0,1],[0,0],[1,0],[1,0],[1,0],[0,-1],[0,0],[1,-3],[0,0],[2,0],[1,0],[0,0],[0,2],[1,1],[0,0],[-1,1],[1,1],[0,0]],[[590,399],[0,0],[0,0],[1,0],[0,1],[0,0],[0,0],[1,1],[0,0],[1,0],[1,0],[0,1],[1,1],[0,0],[1,-1],[0,0],[0,1],[1,0],[0,0],[0,1],[0,0],[1,0],[-1,1],[-1,2],[0,0],[-1,1],[-1,0],[0,0],[-1,0],[0,0],[-1,1],[0,1],[-1,1],[0,1],[-1,0],[1,2],[-1,0],[0,1],[0,0],[-1,3],[0,0],[-1,1],[0,1],[0,0],[0,2],[-1,1],[0,0],[0,1],[0,1],[-1,1],[0,0],[0,0],[-1,2],[1,0],[0,1],[-1,0],[0,1],[0,0],[0,1],[-1,0],[-2,0],[-1,1],[0,0],[0,0],[0,1],[-1,0],[0,1],[-1,-1],[-2,1],[-1,0],[0,0],[0,0],[-3,0],[-1,0],[-1,0],[-1,0],[-1,1],[0,1],[-1,0],[0,0],[0,1],[-1,0],[-1,0],[0,1],[-1,-1],[0,0],[0,1],[0,0],[-1,1],[0,0],[-1,0],[0,0],[-1,0],[-1,0],[-1,2],[0,0],[-1,0],[-1,1],[0,0],[-1,0],[-3,0],[-1,0],[-1,-1],[-1,0],[0,-1],[-1,0],[-1,0],[-1,-1],[-1,-1],[-1,0],[-1,-1],[-1,-1],[-1,-1],[-1,-1],[-2,-1],[-1,0],[0,0],[-1,-1],[0,-1],[0,0],[-1,-1],[0,0],[0,-1],[0,-1],[-1,0],[-1,0],[1,-2],[1,0],[1,0],[0,0],[0,0],[0,-1],[0,0],[0,-1],[0,0],[0,0],[-1,-1],[0,-1],[1,0],[-1,-1],[0,-1],[1,0],[1,0],[0,-1],[0,0],[0,-1],[0,-1],[-2,0],[0,-1],[0,0],[1,0],[0,-1],[0,0],[1,0],[1,1],[0,0],[1,0],[0,0],[1,0],[1,-1],[0,0],[0,-1],[-1,-1],[0,0],[1,0],[0,-1],[0,-1],[1,0],[1,0],[0,0],[0,0],[2,1],[1,1],[1,1],[2,0],[2,-1],[3,0],[3,-1],[0,0],[0,-1],[0,0],[0,-1],[0,-1],[1,0],[3,-1],[2,-1],[0,-1],[1,-1],[0,0],[1,0],[1,1],[1,0],[1,0],[1,-1],[2,-2],[1,-3],[0,0],[1,-1],[2,0],[2,0],[0,0],[2,0],[1,-1],[1,0],[0,0],[1,1],[0,0],[1,1],[0,0],[0,0],[1,1],[0,0],[3,-2],[1,0]],[[684,554],[-1,1],[0,-1],[0,0],[0,-1],[0,0],[0,0],[1,1],[0,0]],[[596,544],[0,2],[1,0],[1,1],[0,1],[0,0],[-2,0],[0,0],[-1,0],[0,-1],[0,0],[0,0],[-1,0],[0,0],[-1,0],[0,0],[1,-2],[0,0],[1,0],[0,0],[0,-1],[0,-1],[0,0],[1,1]],[[600,552],[2,1],[-1,0],[-1,1],[-2,-1],[-1,-1],[0,0],[1,-1],[1,1],[1,0],[0,0]],[[596,541],[0,0],[0,0],[-1,0],[0,0],[0,-1],[0,-1],[0,-1],[1,-1],[0,1],[1,2],[-1,1]],[[598,545],[-1,0],[-1,-1],[0,-1],[0,0],[0,0],[1,0],[0,0],[0,1],[0,0],[1,1]],[[588,530],[0,1],[-1,-1],[-1,0],[-1,-2],[-3,-2],[0,0],[1,-1],[1,0],[1,0],[0,0],[1,1],[-1,0],[0,1],[1,0],[0,1],[0,1],[0,0],[1,1],[1,0]],[[626,531],[1,1],[1,1],[1,0],[1,0],[2,1],[2,-1],[1,1],[0,0],[1,1],[0,1],[0,0],[1,2],[1,1],[1,1],[1,0],[1,0],[0,0],[1,2],[-1,0],[0,0],[0,0],[-1,0],[0,0],[-1,0],[0,0],[-2,-1],[0,0],[0,-1],[-1,-1],[-1,-1],[0,0],[0,0],[0,-1],[-2,1],[-2,0],[-1,0],[-1,-2],[0,0],[-1,-1],[-1,0],[-1,-1],[-1,-1],[-2,0],[-1,0],[-1,0],[-1,0],[0,0],[1,-1],[2,-1],[1,-1],[1,0],[1,1]],[[630,528],[-1,0],[-1,0],[-1,-1],[3,1]],[[631,527],[-1,0],[1,-1],[0,-1],[0,1],[0,1]],[[640,530],[-1,1],[0,0],[0,-1],[0,0],[-1,-1],[0,-1],[0,0],[1,0],[0,1],[1,1]],[[636,504],[-1,1],[-2,-1],[0,0],[1,-2],[0,0],[1,0],[1,1],[0,0],[0,1],[0,0]],[[630,545],[0,1],[-1,0],[0,0],[0,-1],[0,0],[0,0],[0,-1],[1,0],[0,1],[0,0]],[[629,571],[0,1],[-1,0],[-1,-1],[0,-1],[0,-1],[0,0],[1,0],[1,1],[0,1]],[[679,572],[0,1],[0,-1],[0,-1],[-1,-1],[0,-2],[0,-1],[1,-1],[0,2],[0,1],[0,1],[1,1],[-1,1]],[[673,551],[-2,0],[0,-1],[0,-1],[1,1],[0,0],[1,0],[0,0],[0,1]],[[673,554],[-1,0],[0,0],[1,-2],[2,-1],[1,0],[1,0],[-2,1],[0,1],[-2,0],[0,1]],[[656,554],[-1,1],[-1,0],[-1,-2],[2,-2],[0,0],[1,1],[0,1],[0,1]],[[652,554],[0,1],[-1,0],[-1,0],[1,-2],[1,0],[0,0],[0,0],[0,1]],[[657,563],[-1,1],[0,0],[0,-1],[0,0],[0,-1],[0,0],[0,0],[0,0],[1,1]],[[655,559],[0,0],[-1,0],[-1,-1],[0,0],[2,0],[0,1]],[[668,539],[1,0],[0,0],[1,0],[0,1],[0,0],[-2,1],[0,0],[-1,0],[-1,0],[-1,0],[1,-1],[1,-1],[1,0]],[[659,545],[0,0],[0,0],[1,-1],[1,-1],[1,-1],[1,0],[-1,1],[-1,1],[-2,1]],[[660,556],[-1,0],[0,0],[0,0],[0,0],[1,-1],[1,0],[0,-1],[1,0],[-1,1],[-1,1]],[[667,558],[0,0],[-1,1],[-1,0],[0,-1],[1,0],[0,-1],[0,0],[1,0],[0,1]],[[640,548],[0,1],[-1,-1],[1,-1],[0,0],[1,0],[-1,1]],[[642,552],[-1,0],[0,-1],[0,0],[0,-1],[1,0],[0,0],[0,1],[0,1]],[[645,560],[0,1],[0,0],[-2,1],[0,-1],[0,-1],[1,1],[0,-1],[0,0],[1,0]],[[647,548],[1,2],[-1,0],[0,0],[0,-1],[0,-1],[0,0]],[[647,544],[0,1],[-1,-1],[-1,0],[-1,-1],[0,0],[-1,-1],[1,0],[0,0],[1,1],[1,-1],[0,1],[1,1],[0,0]],[[651,546],[-1,1],[0,0],[-2,-1],[0,0],[-1,0],[1,-1],[0,1],[2,0],[1,0]],[[646,557],[0,0],[0,0],[0,-1],[0,0],[0,0],[1,1],[-1,0]],[[658,535],[-1,1],[-1,-1],[-1,0],[1,-1],[0,0],[0,-1],[-2,-1],[0,-1],[2,-1],[1,1],[1,-1],[0,1],[0,0],[0,3],[0,0],[0,1],[0,0]],[[658,519],[0,0],[2,2],[1,0],[0,1],[0,0],[-1,0],[0,0],[0,1],[1,0],[-1,1],[-1,0],[-3,0],[-1,-1],[2,-2],[0,0],[-1,0],[-1,2],[-2,0],[-1,-1],[0,0],[1,-2],[1,0],[1,0],[0,-1],[0,0],[2,-1],[1,1]],[[647,505],[-1,0],[-2,0],[1,-1],[1,0],[0,0],[1,1]],[[645,512],[0,0],[0,1],[0,1],[-1,1],[0,-1],[0,0],[0,-1],[-1,0],[0,1],[0,0],[-1,1],[0,-1],[0,0],[-1,-1],[0,-1],[2,0],[1,0],[0,0],[1,-1],[0,0],[0,1]],[[653,548],[-1,1],[-1,-2],[1,0],[1,0],[0,1],[0,0]],[[644,555],[-1,0],[-1,0],[0,-1],[1,-1],[0,1],[1,0],[0,1]],[[686,563],[-1,1],[0,0],[-1,-1],[0,-2],[-1,0],[0,-1],[1,-1],[0,-1],[1,-1],[3,-2],[0,0],[0,1],[0,2],[-1,2],[1,1],[-1,0],[-1,2]],[[640,579],[1,0],[1,0],[0,0],[1,-1],[1,-1],[0,1],[0,1],[-1,0],[1,0],[0,0],[1,0],[0,1],[1,0],[0,0],[1,0],[1,0],[1,0],[1,-1],[1,0],[3,-1],[2,1],[2,-1],[2,0],[1,0],[2,-1],[0,0],[0,3],[1,0],[0,0],[1,0],[0,-1],[2,-1],[1,0],[2,-2],[0,0],[0,1],[0,1],[0,1],[0,1],[-1,1],[-1,0],[-3,1],[-2,0],[-5,2],[-5,1],[-1,0],[0,-1],[0,0],[0,-1],[-2,0],[-2,0],[-5,0],[-2,0],[-2,1],[0,0],[-1,0],[-1,-1],[0,-2],[0,-1],[0,-1],[1,1],[0,0],[1,-1],[-1,-1],[1,0],[0,0],[0,1],[1,0]],[[649,485],[1,0],[1,1],[1,0],[0,0],[1,0],[0,1],[1,2],[0,1],[-1,0],[-2,2],[0,1],[1,1],[0,0],[0,1],[0,0],[0,1],[-1,1],[0,1],[-1,1],[0,1],[0,0],[-1,-1],[-2,0],[-4,0],[-2,-1],[0,1],[-2,-1],[-1,1],[-2,2],[-1,0],[-2,-1],[-1,0],[-1,1],[-1,2],[-1,1],[-2,0],[-2,0],[0,1],[1,1],[1,1],[0,1],[0,1],[1,0],[1,0],[2,0],[1,2],[1,1],[-1,-1],[-1,-1],[-2,0],[-1,0],[-1,0],[-1,0],[0,1],[1,1],[1,1],[1,0],[1,1],[-1,1],[0,0],[-1,0],[-3,-3],[-2,0],[-1,1],[1,1],[1,1],[2,1],[0,0],[0,0],[-3,0],[-1,-1],[0,-2],[-3,-1],[-2,-1],[-1,-1],[0,-1],[0,-1],[-1,1],[0,0],[-2,1],[1,1],[0,1],[0,1],[0,3],[0,1],[3,3],[2,2],[1,1],[1,1],[2,1],[1,1],[0,2],[-1,1],[0,0],[-1,0],[1,-1],[-1,-1],[-2,-1],[0,1],[-1,1],[1,1],[0,0],[1,2],[1,-1],[-1,2],[-2,1],[-1,0],[-1,0],[0,1],[1,0],[0,0],[1,0],[3,1],[2,0],[1,0],[2,2],[2,0],[2,2],[1,0],[2,0],[1,1],[0,1],[1,3],[0,2],[0,0],[1,1],[-1,1],[0,0],[-2,-1],[-2,-2],[-2,-1],[0,0],[-1,0],[0,1],[-3,0],[-1,1],[0,1],[0,0],[0,0],[1,1],[0,1],[1,1],[1,1],[1,-1],[0,0],[1,1],[0,1],[1,0],[0,0],[-3,2],[0,0],[-1,1],[0,-1],[-1,-1],[-1,0],[-1,-1],[-1,0],[-1,0],[0,0],[1,2],[1,2],[2,3],[1,3],[1,1],[0,2],[1,1],[1,1],[-1,0],[-1,0],[-1,0],[-2,-2],[-1,-2],[0,0],[-2,1],[0,3],[0,2],[-1,-1],[-1,0],[0,-2],[0,-1],[-2,-2],[-1,0],[0,-1],[-1,-1],[-1,0],[-1,1],[0,1],[1,2],[-1,1],[-2,-2],[-2,-3],[0,-1],[1,-2],[-1,-1],[-1,-2],[-2,-2],[-1,0],[-1,-1],[-1,-1],[-1,0],[0,-1],[0,0],[2,-2],[0,-3],[1,0],[1,1],[1,-1],[1,-1],[1,-1],[1,0],[4,1],[4,1],[1,0],[2,1],[0,0],[1,0],[0,-1],[0,0],[0,-1],[2,0],[0,0],[1,-1],[-1,-1],[-1,0],[0,0],[-1,0],[0,0],[-2,0],[0,0],[-1,0],[-2,-1],[-2,-1],[0,1],[-1,0],[-1,1],[-3,-1],[-2,1],[-1,1],[0,0],[-1,0],[-1,1],[-1,-2],[-1,0],[0,-1],[0,1],[0,1],[-2,1],[0,-1],[-1,-1],[-1,-2],[-2,-2],[-1,0],[0,-1],[0,-1],[1,0],[2,0],[0,0],[1,-1],[0,0],[-1,-1],[0,0],[-1,0],[-1,0],[-1,1],[-1,0],[-1,-1],[-1,-1],[-1,-1],[-2,-1],[-2,-3],[-1,-1],[-2,-1],[1,0],[0,0],[1,0],[1,0],[0,0],[0,0],[1,-1],[0,-1],[0,0],[0,0],[0,0],[0,-1],[0,0],[-1,-1],[0,0],[1,-1],[0,0],[0,-1],[1,0],[0,0],[1,0],[1,-1],[0,0],[0,-2],[0,-1],[0,0],[0,-1],[1,-1],[1,0],[0,-1],[1,-1],[0,-1],[0,0],[-1,-1],[0,-1],[0,-1],[1,0],[1,0],[1,-1],[1,0],[1,0],[1,0],[1,-1],[1,-1],[1,-2],[1,-1],[2,0],[0,0],[1,0],[1,0],[2,0],[1,-1],[1,-1],[0,-2],[0,0],[1,0],[0,0],[2,0],[1,-1],[1,-1],[1,0],[1,0],[1,0],[1,0],[1,-1],[1,-1],[1,0],[1,0],[0,0],[0,-1],[2,-1],[1,0],[1,0],[1,-1],[0,0],[1,2],[0,0],[1,0],[1,1],[0,-1],[1,0],[2,0],[1,0],[2,1],[1,0],[1,-1],[1,-1],[1,0],[1,0],[2,0],[1,-1],[1,-1],[0,-1],[-1,-1],[0,-1],[-1,0],[0,-1],[0,0],[0,0],[1,-1],[1,0]],[[471,421],[-2,-1],[-2,-1],[0,0],[-3,0],[0,0],[0,0],[0,-1],[-1,0],[0,1],[0,0],[-1,-1],[-1,-1],[0,1],[-1,0],[0,1],[0,0],[0,0],[1,0],[0,0],[0,0],[0,1],[-1,0],[0,0],[0,0],[0,0],[-1,0],[-1,0],[-1,0],[-2,0],[-2,0],[-1,0],[0,0],[-1,-1],[1,-2],[0,-2],[0,-1],[0,-1],[0,-1],[1,-2],[1,-2],[0,-2],[1,-1],[1,-1],[2,-2],[0,-1],[0,-1],[-1,0],[-1,0],[-1,-1],[-2,0],[-1,-1],[-1,0],[0,-1],[-1,1],[-1,0],[-1,0],[0,0],[-1,0],[0,0],[0,-1],[0,0],[-1,0],[0,0],[-1,0],[0,0],[0,0],[-1,-2],[-1,0],[0,-1],[0,0],[-1,-1],[0,0],[-1,0],[0,-1],[1,-1],[0,-1],[0,0],[1,-1],[0,0],[0,-1],[-1,0],[-1,-1],[0,0],[-1,-1],[0,-1],[0,-1],[0,0],[0,-1],[0,0],[0,-1],[2,-1],[0,-2],[0,0],[0,-1],[-1,0],[0,0],[-1,-1],[1,-1],[-1,0],[0,-1],[-1,-1],[0,0],[1,-2],[-1,-1],[0,0],[-1,0],[0,-1],[0,0],[0,0],[1,0],[0,0],[2,-1],[0,-1],[-1,0],[0,0],[0,0],[0,-1],[1,-1],[0,-1],[0,-1],[0,0],[0,-1],[0,-1],[0,0],[-1,-1],[-1,-1],[0,-1],[1,0],[1,0],[0,-1],[0,0],[2,1],[0,0],[0,0],[1,0],[0,0],[2,-1],[1,0],[0,-1],[0,0],[-1,-1],[0,0],[0,0],[1,-1],[0,0],[1,0],[1,-1],[0,-1],[0,-1],[0,-1],[0,0],[0,-1],[-1,0],[0,0],[-1,0],[-1,0],[0,-1],[1,0],[0,0],[0,-1],[0,0],[0,0],[2,0],[0,0],[1,-2],[0,-2],[1,-1],[0,0],[0,-3],[0,-1],[0,-1],[-1,-1],[0,-1],[1,-1],[0,-2],[1,0],[3,0],[3,0],[2,2],[-1,1],[1,1],[0,0],[1,-1],[0,-1],[0,-1],[1,1],[0,1],[0,1],[1,-2],[-1,-2],[1,-1],[0,-1],[1,-1],[2,1],[2,0],[1,0],[3,3],[0,1],[1,0],[-1,-1],[-3,-3],[0,-1],[-2,0],[0,0],[-1,-1],[0,0],[0,-4],[0,-1],[-1,0],[0,0],[-1,0],[0,0],[0,-1],[1,0],[1,-1],[0,-1],[0,-1],[-1,-1],[-1,-2],[0,-1],[2,0],[0,0],[2,1],[1,0],[1,0],[1,0],[1,0],[0,0],[1,0],[0,0],[0,0],[1,1],[1,0],[0,1],[0,1],[0,1],[-1,1],[2,0],[1,0],[0,1],[1,0],[3,1],[2,-1],[1,0],[0,2],[0,1],[-2,2],[0,1],[1,0],[1,0],[3,0],[0,0],[2,-2],[1,0],[3,-1],[0,-1],[1,-1],[1,0],[2,-2],[1,0],[1,0],[1,0],[1,2],[3,2],[2,0],[1,2],[1,2],[0,1],[1,0],[2,1],[0,0],[0,0],[0,1],[1,1],[1,4],[0,1],[0,0],[0,1],[-1,2],[-1,0],[0,1],[0,1],[1,1],[2,2],[1,2],[0,1],[0,1],[0,1],[0,0],[1,0],[0,1],[0,1],[0,0],[1,1],[0,0],[0,1],[-1,1],[0,0],[0,1],[0,1],[0,1],[1,1],[0,0],[0,1],[0,1],[2,1],[0,0],[0,1],[1,1],[0,3],[-1,1],[-1,2],[0,0],[0,0],[0,1],[0,0],[-1,0],[0,-1],[0,0],[-1,-1],[0,0],[0,-1],[0,0],[-2,0],[0,0],[0,0],[-1,0],[0,1],[1,0],[0,1],[0,0],[-1,0],[-1,1],[-1,0],[-1,1],[-1,1],[-2,0],[0,0],[0,1],[-1,1],[0,-1],[0,0],[-1,0],[0,1],[0,0],[-1,0],[0,1],[-2,0],[0,1],[0,0],[0,0],[-1,0],[-1,0],[0,1],[-1,0],[-1,0],[-1,0],[0,2],[-1,1],[0,0],[-1,-1],[0,-1],[0,0],[-1,0],[0,0],[0,1],[1,1],[0,0],[0,0],[0,1],[1,1],[1,0],[1,1],[0,1],[0,0],[0,1],[0,0],[0,0],[-1,1],[0,1],[1,0],[0,1],[1,0],[0,2],[1,1],[1,0],[0,1],[1,0],[1,1],[1,1],[1,1],[1,0],[0,1],[1,0],[0,1],[0,0],[1,0],[2,1],[1,1],[0,1],[0,0],[0,1],[0,1],[0,0],[-1,1],[0,0],[0,0],[-2,-1],[0,0],[0,1],[-1,2],[0,0],[0,1],[-1,0],[-1,1],[-1,0],[-1,1],[-1,1],[-1,0],[0,1],[1,1],[1,1],[0,2],[0,0],[0,1],[0,0],[1,0],[0,0],[0,1],[0,1],[0,1],[0,0],[0,0],[-1,0],[-1,-1],[0,0],[0,0],[0,-1],[0,0],[-1,0],[-1,0],[-1,0],[0,0],[0,0],[-1,-1],[-1,0],[-1,0],[0,0],[0,1],[0,0],[-4,1],[-2,1],[-1,0],[0,1],[-1,0],[0,0],[-1,1],[0,-1],[-1,1],[-1,0],[0,0],[-1,-1],[0,0],[0,-1],[0,0],[-2,0],[-1,0],[-1,0],[-1,0],[0,0],[0,2],[0,0],[-1,1],[-1,1],[0,0],[0,-1],[0,-1],[0,0],[-1,0],[0,0],[0,0],[0,-1],[-1,0],[0,-1],[-1,0],[-1,-1],[-1,1],[0,0],[-1,0],[0,0]],[[506,323],[0,1],[0,0],[-1,-1],[-1,0],[0,2],[-1,0],[-1,-1],[-1,-1],[0,0],[1,-2],[-1,-1],[1,0],[0,-1],[1,-1],[0,0],[1,1],[0,0],[1,1],[0,0],[1,0],[-1,1],[0,0],[0,1],[1,1]],[[510,328],[0,1],[1,1],[-1,0],[-1,0],[-1,0],[0,-1],[0,-1],[0,-1],[-1,0],[0,0],[0,-1],[2,1],[1,1]],[[486,323],[-1,0],[-1,-1],[0,0],[0,-1],[0,0],[1,1],[1,0],[0,1]],[[461,317],[0,1],[0,-2],[1,-2],[0,0],[0,0],[0,1],[0,0],[0,1],[2,0],[0,0],[-2,1],[-1,0]],[[463,318],[0,1],[-1,0],[0,-1],[0,0],[0,0],[1,0],[0,0],[0,0]],[[470,489],[-1,2],[1,0],[0,1],[0,0],[0,6],[0,0],[-1,3],[0,0],[0,3],[-1,1],[0,1],[-1,2],[-1,1],[-2,-1],[-1,-1],[0,0],[-1,-1],[0,0],[1,-1],[0,0],[-1,-1],[-1,0],[0,-1],[1,-1],[0,-1],[-1,0],[-1,0],[0,0],[1,-1],[0,0],[0,-1],[0,0],[-1,-1],[0,-1],[0,0],[1,-1],[0,-1],[-1,0],[0,0],[0,0],[1,-1],[0,-2],[2,0],[1,-1],[1,0],[0,-1],[1,0],[1,0],[0,0],[1,0],[0,0],[0,-1],[0,0],[0,-2],[0,-1],[1,0],[0,0],[0,1],[1,1],[0,1]],[[452,420],[-1,0],[0,1],[-1,1],[-1,0],[0,0],[-1,0],[0,0],[0,-1],[-1,0],[0,0],[-1,1],[-1,0],[0,1],[1,0],[0,0],[0,0],[0,1],[0,0],[-2,2],[-1,1],[0,1],[-1,0],[-1,1],[-1,0],[0,1],[0,1],[-1,1],[-2,1],[0,1],[0,1],[-1,0],[0,1],[1,1],[0,0],[0,1],[-1,0],[-1,1],[0,1],[1,0],[0,0],[2,-1],[0,-1],[0,0],[0,-1],[0,0],[1,-1],[1,0],[1,0],[2,0],[0,0],[0,1],[0,1],[1,0],[-1,2],[0,0],[1,1],[0,1],[1,0],[0,1],[0,0],[0,1],[-2,1],[0,0],[0,1],[0,0],[1,1],[1,1],[0,1],[1,2],[1,0],[-1,0],[0,1],[0,1],[-1,0],[0,1],[-2,1],[0,-1],[-1,0],[-1,1],[0,0],[1,1],[0,1],[0,1],[1,0],[1,1],[0,0],[0,0],[1,0],[0,2],[0,0],[-1,0],[0,1],[-1,1],[0,1],[0,0],[0,1],[0,0],[0,1],[1,1],[2,1],[1,1],[1,0],[2,0],[1,0],[0,1],[0,0],[0,1],[-1,1],[-1,0],[0,1],[0,1],[0,1],[0,0],[0,0],[-1,-1],[0,0],[0,1],[0,0],[-1,0],[-1,1],[-4,3],[-1,1],[-1,0],[0,1],[-1,1],[-1,1],[-2,0],[-2,1],[-1,-1],[-2,0],[-1,-1],[-3,-1],[-1,-2],[-1,0],[-1,0],[0,0],[0,-1],[0,0],[-1,0],[-1,0],[0,0],[-1,0],[0,0],[0,0],[0,1],[-1,0],[-1,-1],[-2,-1],[0,0],[-2,0],[-1,-1],[0,-1],[0,0],[-1,0],[-1,0],[-1,1],[-1,1],[-5,3],[-2,1],[-1,3],[0,1],[0,3],[1,2],[0,1],[-1,0],[-1,-1],[0,0],[-1,0],[-1,0],[-1,1],[0,0],[-1,0],[0,0],[0,1],[-1,-1],[-2,0],[-2,-1],[-1,0],[-1,1],[0,0],[0,-1],[-1,0],[0,-1],[-2,-1],[0,0],[1,-1],[0,0],[-1,0],[-1,-1],[-1,0],[0,0],[-1,1],[0,-2],[-1,0],[-1,0],[-1,-1],[-1,-1],[-2,-1],[-1,0],[0,0],[0,1],[-1,1],[0,0],[-1,0],[-1,0],[-1,0],[-1,0],[0,-1],[-3,0],[0,0],[-1,-1],[0,0],[-1,-1],[0,0],[-1,0],[0,0],[-1,0],[-1,0],[0,0],[-2,-2],[0,0],[-1,-1],[-1,0],[-2,-1],[-1,-1],[0,0],[0,-1],[0,0],[-1,1],[0,0],[0,0],[-1,0],[0,0],[0,0],[0,-1],[1,0],[0,-1],[0,-1],[0,0],[-1,0],[-1,-1],[-1,0],[0,0],[-1,-1],[0,-1],[2,0],[2,-1],[2,-7],[3,-7],[1,-1],[1,-1],[-1,-1],[-1,1],[0,0],[0,0],[2,-7],[0,-2],[1,-3],[2,2],[1,1],[0,1],[0,3],[1,1],[1,1],[-1,-1],[0,-1],[0,-4],[-1,-1],[-1,-1],[-2,-3],[0,0],[0,-1],[1,0],[0,0],[0,0],[0,-1],[0,-1],[0,-4],[0,-1],[0,-1],[0,0],[-1,0],[-1,-1],[-3,-3],[-1,-2],[-1,-2],[-1,-1],[1,-1],[1,-1],[-1,-2],[0,0],[-1,0],[1,-1],[0,-1],[1,0],[1,1],[1,0],[1,1],[-2,-2],[-4,0],[-1,-1],[0,0],[0,-1],[0,0],[1,-1],[-1,-1],[0,0],[-1,0],[-1,0],[-1,-1],[1,0],[0,-1],[-1,0],[-1,0],[-1,0],[-1,-1],[0,-1],[-1,0],[0,0],[-1,0],[0,0],[-1,-1],[-3,-2],[-2,0],[-1,0],[-1,0],[-1,-1],[0,-2],[-2,-1],[1,-1],[1,0],[1,0],[1,0],[-1,-1],[-1,0],[0,-1],[0,0],[0,-1],[0,1],[1,0],[2,0],[-1,-1],[0,0],[0,0],[-2,0],[0,0],[-1,-1],[-1,0],[0,-1],[1,-1],[2,-1],[5,0],[1,0],[2,0],[1,0],[1,-1],[3,0],[2,1],[1,3],[1,1],[2,-1],[4,1],[0,1],[1,-1],[0,-1],[1,1],[0,0],[4,1],[0,0],[-1,-1],[0,-2],[1,-5],[-1,-2],[-1,-3],[0,-1],[0,-1],[0,0],[2,0],[1,0],[2,0],[1,1],[-1,1],[0,1],[1,1],[0,1],[2,0],[1,1],[3,0],[3,1],[1,0],[2,-1],[3,0],[0,0],[-2,0],[-1,-1],[0,-1],[0,-1],[1,-1],[4,-2],[3,0],[3,-1],[2,-1],[1,-2],[0,0],[1,0],[-1,-1],[1,-6],[1,-1],[0,-1],[1,-1],[2,0],[5,-1],[0,0],[0,0],[1,1],[0,1],[0,0],[0,1],[0,1],[1,1],[1,1],[0,0],[0,-1],[1,0],[1,0],[0,0],[1,1],[0,1],[0,1],[0,0],[1,1],[1,0],[1,1],[0,0],[1,2],[0,0],[0,0],[0,0],[1,0],[0,0],[1,0],[1,0],[1,1],[0,1],[0,0],[0,1],[0,0],[0,0],[0,1],[0,0],[-1,1],[0,0],[1,0],[0,0],[1,1],[2,0],[1,-1],[0,-1],[1,0],[0,-1],[1,0],[0,0],[-1,3],[1,0],[0,1],[0,1],[0,0],[1,0],[1,1],[0,0],[1,1],[1,0],[0,0],[0,1],[1,1],[1,1],[0,0],[1,-1],[0,0],[1,0],[0,1],[1,0],[0,0],[1,1],[0,0],[1,0],[0,-1],[1,0],[0,0],[1,0],[0,1],[1,0],[0,0],[1,1],[0,0],[0,1],[1,0],[1,2],[0,0],[0,0],[1,0],[0,0],[1,0],[0,0],[0,1],[0,0],[1,0],[0,0],[1,0],[1,0],[1,-1],[0,1],[1,0],[1,1],[2,0],[1,1],[1,0],[1,0],[0,1],[0,1],[-2,2],[-1,1],[-1,1],[0,2],[-1,2],[-1,2],[0,1],[0,1],[0,1],[0,2],[-1,2],[1,1],[0,0]],[[364,436],[0,1],[-1,-1],[0,-1],[-1,-1],[1,0],[0,0],[1,2]],[[561,150],[-2,-3],[0,-1],[-1,-1],[-1,-1],[0,0],[0,0],[0,-1],[-1,-1],[0,-1],[0,-1],[0,0],[1,-1],[0,-1],[0,-1],[0,-1],[0,-1],[0,0],[-1,-1],[0,-1],[-1,-1],[-1,0],[0,-1],[0,-1],[0,-1],[0,0],[0,-1],[0,0],[0,-2],[-1,0],[-1,0],[0,0],[0,0],[0,0],[0,-1],[0,0],[0,-1],[0,0],[0,-1],[-1,-2],[0,-1],[1,-1],[0,0],[-1,-1],[-1,-1],[-1,-1],[0,0],[-1,-1],[-1,-1],[-1,-1],[0,0],[-3,-1],[-1,0],[-1,0],[-1,-1],[-1,0],[0,-1],[-1,0],[0,-1],[-1,-1],[-1,0],[-2,-1],[0,-1],[0,0],[0,0],[-1,-1],[0,0],[1,-1],[1,1],[0,0],[0,-1],[-1,-1],[1,-1],[0,0],[0,-1],[1,0],[1,0],[0,0],[2,1],[1,2],[0,1],[2,2],[1,1],[0,0],[0,0],[2,0],[2,0],[0,1],[1,0],[1,-1],[1,-1],[0,0],[0,-1],[1,0],[1,0],[1,1],[1,0],[1,0],[1,1],[1,0],[1,-1],[0,-2],[0,-1],[0,-1],[1,0],[0,0],[1,-1],[0,-1],[0,-1],[-1,-3],[0,0],[0,-2],[0,-3],[0,-1],[0,-1],[1,0],[0,-1],[1,-3],[0,0],[1,0],[1,0],[1,0],[0,0],[1,-1],[0,0],[1,-2],[1,0],[0,-1],[2,2],[1,1],[1,0],[2,1],[2,1],[2,2],[0,2],[0,0],[-1,1],[0,2],[0,1],[0,1],[1,0],[0,1],[-1,1],[-1,0],[-1,1],[1,0],[1,0],[0,0],[1,0],[0,1],[0,0],[-1,4],[0,1],[1,2],[2,2],[2,1],[2,0],[1,2],[2,2],[2,0],[0,1],[0,1],[-1,3],[0,1],[-1,2],[0,2],[-1,2],[0,1],[1,0],[0,1],[2,2],[0,1],[1,1],[1,1],[1,1],[0,1],[1,1],[1,0],[1,2],[0,0],[2,4],[0,0],[0,1],[0,0],[-1,1],[-1,0],[0,0],[1,1],[0,2],[0,2],[0,1],[0,0],[0,0],[0,0],[1,0],[1,1],[0,0],[0,1],[-1,0],[0,1],[0,1],[0,0],[1,1],[0,1],[1,0],[2,0],[0,1],[0,0],[1,1],[-1,1],[0,1],[1,1],[1,1],[2,0],[0,1],[1,0],[0,1],[0,1],[0,1],[0,1],[-1,3],[-1,1],[0,0],[1,0],[3,2],[2,1],[2,1],[2,1],[1,1],[1,1],[0,0],[1,1],[0,0],[1,1],[-1,2],[0,1],[0,2],[0,1],[-1,3],[-2,3],[0,1],[-1,2],[-1,4],[0,0],[-1,3],[-1,1],[0,1],[-1,3],[-1,2],[-2,2],[0,1],[-1,0],[0,1],[0,1],[-2,2],[-1,4],[-1,0],[0,0],[-1,1],[0,0],[-2,0],[0,0],[-1,0],[-1,1],[-2,1],[0,0],[-1,1],[0,-1],[0,-1],[0,-1],[0,-1],[0,0],[0,2],[0,1],[-1,1],[-1,0],[-1,-1],[-1,1],[1,0],[0,1],[0,0],[-1,0],[0,1],[-1,1],[0,0],[-1,-1],[0,1],[-1,0],[-1,1],[-1,1],[-1,1],[-1,0],[-1,1],[-1,1],[0,0],[-1,0],[-2,1],[-2,1],[-1,0],[-1,0],[-1,1],[-1,1],[-1,1],[0,0],[0,-1],[1,0],[0,-1],[0,-1],[0,0],[-1,0],[-1,-1],[-1,-1],[0,0],[0,0],[0,1],[0,1],[0,0],[-1,0],[0,0],[-1,1],[-1,-1],[0,0],[0,-1],[0,0],[0,-1],[1,0],[0,0],[0,0],[0,-1],[0,0],[-1,0],[1,-1],[0,0],[0,-1],[-1,1],[-2,0],[-2,-1],[-1,0],[0,-2],[-1,1],[0,0],[-1,0],[-1,0],[0,-1],[0,-1],[0,-1],[-1,-1],[0,-1],[0,-2],[0,-1],[0,-1],[0,-1],[0,-2],[0,-1],[0,0],[0,0],[0,0],[0,-1],[-1,0],[1,0],[0,0],[0,0],[0,-1],[0,-1],[-1,0],[0,-2],[-1,-1],[-1,-1],[0,-2],[0,-2],[0,0],[-1,-1],[-1,-1],[0,-1],[-1,-2],[0,-1],[0,-1],[1,-1],[1,-2],[0,-1],[1,-1],[-1,-1],[0,0],[0,-1],[2,-1],[0,1],[2,-1],[1,-1],[0,-1],[-1,0],[0,-1],[0,0],[1,0],[-1,-1],[0,0],[1,0],[0,-1],[0,-1],[2,-1],[1,-2],[1,-1],[0,-1],[1,-2],[1,0],[0,-2],[1,-2],[0,0],[1,-2],[1,-2],[1,-2],[0,-1],[0,-1],[1,-1],[0,0],[1,-1],[1,0],[1,0],[0,0],[0,-1],[0,0],[0,-1],[0,0],[0,-1],[0,-1],[-1,0],[0,-2],[0,-1],[0,-2],[-1,-1],[-3,-1],[0,0],[-1,0],[-1,-1],[0,-1],[0,-1],[0,0],[0,1],[-1,1],[-1,-1],[0,1]],[[561,231],[-1,0],[-1,-1],[0,0],[0,0],[0,-1],[0,0],[1,1],[0,0],[0,0],[1,1],[0,0]],[[549,190],[0,0],[0,0],[1,-1],[0,1],[0,0],[0,0],[0,0],[0,1],[0,0],[-1,0],[-1,0],[0,-1],[1,-1],[0,1],[0,0]],[[562,230],[1,0],[0,0],[1,1],[-1,0],[0,1],[0,0],[1,1],[-1,0],[0,0],[-1,-1],[0,0],[-1,-1],[1,0],[0,-1],[0,0]],[[556,229],[0,0],[0,0],[-1,1],[0,-1],[0,-1],[0,0],[0,-1],[0,1],[1,1]],[[560,234],[-1,0],[0,0],[0,0],[0,-1],[1,0],[0,1]],[[559,235],[-1,0],[0,-1],[0,0],[0,0],[0,0],[1,0],[0,1]],[[567,161],[-1,0],[0,0],[-1,-1],[1,0],[1,-1],[1,0],[0,1],[-1,0],[0,1]],[[608,263],[-1,0],[-1,0],[-1,0],[0,-1],[-1,0],[-1,1],[-1,1],[-1,0],[-1,-1],[-1,0],[-2,-2],[0,0],[-1,0],[-1,0],[-1,-1],[0,0],[-1,0],[-2,-1],[0,0],[0,0],[0,0],[0,1],[-1,0],[0,-1],[-1,0],[-1,1],[-1,0],[0,1],[-2,1],[-1,1],[0,0],[0,-1],[0,-3],[0,-2],[0,0],[0,-1],[0,0],[-1,-1],[0,1],[-1,0],[0,1],[-1,1],[-1,-1],[-2,0],[0,-1],[-1,-1],[-1,-1],[0,-1],[0,-1],[0,-1],[1,0],[-1,0],[-1,0],[0,0],[-1,-2],[1,0],[0,-1],[-1,0],[0,-1],[1,-1],[-1,-1],[1,-1],[1,0],[2,-1],[0,-1],[1,0],[1,-2],[1,0],[2,-1],[4,-1],[1,-1],[0,0],[-1,-1],[1,0],[2,0],[5,0],[1,-1],[2,1],[1,0],[2,0],[4,-1],[1,-1],[0,0],[0,0],[1,1],[0,0],[0,1],[0,0],[0,0],[-1,1],[0,0],[0,0],[0,1],[-1,3],[0,1],[-1,1],[0,1],[0,1],[0,1],[2,4],[0,0],[0,1],[0,1],[0,1],[1,1],[1,1],[1,1],[0,1],[1,0],[0,0],[0,0],[0,1],[-2,1],[0,0],[0,1],[0,1],[0,0],[0,1],[0,1]],[[569,255],[1,0],[0,0],[1,-1],[1,0],[3,2],[0,0],[-2,0],[0,1],[0,1],[0,0],[-1,1],[-1,0],[0,1],[-2,0],[-1,1],[0,0],[0,2],[-1,1],[0,1],[-1,0],[0,0],[0,-1],[1,-2],[0,0],[0,0],[-1,-1],[-1,0],[-1,-1],[1,0],[0,0],[0,-1],[0,0],[-1,-2],[0,0],[1,0],[1,0],[0,0],[0,-1],[1,1],[0,-2],[1,0],[1,0],[0,0]],[[571,251],[0,1],[-1,0],[0,-1],[-1,2],[0,1],[-1,-1],[0,0],[-1,-2],[-1,0],[-1,0],[-1,0],[3,-1],[0,-1],[1,-1],[0,0],[1,0],[0,1],[0,0],[1,0],[1,1],[1,1],[-1,0]],[[575,255],[-1,0],[-1,-1],[0,-1],[0,0],[1,0],[1,1],[0,1]],[[496,303],[0,1],[0,1],[-1,0],[0,0],[-1,1],[-1,1],[0,1],[1,0],[1,1],[0,1],[-1,1],[-2,1],[0,1],[0,2],[0,1],[0,1],[-2,1],[-1,-2],[0,-1],[0,-1],[0,-1],[0,-1],[-2,-1],[0,0],[-1,1],[0,-1],[-1,-1],[0,-2],[-1,-1],[0,-1],[0,0],[0,-1],[-1,0],[0,-1],[1,0],[1,0],[0,0],[1,0],[1,-2],[0,-1],[0,0],[1,0],[1,0],[0,1],[0,2],[1,0],[0,0],[0,-1],[0,0],[1,-1],[0,-1],[-1,0],[0,-1],[1,-1],[2,-1],[1,0],[1,0],[0,1],[1,0],[0,0],[0,1],[-1,1],[1,2]],[[473,317],[0,0],[-1,0],[0,0],[-1,0],[-1,0],[-1,0],[-1,0],[-2,-1],[0,0],[-2,0],[0,-1],[0,-1],[-1,-2],[1,0],[0,-2],[0,-2],[-2,-1],[-2,-1],[1,-5],[0,-1],[-1,-2],[0,-3],[1,-4],[0,0],[1,0],[1,1],[1,0],[0,1],[1,0],[0,-1],[0,-1],[1,-1],[1,-1],[1,0],[0,0],[1,1],[0,-1],[0,-3],[-1,-1],[-1,1],[-1,1],[-1,3],[-1,0],[-1,1],[-1,-1],[0,-1],[0,-1],[0,0],[1,-2],[1,-2],[2,0],[1,0],[1,0],[2,0],[1,-1],[1,0],[2,-4],[1,-1],[2,-1],[2,-2],[1,0],[-1,2],[0,0],[0,1],[0,1],[0,1],[0,2],[0,1],[-1,3],[-1,0],[0,2],[0,1],[0,2],[1,1],[1,1],[3,0],[0,0],[0,1],[0,1],[0,1],[-1,1],[-1,0],[-1,0],[0,-1],[-1,1],[0,0],[-1,3],[0,2],[-1,0],[0,0],[-1,0],[-1,0],[1,1],[0,1],[0,0],[-1,0],[0,1],[-1,1],[-1,1],[0,0],[0,2],[0,1],[0,1],[0,1],[-1,1],[0,1],[1,0],[0,0],[1,0],[0,1],[0,1],[0,1]],[[480,306],[1,0],[0,2],[1,2],[0,1],[0,1],[0,1],[-2,1],[-1,0],[-2,-1],[-2,-1],[0,0],[0,-1],[-1,-2],[0,-2],[1,0],[2,-1],[1,0],[1,0],[0,1],[1,-1],[0,0]],[[486,316],[2,1],[1,0],[0,0],[1,1],[0,1],[-1,0],[-1,0],[-1,1],[-3,-2],[0,-2],[0,-1],[1,0],[1,1]],[[481,318],[0,0],[-1,-1],[0,0],[1,-1],[0,-1],[1,-1],[1,-2],[0,0],[0,2],[-2,3],[0,1]],[[496,315],[0,0],[-2,0],[-1,1],[0,-1],[0,0],[0,0],[0,-1],[1,0],[0,-1],[0,1],[1,0],[0,0],[1,0],[0,1]],[[497,306],[-1,0],[0,0],[-1,-1],[1,0],[0,-1],[0,0],[1,1],[0,1]],[[479,317],[0,0],[-1,0],[-1,-2],[0,0],[0,0],[1,1],[1,0],[0,0],[0,1]],[[476,316],[-1,0],[-1,0],[0,0],[-1,-2],[0,0],[1,0],[1,1],[1,1],[0,0]],[[480,303],[0,1],[-1,-1],[0,-1],[0,0],[0,-1],[0,-1],[1,1],[0,1],[0,1],[0,0]],[[483,282],[0,1],[-1,-1],[0,-1],[2,0],[0,0],[-1,1],[0,0]],[[517,313],[-1,0],[-1,0],[-2,-1],[1,-2],[0,-1],[3,2],[0,1],[0,1]],[[557,388],[-1,0],[0,0],[-1,0],[0,0],[-1,1],[0,1],[-1,0],[0,0],[0,1],[-2,1],[0,1],[0,0],[0,1],[0,1],[-1,0],[-1,1],[0,0],[0,1],[-1,0],[0,1],[-1,1],[-2,0],[-1,0],[-2,0],[0,0],[-1,1],[0,2],[0,1],[-1,-1],[0,-1],[-1,0],[0,0],[-1,0],[-1,-1],[0,0],[-1,0],[-1,1],[0,0],[-1,0],[-2,0],[-2,-1],[-1,0],[0,0],[-1,0],[-2,-1],[-1,0],[-1,0],[0,0],[-1,0],[0,0],[0,0],[-1,0],[0,0],[0,2],[-1,1],[-1,0],[0,0],[-1,1],[0,1],[-1,0],[-1,0],[0,0],[-1,1],[-1,0],[-2,0],[0,-2],[-1,0],[-1,0],[0,0],[0,-1],[-1,-1],[-2,-1],[-1,0],[0,0],[0,-1],[-1,0],[0,-1],[-1,0],[-1,-1],[-1,-1],[-1,-1],[-1,0],[0,-1],[-1,0],[-1,-1],[0,-2],[-1,0],[0,-1],[-1,0],[0,-1],[1,-1],[0,0],[0,0],[0,-1],[0,0],[0,-1],[-1,-1],[-1,0],[-1,-1],[0,-1],[0,0],[0,0],[-1,-1],[0,-1],[0,0],[1,0],[0,0],[0,1],[1,1],[0,0],[1,-1],[0,-2],[1,0],[1,0],[1,0],[0,-1],[1,0],[1,0],[0,0],[0,0],[0,-1],[2,0],[0,-1],[1,0],[0,0],[0,-1],[1,0],[0,0],[0,1],[1,-1],[0,-1],[0,0],[2,0],[1,-1],[1,-1],[1,0],[1,-1],[1,0],[0,0],[0,-1],[-1,0],[0,-1],[1,0],[0,0],[0,0],[2,0],[0,0],[0,1],[0,0],[1,1],[0,0],[0,1],[1,0],[0,0],[0,-1],[0,0],[1,0],[1,0],[0,-1],[0,-1],[0,0],[1,0],[1,0],[1,2],[0,0],[0,1],[1,0],[0,0],[2,0],[1,0],[1,1],[0,0],[1,0],[0,1],[0,0],[1,0],[2,-1],[1,1],[0,0],[0,0],[0,1],[0,0],[0,0],[-1,1],[0,0],[-1,0],[1,1],[0,0],[1,0],[0,0],[1,2],[1,1],[1,1],[0,0],[1,-1],[0,0],[0,-1],[1,0],[1,-1],[0,0],[-1,-1],[-1,-1],[1,0],[0,0],[2,0],[3,2],[0,0],[1,0],[1,-1],[0,0],[0,0],[1,1],[-1,0],[-1,1],[0,0],[1,1],[0,0],[1,0],[0,1],[1,0],[0,0],[1,0],[0,0],[0,-1],[1,0],[0,1],[0,0],[1,0],[1,1],[0,0],[1,0],[1,0],[1,0],[0,1],[0,0],[0,1],[2,2],[1,1],[0,0]],[[511,449],[0,1],[3,0],[1,0],[0,-1],[0,0],[0,0],[1,0],[1,0],[1,0],[1,0],[1,0],[0,-2],[0,0],[1,-1],[0,1],[0,0],[1,1],[1,0],[0,1],[1,0],[0,0],[1,-1],[1,1],[2,0],[1,0],[0,-1],[-1,0],[0,-1],[0,0],[1,-1],[0,0],[-1,-1],[0,0],[1,-1],[2,-1],[0,0],[1,-1],[-1,-1],[0,-1],[0,-1],[0,0],[0,-1],[0,0],[1,0],[0,-1],[1,0],[1,0],[0,-1],[1,-1],[0,0],[1,0],[1,0],[-1,-2],[1,0],[0,0],[0,0],[1,0],[1,0],[1,0],[2,1],[1,1],[1,1],[1,1],[1,1],[1,0],[1,1],[1,1],[1,0],[1,0],[0,1],[1,0],[1,1],[1,0],[3,0],[1,0],[0,0],[1,-1],[1,0],[0,0],[1,-2],[1,0],[1,0],[0,0],[1,0],[0,0],[0,1],[-1,0],[1,1],[0,1],[0,1],[1,1],[1,0],[0,0],[0,1],[-1,0],[0,1],[1,1],[2,0],[1,0],[0,1],[0,0],[1,0],[0,1],[0,0],[-1,0],[-1,0],[-1,0],[0,0],[0,0],[-1,1],[1,2],[0,1],[0,0],[0,0],[-1,0],[0,0],[0,1],[0,0],[-1,0],[-1,-1],[0,0],[0,-1],[-1,0],[0,-1],[-2,0],[-1,0],[-1,0],[0,0],[-1,0],[-1,0],[-1,0],[-1,0],[0,1],[-1,0],[-1,-1],[-1,0],[-1,1],[0,0],[-1,0],[-1,-1],[-1,0],[0,0],[-1,0],[-2,-1],[-1,1],[-3,0],[-1,1],[-1,2],[0,0],[-1,0],[-1,0],[-1,-2],[-1,0],[-1,0],[0,0],[-1,0],[0,3],[0,2],[0,1],[2,1],[2,2],[0,1],[1,0],[0,2],[1,2],[1,1],[1,1],[1,1],[1,1],[1,1],[1,1],[2,1],[2,2],[2,1],[0,0],[0,1],[0,1],[2,1],[2,2],[0,1],[1,0],[-1,0],[0,1],[-1,-1],[-2,-1],[-2,-2],[-3,-2],[-3,-1],[-2,-1],[-2,1],[-1,0],[-1,0],[-1,0],[0,-1],[0,0],[0,-1],[-2,-1],[-1,-1],[-2,-1],[-4,-4],[0,-1],[0,0],[1,0],[0,0],[1,-1],[1,1],[-1,-1],[-1,-1],[-3,-3],[-1,-1],[0,-2],[0,-2],[-1,-2],[-2,-1],[-1,-1],[-2,-1],[-1,0],[0,1],[0,2],[-1,2],[-1,1],[-1,2],[0,0],[-1,0],[-1,-3],[-1,-1],[0,-1],[-1,-1],[-1,-3],[1,-1]],[[545,483],[2,0],[1,0],[2,0],[1,0],[0,0],[-1,1],[-2,0],[-1,0],[-1,0],[0,0],[-1,-1],[0,0]],[[551,480],[-1,1],[-5,0],[-1,0],[-2,-1],[0,0],[1,0],[2,0],[0,0],[4,0],[2,0]],[[546,479],[-2,0],[-1,0],[-1,-1],[0,0],[0,-1],[2,0],[2,1],[1,0],[0,0],[-1,1]],[[529,469],[0,0],[-1,-1],[-1,0],[0,0],[2,1]],[[524,456],[-1,0],[-1,0],[0,-1],[-1,0],[-1,0],[0,0],[1,-1],[0,-1],[1,0],[1,1],[0,1],[1,1]],[[524,459],[1,1],[-1,-1],[-1,0],[-1,0],[1,-1],[0,0],[0,0],[1,0],[0,1]],[[528,465],[0,0],[-1,0],[0,-1],[-1,0],[-1,-1],[0,-1],[-1,-1],[-1,-1],[1,1],[1,0],[0,0],[1,1],[1,2],[2,1],[0,0],[-1,0]],[[529,471],[0,0],[0,0],[-1,0],[0,0],[-3,-3],[0,0],[1,0],[3,3]],[[531,470],[0,1],[0,0],[-1,-1],[-1,0],[2,0]],[[521,461],[0,0],[-1,0],[0,-2],[-1,-2],[0,0],[0,-1],[0,0],[-1,-2],[1,0],[0,0],[0,1],[1,0],[0,1],[0,2],[1,2],[0,0],[0,1]],[[555,485],[2,1],[-4,-1],[0,0],[0,0],[2,0]],[[564,487],[0,1],[1,0],[0,1],[-2,-1],[-2,-2],[-3,-1],[-3,-1],[-4,-1],[-2,-1],[1,0],[1,0],[5,2],[0,-1],[1,0],[0,0],[1,1],[1,0],[1,1],[1,1],[2,1],[0,0],[1,0]],[[666,477],[-1,1],[-1,0],[0,0],[0,0],[-1,0],[-1,1],[0,0],[-1,0],[-2,-1],[-1,0],[0,0],[-1,0],[-1,1],[-1,0],[-1,1],[0,0],[-2,1],[0,0],[-1,0],[0,1],[0,1],[0,0],[-1,1],[-1,0],[0,1],[0,0],[-1,0],[-1,1],[0,0],[0,0],[0,1],[1,0],[0,1],[1,1],[0,1],[-1,1],[-1,1],[-2,0],[-1,0],[-1,0],[-1,1],[-1,1],[-1,0],[-2,-1],[-1,0],[-2,0],[-1,0],[0,1],[-1,-1],[-1,0],[0,0],[-1,-2],[0,0],[-1,1],[-1,0],[-1,0],[-2,1],[0,1],[0,0],[-1,0],[-1,0],[-1,1],[-1,1],[-1,0],[-1,0],[-1,0],[-1,0],[-1,1],[-1,1],[-2,0],[1,-1],[-1,-3],[0,-2],[0,0],[0,0],[0,-1],[-1,0],[-1,-2],[-1,-1],[-1,0],[-1,-1],[-1,0],[-2,-2],[1,0],[0,-1],[1,-1],[0,-1],[-1,0],[0,-1],[-1,-1],[0,-1],[0,-1],[0,0],[0,-1],[1,0],[0,-1],[1,0],[1,-1],[1,-1],[0,-1],[0,0],[0,-1],[0,-1],[-1,0],[0,-1],[-1,-1],[-1,0],[-2,-1],[0,0],[-1,-2],[0,0],[-1,-1],[0,0],[0,-1],[0,-1],[0,-2],[0,0],[0,0],[1,-2],[0,-1],[0,0],[1,-1],[0,0],[1,0],[2,1],[1,1],[0,0],[-1,1],[0,0],[-1,1],[0,1],[1,0],[0,0],[3,-1],[3,0],[5,0],[3,0],[2,-1],[4,0],[3,0],[4,-1],[2,0],[1,-2],[1,-1],[2,-3],[3,-2],[3,-1],[2,-1],[1,0],[3,1],[2,0],[1,0],[0,0],[1,0],[1,0],[1,0],[1,1],[2,1],[2,0],[0,0],[2,-1],[1,4],[-1,1],[-2,0],[-1,1],[-1,2],[0,1],[-1,1],[0,2],[1,4],[0,0],[-1,1],[-2,4],[2,0],[1,1],[2,2],[2,1],[0,1]],[[571,472],[-1,0],[0,1],[-1,0],[0,0],[-1,-1],[0,1],[0,0],[1,1],[0,1],[0,1],[0,0],[-1,-1],[0,0],[-1,0],[-1,1],[0,1],[0,1],[-1,0],[0,1],[1,1],[-2,1],[0,0],[0,0],[0,2],[0,1],[1,1],[0,1],[0,0],[0,1],[0,0],[-1,0],[-1,0],[0,0],[-2,-1],[-1,-1],[-1,-1],[-1,0],[-1,-1],[0,0],[-1,0],[-1,0],[0,-1],[1,0],[-1,0],[0,-1],[-2,-2],[-2,-1],[0,-1],[0,-1],[0,0],[-2,-1],[-2,-2],[-2,-1],[-1,-1],[-1,-1],[-1,-1],[-1,-1],[-1,-1],[-1,-1],[-1,-2],[0,-2],[-1,0],[0,-1],[-2,-2],[-2,-1],[0,-1],[0,-2],[0,-3],[1,0],[0,0],[1,0],[1,0],[1,2],[1,0],[1,0],[0,0],[1,-2],[1,-1],[3,0],[1,-1],[2,1],[1,0],[0,0],[1,0],[1,1],[1,0],[0,0],[1,-1],[1,0],[1,1],[1,0],[0,-1],[1,0],[1,0],[1,0],[1,0],[0,0],[1,0],[1,0],[2,0],[0,1],[1,0],[0,1],[0,0],[1,1],[1,0],[0,0],[1,-1],[1,0],[1,0],[0,0],[1,0],[0,0],[0,1],[0,2],[-1,1],[-1,1],[0,1],[0,1],[0,1],[1,0],[0,0],[1,1],[1,0],[1,1],[1,1],[1,1],[0,0],[-1,0],[-1,1],[-1,0],[0,0],[0,0],[-1,0],[1,0],[1,2],[1,2],[1,0],[-1,1],[0,1],[0,0],[-1,-1],[0,0],[-1,1],[0,0]],[[424,364],[0,0],[1,1],[0,-1],[0,0],[1,-1],[0,0],[1,0],[0,1],[0,0],[2,-1],[0,0],[0,1],[0,0],[0,0],[0,0],[1,0],[1,0],[0,-1],[0,1],[0,0],[1,1],[0,1],[1,1],[1,-1],[1,0],[0,0],[0,1],[1,1],[1,0],[1,0],[0,1],[0,0],[-1,2],[0,0],[0,0],[0,0],[-1,1],[0,1],[0,0],[0,1],[1,0],[0,0],[1,0],[1,0],[0,0],[1,1],[0,1],[1,0],[-1,1],[1,1],[0,0],[1,0],[0,1],[0,0],[0,2],[-2,1],[0,1],[0,0],[0,0],[-1,0],[0,0],[-1,-1],[-1,2],[0,1],[-1,0],[0,1],[0,0],[0,1],[0,0],[0,0],[0,1],[0,1],[1,1],[0,0],[0,1],[-1,0],[0,0],[-1,0],[0,0],[-1,1],[0,0],[-1,-1],[-1,-1],[0,-1],[0,0],[-1,0],[-1,-1],[0,0],[-1,-1],[-1,0],[0,0],[0,-1],[0,-1],[-1,0],[1,-3],[0,0],[-1,0],[0,1],[-1,0],[0,1],[-1,1],[-2,0],[-1,-1],[0,0],[-1,0],[0,0],[1,-1],[0,0],[0,-1],[0,0],[0,0],[0,-1],[0,0],[0,-1],[-1,-1],[-1,0],[-1,0],[0,0],[-1,0],[0,0],[0,0],[0,0],[-1,-2],[0,0],[-1,-1],[-1,0],[-1,-1],[0,0],[0,-1],[0,-1],[-1,-1],[0,0],[-1,0],[-1,0],[0,1],[0,0],[-1,-1],[-1,-1],[0,-1],[0,-1],[0,0],[0,-1],[-1,-1],[0,0],[4,-2],[3,-1],[1,0],[0,1],[0,0],[1,0],[0,1],[0,-1],[1,0],[1,0],[0,1],[1,0],[0,0],[1,0],[1,0],[1,-1],[1,0],[0,-1]],[[663,328],[-2,0],[-1,1],[-1,1],[-1,0],[-1,0],[0,1],[-1,1],[-1,1],[0,2],[0,0],[0,2],[0,1],[0,1],[1,1],[0,0],[0,1],[0,1],[0,0],[-1,1],[-1,-1],[0,-1],[-1,0],[-1,-1],[-1,1],[-1,0],[-2,1],[-1,1],[-1,0],[-1,1],[0,-1],[-1,-1],[-1,-1],[0,0],[-1,0],[0,0],[0,1],[-1,0],[0,0],[-1,1],[0,0],[0,1],[-1,0],[0,0],[-1,-1],[0,0],[-1,0],[-1,0],[-1,0],[-1,0],[0,1],[-1,0],[-1,0],[0,0],[-1,1],[0,1],[0,0],[0,0],[-1,-1],[0,0],[-2,0],[-1,0],[0,0],[0,0],[-2,-2],[-1,0],[-1,1],[-1,0],[-2,0],[-1,0],[-1,0],[-1,0],[-3,0],[-1,0],[-2,0],[-3,0],[-1,1],[-1,0],[-1,1],[-2,0],[0,0],[-1,1],[-1,0],[0,0],[-1,1],[-1,2],[-1,1],[0,1],[-1,-1],[-1,0],[0,0],[-1,0],[0,1],[0,1],[0,0],[-1,-1],[0,-1],[0,-1],[1,-1],[-1,-1],[0,-1],[0,-1],[0,-1],[0,0],[-1,0],[-1,-1],[-1,0],[-1,-1],[-1,0],[0,0],[1,-1],[0,-1],[1,-2],[0,0],[3,-2],[1,-1],[0,-1],[-1,-1],[0,-1],[0,-1],[-1,-2],[-1,-2],[-2,-4],[-2,-5],[1,1],[1,-1],[1,0],[1,0],[0,0],[1,-1],[1,0],[0,0],[1,1],[1,-1],[1,-1],[1,0],[0,-1],[0,-1],[1,-1],[1,0],[1,0],[0,-1],[1,-1],[0,0],[1,-1],[1,0],[0,1],[0,1],[0,0],[0,0],[1,0],[1,0],[0,-1],[0,0],[0,-1],[-1,0],[-1,0],[0,0],[0,-1],[0,0],[0,-1],[0,-2],[0,0],[0,0],[0,-1],[0,-1],[0,-2],[0,-1],[1,-1],[1,0],[1,-1],[0,-1],[0,0],[0,-1],[0,0],[3,-1],[0,-1],[0,0],[0,0],[1,-1],[-1,0],[0,0],[-2,0],[0,0],[0,-1],[0,-1],[0,-1],[0,-1],[0,-1],[0,0],[1,-1],[1,0],[0,-2],[1,0],[2,0],[1,0],[0,0],[1,-1],[0,0],[0,-1],[1,-1],[1,-2],[1,-1],[0,-1],[0,0],[2,1],[0,0],[1,0],[0,0],[1,-1],[1,1],[0,0],[1,1],[0,0],[1,-1],[1,-1],[0,0],[2,1],[1,0],[0,0],[0,1],[0,0],[0,1],[1,1],[0,0],[1,-1],[1,0],[0,-1],[1,0],[0,-1],[0,0],[1,0],[2,-1],[2,1],[0,0],[1,1],[0,0],[1,0],[0,0],[1,0],[0,0],[1,0],[0,1],[0,0],[1,2],[-1,1],[0,0],[0,0],[0,1],[1,0],[1,1],[0,1],[1,1],[-1,1],[0,1],[0,1],[0,0],[0,1],[2,0],[1,1],[1,0],[0,0],[0,2],[0,0],[1,0],[0,1],[1,1],[1,1],[3,1],[1,0],[1,1],[0,0],[0,1],[0,1],[0,1],[0,0],[2,-1],[2,0],[2,1],[0,0],[0,1],[0,0],[1,0],[2,1],[0,1],[0,0],[1,1],[-1,0],[0,0],[-1,1],[0,1],[-1,2],[-1,1],[-1,0],[-1,0],[-1,0],[-1,-1],[0,0],[-1,0],[-1,1],[-1,0],[0,1],[0,1],[0,1],[0,0],[1,1],[1,0],[1,1],[1,1],[0,0],[0,0],[0,1],[1,1],[0,1],[0,1],[1,2],[0,0],[0,0],[1,1],[1,1],[0,0]],[[471,425],[0,-2],[0,-1],[0,-1],[0,0],[0,0],[1,0],[0,0],[1,-1],[1,1],[1,0],[0,1],[1,0],[0,1],[0,0],[0,0],[1,0],[0,0],[0,1],[0,1],[0,0],[1,-1],[1,-1],[0,0],[0,-2],[0,0],[1,0],[1,0],[1,0],[2,0],[0,0],[0,1],[0,0],[1,1],[0,0],[1,0],[1,-1],[0,1],[1,-1],[0,0],[1,0],[0,-1],[1,0],[2,-1],[4,-1],[0,0],[0,-1],[0,0],[1,0],[1,0],[1,1],[0,0],[0,0],[1,0],[1,0],[1,0],[0,0],[0,1],[0,0],[0,0],[1,1],[1,0],[0,0],[0,0],[0,-1],[0,-1],[0,-1],[0,0],[-1,0],[0,0],[0,-1],[0,0],[0,-2],[-1,-1],[-1,-1],[0,-1],[1,0],[1,-1],[1,-1],[1,0],[1,-1],[1,0],[0,-1],[0,0],[1,-2],[0,-1],[0,0],[2,1],[0,0],[0,0],[1,-1],[0,0],[0,-1],[0,-1],[0,0],[0,0],[1,0],[1,0],[0,2],[2,0],[1,0],[1,-1],[0,0],[1,0],[1,0],[0,-1],[1,-1],[0,0],[1,0],[1,-1],[0,-2],[0,0],[1,0],[0,0],[0,0],[1,0],[0,0],[1,0],[1,0],[2,1],[1,0],[0,0],[1,0],[2,1],[2,0],[1,0],[0,0],[1,-1],[1,0],[0,0],[1,1],[1,0],[0,0],[1,0],[0,1],[1,1],[0,0],[0,0],[-1,1],[0,1],[0,1],[1,2],[1,2],[1,1],[0,0],[0,1],[0,1],[-1,0],[0,0],[1,1],[0,1],[0,0],[-1,1],[-1,0],[0,0],[-1,0],[0,0],[-1,-1],[-1,0],[0,0],[0,1],[-1,0],[0,0],[0,1],[2,0],[0,1],[0,1],[0,0],[0,1],[-1,0],[-1,0],[0,1],[1,1],[-1,0],[0,1],[1,1],[0,0],[0,0],[0,1],[0,0],[0,1],[0,0],[0,0],[-1,0],[-1,0],[-1,2],[-1,0],[0,1],[0,1],[0,1],[-1,0],[-1,0],[0,0],[-2,0],[-1,1],[-1,0],[-2,0],[-2,0],[0,1],[-1,0],[0,0],[-1,1],[0,0],[-1,1],[-1,0],[0,1],[0,0],[-1,0],[0,0],[0,0],[-2,-1],[-2,0],[0,0],[-1,0],[-1,0],[-1,0],[0,0],[-3,-1],[-1,0],[-2,0],[-3,-1],[-1,0],[-1,0],[-2,0],[0,0],[-1,-1],[-1,-1],[-1,-2],[0,0],[0,-1],[1,-1],[0,0],[-1,0],[-2,1],[-2,1],[0,0],[-1,0],[-1,0],[-1,0],[-2,0],[-1,0],[0,2],[-1,0],[0,1],[-1,0],[-1,0],[0,0],[-1,-1],[-1,0],[-1,0],[0,0],[0,-1],[-1,-1],[0,0],[-2,2],[-1,0],[-1,-1],[-1,0],[0,-1],[0,0],[-1,-1],[-2,0],[0,0],[0,0],[0,-1],[0,0],[0,-1],[0,0],[0,0],[0,-1],[0,0],[0,0]],[[387,488],[0,0],[-1,1],[-1,0],[0,0],[-1,0],[0,-1],[0,0],[0,-1],[0,0],[0,0],[1,-1],[0,0],[1,0],[1,1],[1,0],[0,0],[-1,1],[0,0]],[[575,496],[0,-1],[0,-1],[0,0],[0,-1],[0,-1],[-1,0],[0,-2],[1,-1],[0,-1],[1,-1],[1,-1],[0,-1],[1,-1],[0,0],[0,1],[0,1],[0,0],[1,1],[1,-1],[0,0],[1,-1],[1,0],[0,1],[1,1],[1,1],[1,0],[1,1],[1,0],[0,1],[1,2],[0,1],[0,1],[0,0],[0,3],[0,1],[0,0],[0,1],[0,0],[0,2],[0,1],[1,1],[1,2],[0,0],[1,1],[1,1],[0,1],[1,-1],[1,0],[1,1],[0,0],[0,1],[0,1],[1,1],[0,0],[0,1],[-1,1],[0,1],[-1,0],[-1,1],[0,1],[0,0],[0,1],[0,2],[0,0],[-1,1],[-1,0],[0,0],[-1,0],[0,1],[0,0],[-1,1],[0,0],[1,1],[0,0],[0,1],[0,0],[0,0],[0,0],[0,1],[-1,1],[0,0],[0,0],[-1,0],[-1,0],[0,0],[-1,0],[0,-1],[0,-1],[-2,-3],[-4,-1],[-1,-1],[-1,-1],[0,-1],[0,0],[0,0],[1,0],[0,0],[0,-1],[-2,-2],[0,-1],[1,-2],[0,-2],[0,-2],[0,-2],[-1,-1],[0,-2],[0,-2],[1,0],[0,-1],[0,-2],[-1,-1],[-2,0]]],"transform":{"scale":[1,1],"translate":[0,0]}}
