{"type":"Topology","objects":{"countries":{"type":"GeometryCollection","geometries":[{"id":"US","type":"MultiPolygon","arcs":[[[0]],[[1]],[[2]],[[3]],[[4]],[[5]],[[6]],[[7]],[[8]],[[9]],[[10]],[[11]],[[12]],[[13]],[[14]],[[15]],[[16]],[[17]],[[18]],[[19]],[[20]],[[21]],[[22]],[[23]],[[24]],[[25]],[[26]],[[27]],[[28]],[[29]],[[30]],[[31]],[[32]],[[33]],[[34]],[[35]],[[36]],[[37]],[[38]],[[39]],[[40]],[[41]],[[42]],[[43]],[[44]],[[45]],[[46]],[[47]],[[48]],[[49]],[[50]],[[51]],[[52]],[[53]],[[54]],[[55]],[[56]],[[57]],[[58]],[[59]],[[60]],[[61]],[[62]],[[63]],[[64]],[[65]],[[66]],[[67]],[[68]],[[69]],[[70]],[[71]],[[72]],[[73]],[[74]],[[75]],[[76]],[[77]],[[78]],[[79]],[[80]],[[81]],[[82]],[[83]],[[84]],[[85]],[[86]],[[87]],[[88]],[[89]],[[90]],[[91]],[[92]],[[93]],[[94]],[[95]],[[96]],[[97]],[[98]],[[99]],[[100]],[[101]],[[102]],[[103]],[[104]],[[105]],[[106]],[[107]],[[108]],[[109]],[[110]],[[111]],[[112]],[[113]],[[114]],[[115]],[[116]],[[117]],[[118]],[[119]],[[120]],[[121]],[[122]],[[123]],[[124]],[[125]],[[126]]]},{"id":"TT","type":"MultiPolygon","arcs":[[[127]],[[128]]]},{"id":"VC","type":"MultiPolygon","arcs":[[[129]],[[130]],[[131]]]},{"id":"LC","type":"Polygon","arcs":[[132]]},{"id":"KN","type":"MultiPolygon","arcs":[[[133]],[[134]]]},{"id":"PA","type":"MultiPolygon","arcs":[[[135]],[[136]],[[137]],[[138]],[[139]]]},{"id":"NI","type":"Polygon","arcs":[[140]]},{"id":"MX","type":"MultiPolygon","arcs":[[[141]],[[142]],[[143]],[[144]],[[145]],[[146]],[[147]],[[148]],[[149]],[[150]],[[151]],[[152]],[[153]],[[154]],[[155]],[[156]]]},{"id":"JM","type":"Polygon","arcs":[[157]]},{"id":"HN","type":"MultiPolygon","arcs":[[[158]],[[159]],[[160]]]},{"id":"HT","type":"MultiPolygon","arcs":[[[161]],[[162]],[[163]]]},{"id":"GT","type":"Polygon","arcs":[[164]]},{"id":"GD","type":"Polygon","arcs":[[165]]},{"id":"SV","type":"Polygon","arcs":[[166]]},{"id":"DO","type":"Polygon","arcs":[[167]]},{"id":"DM","type":"Polygon","arcs":[[168]]},{"id":"GL","type":"MultiPolygon","arcs":[[[169]],[[170]],[[171]],[[172]],[[173]],[[174]],[[175]],[[176]],[[177]],[[178]],[[179]],[[180]],[[181]],[[182]],[[183]],[[184]],[[185]]]},{"id":"CU","type":"MultiPolygon","arcs":[[[186]],[[187]],[[188]],[[189]],[[190]],[[191]],[[192]]]},{"id":"CR","type":"Polygon","arcs":[[193]]},{"id":"CA","type":"MultiPolygon","arcs":[[[194]],[[195]],[[196]],[[197]],[[198]],[[199]],[[200]],[[201]],[[202]],[[203]],[[204]],[[205]],[[206]],[[207]],[[208]],[[209]],[[210]],[[211]],[[212]],[[213]],[[214]],[[215]],[[216]],[[217]],[[218]],[[219]],[[220]],[[221]],[[222]],[[223]],[[224]],[[225]],[[226]],[[227]],[[228]],[[229]],[[230]],[[231]],[[232]],[[233]],[[234]],[[235]],[[236]],[[237]],[[238]],[[239]],[[240]],[[241]],[[242]],[[243]],[[244]],[[245]],[[246]],[[247]],[[248]],[[249]],[[250]],[[251]],[[252]],[[253]],[[254]],[[255]],[[256]],[[257]],[[258]],[[259]],[[260]],[[261]],[[262]],[[263]],[[264]],[[265]],[[266]],[[267]],[[268]],[[269]],[[270]],[[271]],[[272]],[[273]],[[274]],[[275]],[[276]],[[277]],[[278]],[[279]],[[280]],[[281]],[[282]],[[283]],[[284]],[[285]],[[286]],[[287]],[[288]],[[289]],[[290]],[[291]],[[292]],[[293]],[[294]],[[295]],[[296]],[[297]],[[298]],[[299]],[[300]],[[301]],[[302]],[[303]],[[304]],[[305]],[[306]],[[307]],[[308]],[[309]],[[310]],[[311]],[[312]],[[313]],[[314]],[[315]],[[316]],[[317]],[[318]],[[319]],[[320]],[[321]],[[322]],[[323]],[[324]],[[325]],[[326]],[[327]],[[328]],[[329]],[[330]],[[331]],[[332]],[[333]],[[334]]]},{"id":"BZ","type":"MultiPolygon","arcs":[[[335]],[[336]],[[337]]]},{"id":"BB","type":"Polygon","arcs":[[338]]},{"id":"BS","type":"MultiPolygon","arcs":[[[339]],[[340]],[[341]],[[342]],[[343]],[[344]],[[345]],[[346]],[[347]],[[348]],[[349]],[[350]],[[351]],[[352]],[[353]]]},{"id":"AG","type":"MultiPolygon","arcs":[[[354]],[[355]]]}]}},"arcs":[[[352,238],[0,0],[-1,0],[0,0],[0,0],[0,0],[1,0],[0,-1],[0,0],[1,1],[0,0],[0,0],[-1,0],[0,0],[0,0]],[[351,240],[0,0],[0,0],[0,-1],[0,0],[0,0],[0,0],[0,0],[1,0],[0,0],[0,0],[0,0],[0,0],[0,1],[0,0],[0,0],[-1,0]],[[351,226],[0,1],[-1,-1],[0,0],[0,0],[0,0],[1,0],[0,0],[0,0]],[[325,199],[0,0],[0,0],[0,0],[1,0],[0,0],[-1,0]],[[325,203],[0,0],[1,0],[0,-1],[0,0],[1,0],[0,0],[-1,1],[-1,0]],[[317,196],[-1,0],[0,0],[0,-1],[1,0],[0,1],[0,0]],[[307,187],[0,0],[0,0],[1,0],[0,0],[0,0],[-1,0],[0,0]],[[266,196],[-1,0],[0,0],[0,0],[0,0],[1,0],[0,0]],[[267,200],[0,0],[0,0],[0,-1],[0,0],[0,1],[0,0],[0,0]],[[267,199],[0,0],[0,0],[0,0],[0,0],[0,0],[0,0],[0,0],[0,0],[0,-1],[0,0],[0,0],[0,0],[0,1]],[[243,189],[0,0],[0,0],[0,0],[1,0],[0,0],[0,0],[0,0],[0,0],[0,0],[0,0],[-1,0]],[[210,171],[0,0],[0,-1],[0,0],[0,1],[0,0]],[[299,132],[0,0],[0,-1],[0,0],[1,1],[0,0],[-1,0],[0,0]],[[276,133],[0,0],[0,0],[0,1],[0,0],[1,0],[1,1],[0,0],[0,0],[0,0],[0,1],[0,0],[0,0],[0,0],[0,1],[0,0],[1,1],[0,0],[-1,0],[1,1],[0,0],[0,0],[0,1],[1,0],[-1,1],[0,0],[-1,-1],[0,0],[-1,0],[0,0],[0,0],[-1,0],[0,0],[0,0],[1,-1],[0,0],[0,0],[0,-1],[-1,0],[0,0],[0,-1],[1,0],[0,0],[0,0],[-1,-1],[0,-1],[0,0],[0,0],[-1,0],[0,0],[0,-1],[-1,0],[0,0],[0,0],[0,-1],[0,0],[1,0],[0,0],[1,-1],[0,0],[0,1]],[[272,159],[0,1],[0,0],[1,0],[0,0],[0,1],[0,0],[0,0],[-1,0],[0,1],[0,0],[0,0],[0,0],[-1,1],[0,-1],[0,0],[-1,0],[0,0],[0,0],[0,0],[-1,0],[0,0],[0,-1],[0,0],[0,-2],[-1,0],[0,-1],[1,-1],[0,0],[0,1],[1,1],[0,-1],[1,0],[0,1],[0,0],[1,0],[0,0],[0,0],[0,0],[0,0]],[[295,199],[0,0],[0,0],[1,0],[0,0],[1,1],[0,0],[0,0],[0,0],[-1,0],[0,0],[0,1],[1,0],[0,1],[-1,0],[0,0],[0,0],[0,0],[-1,-1],[0,0],[-1,0],[0,0],[0,0],[0,0],[0,0],[0,1],[0,0],[0,0],[0,0],[0,0],[0,0],[-1,0],[0,0],[-1,-1],[0,0],[-1,0],[0,1],[0,0],[-1,-1],[1,1],[0,0],[-1,0],[0,0],[0,0],[-1,0],[0,0],[0,0],[0,0],[0,0],[1,0],[0,0],[0,-1],[0,0],[-1,0],[0,0],[0,0],[1,0],[0,-1],[0,0],[0,0],[-1,0],[0,0],[0,0],[0,0],[0,0],[0,0],[0,0],[0,1],[0,0],[0,0],[-1,0],[0,0],[0,-1],[1,-1],[0,-1],[0,0],[0,0],[1,-1],[1,0],[0,0],[0,0],[1,1],[0,0],[0,0],[-1,0],[0,0],[1,1],[-1,0],[0,1],[0,0],[0,0],[0,0],[1,-1],[0,-1],[0,0],[0,0],[1,0],[0,0],[0,0],[0,0],[0,-1],[0,0],[0,0],[0,0],[0,0],[0,0],[1,0],[-1,1],[0,0],[1,0],[0,0],[0,0],[0,0],[0,0],[0,1],[1,0],[0,0],[0,-1],[0,0],[0,0],[0,0],[0,0],[1,0],[0,1],[-1,0]],[[359,245],[0,1],[0,0],[0,0],[-1,1],[0,0],[0,0],[0,1],[0,1],[0,0],[-1,1],[0,0],[0,0],[-1,1],[0,0],[-1,0],[0,0],[-1,0],[0,-1],[0,-1],[0,-1],[0,0],[1,0],[1,0],[0,0],[-1,0],[0,0],[1,-1],[0,-1],[0,0],[0,-1],[0,0],[0,-1],[0,-1],[0,0],[0,0],[-1,0],[-1,0],[0,0],[-1,0],[0,1],[0,0],[0,0],[0,0],[0,1],[-1,0],[0,0],[0,0],[0,-1],[0,0],[0,0],[0,-1],[0,0],[1,0],[1,-1],[0,0],[1,0],[-1,-1],[0,0],[0,0],[0,0],[0,-1],[0,0],[-1,0],[0,-1],[0,0],[0,0],[0,-1],[0,0],[0,0],[0,0],[0,-1],[0,0],[0,0],[0,-1],[0,0],[0,0],[0,-1],[0,0],[0,0],[-2,-1],[1,-1],[0,-2],[0,0],[0,0],[0,0],[0,0],[1,0],[0,1],[0,0],[-1,-1],[0,-1],[0,0],[0,0],[1,0],[1,0],[0,0],[-1,-1],[0,0],[-1,1],[0,0],[0,-1],[0,0],[0,0],[0,-1],[-1,0],[1,-1],[0,0],[0,-1],[1,0],[0,-1],[0,0],[0,0],[0,0],[-1,1],[0,0],[-1,1],[0,-1],[0,0],[0,-1],[-1,0],[0,0],[0,-2],[0,0],[0,0],[0,-1],[0,0],[0,-2],[0,-1],[1,0],[0,-1],[0,0],[-1,1],[0,0],[0,0],[0,0],[0,0],[0,0],[0,0],[0,1],[0,1],[-1,1],[0,1],[0,0],[0,1],[0,1],[0,0],[0,0],[0,0],[-1,0],[0,0],[0,0],[0,-1],[0,0],[-1,0],[0,-1],[0,0],[0,-1],[0,0],[0,-1],[0,0],[1,0],[0,-1],[-1,1],[0,-1],[0,0],[0,-1],[0,0],[0,1],[0,0],[0,0],[0,1],[0,0],[0,0],[-1,0],[0,0],[0,-1],[0,0],[0,0],[0,0],[0,-1],[-1,0],[0,-1],[0,0],[0,1],[0,0],[0,0],[-1,0],[0,0],[1,0],[0,0],[0,1],[0,0],[1,0],[0,1],[0,0],[0,0],[0,0],[-1,0],[1,1],[0,0],[0,1],[0,0],[0,0],[0,0],[0,0],[-1,0],[-1,0],[0,0],[0,0],[-1,0],[0,-1],[-1,-2],[0,0],[0,0],[0,0],[0,0],[0,-1],[0,0],[0,-1],[0,0],[0,-1],[-1,0],[0,-1],[0,0],[0,0],[0,0],[0,0],[0,-1],[-1,0],[0,0],[-1,-2],[-1,-1],[0,0],[0,0],[0,0],[0,-1],[1,0],[0,0],[0,0],[0,0],[0,-1],[1,0],[0,0],[0,0],[0,0],[0,0],[0,0],[0,0],[0,0],[0,0],[0,1],[0,1],[0,0],[0,0],[0,-1],[0,0],[0,0],[1,0],[0,0],[0,0],[0,-1],[-1,-1],[0,0],[0,0],[0,0],[-1,1],[-1,0],[-1,0],[0,0],[-1,-1],[0,0],[-1,-2],[-1,0],[1,0],[0,0],[0,-1],[0,0],[0,0],[0,0],[0,0],[0,0],[0,0],[-1,0],[0,0],[-1,-1],[-1,-1],[-1,0],[-2,-1],[-1,0],[0,0],[-1,-1],[0,0],[0,0],[0,0],[0,0],[0,-1],[0,0],[-1,-1],[0,0],[0,0],[0,0],[0,-1],[0,0],[1,-1],[0,0],[1,0],[0,0],[-1,0],[-1,0],[0,0],[0,1],[-1,0],[0,-1],[0,0],[-1,-1],[0,0],[0,0],[0,0],[0,0],[1,0],[0,-1],[-1,0],[0,-1],[0,0],[0,0],[0,0],[-1,0],[0,0],[0,0],[0,0],[0,0],[0,-1],[0,0],[0,0],[0,0],[0,-1],[1,0],[1,0],[0,0],[-1,-1],[-1,0],[0,1],[-1,0],[0,-1],[0,0],[0,0],[0,0],[-1,0],[0,0],[0,0],[0,0],[0,0],[0,0],[0,0],[0,0],[0,0],[-1,0],[0,0],[0,0],[0,-1],[0,0],[0,0],[1,-1],[0,0],[0,0],[-1,0],[0,0],[0,0],[0,0],[-1,0],[0,0],[0,0],[0,0],[0,0],[0,0],[0,0],[0,0],[0,1],[-1,0],[0,0],[0,0],[0,0],[0,0],[0,1],[0,0],[0,0],[0,0],[0,1],[0,0],[-1,0],[0,-1],[0,0],[0,0],[-1,1],[0,0],[1,0],[0,0],[0,0],[1,0],[0,0],[0,0],[0,0],[0,1],[0,0],[0,0],[-1,0],[0,0],[0,0],[0,0],[0,0],[-1,1],[0,0],[0,0],[0,0],[0,0],[-1,1],[0,0],[0,0],[0,-1],[0,0],[0,0],[-1,0],[0,0],[0,0],[0,-1],[-1,0],[0,0],[0,0],[0,-1],[0,0],[0,1],[-1,0],[0,0],[-1,1],[0,0],[0,0],[1,-1],[0,0],[-1,0],[0,0],[0,1],[0,0],[-1,-1],[0,0],[0,0],[0,1],[0,0],[-1,0],[0,0],[0,0],[0,0],[-1,0],[0,-1],[0,0],[0,0],[0,0],[0,1],[-1,0],[-1,0],[0,0],[0,0],[0,0],[0,0],[-1,0],[0,0],[0,0],[0,0],[0,0],[0,0],[0,0],[-1,-1],[0,0],[-1,0],[0,-1],[0,0],[0,0],[1,0],[0,0],[0,0],[1,0],[0,0],[1,0],[0,0],[1,0],[0,-1],[0,0],[0,0],[-1,0],[0,0],[0,0],[-1,-1],[0,0],[0,0],[1,-1],[0,0],[1,0],[1,-1],[0,0],[1,-1],[0,0],[1,-1],[0,0],[0,0],[1,0],[1,0],[1,0],[1,0],[0,0],[0,0],[0,1],[0,0],[1,0],[0,0],[1,2],[0,0],[1,0],[0,-1],[-1,0],[0,-1],[-1,-1],[0,0],[0,-1],[0,0],[1,0],[0,0],[0,0],[0,0],[1,0],[1,0],[0,0],[-1,0],[0,-1],[-1,1],[0,0],[0,0],[0,0],[-1,0],[-1,-1],[0,0],[0,0],[0,0],[-1,0],[-1,0],[0,0],[-1,0],[0,0],[-1,0],[0,0],[-1,0],[0,0],[0,1],[0,0],[0,0],[-1,0],[-1,0],[0,0],[0,0],[-1,1],[0,0],[0,0],[-1,0],[0,0],[0,0],[-1,0],[0,-1],[0,0],[0,0],[0,1],[0,0],[0,1],[0,0],[0,0],[0,0],[-1,0],[0,0],[-1,0],[0,0],[0,0],[0,0],[0,1],[0,0],[0,0],[-1,0],[0,0],[0,0],[0,-1],[0,0],[0,0],[0,0],[-1,0],[0,0],[0,0],[0,1],[0,0],[-1,0],[0,0],[-1,0],[0,0],[-1,0],[0,1],[0,0],[0,1],[1,0],[0,0],[0,1],[0,1],[0,0],[0,0],[0,0],[-1,0],[0,0],[-1,0],[0,0],[0,0],[-1,0],[0,1],[-1,0],[0,0],[-1,0],[0,0],[1,0],[-1,0],[0,1],[0,0],[0,0],[-1,-1],[0,0],[0,1],[-2,-1],[0,0],[0,0],[-1,0],[-1,0],[0,0],[0,0],[0,0],[-1,1],[0,0],[0,0],[0,0],[-1,-1],[0,0],[-1,1],[0,0],[0,0],[0,-1],[-1,0],[0,1],[0,0],[0,0],[0,0],[0,0],[-1,1],[0,0],[0,0],[-1,0],[0,0],[0,0],[0,0],[-1,0],[0,0],[0,0],[0,0],[-1,0],[0,0],[0,-1],[0,0],[-1,0],[0,0],[0,0],[0,1],[-1,0],[0,0],[0,-1],[0,0],[0,0],[-1,0],[0,0],[0,0],[0,0],[0,1],[0,-1],[-1,0],[0,0],[0,0],[-1,0],[0,0],[0,0],[-1,0],[0,0],[1,0],[0,1],[0,0],[0,0],[0,0],[0,0],[-1,0],[0,1],[0,0],[0,-1],[0,0],[0,0],[0,0],[0,0],[-1,0],[-1,0],[-2,0],[0,0],[0,0],[-1,0],[0,0],[0,0],[0,0],[0,-1],[0,0],[0,0],[0,0],[0,0],[0,0],[0,0],[0,0],[-1,0],[-1,0],[0,-1],[0,1],[-1,0],[0,0],[0,0],[0,-1],[0,0],[-1,0],[0,0],[0,0],[0,0],[-1,0],[0,0],[0,0],[-1,-1],[0,0],[0,0],[0,0],[0,0],[1,0],[0,0],[0,0],[0,0],[0,0],[0,0],[0,-1],[0,0],[0,0],[-1,0],[0,0],[0,0],[-1,0],[0,1],[-1,0],[-1,0],[0,0],[0,0],[-1,0],[0,0],[0,0],[0,0],[0,-1],[0,0],[0,0],[0,0],[0,0],[0,-1],[0,0],[0,0],[0,1],[-1,0],[0,0],[-1,0],[0,0],[0,-1],[0,0],[0,0],[0,0],[0,1],[-1,0],[0,0],[0,-1],[0,0],[0,0],[1,0],[0,-1],[0,0],[0,0],[1,0],[0,0],[0,1],[0,0],[0,0],[0,0],[1,0],[0,0],[1,0],[0,-1],[1,0],[1,0],[1,0],[1,0],[2,1],[0,0],[0,0],[0,0],[0,0],[1,1],[0,0],[0,0],[0,0],[-1,0],[0,0],[0,1],[0,0],[0,0],[0,0],[1,0],[0,0],[0,0],[0,0],[0,0],[0,0],[1,1],[0,0],[0,0],[0,0],[0,-1],[0,0],[0,-1],[0,0],[1,0],[0,0],[1,-1],[0,0],[1,0],[1,0],[2,1],[1,0],[0,0],[1,0],[0,0],[-1,0],[1,0],[0,1],[0,0],[0,-1],[0,0],[1,0],[0,0],[0,-1],[0,0],[1,0],[1,0],[0,0],[1,0],[0,0],[1,0],[0,0],[0,0],[0,0],[0,0],[0,0],[1,1],[0,0],[0,0],[0,-1],[0,0],[0,0],[0,0],[0,-1],[0,0],[1,-1],[1,0],[0,-1],[1,0],[0,1],[0,-1],[0,0],[0,0],[0,-1],[0,0],[1,0],[1,-1],[1,0],[0,0],[0,0],[1,-1],[1,0],[-1,0],[-1,0],[-2,0],[-1,0],[-1,0],[0,-1],[0,0],[0,-1],[0,0],[1,-1],[0,0],[1,0],[0,1],[0,0],[0,-1],[0,0],[-1,0],[0,0],[-1,0],[0,0],[0,0],[0,0],[-1,0],[0,1],[-1,1],[0,0],[0,0],[-1,0],[1,-2],[0,-1],[0,-1],[-1,0],[0,0],[0,0],[-1,-1],[0,0],[1,-1],[-1,0],[-1,0],[0,0],[-1,0],[-1,-1],[0,0],[0,0],[0,0],[-1,1],[-1,-1],[-1,-1],[1,0],[0,0],[1,0],[0,0],[1,-1],[0,0],[1,0],[-1,0],[0,0],[0,-1],[0,-1],[1,0],[0,0],[1,0],[0,-1],[0,0],[1,-2],[1,-1],[0,-1],[1,-1],[1,0],[0,0],[0,0],[0,-1],[0,0],[0,1],[-1,0],[-1,0],[-1,0],[0,0],[0,1],[0,0],[0,0],[-1,1],[0,0],[0,-1],[-1,1],[-1,-1],[-1,-1],[-1,0],[0,-1],[0,0],[0,0],[0,-2],[0,-1],[0,0],[0,-1],[0,0],[0,-1],[0,0],[0,0],[0,0],[0,-1],[1,0],[1,0],[1,0],[0,0],[0,1],[0,0],[0,0],[0,1],[0,0],[-1,0],[0,0],[1,0],[1,0],[0,0],[0,0],[0,1],[0,1],[1,0],[0,-1],[0,0],[0,0],[-1,-1],[1,0],[0,0],[0,0],[0,0],[0,0],[-1,0],[-1,-1],[0,-1],[-1,-1],[0,0],[0,0],[1,0],[0,0],[0,0],[0,0],[0,-1],[0,0],[0,0],[0,0],[0,0],[0,0],[0,-1],[0,0],[0,0],[0,0],[0,0],[0,0],[-1,0],[0,1],[0,-1],[0,0],[0,0],[0,-1],[0,0],[0,-1],[1,0],[0,0],[0,-1],[-1,0],[0,0],[1,0],[0,-1],[0,0],[0,1],[1,0],[0,0],[0,-1],[0,0],[0,0],[0,0],[1,1],[0,-1],[0,0],[0,0],[1,-1],[1,0],[2,0],[0,-1],[0,1],[0,0],[1,0],[0,0],[0,0],[0,0],[0,0],[1,0],[0,0],[0,0],[-1,0],[0,-1],[1,0],[0,-1],[1,0],[0,0],[1,0],[0,0],[0,0],[0,0],[0,0],[1,0],[0,0],[1,0],[0,1],[0,1],[0,0],[0,0],[-1,0],[0,0],[0,0],[1,0],[0,0],[0,0],[0,0],[0,1],[1,0],[0,0],[1,0],[1,0],[1,-1],[1,0],[0,0],[0,0],[0,1],[0,0],[1,1],[1,0],[0,0],[1,0],[1,0],[0,0],[1,-1],[0,-1],[1,-1],[0,-1],[0,-1],[-1,0],[1,0],[0,0],[1,0],[0,0],[0,0],[1,0],[0,0],[0,-1],[0,0],[0,0],[0,-1],[0,0],[-1,0],[0,0],[-1,0],[0,0],[-1,0],[-1,0],[-1,0],[-1,0],[0,0],[1,-1],[0,-1],[-1,0],[0,0],[0,0],[0,1],[0,0],[0,0],[0,0],[-1,-1],[0,-1],[-1,-1],[-1,0],[0,0],[0,-1],[-1,0],[0,0],[0,1],[0,-1],[0,0],[-1,-1],[-1,-1],[0,-1],[0,-1],[0,0],[1,0],[0,-1],[0,0],[0,-1],[0,-1],[0,0],[0,0],[0,1],[1,0],[0,0],[1,0],[0,0],[0,0],[0,0],[0,-1],[-1,0],[-1,-2],[0,-2],[0,0],[0,0],[1,-1],[0,0],[0,1],[0,0],[1,0],[0,0],[1,0],[0,0],[1,0],[1,0],[0,0],[1,0],[0,1],[0,0],[0,0],[1,1],[0,0],[0,0],[1,0],[-1,-1],[1,0],[0,0],[1,0],[0,0],[1,0],[1,1],[1,0],[1,0],[0,1],[0,0],[0,0],[0,0],[0,0],[0,0],[0,1],[-1,0],[-1,0],[0,0],[0,0],[0,2],[1,1],[1,0],[0,1],[0,0],[1,0],[0,1],[1,0],[1,0],[0,0],[0,0],[1,1],[0,0],[0,0],[0,-1],[0,0],[0,-1],[-1,0],[0,-1],[0,0],[1,-2],[0,0],[-1,0],[0,-1],[1,0],[0,0],[0,0],[1,0],[-1,1],[0,0],[0,1],[0,1],[0,1],[1,0],[0,0],[0,0],[0,1],[0,1],[2,0],[0,0],[0,-1],[0,0],[-1,0],[0,-1],[0,0],[-1,-1],[-1,0],[1,-1],[-1,0],[1,-1],[1,0],[0,0],[0,-1],[0,0],[-1,-1],[0,0],[0,0],[-1,0],[0,0],[0,-1],[-1,-1],[0,-1],[0,0],[1,-2],[0,-1],[0,-4],[-1,-2],[0,-1],[0,0],[0,-1],[-1,0],[1,0],[0,0],[0,0],[0,0],[0,0],[1,0],[0,0],[2,-1],[0,-1],[1,1],[1,1],[1,0],[1,1],[0,0],[1,0],[1,0],[2,0],[0,0],[0,0],[0,0],[0,-1],[1,0],[1,-1],[3,-1],[1,0],[0,0],[1,0],[0,0],[0,0],[0,0],[-1,0],[0,0],[0,0],[0,0],[0,0],[0,1],[1,0],[1,0],[1,0],[1,0],[1,0],[0,0],[0,0],[0,1],[0,0],[-1,0],[0,1],[0,0],[0,0],[1,0],[0,-1],[0,0],[0,0],[1,0],[0,0],[0,-1],[-1,0],[2,0],[1,0],[0,0],[0,0],[0,0],[0,0],[-1,0],[0,0],[0,0],[1,1],[0,0],[1,0],[0,0],[0,0],[1,1],[0,0],[1,0],[1,0],[1,-1],[1,0],[1,0],[1,0],[0,0],[-1,0],[0,0],[0,0],[1,2],[0,0],[0,1],[0,0],[-1,0],[-1,0],[0,0],[0,1],[0,0],[1,0],[0,0],[1,0],[0,-1],[1,0],[0,1],[0,0],[0,1],[0,0],[-1,0],[1,1],[0,0],[0,0],[1,0],[1,0],[0,1],[1,0],[0,1],[1,0],[0,0],[0,1],[0,0],[-1,0],[0,1],[0,0],[0,0],[0,0],[0,1],[1,0],[0,0],[0,0],[-1,0],[1,2],[1,0],[0,0],[1,0],[0,0],[0,1],[0,0],[1,0],[1,0],[0,0],[0,1],[1,0],[0,1],[1,0],[0,1],[0,0],[0,0],[0,0],[0,0],[1,1],[0,0],[0,0],[1,1],[1,1],[1,0],[0,1],[0,0],[1,1],[0,0],[0,1],[1,1],[1,-1],[1,1],[1,0],[0,0],[0,0],[1,0],[0,0],[1,1],[0,1],[0,1],[1,1],[0,1],[0,0],[0,0],[0,0],[1,1],[0,0],[-1,2],[-1,1],[-1,2],[-1,2],[-1,2],[0,2],[-1,1],[-1,2],[-1,2],[-1,2],[-1,2],[-1,1],[-1,2],[-1,2],[-1,2],[0,1],[-1,2],[-1,2],[-1,1],[-1,2],[-1,2],[-1,2],[-1,1],[0,2],[-1,2],[-1,1],[-1,2],[-1,2],[-1,1],[-1,2],[0,2],[-1,1],[0,1],[1,1],[0,-1],[1,1],[0,1],[1,-1],[1,0],[0,0],[1,1],[0,0],[0,0],[0,1],[-1,0],[0,1],[1,1],[0,0],[0,1],[0,1],[1,0],[0,1],[0,1],[0,0],[0,1],[1,0],[-1,1],[0,1],[0,0],[0,0],[1,0],[1,0],[0,0],[1,0],[0,0],[1,0],[1,-1],[0,0],[0,0],[0,-1],[0,0],[1,0],[1,0],[1,0],[0,0],[1,0],[0,1],[0,1],[0,0],[0,0],[0,0],[0,2],[0,0],[0,0],[0,0],[0,1],[1,0],[0,1],[0,0],[0,0],[0,0],[0,1],[0,0],[0,0],[0,1],[1,0],[0,1],[0,1],[0,1],[0,0],[0,1],[0,1],[0,1],[0,0],[1,1],[0,1],[0,1],[0,1],[0,1],[0,0],[0,0],[-1,1],[1,0],[0,0],[0,1],[0,0],[0,1],[0,0],[0,0],[0,1],[0,0],[1,0],[0,0],[0,1],[0,0],[1,1],[0,0],[0,0],[1,1],[0,0],[1,1],[0,1],[0,0],[1,0],[0,0],[0,1],[-1,0],[0,0]],[[256,190],[-1,1],[0,1],[1,0],[0,0],[0,0],[0,1],[0,0],[-1,-1],[-1,0],[0,0],[-1,-1],[-1,0],[0,-1],[0,1],[-1,0],[0,0],[0,-1],[-1,0],[0,0],[0,-1],[0,0],[0,0],[1,0],[0,0],[0,0],[2,-1],[0,0],[0,0],[0,1],[1,0],[1,0],[0,0],[1,1],[0,0],[0,0],[0,0]],[[348,243],[0,1],[0,0],[-1,0],[0,0],[0,0],[0,0],[-1,0],[0,0],[0,0],[0,-1],[1,0],[0,0],[0,0],[1,0],[0,0]],[[353,249],[0,0],[0,1],[0,0],[0,0],[0,-1],[0,0],[0,0],[0,0],[0,-1],[-1,1],[0,-1],[1,0],[0,0],[0,-1],[0,0],[0,0],[0,1],[0,1]],[[353,242],[0,1],[-1,-1],[0,0],[0,0],[0,0],[0,0],[0,0],[0,0],[0,-1],[-1,0],[0,0],[0,0],[0,-1],[0,0],[1,0],[0,0],[0,0],[1,-1],[0,0],[0,1],[0,1],[0,1]],[[355,247],[0,0],[-1,1],[0,0],[0,0],[0,-1],[0,0],[-1,0],[0,0],[1,0],[0,-1],[-1,1],[0,0],[0,0],[-1,0],[0,1],[0,-1],[0,-1],[0,0],[1,0],[0,-1],[1,-1],[1,0],[0,0],[1,0],[0,1],[0,1],[0,0],[-1,1]],[[351,235],[0,0],[0,0],[1,0],[0,0],[0,1],[0,0],[0,0],[0,1],[0,0],[0,0],[-1,0],[0,0],[0,0],[0,0],[0,-1],[0,0],[0,0],[0,0],[0,1],[0,0],[0,0],[0,0],[0,1],[0,0],[-1,0],[0,0],[0,0],[0,0],[-1,0],[0,0],[0,-1],[0,0],[0,0],[0,-1],[1,0],[-1,-1],[0,0],[0,-1],[0,0],[0,0],[1,0],[0,0],[1,1]],[[348,248],[0,0],[0,0],[0,0],[0,0],[1,0],[0,0],[-1,0],[0,1],[0,0],[0,0],[0,0],[-1,-1],[0,0],[0,-1],[0,0],[0,0],[0,-1],[0,0],[0,-1],[0,0],[0,0],[0,0],[0,0],[1,1],[0,0],[0,0],[0,1],[0,0],[0,1]],[[322,196],[0,1],[1,0],[0,0],[0,0],[0,0],[0,0],[-1,0],[-1,0],[0,0],[0,0],[0,-1],[0,0],[0,0],[0,0],[1,0],[0,0],[0,0]],[[317,198],[-1,0],[0,-1],[1,0],[0,0],[0,0],[1,0],[0,0],[1,-1],[1,0],[0,0],[0,0],[0,0],[0,0],[0,1],[-1,0],[-1,0],[0,0],[0,0],[0,0],[0,1],[-1,0],[0,0],[0,0],[0,0],[0,0],[0,0]],[[319,194],[0,1],[0,0],[0,0],[-1,0],[0,1],[0,0],[0,0],[0,0],[0,-1],[0,0],[0,0],[0,0],[0,0],[0,0],[0,0],[1,-1],[0,0],[0,0],[0,0],[0,0],[0,0],[0,0],[0,0]],[[319,192],[0,0],[0,0],[0,-1],[0,0],[0,0],[0,0],[1,0],[0,1],[-1,0]],[[293,202],[-1,0],[0,0],[0,1],[-1,0],[0,-1],[1,0],[0,0],[1,0],[0,1],[0,0],[0,0],[0,-1]],[[299,196],[0,0],[0,0],[0,0],[0,0],[1,0],[0,0],[0,0],[0,0],[0,0],[-1,0],[0,0]],[[295,198],[-1,0],[0,0],[0,0],[0,0],[0,-1],[0,0],[0,0],[1,1],[0,0],[0,0]],[[281,204],[0,0],[-1,0],[0,0],[0,0],[1,-1],[0,0],[0,0],[0,1],[0,0]],[[286,203],[-1,0],[0,0],[0,-1],[0,0],[1,0],[0,0],[1,0],[0,0],[0,0],[-1,1],[0,0]],[[287,203],[0,0],[0,0],[0,0],[0,0],[1,0],[0,0],[0,0],[-1,0],[0,0],[0,0]],[[265,195],[0,0],[0,0],[0,0],[0,0],[0,0],[0,1],[0,0],[0,0],[0,0],[-1,0],[0,0],[0,0],[0,0],[0,0],[0,-1],[0,0],[1,0],[0,0],[0,0],[0,0],[0,0],[0,0]],[[258,194],[0,0],[0,-1],[0,0],[0,0],[1,0],[0,0],[0,0],[0,1],[0,0],[-1,0]],[[256,195],[0,0],[-1,0],[0,-1],[1,0],[0,1],[0,0],[0,0]],[[266,198],[0,0],[0,0],[0,0],[-1,0],[0,0],[-1,0],[1,0],[0,0],[0,0],[0,-1],[0,0],[1,0],[0,0],[0,0],[1,0],[0,0],[0,0],[-1,1],[0,0],[0,0],[0,0]],[[246,189],[0,0],[0,0],[0,0],[-1,-1],[0,0],[0,0],[0,0],[1,0],[0,0],[0,0],[0,0],[0,1],[0,0],[0,0],[0,0],[0,0]],[[247,189],[0,0],[0,0],[0,0],[0,-1],[0,1],[0,0],[0,0],[0,0],[0,0],[1,0],[-1,0],[0,0]],[[277,179],[0,0],[0,0],[0,-1],[0,0],[1,0],[0,0],[1,1],[-2,0]],[[258,144],[0,1],[0,0],[0,1],[0,0],[0,-1],[0,0],[0,-1],[-1,-1],[1,0],[0,0],[0,1],[0,0]],[[249,164],[-1,0],[0,0],[0,0],[0,0],[1,0],[0,0]],[[231,184],[-1,0],[0,0],[0,0],[0,0],[0,0],[0,0],[0,0],[1,0],[0,0],[0,0]],[[227,183],[-1,0],[0,0],[1,-1],[0,0],[0,0],[0,1],[0,0],[0,0],[0,0],[0,0],[0,0],[0,0]],[[221,179],[0,0],[-1,0],[1,0],[0,0],[0,0],[1,0],[0,0],[-1,0]],[[247,168],[0,0],[1,0],[0,1],[0,0],[-1,0],[0,0],[0,-1],[0,0]],[[209,170],[0,0],[0,0],[0,0],[0,0],[0,0],[0,0]],[[211,170],[0,0],[0,0],[0,0],[0,0],[0,0],[0,0],[0,0],[0,0],[0,0],[0,0]],[[207,168],[0,0],[-1,0],[0,-1],[0,0],[0,0],[-1,0],[0,0],[1,0],[1,0],[0,0],[0,0],[1,0],[0,0],[0,0],[0,1],[0,0],[-1,0],[0,0],[0,0]],[[198,155],[0,0],[0,-1],[0,0],[0,0],[0,0],[0,1],[0,0]],[[197,159],[0,0],[0,-2],[0,-1],[0,0],[0,0],[0,1],[0,1],[0,0],[0,1],[0,0],[0,0]],[[190,138],[-1,0],[1,0],[-1,-1],[0,0],[1,0],[0,0],[0,1],[0,0],[0,0]],[[347,231],[0,0],[0,1],[0,1],[-1,1],[0,1],[0,0],[0,1],[0,0],[0,0],[0,0],[0,0],[-1,1],[0,1],[0,0],[0,-1],[0,0],[0,0],[0,-1],[0,0],[0,-1],[0,0],[0,0],[0,0],[0,0],[0,0],[0,0],[0,-1],[0,0],[0,0],[0,0],[-1,-1],[0,0],[0,0],[1,0],[0,0],[0,-1],[0,0],[0,0],[0,0],[0,-1],[0,0],[0,0],[-1,0],[0,1],[-1,0],[1,-1],[0,0],[0,-1],[0,0],[0,0],[1,0],[0,0],[0,0],[0,0],[1,-1],[0,0],[0,0],[1,1],[0,0],[0,1]],[[350,226],[0,1],[1,0],[0,1],[0,1],[0,1],[0,0],[0,1],[0,0],[0,-1],[0,0],[0,-1],[0,0],[0,0],[0,-1],[0,0],[0,0],[0,0],[0,0],[0,0],[-1,0],[0,1],[0,1],[1,1],[0,0],[-1,0],[0,0],[0,1],[0,0],[0,0],[-1,0],[0,1],[-1,0],[-1,0],[0,0],[0,0],[0,-1],[1,0],[0,0],[0,-1],[1,0],[-1,-1],[0,-1],[1,0],[0,-2],[0,0],[0,-1],[0,0],[0,0],[0,-1],[0,0],[1,0],[0,1],[0,0]],[[347,225],[0,0],[0,0],[0,1],[-1,0],[0,0],[0,0],[1,0],[0,0],[0,0],[1,0],[0,0],[0,1],[0,0],[0,0],[0,1],[-1,0],[0,0],[0,0],[0,0],[0,0],[1,1],[0,0],[0,0],[-1,1],[0,0],[0,-1],[-1,-1],[0,0],[0,0],[-1,0],[0,1],[0,0],[-1,0],[0,-1],[0,-1],[0,-1],[0,0],[-1,-1],[1,0],[0,-1],[0,0],[0,0],[1,0],[0,0],[0,1],[0,0],[0,-1],[1,0],[0,1],[0,-1],[1,0],[0,1]],[[349,238],[0,1],[1,0],[0,0],[0,1],[0,0],[0,0],[0,0],[0,0],[0,0],[1,1],[0,1],[0,1],[0,0],[0,1],[0,1],[0,0],[0,0],[0,0],[0,0],[0,-1],[-1,0],[0,0],[0,1],[0,0],[0,0],[1,0],[0,1],[0,0],[0,0],[0,0],[0,0],[0,1],[0,0],[0,0],[0,0],[0,0],[0,1],[0,0],[0,1],[0,0],[0,0],[0,0],[0,0],[-1,1],[0,0],[0,0],[0,-1],[0,0],[0,-1],[-1,0],[0,0],[0,0],[0,0],[0,-1],[0,0],[0,0],[0,0],[0,-1],[0,1],[0,0],[0,0],[-1,0],[0,-1],[0,-1],[0,0],[0,0],[0,0],[1,0],[0,0],[-1,-1],[1,0],[0,-1],[0,0],[-1,0],[0,0],[0,0],[0,-1],[0,0],[-1,0],[0,0],[0,-1],[0,0],[1,0],[0,0],[0,1],[0,0],[0,0],[1,-1],[0,0],[0,0],[0,0],[0,-1],[-1,0],[0,1],[-1,-1],[0,0],[1,0],[0,0],[1,-1],[-1,0],[1,0],[0,-1]],[[349,235],[0,0],[0,1],[0,0],[0,0],[0,1],[0,0],[-1,0],[0,0],[0,1],[0,0],[-1,1],[0,0],[0,0],[0,0],[0,0],[0,0],[-1,0],[0,0],[0,-1],[1,-1],[0,0],[0,0],[0,-1],[0,0],[0,-1],[0,0],[0,-1],[1,0],[0,0],[1,1],[0,0],[0,0]],[[299,197],[0,0],[0,0],[0,0],[0,1],[1,0],[-1,0],[1,0],[0,0],[0,0],[-1,1],[0,0],[0,0],[0,0],[0,0],[0,-1],[0,0],[0,0],[-1,0],[0,0],[0,0],[0,1],[0,0],[0,-1],[-1,0],[0,0],[1,0],[0,0],[-1,0],[0,0],[0,0],[-1,0],[0,0],[0,0],[0,0],[-1,-1],[0,0],[1,0],[1,-1],[0,1],[0,0],[0,0],[1,0],[0,-1],[0,0],[0,0],[0,0],[1,1],[0,0],[0,0]],[[237,187],[-1,-1],[-1,0],[0,1],[-1,0],[0,0],[0,-1],[0,0],[-1,0],[-1,0],[0,0],[0,0],[1,0],[0,0],[0,0],[1,0],[0,0],[0,-1],[0,0],[1,0],[0,0],[0,0],[1,1],[0,0],[0,0],[0,0],[0,0],[0,-1],[1,0],[0,0],[0,0],[1,0],[0,1],[0,0],[0,0],[0,1],[0,0],[-1,0]],[[243,188],[0,0],[0,0],[1,0],[0,0],[0,0],[0,0],[0,0],[0,1],[-1,0],[0,0],[-1,0],[1,0],[0,0],[0,0],[0,0],[-1,0],[0,0],[-1,0],[0,0],[0,0],[-1,0],[0,-1],[-1,0],[0,0],[0,0],[0,0],[-1,0],[0,0],[0,0],[0,0],[0,0],[0,0],[-1,-1],[0,0],[1,0],[0,0],[1,1],[0,0],[1,0],[0,0],[1,0],[0,0],[0,0],[0,0],[0,0],[0,0],[0,0],[1,0],[0,0],[0,0],[0,0],[0,-1],[-1,0],[0,0],[0,0],[1,0],[0,0],[0,-1],[0,0],[0,0],[1,1],[0,0],[0,0],[0,0],[0,1]],[[218,177],[0,0],[0,1],[1,0],[0,0],[-1,0],[0,0],[0,0],[-1,-1],[0,0],[-1,-1],[0,0],[0,0],[0,0],[0,0],[1,0],[0,0],[0,0],[0,0],[1,1]],[[214,174],[-1,-1],[0,-1],[0,0],[0,1],[1,0],[1,1],[0,0],[1,0],[0,0],[0,0],[0,0],[0,0],[1,0],[0,0],[0,0],[0,1],[0,0],[0,0],[-1,0],[0,0],[0,0],[-1,0],[-1,-1]],[[209,169],[0,0],[0,1],[0,0],[0,0],[0,0],[-1,0],[0,0],[0,0],[-1,0],[0,-1],[0,0],[1,0],[0,0],[0,0],[1,0],[0,-1],[0,1],[0,0],[0,0],[0,0]],[[205,166],[0,0],[-1,0],[0,0],[0,-1],[1,1],[0,0],[0,-1],[0,0],[0,0],[0,-1],[0,0],[0,1],[1,0],[0,0],[0,1],[0,0],[0,0],[0,0],[-1,0],[0,0]],[[200,158],[0,0],[0,0],[0,-1],[0,0],[1,0],[0,1],[-1,0]],[[195,151],[0,0],[0,0],[0,0],[0,0],[1,0],[0,0],[1,0],[0,0],[0,0],[-1,0],[0,0],[0,1],[-1,-1]],[[191,133],[0,1],[1,0],[0,1],[0,1],[-1,0],[0,-1],[0,0],[0,0],[0,0],[-1,-1],[0,0],[0,-1],[0,0],[0,-1],[1,1],[0,0]],[[147,385],[0,0],[-1,-1],[0,-1],[0,0],[1,-1],[0,-2],[1,-1],[0,0],[1,0],[1,0],[0,-2],[0,0],[1,0],[0,2],[2,2],[0,1],[-1,1],[1,0],[-1,1],[1,0],[0,1],[-1,0],[-1,0],[-2,-1],[-1,0],[-1,1]],[[148,367],[1,1],[0,0],[0,1],[1,0],[0,1],[-1,0],[0,0],[-1,-1],[-1,-1],[0,0],[0,-1],[1,0],[0,0]],[[150,371],[0,1],[1,0],[0,0],[0,1],[0,0],[1,1],[0,0],[-1,0],[0,0],[-1,0],[0,0],[-1,-1],[0,0],[0,0],[1,-1],[-1,0],[0,0],[0,-1],[0,0],[1,-1],[0,1],[0,0],[0,0]],[[146,364],[0,0],[0,0],[0,1],[0,0],[0,0],[0,0],[-1,0],[0,0],[0,-1],[0,0],[0,0],[0,0],[0,0],[-1,0],[0,0],[0,0],[0,-1],[0,-1],[0,0],[0,0],[1,0],[1,0],[0,0],[0,1],[0,1],[0,0],[0,0]],[[141,356],[-1,0],[0,0],[-1,-1],[0,0],[0,-1],[0,0],[1,0],[1,0],[1,1],[0,0],[0,0],[-1,1],[0,0],[0,0]],[[136,353],[0,1],[0,-1],[0,0],[1,0],[0,0],[1,0],[0,0],[-1,0],[0,1],[0,-1],[-1,0]],[[148,371],[-1,0],[0,0],[0,-1],[0,0],[1,0],[0,0],[0,0],[0,1],[0,0]],[[568,314],[0,0],[1,0],[2,-1],[1,0],[2,-1],[2,0],[1,-1],[2,0],[2,-1],[0,-1],[0,-1],[1,0],[0,0],[0,0],[0,-1],[0,0],[1,1],[0,0],[0,0],[0,-1],[0,0],[0,0],[0,0],[0,0],[0,-1],[0,0],[0,0],[0,0],[0,-1],[1,0],[0,-1],[0,0],[0,-1],[0,0],[0,0],[0,0],[0,-1],[-1,0],[0,-1],[0,0],[1,-1],[0,-1],[-1,-1],[1,-1],[0,-1],[0,0],[0,-2],[1,0],[0,-1],[0,0],[0,0],[1,0],[0,0],[0,1],[0,0],[0,0],[1,0],[0,0],[0,-1],[1,0],[0,-1],[0,0],[1,0],[0,0],[1,0],[0,1],[1,0],[0,1],[1,1],[0,1],[0,0],[1,1],[0,1],[0,1],[1,0],[0,0],[0,1],[0,0],[0,0],[0,0],[0,0],[0,0],[0,0],[0,1],[0,0],[0,0],[0,0],[1,0],[0,0],[0,0],[0,0],[0,0],[1,0],[0,0],[0,0],[0,0],[0,0],[0,0],[0,1],[0,0],[0,0],[0,0],[0,0],[0,1],[0,0],[1,0],[0,0],[0,0],[0,0],[0,0],[0,0],[1,0],[0,0],[0,0],[0,0],[0,0],[0,1],[0,0],[1,0],[0,0],[0,0],[0,0],[0,1],[-1,1],[0,0],[-1,0],[0,1],[0,0],[0,0],[0,0],[-1,0],[0,1],[0,0],[0,0],[0,0],[0,0],[0,0],[-1,0],[0,0],[0,0],[0,0],[0,0],[0,0],[0,1],[-1,0],[0,-1],[0,1],[0,0],[0,1],[0,0],[0,0],[0,0],[-1,0],[0,0],[0,0],[0,-1],[0,0],[0,0],[0,0],[0,0],[0,-1],[0,1],[0,0],[-1,1],[0,0],[0,1],[0,1],[0,0],[0,0],[0,1],[-1,0],[0,0],[0,0],[0,0],[0,0],[0,1],[0,0],[-1,-1],[0,0],[0,0],[0,1],[0,0],[0,0],[0,0],[0,0],[0,0],[0,1],[0,-1],[0,0],[0,1],[-1,0],[0,0],[0,-1],[0,1],[0,0],[-1,1],[1,0],[0,0],[-1,1],[0,1],[0,1],[0,1],[0,0],[0,1],[0,0],[0,1],[0,0],[1,0],[0,0],[0,0],[0,0],[0,0],[0,0],[0,0],[0,1],[-1,0],[0,0],[0,1],[0,0],[0,1],[1,0],[0,0],[1,0],[0,1],[0,0],[1,0],[0,1],[1,0],[0,0],[1,-1],[0,0],[0,0],[0,-1],[-1,0],[0,0],[0,0],[0,0],[0,0],[0,0],[0,-1],[0,1],[1,0],[1,1],[0,0],[0,1],[0,0],[-1,0],[-1,1],[0,0],[-1,0],[0,0],[0,0],[0,-1],[0,0],[-1,2],[-1,0],[0,0],[0,0],[0,0],[0,-1],[-1,0],[0,0],[0,0],[0,0],[0,0],[-1,0],[1,0],[0,1],[0,1],[0,1],[-1,0],[-1,0],[-1,1],[0,0],[-1,0],[0,1],[-2,0],[0,0],[0,1],[-1,0],[-1,1],[-1,1],[0,1],[0,0],[-1,0],[0,0],[0,1],[0,-1],[0,0],[0,-1],[0,-1],[0,0],[-1,0],[1,0],[0,1],[0,1],[0,1],[0,0],[0,0],[0,0],[0,0],[-1,1],[0,0],[1,1],[1,-1],[0,0],[0,1],[0,0],[0,0],[0,1],[0,1],[0,0],[1,1],[-1,0],[0,-1],[0,0],[0,0],[0,2],[0,0],[0,1],[0,0],[0,0],[0,1],[0,0],[0,0],[-1,0],[0,1],[0,0],[0,0],[0,0],[0,2],[-1,0],[0,0],[0,0],[0,-1],[0,0],[-1,0],[0,0],[-1,0],[0,-1],[-1,0],[0,0],[-1,-1],[1,-1],[0,0],[0,0],[1,-1],[0,0],[0,-1],[0,1],[-1,0],[0,1],[-1,0],[0,0],[0,1],[0,0],[0,0],[0,1],[1,0],[1,1],[0,1],[1,1],[0,0],[1,0],[0,1],[0,0],[0,1],[0,-1],[0,0],[1,1],[0,0],[0,1],[0,0],[0,-1],[-1,0],[0,1],[0,0],[0,0],[0,0],[0,1],[0,0],[0,1],[-1,3],[1,0],[-1,0],[0,0],[0,1],[0,0],[0,1],[0,1],[-1,0],[0,-1],[0,-1],[0,-1],[0,-1],[1,0],[0,-1],[-1,0],[0,0],[0,0],[0,-1],[-1,0],[0,0],[0,0],[0,0],[0,-1],[0,0],[0,0],[0,0],[0,0],[0,0],[0,0],[-1,0],[0,0],[0,0],[0,0],[-1,0],[0,0],[0,0],[0,-1],[0,0],[0,0],[1,0],[0,-1],[0,0],[-1,0],[0,0],[-1,0],[0,0],[0,0],[0,0],[1,0],[0,-1],[0,0],[-1,0],[0,0],[0,0],[0,0],[0,-1],[1,1],[0,-1],[0,0],[-1,0],[0,-1],[0,0],[0,-1],[1,0],[0,0],[0,0],[0,0],[0,0],[0,-1],[0,0],[0,0],[0,0],[-1,0],[0,0],[0,0],[0,1],[0,0],[0,0],[0,0],[0,0],[0,0],[0,1],[0,0],[-1,-1],[0,0],[0,1],[0,0],[0,0],[0,0],[0,0],[-1,0],[0,0],[1,1],[0,0],[0,0],[0,1],[0,0],[0,0],[0,0],[0,0],[0,0],[0,1],[0,0],[0,0],[1,2],[0,0],[0,0],[1,0],[-1,0],[0,0],[0,0],[-1,0],[0,-1],[0,0],[0,1],[0,0],[2,1],[0,0],[0,1],[0,0],[0,0],[0,0],[-1,-1],[-1,0],[-1,0],[1,0],[-1,0],[0,0],[0,0],[0,0],[-1,0],[0,0],[0,0],[0,0],[0,-1],[0,0],[0,-1],[0,0],[0,-1],[0,1],[0,0],[0,1],[-1,0],[0,1],[0,0],[1,1],[0,0],[0,-1],[1,0],[1,1],[1,0],[0,0],[1,1],[0,0],[1,0],[0,0],[0,1],[0,0],[0,0],[0,0],[-1,0],[-2,-1],[0,0],[0,0],[-1,-1],[0,0],[1,1],[0,0],[1,1],[1,0],[0,1],[0,0],[1,0],[0,0],[1,0],[0,1],[0,0],[-1,0],[0,0],[0,1],[0,0],[0,0],[-2,-1],[0,0],[1,0],[0,1],[1,0],[0,0],[1,0],[0,1],[0,0],[0,0],[0,0],[-1,0],[0,0],[0,0],[-1,-1],[0,0],[-2,0],[-1,0],[0,1],[1,0],[1,0],[0,0],[1,0],[0,0],[1,0],[0,1],[1,0],[0,0],[1,-1],[0,0],[1,0],[0,1],[0,0],[1,1],[1,2],[2,2],[0,0],[-1,0],[-1,-1],[0,-1],[-1,-2],[0,0],[-1,0],[0,0],[0,0],[1,0],[0,1],[0,0],[0,0],[0,1],[1,1],[0,-1],[-1,0],[0,0],[-1,0],[0,1],[0,0],[0,0],[0,0],[0,0],[0,0],[-1,0],[0,1],[0,0],[0,0],[-1,0],[0,0],[-1,-1],[1,1],[0,0],[0,1],[0,0],[1,-1],[1,0],[0,0],[0,0],[1,0],[0,0],[0,1],[0,0],[1,0],[0,0],[0,-1],[0,0],[0,0],[0,0],[1,0],[0,1],[0,0],[-1,1],[0,1],[-1,1],[0,0],[-1,0],[0,0],[0,0],[0,0],[0,-1],[-1,0],[0,0],[0,1],[0,0],[-1,0],[-1,0],[1,0],[2,0],[0,0],[0,0],[0,1],[0,0],[0,1],[0,0],[-1,0],[0,0],[-1,0],[0,1],[1,0],[0,0],[2,-1],[0,0],[0,1],[0,0],[-1,1],[0,0],[0,0],[0,0],[-1,0],[-1,1],[0,0],[0,0],[-1,0],[0,0],[0,0],[0,0],[0,1],[0,0],[0,0],[0,1],[-1,0],[0,0],[0,1],[-1,1],[0,0],[0,1],[0,0],[0,-1],[0,0],[0,1],[0,0],[-2,1],[-1,0],[-1,1],[0,1],[-1,2],[0,1],[0,-1],[0,0],[0,0],[0,0],[0,1],[0,0],[-1,1],[0,0],[0,1],[0,0],[-1,1],[0,0],[-1,0],[0,1],[0,0],[0,0],[-1,1],[0,0],[0,0],[0,0],[-1,0],[0,0],[-1,0],[0,1],[1,0],[0,0],[0,0],[0,1],[0,0],[-1,0],[0,0],[0,-1],[0,0],[0,1],[0,0],[-1,-1],[0,1],[1,0],[0,0],[0,0],[0,0],[0,1],[0,0],[-1,0],[0,1],[0,0],[0,0],[0,1],[0,0],[-1,0],[1,0],[0,0],[0,0],[0,1],[-1,0],[0,0],[0,0],[1,0],[0,1],[-1,0],[0,0],[0,0],[0,0],[1,0],[-1,0],[0,1],[0,0],[0,0],[0,0],[0,1],[0,0],[0,0],[0,0],[0,0],[0,1],[0,0],[0,0],[0,1],[0,0],[0,1],[0,0],[0,1],[1,2],[1,1],[0,1],[2,2],[1,3],[3,2],[0,0],[0,1],[0,0],[0,1],[0,0],[1,1],[0,1],[0,0],[-1,-2],[0,0],[0,-2],[-1,0],[0,1],[0,0],[0,0],[0,0],[0,0],[0,-1],[0,0],[0,0],[-1,0],[0,-1],[0,0],[0,0],[0,1],[1,0],[0,1],[0,1],[1,0],[3,6],[1,0],[0,1],[1,1],[0,1],[0,3],[1,2],[0,0],[0,0],[0,0],[-1,1],[0,0],[0,2],[0,0],[0,1],[-1,0],[-1,1],[0,0],[-1,0],[-1,0],[0,0],[0,0],[0,-1],[0,0],[1,1],[0,-1],[0,0],[-1,0],[0,0],[-1,-1],[-1,-1],[0,-1],[-1,0],[-1,0],[-1,-1],[0,-2],[-1,0],[0,0],[0,-1],[0,0],[0,0],[0,0],[0,1],[0,0],[-1,0],[0,-1],[0,-1],[0,-1],[0,0],[-1,1],[0,0],[0,0],[0,0],[0,0],[-1,0],[0,-1],[-2,-2],[0,0],[0,0],[0,0],[0,0],[0,-1],[1,-1],[0,-1],[0,0],[0,0],[-1,0],[0,0],[0,0],[-1,0],[0,0],[1,0],[0,0],[0,1],[0,0],[0,0],[-1,0],[0,1],[0,-1],[0,0],[0,0],[0,-3],[0,-1],[-1,-2],[0,0],[0,-1],[-1,0],[-3,-2],[-2,-3],[-2,0],[-2,0],[0,0],[0,1],[0,0],[0,0],[0,0],[-1,0],[-1,1],[0,0],[-1,1],[0,0],[-1,0],[-1,0],[0,0],[0,0],[0,-1],[0,1],[0,0],[0,0],[0,0],[0,-1],[-1,0],[-1,-1],[0,0],[0,0],[0,0],[0,-1],[0,0],[0,0],[0,0],[0,0],[0,1],[-1,0],[0,0],[-2,-1],[-1,0],[1,0],[1,0],[-1,-1],[0,0],[0,0],[-1,0],[0,0],[-1,1],[0,0],[0,0],[-2,0],[-1,1],[0,0],[0,-1],[1,0],[0,0],[0,-1],[0,0],[0,1],[-1,0],[0,0],[0,0],[0,1],[0,0],[-1,0],[-1,0],[1,0],[0,0],[-1,0],[0,1],[-2,0],[0,0],[0,0],[1,0],[0,-1],[0,0],[-1,0],[0,0],[0,-1],[0,0],[-1,-1],[0,0],[0,1],[0,1],[0,0],[0,0],[-1,0],[-2,1],[0,0],[-1,0],[0,0],[-1,0],[-1,0],[0,0],[0,0],[-1,1],[0,1],[-2,-1],[-1,0],[0,0],[-1,0],[0,0],[-1,1],[1,1],[1,0],[1,-1],[0,0],[1,0],[0,0],[0,0],[0,0],[0,0],[0,0],[0,0],[0,1],[0,0],[1,0],[0,0],[0,0],[0,-1],[1,0],[0,0],[0,1],[0,0],[0,0],[0,1],[0,0],[-1,0],[0,0],[0,0],[0,1],[0,0],[0,0],[0,0],[-1,0],[1,0],[0,1],[1,0],[1,0],[0,0],[1,1],[0,0],[0,0],[0,0],[0,1],[0,0],[0,0],[0,0],[-1,0],[0,0],[0,1],[0,-1],[0,0],[-1,-1],[0,0],[-1,0],[0,0],[0,0],[0,0],[-1,0],[0,-1],[0,0],[0,0],[-2,0],[0,0],[0,0],[0,0],[1,0],[0,1],[0,0],[0,0],[0,1],[0,0],[-1,0],[0,0],[0,0],[-1,-1],[-1,0],[0,1],[0,0],[-1,1],[-1,-1],[-2,0],[0,0],[1,0],[0,0],[0,-1],[-1,0],[0,0],[0,-1],[0,0],[0,1],[-1,-1],[0,0],[-1,-1],[-1,0],[0,0],[-1,0],[0,0],[0,1],[0,0],[0,0],[0,0],[-1,1],[-2,0],[-1,0],[-1,-1],[-1,0],[-1,0],[0,0],[-2,0],[0,0],[0,0],[-1,0],[0,0],[0,0],[1,0],[0,-1],[0,0],[0,0],[-1,0],[0,1],[0,0],[0,1],[-1,0],[-2,1],[-1,1],[0,0],[1,-1],[0,0],[-1,0],[0,0],[0,-1],[0,0],[-1,0],[0,0],[0,0],[0,0],[-1,0],[1,1],[0,0],[0,1],[0,1],[-1,0],[0,1],[-1,0],[0,1],[-2,1],[0,0],[-1,1],[-1,0],[0,1],[-1,0],[1,-1],[0,0],[0,0],[-1,0],[-1,0],[0,0],[0,0],[0,0],[-1,0],[0,-1],[0,0],[0,0],[1,2],[0,0],[0,0],[0,0],[-1,0],[0,1],[-1,-1],[0,1],[0,0],[0,1],[0,0],[0,0],[0,-1],[-1,1],[0,0],[0,0],[-1,0],[0,0],[0,0],[1,0],[0,1],[-1,1],[0,0],[-1,0],[0,0],[0,0],[1,1],[-1,1],[0,1],[0,0],[-1,0],[0,0],[-1,-1],[1,1],[1,1],[0,0],[0,0],[0,1],[-1,0],[1,1],[0,1],[0,0],[0,1],[0,1],[1,2],[1,0],[0,0],[0,0],[-1,1],[0,0],[0,0],[0,0],[0,0],[-1,0],[-1,-1],[-1,0],[-1,0],[-1,0],[-1,-1],[-1,0],[0,0],[-1,0],[0,-1],[-1,0],[-1,0],[0,0],[0,-1],[0,0],[-1,-1],[0,-1],[-1,-1],[0,0],[0,0],[0,-1],[0,0],[0,-1],[0,0],[0,0],[0,-1],[0,0],[-1,-1],[-1,0],[0,-1],[-1,-1],[-1,-1],[0,0],[-1,-1],[0,-1],[0,0],[0,0],[0,-1],[-1,-1],[0,-1],[-1,0],[0,-1],[-1,-1],[0,-1],[-1,0],[-1,-1],[0,-1],[-1,0],[0,0],[0,0],[0,0],[0,0],[-1,0],[0,0],[-2,0],[-1,0],[0,-1],[0,1],[-1,0],[0,0],[-1,0],[-1,1],[0,1],[0,1],[0,0],[0,0],[-1,1],[0,0],[-1,0],[0,1],[0,0],[-1,-1],[-2,-1],[-1,0],[0,-1],[-1,0],[0,-1],[-1,0],[0,0],[-1,-1],[-1,-1],[0,-1],[0,-1],[0,-2],[-1,0],[0,-1],[-1,0],[-1,-1],[-1,-1],[-1,-2],[-1,-1],[-1,0],[0,-1],[-1,-1],[0,0],[0,0],[0,0],[-1,0],[-2,0],[-1,0],[-1,-1],[-1,0],[-1,0],[-1,0],[-1,0],[0,1],[0,0],[-1,1],[0,1],[-1,0],[-2,-1],[-2,0],[-2,0],[-2,0],[-2,0],[-1,-1],[-2,0],[-3,-1],[-2,-1],[-2,-1],[-2,-2],[-3,-1],[-2,-1],[-2,-2],[-2,-1],[0,0],[0,-1],[0,0],[-2,0],[-1,0],[-2,0],[-1,-1],[-2,0],[-1,0],[-1,0],[-2,0],[0,0],[0,-1],[0,0],[0,0],[0,-1],[0,0],[0,-1],[0,-1],[-1,-1],[-1,-2],[-1,0],[0,-1],[-1,0],[0,-1],[0,1],[-1,-1],[0,0],[0,-1],[0,0],[-2,-1],[-1,-1],[0,0],[0,-1],[-1,0],[-1,-1],[0,0],[-1,0],[-1,-1],[0,0],[-2,0],[0,0],[0,-1],[-1,0],[1,0],[0,-1],[0,0],[0,-1],[0,-1],[0,0],[0,0],[-1,-1],[0,0],[1,-1],[-1,0],[0,-1],[0,-1],[-1,0],[0,-1],[-1,0],[0,-1],[0,-1],[-1,-2],[0,0],[0,-1],[1,-1],[0,0],[0,0],[0,-1],[0,0],[-1,-1],[-1,-1],[0,-1],[0,-1],[0,-1],[0,-1],[1,0],[0,0],[0,1],[0,0],[0,0],[0,1],[1,0],[0,0],[0,0],[0,0],[0,0],[0,-1],[0,0],[-1,-1],[0,0],[0,-1],[0,0],[1,0],[0,0],[1,0],[1,1],[1,0],[0,0],[0,0],[0,-1],[0,0],[-1,0],[0,0],[-1,0],[0,0],[0,0],[-1,0],[0,0],[0,-1],[-1,0],[0,0],[0,1],[0,1],[-1,0],[0,0],[0,-1],[-1,0],[0,-1],[0,0],[-1,0],[0,0],[1,0],[0,-1],[0,1],[0,-1],[0,0],[0,-1],[0,0],[-1,-1],[0,-1],[-1,-2],[0,-1],[0,-2],[0,0],[0,-1],[1,-1],[-1,-1],[0,-1],[-1,-1],[0,-1],[0,-1],[1,0],[0,-1],[0,0],[0,0],[0,0],[0,0],[0,0],[1,0],[-1,0],[0,0],[1,-1],[0,0],[0,-1],[1,-2],[0,0],[0,-1],[0,-1],[0,0],[0,-1],[0,0],[0,-1],[0,-1],[0,-1],[1,-1],[0,0],[-1,-1],[1,-1],[0,0],[1,-2],[0,0],[0,0],[1,-1],[0,0],[-1,0],[1,0],[0,-1],[1,0],[0,-2],[1,-2],[0,0],[0,-1],[1,0],[0,-1],[1,-4],[0,0],[1,-1],[0,-1],[0,-2],[0,0],[0,0],[0,0],[1,0],[1,0],[0,0],[0,0],[1,1],[0,0],[0,0],[0,0],[0,0],[0,-1],[0,0],[-1,0],[0,-1],[-1,0],[0,0],[-1,0],[0,0],[1,-1],[0,-1],[0,1],[0,0],[0,0],[0,-1],[0,0],[0,-1],[0,0],[1,-1],[0,0],[-1,0],[0,0],[0,0],[0,0],[0,0],[0,-1],[0,0],[0,-2],[0,-1],[0,-1],[0,-1],[0,0],[0,-1],[0,-1],[0,-1],[0,0],[1,1],[1,1],[0,0],[1,0],[2,1],[0,0],[1,0],[0,0],[0,1],[0,0],[1,0],[0,0],[0,0],[0,0],[0,0],[0,1],[0,0],[0,0],[0,1],[-1,0],[1,0],[-1,0],[-1,1],[0,0],[0,1],[0,0],[0,0],[0,0],[0,0],[1,0],[-1,0],[0,0],[0,-1],[0,0],[0,0],[1,0],[0,0],[1,-1],[0,0],[0,0],[0,0],[1,-1],[0,0],[0,0],[0,1],[0,0],[-1,0],[0,0],[0,1],[0,0],[0,0],[0,0],[0,0],[0,1],[0,0],[0,1],[0,0],[-1,0],[0,0],[0,0],[0,0],[0,0],[0,-1],[0,0],[-1,1],[0,0],[0,0],[0,0],[0,0],[0,0],[1,1],[0,0],[0,0],[0,0],[1,-1],[0,0],[0,0],[0,0],[1,0],[0,0],[0,-1],[0,-1],[0,0],[0,0],[0,0],[0,0],[0,-1],[0,0],[0,0],[1,0],[0,-1],[0,0],[0,0],[0,0],[0,-1],[0,0],[0,0],[0,0],[0,0],[0,0],[-1,0],[0,0],[0,0],[0,-1],[1,0],[0,0],[0,0],[0,0],[0,-1],[-1,0],[0,0],[0,0],[0,0],[0,0],[0,0],[1,0],[0,0],[0,0],[0,0],[0,-1],[0,-1],[0,0],[0,0],[0,0],[0,0],[0,0],[0,0],[-1,-1],[1,0],[2,0],[1,1],[2,0],[1,1],[2,0],[2,0],[1,1],[2,0],[2,0],[1,1],[2,0],[2,0],[1,1],[2,0],[2,0],[1,1],[2,0],[2,0],[1,1],[2,0],[2,0],[1,0],[2,1],[2,0],[1,0],[2,0],[2,1],[1,0],[2,0],[2,0],[1,0],[2,1],[2,0],[1,0],[2,0],[2,0],[2,0],[1,1],[2,0],[2,0],[1,0],[2,0],[2,0],[1,0],[2,0],[2,0],[1,0],[2,0],[2,0],[2,0],[1,0],[2,0],[2,0],[1,0],[2,0],[2,0],[1,0],[2,0],[2,0],[1,0],[2,0],[2,0],[2,0],[1,0],[1,0],[0,-1],[0,-1],[1,0],[0,0],[0,0],[0,0],[0,1],[1,1],[0,1],[0,0],[0,0],[0,0],[0,0],[1,1],[2,0],[1,0],[0,0],[0,0],[1,0],[0,0],[0,0],[1,0],[0,0],[1,0],[0,0],[1,0],[0,0],[1,0],[0,1],[0,0],[0,0],[1,0],[0,0],[0,0],[1,0],[1,1],[1,0],[0,0],[1,0],[0,0],[1,-1],[0,0],[1,0],[0,1],[0,0],[1,0],[1,0],[1,0],[0,0],[0,0],[1,0],[0,0],[1,0],[0,0],[1,0],[0,0],[1,-1],[1,0],[1,-1],[1,0],[0,0],[1,0],[0,0],[1,1],[1,0],[2,1],[1,0],[1,1],[1,0],[0,0],[1,0],[1,1],[1,0],[0,0],[1,1],[1,0],[1,0],[1,1],[0,1],[1,0],[0,1],[1,0],[0,0],[0,0],[0,0],[0,0],[1,-1],[0,0],[0,0],[0,1],[0,0],[0,0],[1,0],[0,1],[0,0],[0,1],[0,0],[1,0],[0,0],[1,-1],[0,0],[0,1],[1,0],[0,0],[-1,1],[1,1],[1,0],[1,0],[1,1],[1,0],[0,1],[1,1],[0,1],[0,1],[1,1],[0,1],[1,1],[0,1],[0,1],[1,1],[0,1],[0,1],[-1,1],[0,1],[1,1],[-1,1],[0,1],[0,0],[-1,1],[0,0],[0,0],[-1,1],[0,0],[1,1],[0,1],[1,1],[1,0],[1,0],[1,-1],[1,-1],[1,-1],[1,-1],[0,-1],[1,0],[2,-1],[2,-1],[0,0],[2,-1],[1,-1],[1,-1],[0,0],[1,-1],[0,0],[0,0],[-1,0],[0,0],[0,0],[0,-1],[0,0],[0,0],[0,0],[-1,-1],[0,0],[0,-1],[0,-1],[1,0],[0,0],[2,-1],[1,0],[1,0],[1,-1],[2,0],[0,0],[1,-1],[1,-1],[0,0],[0,-1],[1,-2],[0,0],[0,0],[1,-1],[0,0],[0,-1],[0,0],[1,-2],[1,-1],[1,0],[0,-1],[1,0],[0,0]],[[584,334],[0,1],[0,0],[1,-1],[0,0],[0,0],[1,-1],[0,0],[0,0],[0,0],[1,0],[-2,1],[0,1],[-1,0],[0,1],[0,0],[-2,1],[0,0],[0,0],[-2,1],[0,0],[-1,0],[0,0],[0,0],[0,0],[0,0],[0,0],[-1,1],[0,-1],[0,0],[0,0],[1,-1],[0,0],[0,-1],[1,1],[0,-1],[0,0],[0,0],[0,0],[0,0],[0,0],[1,0],[0,0],[0,-1],[1,0],[0,0],[1,0],[1,-1],[0,0],[1,-1],[0,0],[-1,1],[0,0]],[[596,309],[-1,0],[0,0],[0,0],[0,1],[0,0],[0,-1],[0,0],[0,0],[0,-1],[0,0],[0,1],[1,0]],[[578,339],[0,0],[0,0],[0,-1],[0,0],[0,0],[0,1],[0,0],[0,0]],[[592,329],[-1,1],[0,0],[0,-1],[0,0],[0,0],[1,0],[0,0]],[[589,330],[0,0],[-1,0],[0,0],[0,-1],[0,0],[0,0],[0,0],[1,1]],[[594,329],[0,0],[-1,0],[1,0],[0,0],[0,-1],[0,0],[0,1],[0,0]],[[579,368],[0,0],[0,0],[0,0],[0,0],[0,0]],[[581,371],[-1,1],[0,0],[1,-1],[0,-1],[-1,-1],[0,-1],[0,0],[0,1],[1,0],[0,1],[0,1],[0,0]],[[580,372],[-1,1],[0,0],[0,-1],[1,0]],[[577,376],[0,0],[0,-1],[1,-1],[0,0],[0,1],[-1,1]],[[561,431],[-1,1],[0,0],[0,-1],[0,0],[0,0],[0,0],[1,0]],[[560,431],[0,0],[0,0],[0,-1],[0,0],[0,1]],[[571,437],[0,2],[0,-1],[0,0],[0,-1],[0,0],[0,0],[0,-1],[1,0],[0,0],[-1,1]],[[506,421],[-1,0],[-1,0],[0,-1],[1,0],[0,0],[0,0],[1,0],[0,0],[0,1],[0,0]],[[478,432],[0,0],[0,0],[0,0],[1,-1],[0,0],[0,0],[0,1],[-1,0]],[[479,431],[0,0],[0,0],[1,-1],[1,0],[0,0],[0,-1],[0,0],[0,1],[0,0],[-2,1]],[[476,436],[0,1],[0,-1],[1,-1],[1,-2],[0,0],[-1,2],[-1,1]],[[488,424],[0,0],[1,-1],[0,0],[1,0],[-1,1],[-1,0]],[[478,443],[0,0],[-1,-1],[-1,-3],[0,-2],[0,0],[1,2],[0,3],[1,1]],[[361,384],[0,0],[0,-1],[0,0],[0,0],[0,0],[0,1]],[[364,389],[0,0],[0,0],[0,0],[0,0],[0,0],[0,0],[0,0]],[[369,393],[0,0],[0,0],[0,-1],[-1,0],[1,-1],[0,1],[0,1],[0,0]],[[362,385],[0,0],[0,-1],[0,0],[0,0],[1,0],[0,0],[-1,1]],[[363,384],[1,0],[1,0],[0,1],[0,0],[-1,0],[-1,-1],[0,0],[0,0],[0,0]],[[370,390],[0,0],[0,0],[-1,0],[0,0],[0,-1],[0,0],[0,0],[0,0],[0,0],[0,0],[1,0],[0,1]],[[372,296],[0,0],[0,0],[0,0],[0,0],[0,0],[0,0],[-1,0],[0,0],[0,0],[0,-1],[1,0],[0,0],[0,1]],[[371,296],[0,1],[-1,-1],[0,0],[0,0],[0,0],[0,0],[1,0],[0,0],[0,0]],[[372,299],[0,1],[0,-1],[1,1],[-1,0],[0,0],[0,0],[0,0],[0,0],[0,0],[0,0],[0,0],[0,-1],[0,0],[0,0],[0,0],[0,0],[-1,-1],[0,0],[1,0],[0,0],[0,-1],[0,1],[0,0],[0,0],[0,0],[0,0],[0,0],[0,0],[0,1],[0,0]],[[588,330],[0,0],[0,0],[0,-1],[0,0],[0,0],[0,1]],[[580,344],[-1,1],[0,0],[1,-2],[0,1]],[[577,356],[0,0],[0,-1],[1,-1],[0,-1],[0,1],[-1,1],[0,1]],[[577,376],[0,0],[0,0],[-1,0],[0,0],[0,0],[1,0]],[[567,442],[0,0],[0,0],[0,0],[-1,-1],[0,0],[1,0],[0,0],[0,1]],[[569,440],[0,0],[0,0],[0,0],[1,0],[0,0],[-1,0]],[[570,439],[0,0],[0,0],[0,0],[0,0]],[[568,441],[0,0],[0,0],[0,0],[1,-1],[0,1],[-1,0]],[[558,404],[0,1],[0,0],[0,-1],[0,0],[0,0]],[[566,442],[-1,0],[0,0],[0,0],[1,0],[0,0],[0,0]],[[569,424],[1,1],[-1,-1],[-1,-2],[-1,-1],[1,0],[0,1],[1,2]],[[564,443],[0,0],[0,0],[0,0],[1,-1],[0,1],[-1,0]],[[521,418],[-1,0],[0,0],[1,0],[0,0],[0,0]],[[522,415],[0,0],[-1,0],[0,0],[0,-1],[1,1],[0,0]],[[525,414],[-1,0],[-1,0],[0,0],[1,0],[0,0],[1,0]],[[519,416],[0,0],[-1,0],[0,0],[0,0],[0,0],[0,0],[1,-1],[0,1],[0,0]],[[521,417],[0,0],[0,0],[0,-1],[0,0],[0,0],[0,1]],[[542,415],[-1,0],[0,0],[0,0],[0,0],[1,0],[0,0],[0,-1],[0,1]],[[369,304],[0,0],[0,0],[0,0],[0,0],[0,0],[0,0],[0,0]],[[372,303],[-1,1],[0,0],[0,0],[0,-1],[0,0],[0,1],[0,-1],[0,0],[0,0],[0,0],[1,0]],[[371,302],[0,0],[0,0],[0,0],[0,0],[0,0],[0,0],[0,0],[1,0],[-1,0]],[[371,297],[0,0],[0,0],[0,0],[0,0],[0,-1],[0,0],[0,0],[0,1],[1,0],[-1,0]],[[594,310],[0,1],[0,0],[0,-1],[0,0],[0,0],[0,0],[0,0]],[[715,482],[-1,0],[0,0],[1,0],[0,-1],[1,0],[0,0],[-1,1]],[[716,489],[-1,1],[-2,2],[-1,0],[-1,0],[1,-1],[0,0],[1,-1],[0,0],[-1,-2],[0,0],[0,0],[-1,0],[0,0],[0,0],[0,-1],[1,0],[0,-1],[1,0],[1,-1],[1,0],[0,1],[-1,0],[1,1],[0,0],[0,1],[1,0],[0,1],[0,0],[0,0]],[[706,471],[0,1],[0,-1],[-1,0],[1,0],[0,-1],[0,0],[0,0],[0,1],[0,0]],[[706,473],[0,0],[0,0],[0,0],[0,0],[0,0],[0,0],[0,0],[0,0],[0,0],[0,0],[0,0],[0,0],[0,-1],[0,0],[0,0],[0,0],[1,0],[0,0],[0,0],[0,0],[0,0],[-1,1]],[[707,475],[0,0],[0,0],[0,0],[0,0],[0,0],[0,0],[0,-1],[0,0],[0,0],[0,0],[0,0],[0,1],[0,0],[0,0],[0,0]],[[706,467],[0,0],[-1,0],[0,0],[0,0],[0,-1],[0,-1],[0,0],[1,0],[0,2]],[[687,451],[0,1],[0,0],[0,-1],[0,0],[0,0],[0,0]],[[687,451],[-1,0],[0,0],[0,0],[-1,0],[0,0],[0,0],[0,0],[0,-1],[1,1],[0,0],[0,0],[1,0]],[[615,537],[0,0],[0,1],[0,1],[1,0],[0,0],[0,1],[1,0],[1,1],[0,1],[0,0],[-1,0],[0,1],[0,0],[0,1],[-1,1],[0,0],[0,0],[-1,0],[0,-1],[0,0],[0,0],[-1,1],[1,0],[0,1],[0,0],[0,0],[-1,2],[0,0],[-2,-2],[-2,-2],[-1,-1],[1,0],[0,0],[0,0],[0,-1],[0,0],[1,-1],[0,0],[0,0],[1,0],[0,0],[1,1],[1,0],[-1,-1],[-1,0],[-1,-1],[0,0],[0,0],[-1,0],[0,1],[0,-1],[0,0],[-1,0],[0,0],[0,0],[0,1],[0,0],[0,0],[0,0],[0,0],[-1,0],[0,-1],[-1,-1],[0,0],[-1,0],[0,0],[-1,0],[-1,-1],[-1,0],[-1,0],[-1,0],[0,1],[-1,0],[0,0],[0,1],[0,0],[-1,1],[0,1],[1,0],[-2,2],[-1,0],[-1,1],[0,0],[0,0],[0,1],[0,0],[0,1],[0,0],[1,1],[2,1],[0,0],[1,1],[-1,0],[0,0],[-1,1],[0,0],[0,0],[-1,1],[-1,0],[-2,1],[0,-1],[0,-1],[-2,-1],[0,-2],[0,1],[-1,0],[0,0],[0,1],[0,1],[0,0],[-1,-1],[-1,0],[-1,-1],[-1,-1],[0,0],[-1,0],[-1,0],[-1,0],[0,0],[0,0],[-1,-1],[0,1],[-2,0],[-1,0],[0,0],[-1,1],[1,1],[-1,0],[0,-1],[0,0],[0,0],[-1,-1],[0,0],[0,0],[1,-1],[0,0],[0,-1],[0,0],[-1,-1],[0,0],[1,-1],[0,0],[0,0],[0,0],[0,-1],[-1,0],[0,0],[-1,-1],[0,-1],[0,-1],[0,0],[1,0],[0,0],[0,-1],[0,1],[1,0],[0,0],[0,0],[0,-1],[0,0],[1,1],[1,0],[0,0],[0,1],[0,0],[1,0],[0,0],[1,0],[-1,0],[0,1],[0,0],[1,1],[1,0],[1,0],[0,-1],[1,0],[-1,0],[0,-1],[0,0],[0,0],[0,1],[1,0],[1,1],[2,0],[1,0],[1,-1],[1,-1],[1,-1],[1,0],[2,-2],[1,-1],[0,0],[1,0],[0,-1],[1,-1],[0,0],[2,0],[1,0],[0,-1],[1,0],[0,1],[1,0],[1,-1],[2,0],[3,1],[2,0],[1,1],[2,1]],[[606,543],[0,0],[-1,-1],[0,0],[0,0],[0,-1],[1,0],[0,0],[0,1],[0,0],[0,1]],[[589,553],[0,0],[-1,0],[-1,0],[0,0],[0,-1],[0,0],[1,-1],[0,0],[0,1],[0,0],[0,1],[1,0],[0,0]],[[582,540],[0,0],[-1,0],[1,0],[0,0],[0,0]],[[605,543],[0,0],[-1,0],[1,0],[0,0],[0,0]],[[569,504],[-1,1],[0,0],[0,1],[0,0],[0,-1],[-1,0],[0,0],[0,1],[0,0],[1,0],[0,0],[1,3],[0,0],[0,1],[0,1],[-1,0],[0,2],[0,3],[1,2],[0,2],[0,1],[1,1],[-1,0],[0,0],[0,-1],[0,0],[0,0],[0,-1],[0,0],[0,0],[-1,1],[0,0],[0,0],[0,1],[1,0],[0,1],[0,0],[0,1],[0,0],[0,0],[-1,0],[0,1],[0,0],[0,0],[0,1],[0,0],[1,0],[0,0],[0,0],[1,1],[-1,0],[0,1],[0,0],[0,1],[0,0],[0,1],[1,1],[0,1],[1,0],[0,0],[-1,1],[0,0],[-1,0],[-1,0],[-1,0],[0,0],[0,0],[0,-1],[-1,0],[0,0],[-1,0],[-1,0],[-1,0],[0,0],[-1,1],[-2,0],[-1,-1],[-1,0],[-1,0],[0,0],[0,0],[0,1],[0,0],[0,0],[0,0],[0,0],[-1,-1],[-1,0],[-4,-3],[-1,-1],[-1,-1],[-1,-1],[-2,-1],[0,0],[-2,-1],[-2,-1],[0,-1],[1,0],[0,0],[0,0],[1,0],[0,0],[0,0],[0,0],[2,0],[0,-1],[1,0],[0,0],[0,-1],[0,0],[0,0],[0,-1],[1,0],[0,0],[0,0],[-1,-2],[0,0],[0,-1],[0,0],[1,0],[2,0],[0,0],[0,-1],[1,-1],[0,0],[0,0],[1,0],[1,1],[0,0],[1,0],[0,-1],[0,0],[0,0],[0,-1],[1,0],[0,-1],[1,-1],[0,0],[1,0],[-1,0],[0,-1],[1,0],[0,-1],[0,0],[0,0],[0,0],[0,-1],[0,0],[1,-1],[1,0],[0,1],[1,0],[0,0],[1,0],[0,0],[0,-1],[1,1],[0,-1],[0,0],[0,0],[0,0],[1,0],[0,0],[0,0],[0,0],[0,0],[1,0],[0,-1],[1,0],[0,0],[1,0],[0,-1],[0,0],[1,-1],[2,0]],[[375,396],[2,0],[1,0],[1,0],[2,0],[1,1],[2,0],[1,0],[2,0],[0,0],[0,1],[0,0],[2,1],[2,2],[2,1],[3,1],[2,2],[2,1],[2,1],[3,1],[2,0],[1,1],[2,0],[2,0],[2,0],[2,0],[2,1],[1,0],[0,-1],[1,-1],[0,0],[0,-1],[1,0],[1,0],[1,0],[1,0],[1,1],[1,0],[2,0],[1,0],[0,0],[0,0],[0,0],[1,1],[0,1],[1,0],[1,1],[1,2],[1,1],[1,1],[1,0],[0,1],[1,0],[0,2],[0,1],[0,1],[1,1],[1,1],[0,0],[1,0],[0,1],[1,0],[0,1],[1,0],[2,1],[1,1],[0,0],[0,-1],[1,0],[0,0],[1,-1],[0,0],[0,0],[0,-1],[0,-1],[1,-1],[1,0],[0,0],[1,0],[0,-1],[0,1],[1,0],[2,0],[0,0],[1,0],[0,0],[0,0],[0,0],[0,0],[1,0],[0,1],[1,1],[1,0],[0,1],[1,1],[0,1],[1,0],[0,1],[1,1],[0,1],[0,0],[0,0],[0,1],[1,1],[0,0],[1,1],[1,1],[0,1],[1,0],[1,1],[0,0],[0,1],[0,0],[0,0],[0,1],[0,0],[0,1],[0,0],[0,0],[1,1],[0,1],[1,1],[0,0],[0,1],[0,0],[1,0],[1,0],[0,1],[1,0],[0,0],[1,0],[1,1],[1,0],[1,0],[1,0],[1,1],[1,0],[0,0],[0,0],[0,0],[0,0],[1,-1],[0,2],[-1,1],[-1,2],[0,1],[-1,4],[0,3],[0,1],[0,0],[0,0],[0,3],[0,2],[0,1],[0,0],[-1,1],[0,1],[0,0],[1,1],[0,2],[1,1],[1,1],[0,1],[1,0],[0,1],[-1,0],[0,1],[0,-1],[0,0],[0,-1],[0,0],[0,0],[-1,-1],[-1,-2],[1,3],[0,0],[0,0],[1,0],[0,1],[0,0],[1,2],[1,2],[0,0],[0,1],[3,3],[1,2],[1,1],[0,1],[0,1],[1,1],[1,0],[0,1],[1,1],[1,0],[-1,0],[0,0],[0,0],[0,0],[2,1],[0,0],[-1,0],[0,-1],[0,0],[1,1],[2,0],[1,0],[2,1],[0,1],[1,1],[1,0],[0,0],[2,-1],[1,0],[1,-1],[1,0],[2,-1],[1,1],[1,-1],[1,0],[0,-1],[0,0],[2,0],[0,0],[1,-1],[1,0],[1,0],[0,1],[0,0],[0,0],[0,0],[1,1],[1,0],[1,-1],[0,0],[1,-1],[0,0],[0,-1],[-1,0],[0,0],[1,0],[-1,0],[0,0],[0,0],[0,0],[0,0],[2,-1],[0,-1],[1,0],[1,-2],[0,-2],[0,-1],[1,0],[0,-1],[0,0],[0,-1],[0,-1],[-1,-2],[1,-1],[0,0],[0,-1],[1,-1],[2,-1],[0,-1],[5,-1],[1,0],[1,-1],[1,0],[1,-1],[0,0],[0,0],[0,0],[0,0],[1,0],[2,0],[0,0],[1,0],[2,0],[0,0],[0,0],[0,0],[0,0],[0,0],[0,0],[-1,0],[0,0],[0,0],[1,0],[0,0],[0,-1],[1,0],[1,1],[0,0],[1,1],[0,1],[0,0],[0,1],[0,1],[-1,0],[0,1],[-1,1],[-1,2],[0,1],[0,1],[0,0],[0,1],[0,0],[0,0],[-1,0],[0,1],[0,0],[0,1],[1,0],[0,-1],[0,0],[0,0],[0,1],[0,0],[0,0],[0,0],[-1,1],[0,0],[0,1],[1,0],[0,-1],[0,0],[0,0],[0,2],[0,1],[-1,1],[0,2],[0,0],[0,1],[0,0],[-1,-1],[0,0],[0,0],[0,-2],[-1,0],[0,0],[0,0],[0,0],[0,1],[-1,1],[0,0],[0,0],[-1,0],[0,0],[0,1],[-1,2],[0,1],[-1,0],[0,0],[0,0],[-1,0],[0,0],[-1,0],[1,1],[-2,0],[-2,0],[-3,1],[-2,0],[-3,0],[0,2],[1,1],[0,1],[-2,0],[-1,0],[0,0],[1,0],[0,1],[1,1],[1,0],[1,1],[1,0],[0,1],[0,0],[0,0],[1,1],[0,0],[1,0],[0,0],[0,1],[0,1],[0,0],[-1,0],[-1,0],[-1,1],[-2,0],[-1,0],[-2,0],[-1,1],[0,2],[-1,1],[-1,1],[0,0],[0,1],[1,1],[0,0],[0,0],[0,1],[0,0],[0,0],[0,1],[0,0],[0,1],[0,0],[0,0],[-1,0],[-1,-1],[-2,-2],[-1,-1],[-1,0],[-1,-1],[-2,-2],[-2,-1],[-1,-1],[-1,0],[-1,-1],[0,0],[-1,0],[0,0],[0,0],[0,1],[1,0],[0,0],[0,0],[1,0],[1,1],[-3,-1],[-2,0],[0,-1],[1,0],[0,0],[-1,0],[0,0],[0,0],[0,0],[0,0],[-1,-1],[0,0],[0,1],[-1,0],[0,0],[1,0],[1,0],[0,1],[-1,0],[-2,0],[-2,1],[-1,1],[-3,1],[-1,1],[-1,0],[-2,-1],[-2,-1],[-4,0],[-2,-2],[-3,0],[-1,-2],[-1,0],[-1,0],[-2,0],[-2,-1],[-2,-1],[-2,0],[-1,-1],[-2,-1],[-1,0],[-1,-1],[-2,-1],[0,-1],[-1,0],[-1,-1],[0,-1],[-1,0],[0,0],[-2,0],[-2,-1],[-1,0],[-2,-1],[-2,-1],[-1,-1],[-1,-1],[-1,-1],[-1,-1],[-1,0],[-1,-1],[-1,0],[-2,-1],[0,-1],[-1,-1],[-1,-1],[-1,-2],[0,0],[0,-1],[-1,-1],[0,0],[0,-1],[1,0],[1,0],[1,-1],[0,0],[0,0],[-1,-1],[0,0],[-1,0],[0,0],[1,0],[0,-1],[1,0],[0,-1],[0,-1],[0,-1],[0,0],[-1,-1],[0,-1],[0,0],[-1,-2],[0,-2],[-1,-2],[0,-1],[-1,0],[-1,-2],[-1,0],[-1,-2],[-1,-1],[-1,-2],[0,-1],[-4,-3],[0,0],[1,1],[0,0],[0,-1],[0,0],[0,0],[0,0],[-1,0],[0,0],[0,0],[-1,-1],[0,-1],[0,0],[-1,-1],[-1,-1],[1,0],[0,0],[0,0],[0,0],[1,0],[0,0],[-1,0],[-1,-1],[-1,0],[-1,-1],[0,0],[0,-1],[0,0],[-1,0],[-1,0],[0,0],[0,0],[1,-1],[0,0],[0,0],[0,0],[0,0],[-1,0],[0,0],[-1,0],[0,0],[0,-1],[0,-2],[0,0],[1,-1],[0,0],[0,0],[0,0],[0,0],[0,0],[0,-1],[0,0],[0,-1],[-1,-1],[-1,0],[-1,0],[0,0],[0,-1],[0,-1],[0,0],[-1,0],[-1,-1],[-1,-1],[0,0],[0,-1],[-1,0],[0,-1],[0,0],[1,-1],[0,-1],[-1,0],[-1,0],[0,0],[-1,0],[0,-1],[-1,-1],[-1,-1],[-1,-1],[0,-1],[0,0],[-1,-1],[0,0],[0,0],[0,-1],[-1,-1],[0,0],[0,-1],[0,-1],[-1,0],[0,0],[0,-1],[0,0],[0,-1],[-1,-1],[0,-1],[0,0],[0,-1],[0,-1],[-1,-1],[0,-1],[0,-1],[0,-1],[0,-1],[0,0],[0,0],[0,0],[0,0],[0,0],[0,-1],[0,0],[-1,0],[-1,0],[0,-1],[0,-1],[-1,0],[0,0],[-1,-1],[0,0],[0,1],[-1,0],[0,0],[-1,-1],[-1,-1],[0,0],[-1,0],[0,-1],[-1,0],[1,0],[0,0],[0,1],[-1,1],[0,2],[0,1],[0,1],[0,1],[0,1],[1,0],[-1,2],[0,0],[0,1],[1,1],[0,1],[1,0],[1,1],[1,1],[0,1],[1,2],[0,0],[0,1],[1,0],[0,0],[0,0],[0,1],[0,0],[0,0],[1,2],[0,0],[0,0],[1,0],[0,1],[0,0],[0,1],[0,0],[0,1],[0,1],[0,0],[1,1],[1,1],[0,1],[0,1],[1,1],[0,0],[0,1],[0,0],[1,1],[0,1],[0,1],[0,0],[1,0],[-1,-1],[0,-1],[0,0],[0,0],[1,1],[0,1],[1,0],[0,1],[0,0],[0,1],[0,1],[0,1],[0,1],[1,1],[0,0],[0,1],[1,2],[0,1],[1,1],[0,0],[-1,1],[0,0],[1,2],[0,1],[1,0],[0,0],[0,1],[0,0],[0,0],[0,-1],[0,0],[0,-1],[1,0],[0,0],[1,1],[0,1],[1,0],[0,1],[0,1],[1,0],[0,1],[0,0],[1,1],[0,1],[0,1],[-1,0],[-1,1],[0,0],[-1,0],[0,1],[-1,-1],[0,0],[-1,-2],[0,-1],[0,-1],[0,0],[-2,-1],[0,-1],[-1,-1],[-1,-1],[-2,-1],[-1,-1],[0,-1],[0,0],[-1,0],[0,0],[0,-1],[0,0],[-1,-1],[0,-1],[0,0],[0,-2],[1,-1],[0,-1],[0,0],[-1,0],[1,-1],[-1,-1],[-1,-2],[0,0],[-1,-1],[-2,-2],[0,0],[0,-1],[0,-1],[0,1],[-1,0],[-1,0],[-1,0],[0,0],[0,-1],[-1,-1],[0,0],[-1,0],[0,-1],[-1,0],[0,0],[-1,-1],[0,0],[0,-1],[0,0],[-1,-1],[-1,-1],[0,0],[0,-1],[0,0],[1,0],[1,1],[1,0],[0,0],[1,0],[0,0],[0,0],[0,1],[0,0],[1,0],[-1,0],[0,-1],[0,0],[0,-1],[0,0],[0,0],[0,0],[1,-1],[1,-2],[-1,-1],[-1,-1],[-1,-2],[-1,-2],[0,0],[-1,0],[0,-1],[-1,0],[-1,-2],[-1,0],[0,-1],[0,0],[0,-1],[0,-2],[0,0],[-1,0],[0,-1],[1,-1],[-1,-1],[-1,-1],[0,0],[1,-1],[0,0],[-1,-1],[-1,-1],[0,-1],[0,-1],[0,0],[0,0],[1,0],[0,0],[0,-1],[-1,-1],[0,-1],[-1,-1],[0,0],[0,-1]],[[540,474],[-1,1],[0,-1],[0,-1],[0,0],[1,0],[0,-1],[1,1],[-1,0],[0,1]],[[424,470],[0,1],[-1,0],[0,-1],[0,0],[0,0],[1,0],[0,0],[0,0]],[[396,486],[-1,0],[0,0],[0,-1],[0,0],[1,1],[0,0]],[[403,447],[0,1],[-1,0],[0,-1],[0,0],[0,-1],[0,0],[0,1],[1,0]],[[392,420],[0,0],[-1,0],[-1,-1],[0,-1],[0,0],[0,-1],[0,0],[1,1],[0,0],[0,0],[1,1],[0,1],[0,0]],[[380,425],[0,0],[-1,-1],[1,0],[0,-1],[0,0],[0,0],[0,1],[0,1]],[[397,421],[-1,2],[0,0],[-1,-1],[0,0],[1,-2],[0,0],[1,0],[0,0],[0,1],[0,0]],[[365,416],[0,0],[-1,-1],[0,0],[1,0],[0,0],[0,0],[0,0],[0,1],[0,0]],[[540,468],[0,1],[0,0],[0,-1],[0,0],[0,0],[0,0],[0,0]],[[513,488],[-1,0],[0,0],[1,-1],[0,0],[0,1],[0,0],[0,0]],[[406,453],[0,0],[0,-1],[0,0],[0,0],[0,1],[0,0],[0,0]],[[386,403],[0,0],[0,0],[0,0],[0,0],[0,0],[0,0],[0,0]],[[400,440],[0,1],[0,0],[0,-1],[0,1],[0,0],[0,-1],[0,0],[0,0],[0,0]],[[396,450],[0,0],[-2,-1],[0,0],[1,0],[1,1]],[[394,449],[0,0],[-1,-1],[0,0],[0,-1],[0,0],[0,-1],[1,-2],[0,0],[-1,3],[0,0],[0,0],[1,1],[0,0],[0,0],[0,1]],[[599,474],[1,0],[1,0],[0,0],[0,0],[1,0],[1,0],[2,0],[1,1],[0,1],[0,0],[-1,0],[0,0],[-1,0],[0,0],[-1,0],[0,0],[0,0],[0,0],[-1,1],[0,0],[0,0],[-1,0],[0,0],[0,1],[0,1],[-1,-1],[0,0],[-1,0],[-1,0],[-1,0],[0,0],[-1,0],[0,0],[-1,-1],[0,0],[-1,0],[-1,0],[0,-1],[0,0],[1,0],[0,-1],[1,0],[0,0],[1,0],[2,-1],[1,0],[0,0]],[[569,504],[-2,0],[-1,1],[0,0],[0,1],[-1,0],[0,0],[-1,0],[0,1],[-1,0],[0,0],[0,0],[0,0],[0,0],[-1,0],[0,0],[0,0],[0,0],[0,1],[-1,-1],[0,1],[0,0],[-1,0],[0,0],[-1,0],[0,-1],[-1,0],[-1,1],[0,0],[0,1],[0,0],[0,0],[0,0],[0,1],[-1,0],[0,1],[1,0],[-1,0],[0,0],[-1,1],[0,1],[-1,0],[0,1],[0,0],[0,0],[0,1],[-1,0],[0,0],[-1,-1],[-1,0],[0,0],[0,0],[-1,1],[0,1],[0,0],[-2,0],[-1,0],[0,0],[0,1],[0,0],[1,2],[0,0],[0,0],[-1,0],[0,1],[0,0],[0,0],[0,1],[0,0],[-1,0],[0,1],[-2,0],[0,-1],[0,0],[-1,0],[0,-1],[0,0],[0,0],[-1,0],[-1,0],[0,0],[0,0],[0,-1],[0,0],[0,0],[0,0],[0,-1],[0,0],[0,-1],[0,0],[-1,-1],[0,0],[-1,1],[0,-1],[0,0],[-1,0],[-1,0],[0,1],[-1,0],[0,0],[0,0],[0,-1],[0,0],[-1,0],[0,0],[-1,0],[0,0],[0,0],[-1,-1],[-1,0],[0,0],[0,0],[0,-1],[-1,0],[-1,0],[0,0],[0,0],[0,-1],[1,0],[0,-1],[0,0],[0,-1],[0,0],[0,-1],[0,0],[1,-1],[0,0],[1,-1],[0,-1],[1,0],[1,-1],[1,-1],[0,0],[1,0],[0,-1],[0,0],[1,0],[0,-1],[1,0],[1,0],[0,0],[1,1],[0,-1],[1,0],[2,0],[1,0],[2,0],[1,0],[1,-1],[0,0],[1,-1],[0,0],[0,0],[1,0],[2,0],[2,0],[1,-1],[0,0],[2,0],[1,1],[0,0],[1,-1],[0,0],[-1,0],[0,0],[2,0],[3,2],[0,0],[-1,0],[-1,0],[0,0],[0,1],[0,0],[0,0],[1,0],[0,0],[1,0],[0,0],[0,0],[1,0],[0,0],[0,0],[1,0],[0,0],[0,0],[-1,-1],[0,0],[2,1],[1,1],[0,0],[1,0]],[[547,499],[-1,1],[-1,0],[1,-1],[1,0],[0,-1],[1,0],[-1,1]],[[550,498],[0,0],[-1,0],[1,0],[0,-1],[0,0],[0,1],[0,0]],[[629,457],[0,0],[1,1],[0,0],[0,1],[0,0],[1,1],[0,0],[0,0],[-1,1],[0,0],[0,1],[1,0],[0,0],[0,1],[0,0],[0,1],[-1,0],[0,0],[0,0],[1,1],[1,0],[0,0],[0,1],[0,1],[0,0],[-1,-1],[0,0],[-1,0],[-2,1],[-1,0],[0,1],[0,0],[-1,0],[0,0],[-2,1],[-1,0],[-1,0],[0,0],[-1,0],[-1,1],[0,0],[0,1],[0,0],[-1,-1],[-1,0],[0,0],[-2,0],[0,0],[0,-1],[0,-1],[0,0],[1,0],[0,0],[1,0],[1,0],[1,-1],[1,0],[4,0],[1,-1],[0,0],[0,0],[0,0],[0,-1],[1,0],[1,0],[0,-1],[0,0],[-1,0],[-2,-1],[-1,0],[0,-1],[0,-1],[0,0],[0,-1],[-1,0],[-1,0],[-2,0],[0,0],[-1,0],[0,-1],[1,0],[0,-1],[1,0],[1,-1],[2,0],[1,0],[1,0],[2,0],[1,0],[0,0]],[[625,464],[0,1],[-2,0],[-1,-1],[0,0],[0,0],[1,0],[1,0],[1,0]],[[623,456],[0,0],[0,1],[0,0],[-1,0],[0,0],[0,0],[-1,0],[1,0],[0,-1],[0,0],[1,0]],[[512,515],[0,0],[0,0],[0,-1],[0,0],[0,-1],[0,0],[0,0],[0,-1],[0,0],[0,0],[-1,-1],[0,-1],[0,0],[1,-1],[1,-1],[0,-2],[1,-1],[2,0],[1,0],[2,0],[1,-1],[1,0],[1,0],[0,0],[0,-1],[0,-1],[0,0],[-1,0],[0,0],[-1,-1],[0,0],[0,0],[0,-1],[-1,0],[-1,-1],[-1,0],[-1,-1],[0,-1],[-1,0],[0,0],[1,0],[2,0],[0,-1],[-1,-1],[0,-2],[3,0],[2,0],[3,-1],[2,0],[2,0],[0,2],[0,1],[0,2],[0,2],[0,1],[0,3],[1,1],[0,0],[0,0],[1,0],[1,0],[0,0],[0,0],[1,1],[1,0],[0,-1],[0,0],[0,0],[0,0],[2,1],[0,0],[-1,1],[-1,1],[-1,0],[0,1],[-1,1],[0,0],[-1,1],[0,0],[0,1],[0,0],[0,1],[0,0],[0,1],[-1,0],[0,1],[0,0],[0,0],[0,0],[-1,0],[0,0],[0,1],[0,0],[0,0],[0,1],[0,0],[-1,0],[0,0],[0,1],[0,0],[-1,0],[0,0],[0,0],[-1,1],[0,1],[0,0],[0,0],[-3,-1],[-1,0],[-3,1],[-2,-1],[-1,0],[-2,-1],[-2,-2]],[[706,480],[0,0],[0,0],[0,-1],[0,0],[0,-1],[0,0],[1,1],[-1,1]],[[530,514],[0,0],[1,0],[1,0],[0,1],[0,0],[0,0],[1,0],[1,1],[0,0],[0,0],[1,0],[0,0],[1,0],[0,0],[0,1],[0,0],[0,0],[1,0],[0,-1],[1,0],[1,0],[0,0],[0,1],[1,-1],[0,0],[1,1],[0,0],[0,1],[0,0],[0,1],[0,0],[0,0],[0,0],[0,1],[0,0],[0,0],[0,1],[-1,0],[0,0],[-1,0],[-2,0],[-1,0],[-1,0],[0,0],[1,0],[1,1],[-1,0],[-2,-1],[-3,-1],[-1,0],[-2,0],[-1,0],[-1,-1],[0,0],[0,0],[0,-1],[1,-1],[0,0],[0,0],[1,0],[0,0],[0,-1],[0,0],[1,0],[0,0],[0,-1],[0,0],[0,0],[0,-1],[0,0],[1,0],[0,0],[0,0]],[[632,467],[0,-1],[0,-1],[0,0],[-1,0],[-1,-1],[0,0],[0,0],[1,0],[0,-1],[0,0],[0,-1],[0,0],[-1,0],[0,-1],[0,0],[1,-1],[0,0],[0,0],[-1,-1],[0,0],[0,-1],[0,0],[-1,-1],[0,0],[0,-1],[0,0],[0,0],[0,-1],[1,0],[0,0],[1,0],[1,0],[0,-1],[1,0],[1,0],[0,0],[1,0],[0,0],[1,0],[0,0],[1,0],[1,0],[0,0],[1,-1],[0,0],[1,1],[0,0],[1,1],[0,0],[3,-1],[0,0],[0,1],[0,0],[-1,0],[-1,0],[0,1],[0,0],[1,0],[1,0],[0,0],[1,0],[1,-1],[1,0],[1,0],[2,1],[0,0],[1,0],[0,1],[0,1],[-1,0],[0,0],[0,1],[0,0],[0,0],[0,1],[-1,-1],[0,0],[-1,0],[-1,0],[-1,0],[-1,1],[-1,0],[0,0],[-1,0],[-1,1],[0,0],[0,1],[-1,0],[0,0],[-2,1],[0,0],[-1,0],[-1,0],[0,1],[-1,0],[0,0],[0,0],[0,1],[0,0],[0,2],[-1,1],[0,1],[0,0],[-1,-1],[0,0],[0,0],[-1,0],[0,0],[0,-1],[0,0],[-1,0]],[[700,459],[-1,1],[0,-1],[-1,-1],[0,0],[0,-1],[1,0],[0,1],[1,0],[0,1]],[[534,28],[1,0],[1,0],[0,0],[1,0],[0,-1],[2,0],[0,0],[0,0],[0,1],[-1,1],[-1,2],[-1,2],[-1,0],[1,1],[0,0],[1,0],[0,-2],[0,0],[1,-1],[1,-1],[0,0],[1,-1],[0,-1],[1,-1],[1,1],[1,0],[0,0],[1,0],[0,0],[0,0],[0,0],[1,-1],[1,0],[1,0],[0,0],[1,0],[0,1],[0,0],[0,1],[0,1],[0,1],[-4,7],[0,0],[0,1],[1,0],[1,0],[0,-1],[0,-1],[1,-1],[2,-2],[1,1],[2,0],[0,-1],[0,0],[0,0],[-1,-1],[0,0],[0,-1],[0,0],[0,0],[0,-1],[1,-1],[0,0],[1,0],[0,1],[0,0],[1,1],[1,0],[0,1],[1,1],[1,1],[0,0],[1,2],[0,0],[1,2],[0,0],[0,1],[1,0],[-1,-1],[0,0],[0,-1],[0,-1],[0,0],[-1,-2],[0,0],[0,-1],[0,0],[-1,-2],[-1,-1],[1,-1],[1,1],[0,0],[0,-1],[1,0],[0,0],[1,0],[0,0],[0,-1],[0,0],[-1,-1],[0,0],[-1,-1],[0,-1],[0,0],[0,0],[0,-1],[0,0],[0,0],[1,-1],[1,-1],[1,0],[1,0],[0,-1],[1,0],[1,0],[0,0],[0,0],[0,1],[1,1],[0,1],[1,1],[0,1],[0,0],[-1,1],[0,0],[1,1],[0,0],[1,0],[0,0],[0,0],[0,1],[0,1],[0,0],[0,1],[-1,0],[1,1],[0,0],[1,0],[0,0],[1,0],[0,1],[0,1],[0,0],[0,1],[0,0],[0,0],[0,1],[-1,0],[0,1],[-1,0],[0,0],[0,0],[0,0],[0,1],[0,1],[1,0],[0,1],[1,0],[0,0],[0,1],[1,0],[0,-1],[0,0],[0,0],[0,0],[1,0],[0,0],[0,1],[1,0],[1,1],[0,0],[0,0],[0,0],[0,0],[1,0],[0,0],[0,0],[1,0],[0,1],[0,0],[0,1],[0,0],[0,0],[0,0],[0,1],[1,0],[0,0],[0,1],[-1,0],[0,0],[1,2],[0,0],[0,0],[1,0],[1,1],[0,1],[1,0],[0,1],[1,1],[0,0],[1,1],[0,0],[1,1],[0,-1],[-1,-1],[0,-1],[1,0],[0,0],[1,0],[0,-1],[1,0],[0,0],[1,1],[0,0],[0,0],[0,0],[-1,0],[-1,0],[0,1],[0,0],[2,1],[0,0],[1,0],[0,0],[1,0],[0,-1],[0,0],[0,0],[1,-1],[0,0],[0,0],[1,0],[1,1],[0,1],[1,0],[0,0],[0,1],[0,0],[0,0],[-1,0],[0,0],[-1,1],[0,0],[-1,0],[0,1],[0,1],[0,0],[0,1],[0,1],[-1,0],[0,0],[0,0],[0,1],[0,0],[0,0],[1,0],[0,0],[0,0],[0,0],[0,-1],[2,1],[1,0],[0,0],[0,0],[0,0],[0,-1],[1,0],[0,0],[0,0],[0,0],[1,0],[1,0],[0,0],[1,1],[1,0],[0,0],[1,0],[0,0],[0,1],[1,0],[0,0],[1,0],[0,1],[1,0],[0,1],[0,0],[0,0],[-1,0],[0,0],[-1,0],[0,0],[0,2],[0,0],[0,1],[0,0],[0,1],[0,0],[-1,0],[0,0],[1,0],[0,0],[1,0],[0,0],[0,0],[0,-1],[0,-1],[0,0],[0,0],[0,1],[1,0],[1,0],[0,1],[0,0],[0,0],[0,0],[1,0],[-1,-1],[0,0],[-1,-1],[0,-1],[1,0],[1,1],[1,0],[1,0],[0,0],[1,0],[0,1],[0,0],[1,0],[0,1],[0,0],[-1,0],[0,1],[0,0],[0,0],[0,1],[-1,1],[0,1],[-1,0],[-1,-1],[-1,-1],[0,0],[0,0],[0,1],[1,0],[0,1],[0,0],[0,0],[0,0],[0,0],[0,0],[1,1],[0,0],[0,0],[0,0],[0,0],[1,0],[0,0],[1,-1],[1,0],[1,-1],[0,0],[1,1],[1,1],[0,0],[-1,2],[0,0],[0,1],[0,1],[0,0],[-2,1],[0,0],[-2,0],[-2,0],[1,1],[0,0],[0,0],[0,0],[-1,0],[0,1],[-1,-1],[0,0],[-1,1],[0,0],[1,0],[0,0],[1,0],[1,0],[0,0],[0,1],[0,0],[0,1],[0,1],[0,0],[0,0],[0,0],[-1,1],[-1,0],[0,0],[-1,0],[0,1],[2,-1],[0,0],[0,1],[0,0],[0,0],[0,0],[-1,1],[0,0],[0,0],[0,0],[1,0],[0,0],[0,0],[0,0],[0,0],[0,-1],[1,-1],[0,0],[0,0],[1,-2],[-1,0],[0,-1],[1,-1],[1,-1],[0,0],[1,0],[0,0],[1,0],[0,0],[1,0],[1,0],[1,-1],[0,0],[1,1],[1,1],[1,1],[0,0],[1,1],[0,0],[0,1],[-1,0],[-1,0],[-1,1],[-1,0],[0,0],[-2,-1],[-1,-1],[-1,0],[0,0],[0,1],[0,0],[0,1],[-1,1],[0,1],[0,0],[0,1],[0,0],[0,0],[1,-1],[0,0],[0,-1],[0,-1],[0,0],[0,-1],[0,0],[1,0],[0,0],[1,1],[1,1],[0,0],[0,1],[0,0],[0,0],[0,0],[0,-1],[1,0],[0,0],[1,0],[1,0],[1,0],[0,-1],[1,0],[0,0],[1,0],[0,0],[1,0],[1,0],[0,0],[0,0],[1,1],[0,0],[0,1],[0,0],[0,0],[1,1],[0,-1],[-1,0],[0,-1],[0,0],[0,0],[1,-1],[1,1],[1,0],[0,1],[1,1],[1,0],[0,0],[1,1],[1,0],[0,1],[-1,0],[0,0],[0,1],[-1,0],[0,0],[0,-1],[0,0],[-2,-1],[1,1],[0,0],[0,0],[1,1],[0,1],[0,0],[0,1],[-1,0],[-1,0],[-1,0],[-1,0],[-1,-1],[0,0],[-1,0],[-1,0],[-1,0],[0,0],[-1,0],[-1,0],[0,0],[-1,0],[0,1],[-1,1],[-1,0],[0,0],[0,0],[1,1],[0,-1],[1,0],[0,-1],[1,0],[0,0],[1,0],[0,0],[1,1],[0,1],[0,0],[-1,1],[0,1],[0,0],[-1,1],[0,0],[-1,0],[0,1],[-1,0],[1,0],[0,0],[1,0],[0,0],[0,1],[1,0],[0,1],[0,0],[0,1],[-1,1],[0,0],[0,0],[1,-1],[0,0],[1,0],[1,-1],[1,-2],[0,0],[0,0],[0,0],[1,0],[0,0],[0,1],[-1,0],[0,1],[0,0],[0,1],[1,1],[0,-1],[0,0],[0,-1],[0,0],[0,-1],[1,0],[0,-1],[0,-1],[0,-1],[2,-1],[2,-1],[0,0],[1,-1],[2,-2],[0,0],[0,1],[0,0],[0,0],[0,1],[0,0],[0,0],[0,1],[0,0],[0,0],[0,0],[0,1],[0,1],[-1,0],[0,0],[1,0],[0,0],[0,0],[0,1],[0,0],[0,0],[0,1],[-1,0],[1,0],[0,0],[0,0],[0,0],[0,1],[0,1],[0,0],[0,1],[0,0],[0,0],[0,0],[1,1],[-1,0],[0,1],[1,0],[0,0],[0,0],[0,1],[0,1],[0,0],[0,1],[0,0],[-1,0],[0,1],[0,0],[0,1],[-1,1],[0,1],[0,1],[-1,1],[0,0],[0,1],[0,0],[-1,1],[0,0],[0,0],[0,1],[0,0],[-1,0],[-1,1],[1,0],[0,0],[0,0],[0,1],[0,0],[0,0],[-1,1],[-1,0],[-2,0],[0,0],[0,0],[0,0],[1,0],[0,0],[0,1],[0,0],[0,0],[0,0],[0,0],[1,0],[0,1],[0,0],[0,1],[0,0],[0,2],[0,0],[0,0],[0,0],[0,1],[1,1],[0,0],[0,0],[0,0],[0,0],[0,1],[0,0],[1,2],[0,2],[1,0],[0,0],[-1,0],[0,1],[0,0],[1,0],[0,1],[0,0],[0,2],[-1,0],[0,0],[0,0],[-1,0],[0,0],[-1,0],[0,0],[1,0],[0,0],[0,1],[1,0],[0,1],[0,0],[0,1],[0,1],[0,0],[-1,0],[0,0],[0,0],[0,0],[0,0],[1,1],[0,0],[-1,0],[0,0],[0,0],[0,0],[-1,0],[0,1],[0,0],[1,0],[0,1],[0,0],[-1,1],[0,0],[0,0],[-1,0],[0,-1],[0,0],[0,-1],[-1,0],[0,-2],[0,-1],[0,0],[-1,1],[0,0],[-1,0],[0,1],[0,0],[1,-1],[0,1],[0,0],[1,2],[0,0],[-1,0],[0,0],[0,0],[1,0],[0,1],[1,0],[-1,1],[-1,1],[0,1],[-1,1],[-1,0],[0,1],[2,-1],[0,0],[0,1],[0,0],[0,1],[0,0],[0,1],[-1,1],[0,0],[-1,0],[0,1],[1,0],[0,0],[1,0],[0,0],[1,0],[0,0],[1,1],[0,0],[1,0],[0,0],[0,1],[-1,1],[1,0],[-1,0],[0,1],[0,0],[-1,0],[-1,0],[2,0],[0,0],[0,0],[1,0],[0,0],[1,1],[1,0],[0,0],[0,1],[0,1],[0,0],[0,0],[0,1],[0,1],[0,0],[1,0],[0,0],[0,1],[0,0],[0,0],[-1,1],[0,0],[-1,0],[0,0],[-1,0],[1,0],[0,0],[1,0],[1,0],[0,1],[0,0],[0,1],[0,0],[0,1],[-1,0],[0,0],[-1,1],[0,0],[0,0],[0,0],[1,0],[0,0],[1,-1],[0,1],[0,0],[1,0],[0,1],[0,0],[0,1],[1,0],[0,0],[1,1],[0,0],[0,1],[0,0],[-1,0],[0,1],[1,-1],[0,1],[1,0],[0,1],[1,2],[1,2],[0,1],[0,1],[0,0],[-1,0],[-1,0],[0,1],[-1,0],[1,0],[0,0],[0,0],[1,0],[1,-1],[0,0],[0,1],[1,0],[0,0],[1,1],[0,1],[0,0],[-1,1],[0,0],[-1,0],[0,0],[1,0],[0,0],[0,0],[0,0],[0,1],[-1,0],[0,0],[0,-1],[-1,1],[0,0],[0,0],[0,0],[0,0],[-1,0],[0,-1],[0,-1],[0,0],[0,0],[0,1],[0,0],[0,1],[0,0],[-1,0],[-2,1],[0,-1],[0,0],[0,-1],[0,0],[0,-1],[0,0],[0,-1],[0,0],[0,1],[0,1],[-1,0],[0,0],[0,0],[-1,0],[-1,1],[0,0],[0,0],[-1,-1],[0,-1],[0,-1],[0,0],[-1,-1],[0,0],[0,0],[0,1],[0,0],[0,0],[0,1],[-1,1],[0,0],[0,1],[0,0],[0,0],[0,1],[-1,0],[0,0],[0,0],[-1,0],[0,0],[0,1],[0,0],[0,0],[0,0],[0,1],[-1,0],[0,0],[0,0],[0,-1],[0,-1],[0,0],[0,0],[-1,0],[0,0],[0,1],[-1,-1],[0,0],[0,0],[0,0],[-1,0],[0,0],[-1,0],[0,0],[0,-1],[-1,0],[0,0],[-1,0],[0,0],[0,-1],[0,0],[0,0],[-1,0],[0,0],[0,0],[0,-1],[0,0],[0,-1],[0,0],[1,0],[-1,0],[0,0],[0,0],[0,1],[0,0],[-1,0],[0,0],[-1,0],[0,0],[0,-1],[0,0],[-1,0],[0,0],[-1,0],[0,0],[0,0],[-1,0],[0,0],[0,-1],[0,0],[0,0],[0,-1],[0,-1],[0,-1],[-1,1],[0,1],[0,0],[0,0],[-1,0],[0,0],[0,0],[-1,0],[0,-1],[0,0],[-1,0],[-1,-1],[-2,-1],[0,0],[0,-1],[-1,-1],[0,0],[1,-1],[1,-1],[0,0],[0,0],[0,-1],[0,1],[0,0],[0,0],[0,-1],[0,0],[0,0],[-1,1],[0,1],[-1,1],[0,0],[0,0],[0,0],[0,0],[-1,0],[0,0],[0,-1],[0,-1],[0,-1],[0,0],[1,-1],[0,0],[0,0],[-1,0],[1,-1],[0,0],[0,0],[1,0],[1,1],[0,0],[0,-1],[-1,0],[0,-1],[0,0],[-1,0],[0,1],[-1,-1],[0,0],[0,0],[-1,-1],[0,0],[-1,0],[0,0],[1,0],[0,1],[1,0],[0,1],[0,0],[0,1],[0,0],[0,0],[-1,0],[0,-1],[0,1],[0,0],[0,1],[0,0],[0,2],[1,0],[0,1],[-1,0],[0,0],[0,-1],[-1,0],[0,-1],[-1,-1],[0,0],[-1,-1],[-1,-1],[0,0],[0,0],[-1,0],[0,-1],[0,0],[0,0],[0,-1],[1,-1],[0,-1],[0,0],[1,-1],[0,0],[0,0],[0,0],[-1,0],[0,1],[-1,0],[0,1],[0,0],[0,1],[0,1],[-1,-1],[-1,1],[0,0],[0,0],[-1,-1],[-1,-1],[0,0],[0,0],[0,0],[-1,0],[0,-1],[1,-1],[0,-2],[1,0],[0,-1],[0,0],[0,-1],[0,0],[0,0],[0,-1],[0,0],[1,-1],[0,0],[-1,0],[0,0],[0,1],[0,1],[-1,2],[0,1],[0,0],[0,1],[0,0],[0,0],[-1,1],[0,0],[0,0],[-1,0],[0,-1],[0,0],[-1,-1],[0,0],[0,-1],[0,0],[1,-1],[0,0],[0,-1],[1,0],[0,0],[0,-1],[0,0],[0,0],[-1,0],[0,1],[-1,0],[-1,0],[0,0],[0,1],[0,-1],[-1,0],[-1,-1],[0,-1],[0,-1],[0,0],[1,-1],[0,-1],[0,0],[1,-1],[0,0],[1,0],[1,0],[0,-1],[1,0],[1,0],[1,0],[-1,0],[-1,0],[0,0],[0,-1],[0,0],[0,0],[-1,1],[0,0],[-1,0],[0,1],[-1,0],[0,0],[-1,0],[0,0],[0,1],[-1,0],[0,2],[0,0],[0,0],[-1,-1],[0,0],[0,0],[0,-1],[0,-1],[0,-1],[0,0],[0,-1],[0,0],[1,0],[1,0],[1,0],[0,-1],[1,0],[0,0],[0,0],[-1,-1],[0,0],[0,0],[0,-1],[0,0],[0,0],[0,0],[0,0],[0,0],[0,0],[0,1],[-1,0],[0,1],[-1,0],[-1,1],[0,0],[0,-1],[-1,1],[0,0],[0,0],[0,0],[0,-1],[-1,-1],[0,-1],[1,0],[1,-1],[1,1],[1,0],[0,-1],[1,0],[0,-1],[0,0],[-1,-1],[0,0],[0,0],[0,1],[0,0],[-1,-1],[0,-1],[0,-1],[0,0],[1,-1],[0,0],[0,0],[0,0],[-1,0],[0,0],[0,1],[-1,0],[0,-1],[0,-1],[0,0],[-1,-1],[0,0],[0,-1],[1,0],[0,-1],[0,0],[-1,0],[0,0],[0,-1],[0,0],[0,0],[0,0],[-1,0],[0,1],[-1,0],[0,0],[0,0],[0,1],[0,0],[-1,0],[-1,0],[0,0],[-1,0],[-1,0],[-1,0],[-1,0],[-1,0],[0,0],[-1,0],[0,0],[-1,-1],[0,0],[0,0],[0,-1],[0,0],[1,0],[0,0],[1,-1],[0,0],[0,0],[1,0],[0,0],[1,0],[2,0],[1,0],[0,0],[1,0],[0,0],[1,-1],[0,0],[-1,0],[0,0],[-1,0],[0,0],[-1,-1],[0,0],[0,0],[0,-1],[-1,0],[0,0],[-1,0],[0,0],[0,0],[1,0],[0,-1],[1,0],[0,0],[0,0],[-1,0],[0,0],[-1,0],[-1,1],[0,0],[-1,0],[0,0],[0,0],[-1,0],[0,0],[-1,0],[0,-1],[0,0],[0,0],[0,-1],[0,0],[2,-2],[0,0],[0,0],[-1,0],[0,0],[0,1],[-1,0],[0,0],[0,1],[-1,0],[0,0],[0,0],[0,0],[-1,0],[1,0],[0,-1],[0,0],[-1,0],[0,0],[0,0],[0,-1],[0,0],[-1,0],[0,-1],[-1,0],[0,0],[-1,-1],[0,0],[0,0],[0,0],[0,0],[0,0],[0,0],[1,1],[0,0],[0,0],[0,1],[1,0],[0,0],[1,0],[0,1],[0,0],[0,1],[0,0],[0,0],[0,0],[-1,0],[0,1],[1,0],[0,0],[0,1],[0,0],[0,0],[0,1],[-1,0],[0,0],[-1,0],[0,0],[-1,0],[0,0],[-1,0],[0,-1],[0,0],[0,0],[-1,-2],[0,-1],[0,-1],[0,-1],[0,0],[0,0],[0,0],[0,2],[-1,0],[0,0],[0,-1],[0,0],[0,0],[0,0],[0,-1],[-1,0],[0,0],[0,0],[1,-1],[0,0],[0,0],[0,-1],[0,0],[0,-1],[0,0],[0,0],[-1,0],[0,-1],[0,0],[-1,0],[0,0],[0,1],[0,0],[0,0],[0,0],[0,0],[-1,0],[0,0],[0,-1],[0,0],[0,0],[0,-1],[0,0],[0,0],[0,-1],[-1,0],[0,0],[0,0],[0,0],[0,0],[-1,0],[0,0],[0,0],[-1,0],[0,-1],[0,0],[0,0],[0,-1],[0,0],[0,0],[0,0],[-1,-1],[0,0],[0,0],[0,0],[0,0],[0,-1],[-1,0],[0,0],[0,0],[-1,0],[0,0],[0,1],[-1,0],[0,0],[0,0],[1,-1],[0,0],[0,-1],[0,0],[-1,0],[0,-1],[0,0],[0,0],[1,0],[0,-1],[-1,0],[-1,0],[0,0],[0,0],[-1,-1],[0,0],[0,0],[-1,0],[-1,-1],[-1,0],[0,-1],[0,0],[-1,0],[-1,0],[0,0],[1,-1],[-1,-1],[0,0],[-1,-1],[0,0],[0,0],[-1,0],[0,0],[-1,0],[0,0],[-2,0],[-1,0],[-1,-1],[0,0],[-1,1],[-1,0],[0,0],[-1,0],[0,0],[-1,0],[0,0],[0,0],[0,0],[-1,1],[0,0],[0,0],[-1,0],[0,0],[0,0],[0,0],[0,1],[0,0],[-1,0],[0,1],[0,0],[0,0],[0,0],[-1,0],[0,0],[0,-1],[0,0],[-1,1],[0,0],[0,1],[0,0],[0,0],[-1,-1],[0,0],[0,1],[0,0],[1,1],[0,0],[0,0],[-3,0],[0,0],[-1,0],[0,0],[-1,-1],[-1,0],[0,0],[0,0],[0,-1],[1,-1],[0,0],[1,-1],[0,0],[0,0],[-1,0],[-1,0],[0,0],[-1,0],[0,0],[-1,0],[0,0],[0,-1],[0,0],[0,0],[0,-1],[-1,2],[0,0],[0,0],[0,0],[-1,0],[0,0],[0,0],[0,-1],[0,0],[-1,0],[0,0],[0,-1],[0,0],[1,0],[0,-1],[1,0],[2,-1],[0,-1],[0,0],[1,-1],[1,0],[1,0],[0,0],[1,0],[0,0],[-1,0],[0,-1],[0,0],[0,-1],[0,0],[0,0],[-1,-1],[0,0],[0,0],[-1,1],[0,1],[0,0],[-1,0],[0,0],[0,0],[-1,0],[0,0],[0,0],[0,1],[0,0],[0,0],[0,0],[-1,1],[-1,-1],[0,0],[-1,0],[0,-1],[0,0],[0,0],[0,0],[0,-1],[0,0],[-1,0],[0,1],[0,0],[0,0],[-1,0],[0,0],[0,0],[-1,-1],[-1,0],[0,0],[0,0],[-1,0],[0,-1],[0,0],[0,-1],[0,0],[-1,0],[0,-1],[0,0],[0,-1],[0,0],[1,0],[0,-1],[1,0],[0,-1],[0,0],[1,0],[0,0],[0,-1],[1,0],[1,-2],[0,0],[0,0],[0,0],[0,0],[0,-1],[0,0],[1,-1],[0,0],[0,0],[0,-1],[0,0],[2,0],[0,0],[0,0],[1,-1],[0,0],[0,-1],[0,-1],[0,0],[-1,-2],[0,-1],[0,-1],[-1,-1],[0,0],[0,-1],[1,0],[0,0],[0,0],[0,-1],[-1,0],[0,1],[0,0],[0,0],[-1,0],[0,1],[0,0],[0,0],[0,0],[-1,0],[0,0],[-1,0],[0,0],[0,0],[-1,0],[0,-1],[0,0],[0,-1],[0,0],[0,-2],[0,0],[0,-1],[0,0],[1,0],[0,0],[0,-1],[0,-1],[0,-1],[0,-1],[1,0],[0,-1],[0,0],[1,1],[1,0],[0,0],[-1,0],[0,-1],[-1,-1],[0,0],[0,0],[1,0],[0,-1],[1,1],[0,0],[0,0],[1,0],[0,-1],[0,0],[-1,-1],[0,-1],[-1,-1],[0,-1],[0,0],[0,-1],[-1,0],[1,-1],[0,-1],[0,0],[0,0],[1,0],[0,0],[1,0],[1,1],[1,0],[0,0],[1,1],[1,0],[0,1],[1,0],[0,0],[0,-1],[-1,0],[-1,0],[-1,-1],[-1,-1],[-1,0],[0,-1],[-1,0],[0,0],[0,-1],[1,-1],[1,-2],[0,0],[1,0],[0,-1],[0,0],[0,-1],[1,0],[0,0],[1,0],[0,1],[0,0],[1,1],[2,2],[0,1],[0,0],[0,0],[0,-1],[0,0],[0,-1],[-1,-1],[0,0],[-1,-1],[0,-1],[-1,-1],[1,0],[2,1],[1,1],[1,0],[0,0],[1,0],[0,-1],[0,0],[0,0],[-2,-1],[-1,-1],[-1,-1],[0,0],[0,0],[1,-1],[2,0],[2,1],[2,0],[2,1],[1,0],[0,0],[0,-1],[0,0],[0,0],[0,-1],[-1,0],[0,-1],[-1,-1],[0,-1],[0,0],[-1,-1],[-1,0],[-2,-1],[0,0],[0,-1],[0,0],[3,-1],[0,-1],[1,0],[0,0],[0,0],[0,0],[0,0],[0,-1],[-3,2],[-1,0],[0,0],[0,1],[-1,0],[0,0],[-1,0],[0,-1],[0,-1],[1,0],[0,0],[0,-1],[0,0],[0,-2],[0,0],[1,0],[0,-1],[1,1],[0,0],[1,0],[0,0],[0,0],[0,-1],[0,-1],[-1,-1],[1,0],[1,0],[0,0],[1,0],[1,1],[1,0],[0,0],[-1,0],[0,-1],[0,0],[0,0],[-1,-1],[-1,0],[0,0],[0,0],[0,-1],[0,0],[0,0],[0,0],[0,0],[0,-1],[0,0],[0,0],[0,0],[1,0],[0,-1],[0,0],[-1,0],[0,0],[1,-1],[1,0],[0,-1],[0,0],[0,0],[1,0],[0,0],[0,-1],[0,0],[2,-2],[1,-1]],[[571,141],[1,0],[1,0],[0,0],[0,0],[1,0],[0,0],[0,0],[0,0],[0,0],[0,1],[0,0],[0,1],[-1,1],[0,1],[-1,1],[-1,0],[0,0],[0,0],[0,0],[-1,0],[0,0],[0,-1],[0,0],[1,0],[0,0],[0,0],[0,0],[-1,-1],[0,1],[0,-1],[0,1],[-1,0],[-1,0],[0,0],[0,0],[-1,0],[0,-2],[0,0],[0,0],[1,0],[0,0],[-1,-1],[0,0],[-1,0],[0,0],[0,0],[0,0],[0,-1],[0,0],[0,-1],[1,0],[2,0],[0,0],[1,0],[1,1]],[[576,141],[0,0],[0,0],[0,0],[-1,-1],[0,0],[0,0],[-1,-1],[0,0],[1,0],[0,-1],[1,1],[0,0],[0,0],[0,0],[0,1],[0,0],[0,0],[0,1]],[[566,135],[-1,0],[0,0],[-1,0],[0,0],[0,0],[0,-1],[0,-1],[0,0],[1,0],[0,1],[0,0],[0,0],[1,0],[0,1],[0,0]],[[556,125],[0,1],[0,0],[0,1],[0,0],[0,0],[0,0],[-1,0],[0,0],[0,0],[0,0],[0,0],[0,0],[0,0],[-1,0],[0,0],[0,0],[1,-1],[0,0],[0,0],[0,0],[1,-1],[0,0],[0,0],[0,0]],[[512,107],[-1,0],[-1,0],[0,0],[0,0],[0,-1],[0,0],[1,0],[0,0],[0,0],[1,0],[0,0],[0,1],[0,0]],[[530,51],[-1,1],[-1,-1],[-1,0],[-1,0],[-2,-1],[0,-1],[0,0],[0,-1],[0,0],[2,0],[1,0],[1,1],[1,1],[1,1]],[[616,94],[1,0],[0,0],[0,0],[0,0],[0,0],[1,0],[0,0],[0,0],[0,1],[0,1],[0,0],[0,1],[0,0],[0,0],[-1,0],[0,0],[-1,1],[-1,2],[0,0],[0,0],[0,0],[0,0],[-1,0],[0,-1],[0,0],[0,0],[0,-1],[-1,0],[0,-1],[1,0],[0,0],[0,0],[1,-1],[0,-1],[0,-1],[0,-1],[1,1],[0,0],[0,-1],[0,1]],[[556,29],[0,0],[-1,0],[-1,0],[0,0],[-1,-1],[0,0],[0,0],[1,0],[1,0],[1,1]],[[571,38],[1,1],[-1,1],[-1,0],[0,0],[-1,-1],[0,-1],[0,-1],[1,0],[1,0],[0,1]],[[583,49],[0,1],[-1,-1],[-1,0],[-1,-1],[0,-1],[-1,0],[1,0],[0,0],[1,1],[1,0],[1,1]],[[596,58],[0,0],[-3,-1],[-1,-1],[-1,0],[0,-1],[1,0],[1,1],[3,2]],[[600,60],[1,0],[1,1],[0,0],[0,-1],[1,1],[0,0],[-1,2],[0,0],[-1,0],[0,0],[-1,-1],[0,-1],[0,0],[0,0],[0,-1]],[[586,50],[0,0],[-1,0],[0,-1],[0,-1],[0,0],[0,0],[0,0],[1,1],[0,1]],[[622,141],[0,0],[-1,0],[0,-1],[0,0],[1,0],[0,1],[0,0]],[[620,182],[0,1],[0,0],[-1,0],[0,0],[0,0],[0,0],[0,-1],[0,-1],[1,0],[0,1],[0,0]],[[570,134],[0,0],[-1,0],[0,0],[0,0],[0,0],[0,-1],[0,0],[1,0],[0,1],[0,0]],[[566,451],[1,0],[2,0],[0,0],[0,0],[1,0],[0,0],[1,0],[2,-1],[0,0],[0,1],[1,0],[1,0],[0,0],[1,-1],[0,0],[1,1],[0,0],[1,-1],[0,1],[1,0],[1,1],[0,0],[1,0],[0,1],[1,0],[2,-1],[0,0],[0,0],[1,0],[0,0],[3,1],[1,0],[1,1],[2,0],[0,0],[0,0],[0,0],[0,-1],[0,0],[0,0],[1,1],[1,0],[0,0],[1,0],[0,1],[-1,0],[0,0],[0,0],[0,0],[1,0],[0,0],[0,-1],[1,1],[1,0],[0,0],[0,1],[0,-1],[1,0],[0,0],[0,1],[1,0],[0,-1],[1,0],[2,1],[1,-1],[1,0],[0,0],[1,1],[-1,0],[0,0],[1,1],[-1,0],[0,0],[0,1],[0,0],[1,-1],[1,0],[1,0],[0,0],[2,0],[0,0],[1,0],[1,0],[1,1],[1,0],[0,0],[1,-1],[0,0],[0,1],[0,0],[0,0],[0,1],[0,0],[-1,0],[-1,1],[-1,0],[-1,1],[0,0],[-1,1],[0,-1],[0,0],[0,0],[0,0],[0,1],[-1,0],[-1,0],[-1,0],[-1,0],[-2,1],[0,0],[-2,1],[-1,0],[-1,0],[-1,1],[-1,0],[-1,1],[-2,0],[1,-2],[2,-1],[0,-1],[0,0],[0,-1],[0,0],[-1,0],[0,0],[0,-1],[-1,0],[-1,0],[0,1],[-2,0],[-1,0],[0,0],[-2,-1],[0,0],[-1,0],[0,0],[-1,-2],[0,0],[-1,-1],[0,0],[-1,0],[-2,1],[0,0],[-1,0],[-3,0],[-2,-1],[0,0],[-1,0],[0,-1],[-1,0],[0,0],[0,0],[-3,1],[0,0],[0,0],[-1,0],[0,-1],[0,0],[0,0],[0,1],[-1,0],[0,0],[-1,0],[-2,0],[0,0],[-1,0],[0,-1],[0,0],[1,-1],[0,0],[1,0],[-1,0],[0,-1],[0,0],[0,0],[-1,0],[-5,1],[0,0],[0,1],[-1,1],[0,0],[-1,1],[0,0],[0,0],[-1,1],[0,0],[-1,0],[0,0],[0,0],[0,0],[-2,1],[0,0],[0,0],[0,1],[0,0],[-1,0],[0,1],[-1,1],[-1,0],[0,-1],[0,0],[0,0],[-1,0],[0,0],[0,1],[-1,0],[0,0],[0,-1],[2,-1],[0,0],[0,0],[1,0],[0,0],[0,-1],[0,-1],[0,-1],[1,-1],[0,0],[4,-3],[1,0],[2,-1],[1,0],[1,-1],[1,-1],[2,0]],[[591,453],[0,0],[0,0],[0,0],[-1,0],[0,0],[0,0],[0,-1],[0,0],[1,0],[0,1],[0,0]],[[589,452],[0,0],[-1,0],[0,0],[-1,-1],[0,0],[0,0],[0,0],[1,0],[0,0],[0,0],[1,1]],[[585,451],[1,0],[0,0],[0,-1],[0,0],[1,1],[0,0],[-1,0],[0,0],[-1,0],[0,0],[0,0],[0,0],[0,0]],[[590,452],[0,0],[-1,0],[0,0],[0,0],[0,-1],[0,0],[0,1],[1,0],[0,0],[0,0],[0,0]],[[564,462],[-1,0],[-1,1],[0,0],[-1,0],[0,0],[-1,-1],[0,0],[1,1],[0,0],[0,-1],[0,0],[0,-1],[0,0],[0,-1],[1,0],[1,0],[0,0],[0,1],[1,1],[0,0]],[[581,451],[0,0],[-1,0],[-1,0],[0,0],[0,0],[1,0],[1,0]],[[579,539],[0,0],[0,1],[0,0],[0,0],[-1,0],[0,-1],[0,1],[0,0],[-1,0],[0,0],[0,1],[0,1],[1,1],[0,0],[1,0],[0,1],[0,0],[0,0],[0,0],[-1,1],[0,0],[1,1],[0,0],[0,1],[0,0],[-1,1],[0,0],[0,0],[1,1],[0,0],[0,0],[0,1],[0,-1],[-1,0],[-1,-1],[0,-1],[0,0],[-1,-1],[-1,0],[0,0],[0,1],[1,0],[0,1],[0,0],[0,0],[-1,0],[-1,0],[0,0],[-1,-1],[0,-1],[0,0],[0,-1],[0,-1],[-1,0],[-1,-1],[-2,0],[0,-1],[-2,0],[-1,0],[-1,-1],[0,0],[0,-1],[0,0],[-3,-1],[-1,-1],[0,0],[0,0],[0,1],[1,0],[1,1],[0,0],[1,1],[-1,0],[0,1],[0,0],[-1,0],[0,0],[-1,-1],[-2,0],[-1,-1],[-1,-1],[0,-1],[0,0],[0,-2],[1,0],[-1,0],[0,-1],[0,0],[-1,0],[0,-1],[0,0],[1,0],[0,-1],[0,0],[0,0],[0,0],[0,0],[0,-1],[0,0],[0,0],[1,0],[1,0],[1,1],[2,0],[1,-1],[0,0],[1,0],[1,0],[1,0],[0,0],[1,0],[0,1],[0,0],[0,0],[1,0],[1,0],[1,0],[0,0],[1,-1],[0,0],[0,0],[0,0],[0,1],[1,1],[1,1],[2,2],[1,0],[1,1],[1,0],[0,1],[1,0],[0,0]],[[347,252],[0,1],[1,0],[0,0],[0,0],[0,0],[0,1],[0,0],[0,1],[0,0],[-2,0],[0,0],[0,0],[0,0],[0,0],[1,0],[0,0],[1,0],[0,0],[0,-1],[0,0],[0,0],[1,0],[0,0],[1,-1],[0,1],[0,0],[0,0],[-1,1],[-1,1],[0,0],[0,2],[-1,0],[0,0],[-1,0],[-1,0],[0,-1],[0,0],[0,0],[0,0],[0,0],[1,0],[0,0],[0,0],[-1,-1],[0,0],[0,-1],[0,0],[0,0],[0,-1],[0,-1],[0,0],[0,-1],[0,0],[0,0],[1,0],[0,0],[1,0]],[[348,259],[0,1],[0,0],[0,1],[-1,0],[0,-1],[0,0],[-1,0],[0,1],[1,0],[0,0],[0,1],[1,0],[-1,0],[0,1],[0,1],[0,0],[0,0],[1,0],[0,0],[0,0],[-1,0],[0,1],[0,0],[1,0],[0,0],[-1,1],[0,-1],[0,-1],[0,0],[0,-1],[-1,0],[0,-2],[-1,0],[0,-1],[0,0],[0,0],[1,0],[0,0],[0,-1],[-1,0],[0,0],[0,-1],[0,0],[1,0],[0,1],[1,0],[0,0],[0,-1],[0,1],[1,0]],[[359,279],[1,2],[2,1],[1,0],[1,1],[0,0],[0,0],[1,1],[0,1],[0,0],[0,1],[1,1],[0,0],[-1,0],[0,1],[1,0],[0,1],[1,1],[1,0],[0,1],[0,0],[1,1],[0,0],[0,1],[0,1],[0,1],[0,0],[0,0],[0,0],[1,0],[0,0],[0,0],[0,1],[0,1],[-1,0],[0,-1],[0,0],[0,1],[-1,0],[0,0],[-1,-1],[-1,0],[0,-1],[-1,-1],[-1,-1],[-1,0],[0,0],[0,-1],[0,0],[1,0],[1,-1],[0,0],[0,0],[0,-1],[0,0],[0,1],[0,0],[-1,0],[0,0],[-1,0],[0,0],[-1,0],[0,0],[0,0],[0,-1],[-1,0],[0,0],[1,0],[0,0],[0,-1],[0,0],[0,0],[-1,0],[0,0],[0,0],[0,0],[0,0],[0,-1],[0,0],[0,0],[0,0],[0,0],[0,0],[-1,0],[0,-1],[0,0],[0,1],[0,0],[-1,-1],[0,0],[0,0],[0,0],[0,0],[0,-1],[0,0],[0,0],[1,0],[1,0],[0,0],[-1,0],[0,0],[0,-1],[0,0],[-1,0],[0,0],[0,-1],[0,0],[0,0],[0,0],[-1,0],[0,0],[0,0],[0,0],[0,0],[0,0],[-1,-1],[0,0],[1,0],[0,0],[0,-1],[0,0],[0,0],[0,0],[-1,0],[0,0],[0,1],[0,-1],[0,0],[0,0],[-1,-1],[0,1],[-1,0],[0,-1],[0,0],[1,0],[0,0],[0,-1],[-1,0],[0,0],[1,0],[0,-1],[0,0],[1,1],[0,0],[0,0],[0,0],[0,0],[0,-1],[1,0],[-1,0],[0,0],[0,0],[0,0],[-1,0],[0,0],[-1,0],[0,0],[0,-1],[0,0],[0,-1],[0,0],[0,0],[1,0],[1,0],[0,1],[2,1]],[[359,245],[0,0],[1,0],[0,-1],[0,0],[-1,0],[0,0],[0,-1],[-1,-1],[0,0],[-1,-1],[0,0],[0,0],[-1,-1],[0,0],[0,-1],[0,0],[-1,0],[0,0],[0,-1],[0,0],[0,0],[0,-1],[0,0],[0,-1],[0,0],[-1,0],[1,-1],[0,0],[0,0],[0,-1],[0,-1],[0,-1],[0,-1],[-1,-1],[0,0],[0,-1],[0,-1],[0,-1],[0,0],[0,-1],[0,-1],[0,-1],[-1,0],[0,-1],[0,0],[0,0],[0,-1],[0,0],[0,0],[0,0],[0,-1],[-1,0],[0,-1],[0,0],[0,0],[0,0],[0,-2],[0,0],[0,0],[0,0],[0,-1],[0,-1],[-1,0],[0,0],[-1,0],[-1,0],[-1,0],[0,0],[0,1],[0,0],[0,0],[-1,1],[-1,0],[0,0],[-1,0],[0,0],[-1,0],[-1,0],[0,0],[0,0],[0,-1],[1,-1],[-1,0],[0,-1],[0,0],[0,-1],[0,-1],[-1,0],[0,-1],[0,-1],[0,0],[-1,-1],[0,-1],[1,0],[0,-1],[0,0],[0,0],[-1,-1],[0,0],[-1,0],[-1,1],[0,-1],[-1,-1],[0,1],[-1,-1],[0,-1],[1,-1],[0,-2],[1,-2],[1,-1],[1,-2],[1,-2],[1,-1],[1,-2],[0,-2],[1,-1],[1,-2],[1,-2],[1,-2],[1,-1],[1,-2],[1,-2],[0,-1],[1,-2],[1,-2],[1,-2],[1,-1],[1,-2],[1,-2],[1,-2],[1,-2],[1,-1],[0,-2],[1,-2],[1,-2],[1,-2],[1,-1],[1,-2],[0,0],[1,1],[1,0],[2,2],[0,1],[1,1],[0,1],[0,1],[1,1],[1,0],[0,1],[1,0],[1,1],[0,0],[1,2],[0,0],[0,0],[0,-1],[0,0],[0,-1],[-1,0],[0,0],[0,-1],[0,0],[1,0],[0,1],[0,0],[0,-1],[0,0],[0,0],[0,0],[0,0],[1,-1],[0,0],[0,0],[1,0],[0,0],[0,-1],[0,0],[1,0],[0,0],[1,1],[0,0],[0,-1],[0,0],[1,0],[0,-1],[0,0],[0,1],[0,0],[0,0],[0,0],[1,1],[0,0],[-1,0],[0,1],[-1,0],[0,0],[1,0],[1,0],[0,0],[1,0],[0,0],[0,0],[1,0],[0,-1],[0,0],[1,0],[0,0],[0,0],[0,0],[0,0],[0,0],[0,0],[0,0],[0,0],[1,0],[0,0],[0,0],[1,0],[1,0],[0,-1],[0,1],[1,0],[0,0],[0,-1],[0,0],[1,0],[0,0],[1,0],[0,0],[0,0],[0,0],[1,0],[0,1],[0,-1],[1,0],[0,0],[0,0],[0,1],[0,0],[-1,0],[-2,1],[-1,1],[0,0],[0,0],[-1,0],[0,0],[-1,0],[-1,0],[0,0],[0,0],[-1,0],[0,0],[0,1],[-1,0],[0,0],[-1,0],[0,0],[-1,1],[0,0],[-1,0],[0,1],[0,0],[0,0],[0,1],[0,0],[0,-1],[0,0],[0,0],[0,0],[1,1],[1,-1],[0,0],[0,0],[0,0],[0,0],[0,-1],[0,0],[0,0],[0,0],[1,0],[0,0],[1,-1],[0,0],[1,0],[0,0],[0,0],[0,0],[0,0],[0,-1],[1,0],[0,0],[0,1],[0,0],[0,0],[0,0],[1,0],[0,0],[0,0],[0,0],[0,0],[0,1],[0,0],[0,1],[0,-1],[0,0],[1,-1],[0,0],[1,-1],[1,0],[1,0],[1,0],[0,0],[1,0],[0,-1],[0,0],[0,0],[0,1],[0,0],[-1,0],[0,0],[0,0],[0,1],[0,0],[0,0],[1,0],[0,-1],[1,0],[0,0],[1,-1],[0,0],[1,-1],[1,0],[-1,0],[0,0],[0,-1],[0,0],[0,0],[0,0],[0,-1],[0,0],[0,0],[1,0],[0,0],[0,0],[0,2],[1,0],[0,1],[0,1],[0,1],[0,1],[0,0],[0,1],[0,1],[1,1],[0,0],[0,1],[1,0],[0,0],[1,0],[0,-1],[0,0],[0,-1],[0,0],[0,0],[0,-1],[0,0],[1,0],[0,0],[0,0],[0,0],[0,-1],[1,0],[0,0],[0,0],[-1,0],[0,0],[0,0],[0,0],[1,0],[0,-1],[0,0],[1,0],[0,0],[0,0],[0,1],[-1,0],[0,1],[0,1],[0,0],[1,1],[0,0],[-1,1],[-1,0],[0,0],[0,0],[0,0],[0,1],[1,0],[0,0],[1,0],[0,0],[1,0],[0,-1],[0,0],[0,0],[1,0],[0,-1],[0,0],[0,-1],[1,0],[0,1],[0,0],[1,0],[1,0],[0,0],[1,1],[0,0],[1,1],[0,0],[1,2],[1,0],[0,1],[2,1],[1,0],[0,1],[1,0],[0,1],[1,0],[1,1],[0,0],[0,0],[0,0],[2,0],[0,0],[0,1],[0,0],[1,0],[0,0],[-1,-1],[0,0],[1,0],[0,0],[0,0],[1,0],[0,0],[0,1],[1,0],[0,0],[1,1],[1,1],[0,1],[0,0],[0,1],[0,0],[0,0],[0,0],[0,0],[0,1],[0,0],[0,0],[-2,-1],[0,1],[-1,0],[0,0],[0,0],[0,1],[0,0],[-1,0],[0,1],[0,0],[1,0],[0,0],[1,0],[0,1],[1,0],[0,0],[0,0],[0,0],[1,1],[0,0],[2,0],[0,0],[0,0],[1,0],[1,0],[0,0],[0,0],[1,0],[1,0],[0,0],[0,0],[1,0],[0,0],[0,0],[0,0],[0,0],[1,0],[1,-1],[1,0],[0,0],[0,0],[0,0],[0,1],[0,0],[0,0],[1,0],[0,1],[0,0],[1,0],[0,0],[0,0],[0,1],[0,0],[1,1],[0,0],[0,0],[0,0],[0,-1],[0,0],[0,0],[0,0],[1,1],[0,1],[1,1],[0,0],[0,0],[0,1],[0,0],[-1,0],[0,0],[0,0],[0,0],[-1,0],[1,0],[0,1],[0,0],[0,0],[0,0],[1,1],[0,0],[0,1],[0,0],[1,1],[0,0],[0,1],[0,0],[0,-1],[0,-1],[-1,-1],[0,0],[0,0],[0,-1],[0,0],[1,-1],[0,1],[0,0],[0,0],[0,0],[0,0],[1,0],[0,0],[0,0],[-1,-1],[0,0],[1,0],[0,0],[-1,-1],[0,0],[0,-1],[0,0],[0,-1],[0,0],[0,-1],[-1,0],[0,0],[0,-1],[0,0],[0,0],[1,-1],[0,0],[0,-1],[0,0],[0,0],[1,0],[0,0],[0,0],[0,0],[1,0],[0,0],[0,0],[0,0],[0,0],[1,-1],[0,0],[0,0],[0,1],[0,-1],[0,0],[1,0],[0,-1],[0,0],[1,0],[0,0],[0,0],[0,-1],[0,0],[0,0],[0,0],[0,0],[-1,0],[0,0],[-1,1],[0,0],[0,0],[0,0],[-1,0],[0,0],[0,0],[0,1],[-1,0],[0,-1],[-1,0],[0,1],[0,0],[0,0],[0,0],[-1,0],[0,0],[0,0],[0,0],[-1,0],[0,-1],[0,0],[0,0],[1,-2],[0,0],[1,0],[1,0],[2,-1],[0,0],[1,0],[0,0],[1,0],[0,0],[1,0],[0,1],[0,0],[0,1],[0,1],[0,0],[1,1],[0,0],[0,0],[0,0],[0,0],[0,0],[0,0],[0,0],[1,0],[0,1],[0,0],[0,0],[0,0],[0,1],[1,0],[0,0],[1,0],[1,0],[0,0],[0,0],[1,1],[1,0],[0,1],[1,0],[0,0],[0,0],[1,0],[0,0],[1,0],[0,1],[1,-1],[0,0],[1,0],[0,0],[0,0],[1,0],[0,0],[0,0],[2,0],[0,0],[1,0],[0,0],[0,0],[1,0],[0,0],[0,0],[1,0],[0,0],[0,0],[0,-1],[0,0],[-1,0],[0,-1],[0,0],[0,0],[0,0],[1,0],[0,1],[1,1],[0,0],[0,0],[1,1],[1,0],[0,0],[0,-1],[0,0],[0,0],[0,0],[0,0],[0,-1],[0,0],[-1,0],[0,0],[-1,0],[0,0],[0,0],[-1,-1],[0,0],[0,0],[0,0],[0,0],[0,-1],[0,0],[-1,-1],[0,0],[1,0],[0,0],[0,0],[1,0],[0,0],[1,0],[-1,-1],[0,0],[0,0],[0,0],[1,0],[0,0],[0,0],[1,0],[0,0],[0,0],[0,1],[0,0],[1,1],[0,0],[1,0],[0,-1],[0,0],[0,1],[-1,1],[0,0],[1,0],[0,0],[0,0],[0,-1],[0,0],[1,0],[0,0],[0,0],[0,2],[0,1],[0,0],[-1,1],[0,1],[1,0],[0,1],[0,0],[0,0],[0,0],[1,0],[0,0],[0,0],[0,1],[0,0],[1,0],[0,0],[0,0],[0,0],[0,0],[0,1],[0,0],[0,0],[0,0],[0,0],[0,0],[-1,0],[0,0],[0,0],[0,0],[-1,0],[0,0],[0,0],[-1,0],[0,0],[0,0],[1,0],[1,2],[0,0],[0,1],[0,0],[0,-1],[0,0],[0,-1],[-1,0],[1,0],[0,-1],[1,1],[0,0],[0,-1],[0,0],[0,-1],[0,-1],[0,0],[0,-2],[0,0],[-1,-1],[0,0],[1,-2],[0,0],[0,0],[0,0],[0,0],[1,0],[0,0],[0,0],[1,-1],[0,-1],[1,0],[0,-1],[0,0],[1,-1],[0,0],[1,0],[-1,0],[0,0],[0,-1],[0,-1],[0,0],[0,0],[0,-1],[0,0],[-1,0],[0,0],[0,0],[0,0],[0,1],[0,0],[0,1],[0,0],[-1,0],[0,0],[0,-1],[0,0],[0,-1],[0,0],[1,-1],[0,0],[-1,0],[0,0],[0,-1],[0,0],[0,0],[0,0],[1,-1],[1,0],[0,0],[-1,1],[0,0],[0,0],[1,0],[0,-1],[0,0],[0,0],[0,0],[0,0],[0,0],[0,-1],[-1,1],[0,0],[0,0],[-1,0],[0,0],[0,0],[0,-1],[-1,0],[0,0],[0,0],[0,0],[0,0],[0,0],[-2,0],[0,-1],[0,0],[-1,0],[0,0],[0,0],[0,-1],[-1,0],[0,0],[0,-1],[-1,-1],[0,0],[0,0],[0,-1],[1,-1],[0,0],[0,-1],[0,0],[0,0],[1,0],[-1,0],[0,0],[1,-1],[0,0],[-1,1],[0,0],[0,-1],[-1,0],[0,-1],[0,-1],[0,0],[0,-1],[0,0],[0,0],[0,0],[0,-1],[0,0],[1,0],[0,-1],[0,0],[0,0],[0,0],[1,1],[0,0],[0,0],[0,0],[0,-1],[1,0],[-1,-1],[0,0],[0,0],[0,0],[-1,0],[0,0],[1,-1],[0,-1],[1,0],[0,-1],[1,0],[0,0],[0,0],[0,0],[0,1],[1,0],[0,0],[0,0],[1,0],[0,0],[0,1],[0,0],[0,0],[1,1],[0,0],[0,0],[1,1],[0,1],[0,0],[1,1],[0,0],[0,1],[0,0],[-1,1],[0,0],[1,0],[0,1],[1,0],[0,0],[0,0],[0,0],[0,1],[1,1],[0,0],[0,0],[0,0],[0,1],[0,0],[0,-1],[1,0],[0,0],[0,0],[0,1],[0,0],[0,0],[0,0],[0,1],[-1,0],[0,-1],[0,0],[-1,0],[0,0],[0,0],[0,1],[0,0],[0,0],[1,0],[0,0],[0,0],[0,1],[0,0],[-1,2],[-1,0],[0,0],[1,0],[0,0],[0,0],[1,0],[0,0],[0,0],[0,0],[1,1],[0,0],[1,-1],[0,0],[0,0],[1,0],[0,0],[-1,0],[0,1],[0,0],[0,0],[1,0],[1,0],[0,0],[0,0],[0,0],[1,0],[-1,0],[0,0],[0,0],[0,1],[0,0],[0,0],[0,0],[-1,0],[0,0],[0,0],[0,0],[0,0],[0,0],[0,0],[1,2],[1,1],[0,0],[0,0],[0,1],[0,0],[0,0],[0,1],[0,1],[0,0],[0,0],[1,1],[0,0],[0,0],[0,0],[0,0],[0,0],[0,0],[0,0],[0,-1],[1,0],[0,-1],[0,0],[0,0],[0,-1],[0,-1],[0,-1],[0,0],[0,-1],[0,-1],[1,0],[0,0],[0,0],[0,0],[1,1],[0,0],[1,1],[0,0],[1,1],[0,0],[1,1],[0,1],[0,0],[0,1],[0,0],[0,0],[0,0],[0,1],[0,0],[-1,0],[0,0],[0,-1],[0,0],[0,0],[0,1],[0,0],[0,2],[0,0],[1,1],[0,1],[2,2],[0,0],[0,0],[0,1],[0,0],[0,0],[1,0],[0,-1],[0,-1],[1,0],[0,0],[0,0],[0,0],[0,-1],[0,0],[0,-1],[0,0],[0,-1],[0,0],[1,-2],[0,0],[0,-2],[0,-1],[0,0],[0,0],[0,-1],[0,0],[0,0],[0,-1],[0,0],[0,0],[1,0],[0,0],[0,0],[1,0],[0,0],[-1,-1],[0,0],[0,0],[0,0],[1,0],[0,-1],[0,0],[0,0],[-1,0],[0,-1],[0,0],[-1,0],[0,0],[0,-1],[0,0],[0,0],[0,0],[0,-1],[0,0],[0,0],[0,0],[0,-1],[-1,0],[0,0],[0,-1],[0,0],[0,0],[0,0],[0,0],[0,0],[1,0],[0,0],[0,0],[1,-1],[0,0],[1,0],[0,0],[1,1],[1,0],[0,0],[1,0],[1,-1],[0,0],[1,1],[0,0],[0,0],[-1,1],[0,0],[0,0],[1,0],[1,1],[0,0],[0,0],[0,0],[0,0],[0,0],[1,0],[1,0],[0,0],[0,1],[0,0],[0,1],[-1,0],[0,0],[0,1],[1,0],[0,0],[0,0],[1,0],[0,0],[0,0],[0,1],[0,0],[0,1],[-1,0],[0,0],[0,1],[-1,0],[0,-1],[0,0],[-1,1],[0,0],[0,0],[0,0],[0,0],[1,0],[0,1],[0,0],[0,0],[0,0],[0,1],[0,0],[1,0],[0,0],[0,-1],[0,0],[0,1],[0,0],[0,1],[0,0],[0,0],[0,1],[1,0],[0,0],[1,1],[0,0],[1,1],[0,0],[0,1],[0,1],[0,0],[0,1],[-1,0],[0,0],[0,0],[0,1],[0,0],[-1,1],[0,0],[0,0],[0,1],[0,0],[-1,1],[0,0],[-1,1],[0,0],[0,0],[-1,0],[0,0],[0,0],[0,0],[0,-1],[-1,0],[0,-1],[-1,0],[0,0],[0,0],[0,0],[0,0],[0,0],[0,0],[0,0],[-1,-1],[0,0],[0,0],[-1,0],[0,0],[0,0],[-1,1],[1,0],[0,0],[0,0],[0,-1],[0,0],[0,0],[1,0],[0,1],[0,0],[1,1],[0,0],[0,0],[0,0],[1,1],[0,0],[1,1],[0,0],[0,1],[0,0],[-1,0],[-1,-1],[0,0],[0,1],[0,0],[0,0],[0,0],[-1,0],[-1,-1],[0,0],[0,0],[-1,-1],[0,0],[-1,0],[-1,1],[-1,0],[0,0],[0,0],[0,0],[0,0],[0,0],[0,1],[0,0],[0,0],[1,0],[1,1],[0,0],[0,0],[0,0],[0,1],[0,0],[-1,3],[-1,1],[0,0],[0,1],[-1,0],[0,0],[-1,0],[-1,0],[0,0],[-1,-1],[-1,0],[0,0],[0,-1],[0,0],[-1,0],[0,0],[-1,-1],[-1,0],[0,0],[0,0],[-1,0],[1,0],[0,0],[-1,0],[0,0],[-1,0],[0,0],[0,0],[-1,0],[0,0],[-1,0],[-1,0],[0,0],[1,1],[1,0],[-1,0],[0,0],[1,-1],[1,0],[1,1],[0,0],[1,0],[0,0],[1,1],[1,1],[0,0],[1,1],[2,0],[1,0],[1,0],[1,0],[0,0],[0,0],[0,1],[0,1],[0,0],[-1,3],[-1,1],[0,0],[0,1],[-1,1],[0,0],[-1,0],[0,0],[-1,0],[0,0],[0,0],[0,1],[0,0],[0,0],[-1,-1],[0,0],[0,1],[0,0],[0,-1],[0,0],[-1,0],[0,0],[0,0],[0,0],[-1,0],[1,0],[0,0],[0,1],[0,0],[0,0],[-1,0],[0,0],[1,1],[0,0],[0,0],[0,1],[-1,0],[0,0],[0,0],[0,0],[-1,0],[0,0],[0,1],[0,0],[-1,0],[0,0],[-1,-1],[-1,0],[-1,0],[0,0],[0,0],[0,0],[0,0],[0,0],[0,0],[0,0],[0,0],[-1,0],[0,0],[-2,-1],[-1,0],[-1,-1],[0,0],[0,1],[0,0],[0,0],[1,1],[0,0],[0,0],[0,0],[0,0],[0,-1],[0,0],[0,0],[0,0],[1,0],[2,1],[0,0],[1,0],[0,0],[0,1],[-1,0],[0,0],[0,0],[1,0],[0,-1],[1,0],[0,1],[1,0],[0,0],[1,1],[0,0],[1,0],[0,1],[0,1],[0,0],[0,0],[0,1],[0,0],[0,0],[-1,0],[0,1],[-1,0],[-1,0],[0,0],[-1,0],[0,0],[0,0],[0,0],[0,0],[0,1],[0,0],[0,0],[0,0],[0,0],[1,0],[0,1],[0,0],[0,0],[0,0],[-1,0],[0,0],[0,0],[0,0],[-1,0],[0,0],[0,0],[0,1],[0,0],[0,0],[0,0],[0,0],[0,1],[0,0],[1,0],[-1,0],[0,0],[0,0],[-1,0],[0,-1],[-1,0],[1,0],[0,1],[0,0],[0,0],[0,1],[0,0],[0,0],[0,0],[0,0],[0,0],[-1,1],[0,0],[0,0],[0,0],[0,0],[0,0],[-1,0],[1,1],[0,0],[0,0],[0,0],[0,0],[0,0],[0,1],[-1,0],[0,1],[0,0],[0,1],[0,0],[0,0],[-1,0],[0,0],[0,1],[0,0],[0,0],[0,1],[0,1],[-1,1],[0,1],[0,0],[0,0],[-1,1],[1,0],[0,0],[0,0],[0,1],[0,1],[0,1],[0,3],[0,2],[0,0],[0,1],[-1,0],[1,0],[0,0],[0,0],[0,1],[0,0],[1,0],[0,0],[0,0],[0,1],[1,0],[0,0],[0,2],[0,1],[0,-1],[0,-2],[0,0],[0,0],[1,-1],[1,1],[1,0],[0,-1],[0,1],[0,0],[1,1],[0,0],[0,2],[1,1],[0,1],[0,0],[1,2],[0,1],[1,0],[0,0],[-1,1],[0,1],[0,0],[0,0],[0,1],[-1,0],[0,0],[1,0],[0,0],[0,-1],[1,0],[0,0],[0,0],[0,0],[0,0],[0,0],[1,0],[3,-2],[1,0],[1,0],[1,1],[1,0],[1,0],[1,1],[1,0],[1,0],[0,0],[1,1],[1,0],[0,1],[1,0],[1,1],[1,1],[0,0],[1,1],[1,0],[2,0],[1,0],[1,1],[0,0],[1,0],[0,0],[1,1],[0,0],[1,0],[0,0],[0,1],[0,1],[0,0],[0,-1],[0,0],[0,-1],[1,0],[1,0],[0,0],[1,0],[0,0],[1,0],[0,0],[0,0],[0,0],[1,0],[1,0],[1,0],[1,-1],[0,1],[0,0],[0,0],[1,0],[0,0],[1,0],[0,0],[1,1],[0,0],[0,3],[0,0],[0,1],[0,0],[1,1],[0,0],[0,1],[0,0],[0,1],[0,1],[1,0],[0,1],[0,1],[0,0],[0,0],[0,1],[0,0],[0,1],[0,0],[1,0],[0,0],[1,1],[0,1],[1,0],[0,1],[0,0],[0,0],[0,1],[0,0],[0,0],[0,0],[1,-1],[0,1],[0,0],[1,0],[0,0],[1,1],[1,0],[0,1],[1,0],[0,1],[1,0],[0,1],[0,0],[-1,1],[0,1],[0,-1],[0,0],[1,-1],[0,0],[0,0],[1,0],[1,0],[0,0],[1,1],[1,1],[1,0],[-1,0],[0,0],[-1,-1],[0,0],[0,-1],[0,0],[0,0],[0,-1],[0,0],[0,0],[0,-1],[0,0],[0,0],[0,-1],[1,0],[0,1],[0,0],[0,0],[1,0],[0,0],[0,0],[0,0],[0,1],[1,0],[0,0],[0,-1],[0,0],[0,-1],[0,0],[0,0],[-1,-1],[0,0],[0,0],[0,0],[0,-1],[0,0],[0,-1],[0,0],[1,-1],[0,0],[0,0],[0,0],[-1,-1],[0,0],[0,-1],[0,0],[-1,0],[0,0],[0,-1],[0,0],[0,-1],[0,0],[-1,0],[0,-1],[0,0],[-1,-2],[0,0],[-1,-1],[0,0],[0,-1],[0,0],[0,0],[1,0],[0,0],[-1,0],[0,-1],[0,0],[0,0],[0,0],[0,0],[-1,-1],[0,0],[1,0],[-1,0],[0,0],[0,0],[0,0],[-1,-1],[0,0],[0,-1],[-1,0],[0,0],[0,0],[0,0],[0,-1],[0,0],[2,-2],[0,0],[2,-1],[0,0],[1,-1],[0,-1],[1,0],[0,0],[1,-2],[0,-1],[0,0],[0,-1],[1,-1],[0,-1],[0,0],[0,-1],[0,-1],[-1,-2],[0,-1],[0,-1],[-1,-1],[0,-1],[-1,-1],[0,0],[0,-1],[-2,-1],[-1,-1],[0,0],[-1,0],[-1,0],[0,-1],[-1,0],[-1,0],[0,-1],[0,0],[0,0],[0,-1],[0,0],[0,0],[0,-1],[0,-1],[0,0],[1,-1],[0,0],[0,-1],[0,0],[0,0],[0,0],[0,-1],[0,0],[0,-1],[0,0],[0,0],[1,1],[0,0],[0,0],[-1,-1],[0,0],[1,-1],[0,0],[0,0],[-1,0],[1,-1],[-1,0],[0,0],[0,0],[0,0],[0,-1],[0,0],[-1,-1],[0,0],[0,-1],[0,0],[0,0],[0,0],[-1,0],[0,-1],[0,0],[0,0],[0,-1],[0,0],[0,0],[0,1],[-1,0],[0,0],[0,0],[0,-1],[0,-1],[0,0],[0,-1],[0,0],[0,0],[0,-1],[0,-1],[0,0],[0,0],[0,-1],[-1,0],[0,0],[0,0],[-1,-1],[0,0],[0,-1],[-1,-1],[0,-1],[0,0],[0,0],[1,-1],[0,-1],[1,0],[1,0],[1,0],[0,0],[3,0],[1,1],[-1,0],[0,0],[1,-1],[0,0],[0,0],[1,0],[0,0],[1,0],[1,1],[0,0],[0,-1],[0,0],[0,0],[1,-1],[0,0],[0,-1],[1,0],[0,0],[0,0],[1,0],[0,0],[1,0],[0,1],[0,0],[1,0],[0,0],[0,0],[1,0],[0,0],[0,0],[0,0],[0,1],[0,1],[0,0],[0,-1],[0,0],[0,0],[1,0],[0,0],[1,0],[0,1],[0,0],[0,0],[0,0],[0,0],[0,1],[0,0],[0,-1],[1,0],[0,0],[0,0],[1,0],[0,0],[0,0],[0,0],[-1,1],[0,0],[0,0],[0,0],[1,0],[0,0],[0,1],[0,0],[1,0],[0,1],[0,0],[1,-1],[0,0],[1,0],[1,0],[0,0],[1,0],[0,0],[0,0],[0,0],[0,1],[1,0],[0,0],[0,0],[0,-1],[1,0],[0,0],[0,0],[0,-1],[0,0],[0,0],[0,0],[1,1],[0,0],[0,0],[0,1],[0,0],[-1,0],[0,1],[0,0],[0,1],[1,0],[0,0],[0,1],[0,0],[0,0],[0,0],[1,1],[0,0],[0,0],[-1,1],[0,0],[-2,1],[0,0],[0,0],[0,0],[1,0],[1,-1],[1,0],[0,1],[0,0],[1,0],[0,1],[0,0],[0,0],[0,1],[0,0],[0,1],[1,-1],[0,1],[0,0],[0,0],[0,1],[1,0],[0,0],[0,0],[0,0],[0,1],[0,0],[-1,1],[0,0],[0,0],[0,-1],[0,0],[0,0],[0,0],[0,0],[0,1],[0,0],[-1,0],[0,1],[0,0],[0,0],[1,0],[0,0],[1,-1],[0,-1],[0,0],[1,0],[0,0],[0,0],[1,-1],[0,0],[1,0],[0,0],[0,1],[0,0],[1,1],[0,0],[0,0],[0,0],[1,1],[0,1],[0,0],[0,1],[-1,0],[0,1],[-1,0],[0,0],[0,0],[1,0],[1,-1],[0,0],[0,0],[0,-1],[0,-1],[0,-1],[0,0],[0,0],[1,1],[0,0],[0,0],[0,1],[0,0],[0,-1],[0,0],[0,-1],[0,0],[0,0],[1,1],[0,1],[0,0],[0,0],[0,0],[0,0],[0,-1],[0,0],[0,0],[1,-1],[0,0],[0,-1],[1,0],[0,-1],[0,0],[0,-1],[0,0],[0,0],[1,-1],[0,0],[0,0],[0,0],[1,0],[0,1],[0,0],[0,1],[0,0],[0,-1],[0,0],[0,0],[0,-1],[0,0],[-1,0],[0,-1],[1,0],[0,0],[0,0],[0,0],[0,0],[0,-1],[0,0],[0,0],[0,0],[0,0],[0,0],[0,0],[0,0],[1,-1],[0,0],[-1,0],[0,0],[0,0],[0,0],[-1,0],[0,0],[1,0],[0,0],[0,-1],[0,0],[0,0],[0,0],[0,0],[0,-1],[0,0],[0,0],[0,0],[1,0],[0,0],[0,0],[-1,0],[0,0],[0,0],[0,-1],[-1,0],[0,0],[0,0],[0,-1],[0,0],[0,0],[0,0],[0,0],[1,0],[0,0],[0,0],[0,-1],[-1,0],[0,0],[0,-1],[0,0],[0,-1],[0,-1],[0,0],[0,0],[1,0],[0,0],[1,0],[0,1],[0,0],[-1,1],[0,0],[0,0],[1,-1],[0,0],[1,0],[0,0],[0,1],[1,1],[0,-1],[0,0],[0,0],[0,1],[1,0],[0,0],[1,1],[-1,0],[0,0],[0,1],[1,0],[0,0],[0,0],[0,0],[0,-1],[1,0],[0,1],[0,1],[0,0],[0,0],[-1,0],[0,0],[0,1],[1,-1],[0,0],[1,0],[0,-1],[0,0],[0,0],[0,1],[0,0],[0,0],[1,0],[0,0],[0,1],[0,0],[0,-1],[0,0],[1,1],[0,0],[0,1],[0,1],[-1,0],[0,1],[0,0],[0,0],[1,-1],[0,0],[0,0],[0,0],[0,0],[0,0],[1,-1],[0,0],[1,0],[0,0],[0,1],[0,1],[-1,1],[0,0],[0,1],[0,0],[1,-1],[0,-1],[1,0],[0,0],[1,0],[0,0],[0,0],[1,0],[0,1],[0,0],[0,0],[0,0],[1,1],[0,0],[0,0],[-1,1],[0,0],[0,0],[0,0],[0,0],[0,1],[0,0],[0,-1],[1,0],[0,0],[0,0],[1,0],[0,0],[0,0],[0,1],[0,0],[0,0],[0,0],[0,0],[1,0],[0,0],[1,1],[1,0],[0,1],[0,0],[0,0],[0,1],[-2,0],[-1,0],[0,0],[0,0],[0,0],[-1,0],[0,0],[1,1],[1,0],[0,0],[1,0],[0,0],[0,0],[0,0],[0,0],[0,1],[0,0],[1,0],[0,-1],[1,0],[0,1],[-1,0],[0,0],[1,0],[0,0],[0,0],[1,1],[0,0],[0,0],[0,0],[0,0],[1,0],[0,0],[0,1],[0,0],[1,0],[0,-1],[0,0],[0,0],[0,0],[1,0],[0,0],[0,1],[0,-1],[1,0],[0,0],[0,0],[0,1],[0,0],[1,0],[0,0],[0,1],[0,0],[0,1],[0,0],[0,1],[0,0],[0,0],[0,-1],[1,0],[1,-1],[0,0],[0,0],[0,0],[0,0],[1,0],[0,0],[0,0],[0,0],[0,2],[0,0],[0,1],[0,-1],[1,-1],[0,-1],[0,0],[0,-1],[0,0],[1,0],[0,1],[1,0],[0,1],[1,0],[1,-1],[0,0],[0,0],[1,-1],[0,0],[0,1],[1,0],[0,0],[1,0],[0,0],[0,0],[0,0],[0,0],[0,1],[0,0],[-1,1],[0,0],[0,1],[0,0],[-1,0],[0,1],[0,0],[0,1],[0,0],[-1,0],[0,0],[0,1],[0,0],[0,0],[0,0],[-1,1],[-1,1],[0,0],[0,0],[0,0],[-1,1],[0,0],[0,0],[0,0],[0,1],[0,0],[0,0],[-1,0],[1,0],[1,0],[0,0],[0,1],[-1,0],[0,0],[1,0],[0,1],[0,0],[0,0],[0,0],[0,-1],[0,0],[1,-1],[0,0],[0,-1],[1,0],[0,-1],[0,-1],[1,-1],[0,-1],[1,-1],[1,0],[0,-1],[0,0],[0,0],[-1,1],[0,0],[0,0],[0,0],[0,-1],[0,0],[2,-1],[1,0],[1,1],[0,0],[1,1],[0,0],[-1,0],[0,1],[0,0],[0,0],[0,0],[0,0],[1,1],[0,-1],[0,-1],[1,-1],[0,0],[1,0],[0,0],[0,0],[1,0],[0,0],[0,0],[1,0],[1,1],[0,0],[0,0],[0,0],[0,0],[1,0],[0,1],[0,1],[0,0],[1,1],[0,0],[0,0],[0,1],[0,0],[-1,1],[0,0],[0,0],[0,0],[1,0],[1,-1],[0,0],[0,1],[0,0],[0,0],[0,0],[-1,0],[0,0],[1,0],[0,0],[1,0],[0,1],[0,0],[0,2],[-1,1],[0,1],[-1,2],[0,0],[0,0],[-1,0],[-1,1],[-1,1],[0,0],[0,1],[0,0],[-1,0],[-1,0],[0,1],[0,0],[0,0],[0,1],[-1,2],[0,1],[0,0],[0,2],[-1,1],[0,0],[0,1],[-2,1],[0,0],[-1,0],[0,1],[-1,0],[0,0],[-2,2],[0,-1],[-1,0],[-1,1],[0,0],[-1,0],[-1,0],[0,0],[-1,1],[0,0],[0,0],[-2,1],[0,0],[-1,0],[0,0],[-1,1],[-1,0],[-1,1],[-2,0],[0,0],[-2,1],[0,0],[-1,1],[0,0],[-1,0],[0,0],[0,0],[0,1],[0,0],[-1,1],[0,0],[0,3],[0,1],[0,1],[-1,0],[0,0],[-2,1],[0,1],[0,0],[0,0],[-1,0],[0,1],[0,0],[0,1],[-1,1],[-1,2],[0,1],[0,1],[0,0],[-1,0],[0,0],[-1,0],[0,0],[-1,0],[-3,1],[0,0],[1,0],[1,0],[0,0],[2,0],[0,0],[1,0],[0,0],[0,1],[0,1],[0,0],[0,2],[-1,1],[0,2],[-1,1],[0,0],[-1,1],[-1,1],[0,1],[-1,0],[0,1],[-1,0],[0,0],[-1,2],[-1,1],[0,0],[0,1],[-1,0],[0,0],[0,1],[0,1],[-1,1],[-1,0],[0,1],[0,0],[-1,1],[0,0],[1,0],[0,0],[0,0],[-1,1],[-1,2],[0,0],[-1,0],[0,1],[-1,0],[-1,1],[-1,2],[0,0],[0,1],[0,0],[-1,1],[0,0],[0,0],[-1,2],[0,1],[0,0],[-1,1],[-1,1],[0,0],[-2,0],[-1,1],[-1,0],[-1,0],[-2,1],[0,0],[-1,0],[0,1],[0,1],[0,0],[1,1],[0,0],[0,0],[0,0],[0,1],[0,0],[0,0],[1,0],[0,0],[0,0],[-1,1],[0,0],[-1,1],[-1,1],[-2,1],[0,0],[-2,1],[-2,1],[-1,0],[0,1],[-1,1],[-1,1],[-1,1],[-1,1],[-1,0],[-1,0],[-1,-1],[0,-1],[-1,-1],[0,0],[1,-1],[0,0],[0,0],[1,-1],[0,0],[0,-1],[1,-1],[-1,-1],[0,-1],[1,-1],[0,-1],[0,-1],[-1,-1],[0,-1],[0,-1],[-1,-1],[0,-1],[-1,-1],[0,-1],[0,-1],[-1,-1],[0,-1],[-1,0],[-1,-1],[-1,0],[-1,0],[-1,-1],[1,-1],[0,0],[-1,0],[0,-1],[0,0],[-1,1],[0,0],[-1,0],[0,0],[0,-1],[0,0],[0,-1],[-1,0],[0,0],[0,0],[0,-1],[0,0],[0,0],[-1,1],[0,0],[0,0],[0,0],[0,0],[-1,0],[0,-1],[-1,0],[0,-1],[-1,-1],[-1,0],[-1,0],[-1,-1],[0,0],[-1,0],[-1,-1],[-1,0],[0,0],[-1,0],[-1,-1],[-1,0],[-2,-1],[-1,0],[-1,-1],[0,0],[-1,0],[0,0],[-1,0],[-1,1],[-1,0],[-1,1],[0,0],[-1,0],[0,0],[-1,0],[0,0],[-1,0],[0,0],[0,0],[-1,0],[-1,0],[-1,0],[0,0],[0,-1],[-1,0],[0,0],[-1,1],[0,0],[-1,0],[0,0],[-1,0],[-1,-1],[-1,0],[0,0],[0,0],[-1,0],[0,0],[0,0],[0,-1],[-1,0],[0,0],[-1,0],[0,0],[-1,0],[0,0],[-1,0],[0,0],[0,0],[-1,0],[0,0],[0,0],[-1,0],[-2,0],[-1,-1],[0,0],[0,0],[0,0],[0,0],[0,-1],[-1,-1],[0,-1],[0,0],[0,0],[0,0],[-1,0],[0,1],[0,1],[-1,0],[-1,0],[-2,0],[-2,0],[-2,0],[-1,0],[-2,0],[-2,0],[-1,0],[-2,0],[-2,0],[-1,0],[-2,0],[-2,0],[-1,0],[-2,0],[-2,0],[-2,0],[-1,0],[-2,0],[-2,0],[-1,0],[-2,0],[-2,0],[-1,0],[-2,0],[-2,0],[-1,-1],[-2,0],[-2,0],[-2,0],[-1,0],[-2,0],[-2,-1],[-1,0],[-2,0],[-2,0],[-1,0],[-2,-1],[-2,0],[-1,0],[-2,0],[-2,-1],[-1,0],[-2,0],[-2,0],[-1,-1],[-2,0],[-2,0],[-1,-1],[-2,0],[-2,0],[-1,-1],[-2,0],[-2,0],[-1,-1],[-2,0],[-2,0],[-1,-1],[-2,0],[-2,0],[-1,-1],[-2,0],[-1,-1],[-2,0],[-1,0],[0,-1],[0,0],[0,0],[0,0],[0,0],[-1,0],[0,1],[0,0],[0,-1],[0,0],[0,0],[1,0],[0,0],[-1,0],[0,0],[0,-1],[0,0],[0,0],[0,0],[1,0],[0,0],[1,0],[0,-1],[-1,1],[0,0],[0,-1],[-1,0],[0,0],[0,0],[0,0],[0,0],[1,-1],[0,0],[0,-1],[0,0],[-1,1],[0,0],[0,0],[0,0],[0,0],[0,0],[-1,1],[0,0],[-1,-1],[0,0],[0,-1],[0,0],[0,0],[0,-1],[0,0],[0,0],[0,0],[0,1],[0,0],[1,0],[0,0],[1,0],[-1,0],[0,0],[0,0],[0,-1],[0,0],[0,-1],[0,0],[0,0],[0,-1],[0,0],[0,0],[0,0],[0,0],[0,0],[0,0],[0,0],[0,1],[0,0],[-1,0],[0,0],[0,0],[0,1],[-1,0],[0,-1],[-1,0],[0,-1],[0,0],[0,-1],[-1,-1],[0,0],[0,-1],[0,0],[0,0],[1,-1],[0,0],[0,0],[0,-1],[1,0],[0,0],[-1,0],[0,0],[0,0],[0,1],[0,0],[-1,0],[0,1],[-1,-1],[0,0],[0,0],[0,-1],[0,0],[0,1],[-1,0],[0,0],[0,0],[0,0],[0,0],[0,0],[-1,0],[0,-1],[0,0],[-1,0],[-1,0],[0,0],[0,-1],[1,0],[0,0],[1,0],[1,1],[0,-1],[-1,0],[-1,0],[-1,0],[0,0],[0,0],[1,-1],[0,0],[0,0],[0,0],[0,0],[0,0],[0,-1],[0,0],[0,0],[-1,0],[-1,0],[0,0],[0,0],[-1,0],[0,-1],[0,0],[-1,-1],[0,0],[0,-1],[0,0],[1,-1],[1,-1],[0,0],[0,0],[1,1],[1,0],[1,0],[-2,-1],[-1,0],[0,0],[-1,0],[0,1],[0,0],[0,0],[-1,0],[0,0],[0,-1],[0,0],[0,0],[0,-1],[1,0],[0,-1],[0,0],[0,0],[0,-1],[1,0],[0,-1],[1,0],[0,0],[1,0],[0,1],[1,0],[0,0],[0,1],[0,0],[0,1],[0,0],[0,-1],[0,-1],[0,0],[0,0],[-1,-1],[0,0],[0,0],[0,-1],[0,0],[1,0],[1,-1],[0,0],[0,0],[0,0],[-1,0],[0,0],[0,0],[0,1],[0,0],[0,0],[-2,1],[0,0],[-1,0],[0,0],[-1,0],[0,1],[-1,1],[0,1],[0,-2],[-1,-1],[2,0],[0,-1],[0,0],[0,0],[0,0],[1,-1],[0,0],[-1,0],[0,1],[-1,0],[0,0],[0,0],[1,-1],[1,-1],[0,-1],[0,0],[0,0],[-1,0],[0,0],[0,-2],[0,-1],[-1,0],[-1,-1],[0,0],[0,-1],[1,0],[0,-1],[1,0],[0,1],[0,0],[-1,0],[1,0],[0,2],[0,0],[1,0],[0,0],[1,0],[0,0],[0,1],[0,0],[0,-1],[0,0],[-1,-1],[0,0],[-1,0],[0,0],[0,0],[0,-1],[0,0],[0,-1],[0,0],[0,0],[1,0],[0,0],[0,0],[0,0],[0,-1],[-1,1],[0,0],[0,0],[0,0],[-1,0],[0,0],[-1,0],[0,1],[0,0],[0,1],[0,0],[-1,0],[-1,0],[0,0],[0,-1],[0,-1],[-1,0],[0,-1],[0,0],[0,-1],[1,-1],[0,0],[1,0],[0,0],[1,0],[0,-1],[-1,0],[0,0],[-1,0],[0,-1],[0,-1],[0,0],[0,0],[0,-1],[1,0],[0,0],[0,0],[1,-1],[0,0],[1,-1],[0,0],[1,-1],[1,-1],[0,0],[0,0],[-1,0],[0,0],[0,0],[0,0],[0,0],[0,0],[0,1],[-1,0],[0,1],[-1,0],[0,0],[1,-1],[0,0],[0,0],[0,-1],[0,-1],[1,0],[0,-1],[0,0],[0,0],[0,-1],[0,0]],[[446,103],[0,1],[0,0],[0,0],[0,0],[0,1],[0,0],[0,0],[0,1],[0,0],[0,0],[0,0],[-1,0],[0,0],[-1,0],[0,0],[0,0],[-1,-1],[0,0],[0,0],[0,1],[0,0],[-1,0],[0,0],[-1,-1],[0,0],[-1,1],[0,0],[0,-1],[0,0],[0,0],[0,0],[0,-1],[1,0],[1,0],[0,-1],[1,0],[0,0],[1,-1],[0,0],[0,0],[1,0],[0,1],[0,0],[1,0]],[[444,108],[1,0],[0,0],[0,0],[0,1],[0,0],[-1,0],[-1,1],[0,0],[0,0],[0,0],[0,0],[1,0],[0,0],[0,1],[0,0],[0,0],[0,1],[0,0],[0,0],[0,1],[-1,0],[0,0],[-1,0],[0,0],[-1,1],[-1,-1],[0,0],[0,0],[-1,-1],[0,0],[0,0],[0,-1],[0,0],[0,0],[0,0],[0,0],[0,0],[0,-1],[0,0],[0,-1],[0,0],[0,0],[0,0],[0,0],[0,0],[1,-1],[1,0],[2,0],[0,0],[1,0],[0,0]],[[434,112],[0,1],[0,0],[0,0],[0,0],[-1,1],[0,0],[0,0],[0,1],[0,0],[0,1],[0,0],[0,0],[0,0],[-1,0],[0,0],[1,1],[0,0],[0,0],[0,1],[-1,0],[0,0],[0,0],[-2,0],[0,1],[0,0],[0,0],[0,1],[0,0],[0,0],[0,0],[-1,0],[0,0],[0,0],[0,0],[-1,-1],[0,0],[1,-1],[0,0],[0,-1],[0,0],[0,-1],[0,0],[0,0],[0,0],[0,0],[-1,0],[0,1],[0,0],[0,0],[0,1],[0,0],[-1,0],[0,0],[0,0],[0,0],[0,1],[0,0],[0,0],[0,1],[0,0],[-1,1],[0,0],[0,0],[0,0],[0,0],[0,-1],[0,0],[0,-1],[0,0],[-1,0],[0,0],[0,1],[0,0],[0,0],[0,1],[0,0],[0,0],[0,0],[0,1],[0,0],[0,0],[0,0],[-1,0],[0,1],[-1,-1],[0,1],[0,0],[0,-1],[0,0],[0,-1],[0,0],[0,-1],[0,0],[0,0],[0,0],[0,0],[-1,1],[0,0],[0,0],[-1,0],[0,-1],[0,0],[-1,0],[0,1],[-1,0],[0,0],[0,-1],[0,0],[0,0],[0,0],[0,0],[1,-1],[-1,0],[1,0],[0,0],[0,0],[0,0],[-1,0],[0,0],[0,0],[0,-1],[1,0],[0,-1],[0,0],[2,0],[0,0],[1,-1],[0,0],[1,0],[1,-1],[0,0],[0,-1],[0,0],[0,0],[1,-1],[1,-1],[1,0],[0,0],[1,-1],[1,0],[1,1],[0,0],[0,0],[1,0],[0,0],[0,0],[0,0],[0,0],[0,0],[0,-1],[0,0],[0,0],[0,0],[0,0],[1,0],[0,0],[0,0],[1,0],[0,1]],[[446,125],[0,0],[1,0],[0,0],[0,0],[0,0],[0,0],[0,0],[0,1],[0,0],[-1,1],[1,0],[0,0],[0,-1],[0,0],[1,0],[0,0],[0,0],[0,0],[0,0],[0,1],[1,1],[0,0],[0,-1],[0,0],[0,0],[0,0],[0,0],[0,-1],[0,0],[0,0],[0,-1],[0,0],[1,0],[0,0],[1,0],[0,1],[0,0],[0,0],[0,0],[0,1],[0,1],[0,0],[0,1],[0,1],[-1,2],[0,0],[0,0],[-1,1],[-1,0],[0,1],[0,0],[-1,-1],[-1,0],[0,0],[-1,0],[0,0],[0,0],[0,0],[-1,0],[1,0],[0,0],[0,-1],[-1,0],[0,1],[-1,0],[-2,1],[0,0],[0,0],[0,0],[-1,1],[0,0],[-1,0],[-1,1],[-2,0],[-1,0],[-1,0],[0,0],[0,-1],[-1,0],[0,-1],[0,0],[0,-1],[1,0],[0,0],[1,0],[1,-1],[1,0],[1,0],[0,0],[0,0],[1,0],[0,0],[1,-1],[0,0],[0,-1],[0,0],[0,0],[-1,1],[0,0],[0,0],[-1,0],[0,0],[0,0],[-1,-1],[0,0],[0,0],[0,0],[0,1],[-1,0],[0,0],[-1,0],[0,0],[0,0],[-1,0],[0,-1],[1,0],[0,0],[0,-1],[0,0],[0,0],[1,-1],[0,0],[-1,0],[0,0],[0,0],[0,0],[0,0],[-1,0],[0,0],[0,1],[0,0],[0,0],[0,0],[-1,0],[0,0],[0,0],[1,1],[0,0],[-1,1],[-1,0],[0,0],[0,0],[0,0],[0,0],[0,-1],[0,0],[-1,0],[0,0],[0,0],[0,0],[0,1],[0,0],[0,0],[-1,-1],[-1,-1],[0,0],[-1,0],[-1,0],[0,-1],[0,0],[0,0],[1,0],[0,-1],[0,0],[0,0],[0,0],[1,0],[0,0],[1,0],[1,0],[1,-1],[0,0],[1,0],[0,0],[0,0],[-2,0],[-1,0],[-1,0],[0,0],[0,-1],[0,0],[0,0],[1,-1],[1,0],[1,0],[0,0],[1,0],[0,0],[-1,0],[-1,0],[0,0],[-1,-1],[0,0],[0,0],[1,0],[0,-1],[0,0],[0,0],[0,-1],[1,0],[0,1],[2,0],[0,0],[0,0],[0,0],[-1,-1],[-1,0],[0,0],[0,0],[0,-1],[0,0],[1,0],[1,-1],[1,0],[0,1],[0,0],[1,0],[0,0],[0,0],[0,1],[0,0],[0,0],[0,1],[0,0],[1,0],[0,0],[1,0],[0,0],[1,2],[0,1],[0,0],[0,0],[0,0],[0,0],[0,1],[0,0],[1,0],[0,0],[0,0],[0,1],[0,0],[0,1],[0,0],[1,0],[0,0],[1,0],[2,1],[0,0],[1,-1],[0,0],[0,0],[0,-1],[0,0],[-2,-1],[0,-1],[1,0],[0,-1],[0,0],[0,0],[0,0],[0,-1],[-1,0],[0,-1],[0,0],[0,0],[0,0],[0,-1],[0,0],[0,0],[1,0],[0,-2],[1,0],[0,0],[0,-1],[1,0],[0,1],[0,0],[0,0],[0,0],[0,1],[0,0],[0,0],[0,0],[0,1],[0,0],[0,0],[0,1],[0,0],[1,0],[0,1],[-1,0],[0,1],[0,0],[0,0],[0,0],[0,1]],[[430,149],[0,0],[0,0],[1,0],[0,0],[1,0],[0,0],[0,0],[0,0],[0,0],[0,-1],[1,0],[0,-1],[0,0],[0,0],[1,0],[0,0],[1,0],[1,1],[1,1],[0,0],[0,1],[0,0],[-1,1],[0,0],[0,1],[0,0],[0,0],[0,0],[1,-1],[0,0],[0,0],[0,0],[0,0],[0,1],[0,0],[0,0],[0,0],[0,0],[1,-1],[0,0],[1,-1],[0,0],[1,0],[0,0],[0,-1],[-1,0],[0,-1],[0,0],[0,-1],[0,0],[1,1],[0,0],[1,1],[0,0],[0,0],[1,1],[0,0],[0,0],[0,0],[0,0],[0,1],[0,0],[1,0],[0,0],[0,0],[0,1],[0,1],[0,1],[0,2],[0,1],[0,0],[0,0],[1,1],[0,0],[0,0],[0,0],[0,0],[0,-1],[1,0],[0,0],[0,-1],[0,0],[0,0],[0,0],[0,-1],[0,-1],[0,-1],[0,0],[0,-1],[0,0],[-1,0],[0,-1],[0,0],[0,0],[0,0],[0,-4],[0,0],[0,0],[0,-1],[1,0],[0,0],[0,0],[0,0],[0,0],[0,-1],[0,1],[1,0],[1,1],[0,0],[0,-1],[0,0],[0,0],[1,1],[1,1],[0,0],[1,1],[0,0],[0,1],[0,0],[0,0],[0,1],[0,0],[0,0],[0,1],[0,0],[0,1],[1,3],[0,1],[0,0],[1,1],[0,1],[0,1],[0,0],[0,0],[0,0],[0,1],[0,0],[0,0],[-1,1],[0,0],[0,1],[1,1],[1,1],[0,0],[0,1],[1,0],[0,0],[1,1],[0,0],[0,0],[0,0],[0,0],[0,-1],[0,0],[0,0],[0,1],[1,0],[0,0],[1,1],[0,1],[1,-1],[0,0],[0,1],[0,0],[0,0],[0,1],[1,-1],[0,0],[0,1],[0,0],[1,0],[0,1],[0,1],[0,1],[0,0],[-1,0],[0,0],[0,0],[0,-1],[-1,0],[0,0],[0,0],[0,0],[0,0],[0,1],[0,0],[-1,-1],[0,0],[0,0],[-1,0],[0,0],[0,0],[0,0],[0,1],[0,0],[0,0],[0,0],[0,0],[-1,1],[0,0],[0,-1],[-1,0],[0,0],[0,0],[0,0],[-1,0],[1,0],[0,0],[0,1],[0,0],[0,0],[0,0],[0,0],[0,1],[0,1],[0,0],[0,0],[1,-1],[0,0],[1,-1],[0,0],[1,0],[0,0],[0,1],[0,0],[0,0],[0,0],[0,0],[0,1],[0,0],[0,0],[0,0],[0,0],[0,0],[0,0],[0,1],[0,0],[0,1],[-1,0],[0,0],[-1,0],[0,1],[0,0],[-1,0],[-1,0],[-1,-1],[0,0],[-1,0],[0,0],[-1,0],[-1,0],[0,-1],[0,0],[0,0],[0,0],[0,0],[0,-1],[-1,0],[-1,0],[0,0],[0,0],[-1,0],[0,-1],[0,0],[0,0],[0,0],[0,-1],[0,0],[0,0],[0,0],[-1,0],[0,0],[-1,2],[0,0],[0,1],[-1,0],[-1,0],[-1,0],[-1,0],[0,1],[-1,0],[-1,0],[-1,1],[-2,0],[-1,0],[0,0],[0,0],[-1,0],[0,0],[-2,0],[-1,0],[-1,0],[0,0],[0,0],[-1,-1],[0,0],[0,-1],[0,-1],[0,-1],[0,0],[0,-1],[0,0],[-1,-1],[0,0],[-1,0],[-2,-1],[-1,0],[0,0],[-1,0],[-1,-1],[0,0],[0,-1],[0,0],[0,0],[0,-2],[-1,0],[0,0],[0,-1],[1,-1],[0,0],[0,0],[0,0],[1,-1],[3,0],[2,0],[1,1],[1,0],[0,0],[1,0],[2,1],[0,0],[1,0],[0,-1],[1,1],[0,0],[0,-1],[0,0],[-1,-1],[-2,-1],[-1,-1],[0,0],[-1,0],[-1,0],[0,0],[0,0],[-1,0],[-1,0],[-2,0],[0,0],[0,0],[-1,-1],[-1,0],[-1,0],[-2,-2],[0,-1],[0,0],[1,0],[0,-1],[1,0],[1,0],[1,0],[1,-1],[1,0],[0,0],[0,0],[0,0],[0,0],[0,0],[0,0],[1,0],[0,0],[1,0],[0,0],[0,0],[-1,-1],[-2,0],[-2,0],[-1,0],[0,0],[-1,0],[0,0],[0,0],[1,-1],[0,0],[1,-1],[-1,0],[-1,0],[0,0],[-1,0],[0,-1],[0,0],[0,0],[0,-1],[0,0],[0,0],[2,-2],[0,0],[1,0],[0,0],[0,0],[-1,-1],[0,0],[0,0],[0,-1],[1,0],[0,-1],[2,-1],[1,0],[0,-1],[1,0],[3,-1],[2,-1],[0,1],[1,0],[0,0],[0,1],[0,0],[0,1],[0,0],[-1,1],[0,0],[0,0],[0,1],[0,0],[-1,1],[0,0]],[[421,136],[0,0],[1,-1],[0,0],[0,0],[1,0],[0,1],[0,0],[-1,1],[0,0],[0,0],[1,0],[0,-1],[1,-1],[0,0],[1,0],[0,0],[1,1],[0,0],[1,0],[0,1],[0,1],[1,2],[1,1],[0,0],[0,0],[0,1],[0,0],[0,0],[0,1],[0,0],[-1,0],[-1,0],[0,1],[-2,0],[-1,1],[-1,0],[-2,2],[-1,0],[0,0],[-1,2],[0,0],[-1,0],[-1,0],[0,0],[0,1],[-1,1],[0,1],[0,1],[-1,1],[0,0],[0,0],[-1,0],[0,0],[-1,0],[0,0],[0,0],[-1,0],[0,0],[-1,1],[-1,0],[0,1],[-1,0],[0,0],[0,0],[-1,-1],[0,0],[0,0],[0,-2],[0,-1],[0,0],[0,-1],[0,0],[-2,-2],[0,0],[0,-1],[0,0],[-1,0],[-1,0],[0,0],[1,-1],[0,0],[0,0],[0,0],[0,0],[0,-1],[0,0],[0,0],[0,0],[0,0],[1,0],[0,0],[0,-1],[0,0],[1,0],[0,-1],[0,0],[0,0],[1,0],[-1,0],[1,0],[0,-1],[0,0],[0,-1],[0,0],[0,0],[1,0],[0,0],[0,0],[0,-1],[0,0],[0,0],[0,0],[0,0],[0,0],[0,-1],[0,0],[1,0],[0,-2],[1,0],[1,-1],[0,-1],[0,0],[0,0],[0,-1],[0,0],[0,0],[0,-3],[0,0],[0,0],[0,0],[0,-1],[2,0],[2,1],[2,0],[1,0],[0,0],[0,0],[1,1],[0,1],[1,1],[1,0],[-1,0],[0,1],[0,0]],[[498,58],[1,0],[0,0],[1,0],[0,0],[0,0],[1,0],[1,-1],[0,1],[0,0],[0,0],[0,1],[-2,2],[0,0],[1,0],[0,0],[1,-1],[0,0],[0,0],[0,-1],[1,-1],[0,0],[0,0],[0,0],[1,0],[0,0],[-1,-1],[0,0],[1,0],[0,0],[0,0],[0,1],[1,0],[0,0],[0,-1],[0,0],[0,0],[1,0],[0,0],[0,1],[0,0],[0,0],[0,0],[0,1],[1,0],[0,0],[0,1],[0,0],[1,-1],[1,0],[0,0],[0,0],[1,1],[0,0],[0,1],[0,1],[0,1],[0,0],[0,1],[-1,2],[0,0],[0,1],[-1,0],[0,0],[-1,1],[1,0],[-1,1],[0,0],[-1,0],[0,1],[0,0],[0,0],[0,1],[-1,2],[0,0],[0,0],[0,0],[3,-3],[0,-1],[1,0],[0,1],[0,2],[-1,1],[0,1],[-1,2],[0,2],[0,1],[0,2],[-1,0],[0,0],[0,1],[0,-1],[-1,0],[-1,0],[0,0],[0,0],[2,1],[0,1],[-1,1],[-1,0],[0,0],[0,0],[0,0],[0,1],[0,0],[0,0],[0,0],[1,-1],[0,0],[1,0],[0,0],[0,1],[-1,1],[0,0],[1,0],[0,1],[0,0],[0,0],[-1,1],[0,0],[-1,0],[-2,0],[0,0],[-1,0],[0,0],[0,0],[0,0],[1,1],[0,-1],[1,0],[0,1],[0,0],[0,1],[0,0],[0,0],[0,0],[0,1],[0,0],[-1,0],[0,0],[0,0],[-1,1],[0,0],[-1,0],[0,0],[-1,0],[0,0],[-1,0],[0,0],[0,0],[1,1],[1,0],[0,0],[1,1],[0,0],[0,0],[1,-1],[0,0],[1,2],[0,0],[-1,0],[-1,0],[0,0],[-1,0],[0,0],[0,0],[0,0],[-1,0],[-1,1],[0,0],[-1,0],[0,0],[-1,0],[0,0],[1,0],[0,1],[0,0],[1,0],[0,0],[0,0],[1,-1],[1,0],[0,0],[0,0],[1,0],[0,1],[1,0],[0,0],[1,0],[1,0],[0,0],[0,1],[0,0],[-1,1],[0,0],[-1,1],[-1,0],[0,0],[0,0],[2,0],[0,1],[0,0],[0,1],[0,2],[0,0],[0,0],[-1,0],[0,1],[-1,0],[0,0],[-1,0],[0,1],[0,0],[0,1],[0,1],[0,1],[0,0],[0,1],[0,0],[0,0],[-1,1],[0,0],[-1,0],[-1,0],[-1,0],[0,0],[-1,-1],[-1,0],[0,0],[0,0],[1,1],[0,0],[0,0],[0,0],[0,1],[-1,0],[0,0],[0,0],[0,0],[0,1],[1,0],[0,0],[0,-1],[1,0],[0,0],[0,0],[1,1],[0,0],[1,-1],[1,0],[0,0],[0,1],[0,0],[0,0],[1,1],[0,0],[0,0],[1,0],[0,-1],[0,0],[0,0],[0,0],[1,1],[0,1],[0,1],[0,0],[-1,1],[0,1],[-1,0],[0,1],[-1,0],[0,1],[-1,0],[0,0],[0,0],[0,0],[0,0],[0,-1],[0,0],[0,0],[-1,-1],[0,0],[0,0],[-1,0],[0,0],[0,0],[0,0],[0,0],[-1,-1],[0,0],[0,0],[-1,0],[0,0],[0,0],[0,0],[0,0],[1,1],[0,0],[0,1],[-2,0],[-1,0],[0,0],[-1,-1],[0,2],[-1,1],[-1,0],[0,0],[-1,-1],[-1,0],[0,-1],[0,0],[0,0],[0,1],[0,1],[-1,0],[0,0],[-1,-2],[0,2],[-1,0],[0,0],[-1,-1],[0,-2],[0,1],[0,1],[0,1],[0,0],[-1,0],[-1,0],[0,-2],[0,-1],[1,-1],[1,-1],[0,0],[0,-1],[1,0],[0,0],[1,0],[0,0],[1,0],[0,-1],[-1,0],[0,0],[0,-1],[0,0],[-1,0],[0,0],[0,0],[0,-1],[-1,-1],[0,-1],[0,0],[0,-1],[1,0],[0,0],[0,0],[1,0],[1,0],[0,1],[1,1],[0,1],[0,0],[2,0],[0,0],[0,0],[1,0],[1,0],[0,-1],[0,0],[0,0],[0,-1],[1,-1],[0,-1],[0,0],[0,-1],[0,0],[0,0],[-1,2],[0,1],[-1,1],[0,0],[0,0],[-1,0],[0,0],[-1,0],[0,0],[0,-2],[-1,-1],[0,-1],[1,0],[0,-1],[0,0],[1,0],[-1,-1],[0,0],[0,0],[-1,-2],[0,2],[0,1],[0,0],[0,1],[-1,0],[0,-1],[0,-1],[-1,0],[0,1],[0,1],[-1,0],[0,0],[-1,0],[0,-1],[0,-1],[0,-1],[0,-1],[1,-1],[0,-1],[0,0],[1,0],[1,-1],[0,0],[1,0],[1,0],[1,0],[0,0],[0,0],[1,0],[0,0],[1,0],[0,0],[0,-1],[0,0],[0,-1],[0,0],[0,0],[0,0],[0,1],[0,0],[-1,0],[-1,0],[-1,0],[0,0],[-1,0],[0,0],[0,0],[0,-1],[0,0],[0,0],[0,0],[1,0],[0,0],[0,0],[0,0],[0,-1],[-1,0],[0,-1],[-1,0],[0,-1],[-1,-1],[0,0],[0,-1],[-1,0],[-1,0],[0,-1],[-1,-1],[0,-1],[0,-1],[0,-1],[2,0],[1,0],[1,0],[0,0],[1,1],[1,1],[0,0],[1,1],[1,1],[0,0],[0,0],[1,0],[0,1],[1,0],[0,0],[1,-1],[0,0],[-1,0],[0,0],[-1,0],[0,0],[0,-1],[-1,0],[0,-1],[-1,-1],[-1,-1],[-1,0],[0,-1],[0,0],[1,0],[2,-2],[1,-1],[0,-1],[0,0],[2,-1],[1,-1],[1,0],[0,-1],[0,0],[-1,0],[0,0],[-1,0],[-1,0],[0,0],[0,0],[0,-1],[0,0],[0,-1],[1,-1],[0,-1],[1,-1],[-2,2],[0,0],[0,2],[-1,0],[0,0],[0,0],[0,0],[0,1],[0,0],[0,1],[0,0],[0,1],[0,0],[-1,2],[-1,0],[0,0],[-1,1],[-1,0],[0,0],[0,-1],[0,-1],[1,0],[-1,0],[0,0],[-1,1],[0,0],[-1,1],[0,0],[0,1],[0,0],[-1,0],[0,0],[-1,0],[-1,0],[0,0],[0,0],[-1,-1],[0,0],[1,-1],[0,0],[0,-1],[1,-1],[1,-1],[1,-1],[0,0],[-1,1],[-2,1],[0,0],[0,0],[-1,3],[-1,0],[0,0],[-1,0],[0,0],[-1,0],[0,-1],[0,0],[0,0],[-1,0],[0,-1],[0,0],[1,-1],[2,0],[1,0],[0,0],[1,-1],[1,-2],[0,0],[-1,0],[0,0],[0,1],[-1,1],[-1,0],[-2,1],[-1,0],[0,0],[-1,0],[0,0],[0,-1],[1,0],[0,-1],[0,0],[-1,0],[0,0],[1,-1],[0,-1],[1,0],[0,0],[1,0],[0,0],[-1,-1],[0,0],[-1,1],[-2,1],[0,0],[0,0],[0,0],[1,-2],[0,0],[-1,0],[0,0],[0,0],[-1,0],[0,0],[0,1],[0,0],[-1,-1],[0,0],[0,-1],[1,0],[0,-1],[1,0],[0,0],[1,-1],[0,0],[0,0],[1,-1],[0,0],[1,-1],[0,0],[0,1],[1,0],[0,0],[0,0],[0,0],[0,-1],[1,0],[0,1],[1,0],[0,0],[0,0],[0,0],[1,0],[0,0],[-1,-1],[0,0],[-2,-1],[0,0],[1,-1],[0,0],[0,0],[0,-1],[1,0],[0,-1],[0,0],[1,1],[0,0],[1,0],[0,0],[1,1],[0,1],[0,0],[1,0],[0,0],[0,0],[-1,-1],[0,0],[0,0],[0,0],[0,0],[1,0],[1,1],[1,0],[1,0],[0,1],[1,0],[0,0],[0,0],[0,0],[-1,-1],[-2,-1],[-1,-1],[0,0],[-1,-1],[0,0],[0,0],[1,-1],[0,0],[0,0],[-1,0],[0,-1],[0,0],[1,0],[0,0],[0,0],[1,0],[0,0],[-1,-1],[0,0],[0,-1],[0,0],[1,0],[0,1],[2,0],[0,-1],[0,0],[-1,0],[0,0],[0,0],[-1,-1],[0,0],[0,0],[0,-1],[1,0],[1,0],[1,0],[0,0],[0,0],[1,1],[1,1],[0,0],[0,0],[1,1],[0,0],[0,0],[0,-1],[0,0],[-1,-1],[0,0],[0,-1],[-1,0],[-1,-1],[0,0],[2,-1],[1,0],[1,0],[0,0],[0,1],[1,0],[0,1],[1,0],[0,0],[-1,-1],[0,0],[0,-1],[0,0],[0,0],[0,-1],[1,-1],[0,0],[1,1],[0,1],[1,0],[0,0],[-1,-1],[0,0],[0,0],[0,-1],[0,0],[1,-1],[0,0],[0,0],[1,1],[0,0]],[[470,111],[0,0],[1,0],[0,0],[1,0],[1,0],[0,0],[1,0],[0,1],[0,0],[0,0],[-1,1],[0,1],[0,0],[0,0],[-1,0],[-3,0],[0,0],[0,-1],[-1,-1],[1,0],[0,0],[0,0],[0,-1],[1,0]],[[475,133],[0,0],[0,1],[0,0],[0,1],[0,0],[0,0],[0,0],[0,0],[0,1],[0,0],[-1,0],[0,0],[-1,0],[0,0],[-1,0],[0,0],[-1,-1],[0,0],[-1,0],[0,-1],[0,0],[-1,0],[0,0],[0,0],[0,0],[0,-1],[0,1],[0,-1],[0,0],[0,0],[0,0],[0,-1],[0,0],[0,0],[1,-1],[0,0],[0,-1],[0,0],[0,-1],[2,-1],[0,0],[0,0],[1,1],[0,0],[1,1],[0,0],[0,1],[1,0],[0,1],[0,0],[0,1],[0,0]],[[462,142],[2,1],[0,0],[1,0],[0,0],[1,0],[0,-1],[0,0],[1,0],[0,0],[1,0],[0,0],[0,0],[0,1],[0,0],[0,1],[0,0],[0,0],[0,0],[0,0],[-1,0],[0,1],[0,0],[0,0],[0,0],[0,0],[0,0],[0,0],[1,0],[0,0],[0,0],[0,1],[-1,0],[0,1],[-1,1],[-1,0],[0,1],[0,0],[0,0],[0,0],[1,0],[0,0],[0,0],[0,-1],[1,0],[0,0],[0,1],[1,0],[0,0],[0,0],[0,1],[0,0],[0,0],[0,0],[0,1],[0,0],[0,0],[0,0],[0,0],[1,0],[0,0],[0,0],[1,0],[0,0],[0,1],[0,0],[0,1],[0,0],[-1,0],[0,1],[0,0],[0,0],[0,0],[1,0],[0,0],[0,1],[0,0],[-1,1],[0,0],[0,0],[1,0],[0,1],[-1,1],[0,0],[0,0],[-1,0],[0,1],[-1,0],[-1,0],[0,-1],[0,0],[0,0],[0,0],[0,-1],[0,0],[0,0],[0,0],[-1,1],[1,0],[0,1],[0,1],[0,0],[0,0],[0,1],[-1,0],[0,0],[0,0],[-1,0],[0,0],[0,0],[0,0],[0,-1],[-1,-1],[0,0],[0,-1],[-1,-1],[-1,-1],[0,-1],[-1,0],[0,0],[0,0],[0,-1],[-1,0],[0,0],[0,0],[0,0],[0,0],[-1,0],[0,0],[0,-1],[0,0],[0,0],[0,-1],[-1,0],[-1,-1],[0,-1],[0,0],[0,0],[0,-1],[0,0],[1,0],[0,-1],[0,0],[1,0],[0,0],[0,1],[0,0],[0,0],[0,0],[1,1],[0,0],[0,1],[0,0],[1,0],[0,0],[1,-1],[0,0],[0,0],[0,-1],[0,0],[0,0],[1,1],[0,-1],[0,0],[0,0],[0,-1],[-1,0],[0,0],[0,0],[0,0],[0,0],[0,0],[0,-1],[0,0],[0,0],[0,0],[0,0],[1,0],[0,0],[0,0],[0,0],[-1,-1],[0,0],[0,0],[0,0],[-1,1],[0,0],[-1,-1],[0,-1],[0,0],[0,0],[0,0],[0,-1],[1,0],[0,0],[0,0],[0,1],[1,0],[0,0],[0,0],[0,-1],[0,0],[-1,0],[0,0],[0,0],[0,-1],[0,0],[0,0],[0,0],[1,-1],[1,1],[0,0],[0,-1],[0,0],[0,0],[0,0],[-1,0],[0,0],[1,0],[0,0]],[[504,199],[0,0],[0,0],[0,0],[1,-1],[0,0],[0,0],[1,0],[0,1],[0,0],[0,0],[1,0],[0,0],[1,1],[0,0],[1,0],[0,1],[1,0],[1,0],[0,0],[1,1],[0,0],[1,0],[0,0],[1,1],[0,2],[0,0],[0,0],[0,0],[0,1],[0,0],[0,0],[1,-1],[1,0],[0,0],[0,0],[1,0],[0,0],[0,0],[1,0],[0,1],[0,0],[0,0],[0,0],[1,0],[0,1],[-1,0],[0,1],[-1,1],[0,0],[0,0],[0,0],[-1,0],[-2,-1],[0,0],[-1,0],[0,0],[-1,-1],[0,0],[-1,0],[0,0],[0,-1],[0,0],[-1,0],[0,0],[0,0],[-1,0],[0,1],[0,0],[0,1],[0,0],[0,0],[-1,1],[0,1],[0,0],[0,0],[-1,0],[0,1],[0,1],[0,0],[0,0],[-1,1],[-1,0],[0,1],[0,0],[-1,-1],[-1,-3],[0,0],[0,0],[0,0],[-1,1],[-1,0],[-1,0],[0,0],[0,0],[-1,0],[0,0],[0,0],[0,0],[0,0],[0,-1],[1,-1],[0,0],[1,-1],[0,0],[0,-1],[0,0],[0,0],[0,-1],[0,-1],[0,0],[0,-1],[0,-2],[0,0],[-1,-3],[0,-1],[0,-1],[1,0],[0,-1],[0,0],[0,-1],[1,0],[0,0],[0,1],[0,0],[1,0],[0,1],[0,0],[0,0],[0,1],[0,0],[0,0],[0,0],[1,1]],[[466,122],[0,0],[0,1],[0,0],[0,0],[0,0],[1,1],[0,0],[0,1],[0,0],[-1,0],[0,1],[0,0],[1,1],[0,0],[-1,0],[0,1],[0,0],[1,0],[0,0],[0,1],[0,1],[0,0],[0,0],[0,0],[-1,0],[0,2],[0,0],[1,0],[0,1],[-1,0],[0,0],[0,-1],[0,0],[0,0],[0,0],[0,0],[0,1],[0,0],[0,0],[0,0],[-1,0],[0,0],[0,1],[-1,-1],[0,0],[0,0],[-1,0],[0,0],[0,0],[0,1],[-1,0],[-1,0],[0,-1],[0,0],[0,-1],[0,0],[1,0],[0,0],[-1,-1],[0,0],[0,0],[0,0],[0,-1],[0,0],[1,-1],[0,0],[0,0],[1,-1],[0,0],[1,0],[-2,0],[-2,1],[0,0],[-1,0],[-2,1],[0,0],[0,-1],[-1,0],[1,0],[0,-1],[1,-1],[0,0],[0,0],[0,0],[1,0],[0,0],[1,1],[0,0],[0,-1],[0,0],[0,0],[-1,0],[0,0],[0,0],[0,-1],[0,0],[0,0],[0,0],[-1,-1],[0,0],[0,0],[1,0],[0,-1],[0,0],[-1,0],[0,0],[0,-1],[0,0],[0,0],[0,-1],[1,0],[0,0],[0,0],[0,0],[1,1],[0,0],[0,1],[0,0],[0,0],[2,2],[0,0],[0,0],[0,0],[0,0],[1,0],[0,0],[-1,0],[0,-1],[0,0],[0,0],[0,0],[0,0],[1,0],[-1,-1],[0,0],[0,0],[-1,0],[0,0],[0,0],[1,-1],[0,0],[0,0],[0,0],[0,0],[-1,0],[-1,-1],[0,0],[0,0],[0,0],[1,-1],[0,0],[1,0],[0,0],[1,0],[0,1],[0,0],[1,0],[0,0],[0,-1],[0,0],[0,-1],[1,0],[0,1],[0,0],[1,0],[0,1],[0,0],[0,0]],[[456,98],[1,1],[0,0],[1,1],[0,0],[0,1],[0,0],[0,0],[-1,0],[1,1],[0,0],[0,0],[0,0],[0,0],[0,0],[0,0],[0,-1],[0,0],[1,-1],[0,0],[0,0],[1,1],[0,0],[0,0],[0,1],[0,0],[0,0],[0,1],[0,0],[0,0],[1,0],[1,0],[0,1],[1,1],[0,0],[0,0],[-1,0],[0,1],[0,0],[0,0],[0,1],[0,0],[0,0],[1,0],[0,2],[1,0],[0,0],[0,1],[0,0],[-1,1],[0,0],[0,0],[0,0],[-1,0],[-1,0],[0,-1],[0,0],[0,0],[0,0],[0,-1],[0,0],[-1,0],[0,-1],[0,0],[-1,-1],[-1,0],[0,0],[0,0],[-1,0],[0,0],[0,0],[0,0],[0,-1],[-1,1],[-1,0],[0,0],[-1,0],[0,-1],[0,0],[0,-1],[0,0],[0,0],[0,0],[0,0],[1,0],[1,0],[0,0],[0,-1],[0,0],[-1,0],[0,0],[1,0],[0,-1],[0,0],[0,0],[-1,0],[0,0],[0,0],[0,0],[1,-1],[0,0],[-1,-1],[0,0],[0,0],[0,0],[-1,1],[0,1],[0,0],[0,-1],[0,0],[0,0],[0,-1],[0,0],[0,0],[-1,0],[0,0],[0,-1],[0,0],[0,-1],[0,0],[0,-1],[0,0],[1,0],[2,0],[0,0],[0,0]],[[473,82],[1,1],[1,1],[0,1],[1,1],[0,0],[0,0],[0,0],[0,1],[0,0],[1,0],[0,0],[0,0],[0,0],[1,0],[0,0],[0,0],[0,0],[0,1],[0,0],[0,0],[0,0],[0,0],[0,1],[0,0],[0,1],[1,0],[0,0],[1,0],[0,0],[0,0],[0,0],[-1,-1],[0,0],[0,0],[0,-1],[0,0],[0,0],[0,0],[1,-1],[0,1],[0,0],[0,0],[0,1],[1,0],[0,1],[-1,0],[0,0],[0,0],[1,0],[0,1],[0,0],[1,0],[0,1],[0,1],[0,1],[0,0],[0,1],[0,0],[0,0],[0,-1],[1,0],[0,0],[0,0],[1,0],[0,1],[0,0],[0,0],[0,-1],[0,0],[0,0],[0,0],[1,1],[0,1],[1,0],[0,1],[0,0],[-1,0],[-1,2],[0,0],[0,1],[0,0],[-1,0],[0,0],[0,0],[0,1],[0,0],[0,1],[-1,0],[0,0],[0,0],[0,-1],[0,0],[0,0],[0,-1],[0,-1],[0,0],[0,0],[-1,1],[0,0],[0,0],[0,1],[0,1],[0,0],[0,1],[0,0],[1,0],[0,0],[0,0],[0,0],[0,1],[0,0],[0,0],[0,0],[-1,-1],[0,0],[0,0],[0,1],[0,0],[0,1],[0,1],[0,0],[0,1],[0,0],[0,0],[-1,0],[0,-2],[-1,0],[0,-1],[0,0],[0,0],[0,0],[0,0],[0,1],[1,1],[0,1],[0,0],[0,0],[0,0],[0,0],[-1,0],[0,-1],[0,0],[0,0],[-1,0],[0,0],[0,0],[0,0],[0,0],[0,1],[0,0],[0,0],[0,0],[0,0],[-1,0],[0,0],[-1,0],[-1,-1],[-1,0],[0,0],[0,-1],[0,0],[1,0],[1,-1],[-1,0],[-1,0],[0,0],[-1,0],[0,0],[0,0],[0,-1],[-1,0],[0,0],[1,0],[0,0],[0,0],[0,-1],[-1,0],[0,-1],[-1,0],[0,0],[0,0],[1,0],[1,-1],[0,-1],[0,0],[1,0],[0,-1],[1,0],[1,-1],[0,0],[-1,0],[-1,0],[0,0],[0,0],[-1,0],[0,0],[-1,1],[0,0],[0,0],[-1,0],[0,0],[0,0],[0,0],[1,0],[0,-1],[-1,0],[0,0],[0,1],[-1,0],[0,0],[0,0],[-1,0],[0,0],[0,-1],[0,-1],[0,0],[0,0],[1,-1],[1,0],[0,0],[-1,0],[0,0],[-1,0],[0,0],[0,0],[-1,0],[0,0],[-1,-1],[0,-1],[0,0],[0,-1],[0,-1],[1,1],[1,0],[1,0],[0,0],[0,0],[0,-1],[0,0],[0,0],[1,0],[0,-1],[-1,0],[-1,1],[0,0],[-1,-1],[0,0],[0,0],[0,0],[-1,0],[0,0],[0,0],[0,-1],[0,0],[1,0],[0,0],[0,0],[1,0],[-1,0],[0,-1],[0,-1],[0,-1],[0,0],[0,0],[0,0],[1,0],[0,1],[0,0],[1,0],[0,0],[1,0],[0,0],[-1,0],[0,0],[0,-1],[-1,-1],[-1,0],[0,0],[1,-2],[0,0],[1,0],[0,0],[1,-1],[0,0],[0,0],[0,0],[0,0],[0,0],[0,0],[0,-1],[0,0],[-1,0],[0,0],[0,0],[0,0],[0,-1],[0,0],[0,0],[0,0],[1,0],[0,0],[1,0],[1,1],[0,0],[0,0],[0,1]],[[472,118],[1,0],[0,0],[0,0],[1,0],[0,1],[0,0],[0,0],[0,0],[1,1],[0,0],[0,0],[-1,0],[0,1],[0,0],[0,0],[0,1],[0,0],[1,-2],[0,0],[1,0],[1,0],[1,0],[0,0],[0,0],[1,0],[0,1],[1,0],[0,0],[-1,0],[0,0],[-1,0],[0,0],[0,0],[0,0],[0,0],[0,0],[1,0],[3,1],[0,0],[0,1],[0,0],[0,0],[-2,1],[-1,-1],[-1,0],[0,0],[0,1],[1,0],[0,0],[1,0],[0,0],[1,0],[0,1],[0,0],[0,0],[1,1],[0,0],[0,0],[1,0],[0,0],[0,1],[0,0],[0,0],[-1,1],[0,0],[1,0],[0,0],[1,1],[0,0],[0,0],[0,-1],[0,0],[0,0],[0,-1],[0,0],[0,0],[0,0],[0,0],[1,1],[1,-1],[0,1],[0,0],[0,0],[0,-1],[1,0],[1,1],[0,0],[0,0],[1,0],[0,0],[0,0],[0,0],[0,-1],[1,0],[0,0],[1,-1],[0,0],[1,0],[0,-1],[1,0],[0,-1],[0,0],[1,1],[0,0],[1,-1],[1,0],[0,0],[1,0],[1,0],[0,0],[0,0],[0,0],[0,1],[1,0],[0,-1],[1,0],[0,1],[0,0],[0,0],[0,0],[0,1],[1,0],[0,-1],[0,0],[1,1],[0,1],[0,0],[0,0],[-1,1],[0,1],[0,0],[0,0],[0,0],[1,0],[0,0],[0,0],[1,0],[0,0],[0,0],[0,1],[-1,0],[-1,0],[0,0],[0,0],[0,0],[1,0],[0,1],[0,0],[0,0],[0,0],[0,1],[0,0],[0,0],[-2,1],[0,0],[-1,0],[0,1],[0,0],[-1,0],[0,0],[-1,0],[0,0],[0,0],[-1,-1],[0,0],[0,0],[0,-1],[0,0],[0,0],[0,0],[0,0],[-1,-1],[0,0],[0,0],[0,1],[0,0],[0,0],[0,0],[0,1],[0,0],[0,1],[0,0],[0,0],[-1,0],[0,1],[-1,0],[0,-1],[0,0],[-1,0],[0,0],[0,1],[0,0],[0,0],[0,0],[-1,-1],[0,0],[0,0],[0,1],[0,0],[0,0],[0,0],[-1,0],[0,0],[0,0],[-1,0],[0,0],[0,0],[0,1],[-1,0],[0,0],[-1,0],[-1,0],[0,0],[-1,0],[0,0],[0,-1],[0,0],[0,0],[0,-1],[0,0],[0,0],[0,-1],[0,0],[0,1],[0,0],[-1,1],[0,-1],[0,0],[0,0],[0,0],[0,0],[0,0],[0,0],[0,0],[0,0],[0,1],[0,0],[0,0],[0,0],[-1,1],[0,0],[0,0],[-1,0],[0,-1],[-1,1],[0,-1],[-1,0],[0,0],[0,-1],[0,0],[0,1],[0,0],[0,0],[0,0],[-1,0],[0,0],[0,0],[0,0],[-1,0],[0,-1],[0,-1],[0,-1],[0,0],[0,0],[0,0],[-1,-1],[0,0],[0,0],[0,0],[0,-1],[0,0],[0,0],[0,-1],[0,-1],[0,0],[0,0],[0,-1],[0,0],[0,-1],[0,0],[-1,-1],[0,-1],[-1,0],[0,-2],[0,0],[-1,0],[0,1],[0,0],[0,0],[0,0],[-1,0],[-1,0],[0,0],[-1,0],[0,0],[-1,0],[0,-1],[-1,0],[0,0],[0,0],[1,-1],[0,0],[0,0],[0,0],[-1,0],[-1,-1],[0,0],[0,0],[0,0],[0,0],[0,-1],[0,1],[0,0],[0,-1],[1,0],[-1,0],[0,0],[0,0],[0,-1],[0,0],[0,0],[0,0],[0,0],[1,0],[0,-1],[0,0],[1,0],[1,0],[1,1],[0,0]],[[468,105],[1,0],[0,0],[1,0],[0,1],[1,0],[0,0],[0,0],[-1,1],[0,0],[0,1],[0,0],[1,0],[0,0],[0,1],[-1,0],[0,1],[0,0],[0,0],[-1,0],[0,0],[-1,1],[0,0],[-1,0],[0,0],[0,0],[0,0],[0,-1],[0,0],[0,0],[-1,0],[0,-1],[0,0],[0,0],[1,0],[0,0],[0,-1],[0,0],[0,0],[0,0],[-1,0],[0,-1],[-1,0],[0,-1],[0,0],[0,0],[0,0],[0,0],[0,-1],[0,0],[0,0],[0,0],[0,-1],[0,-1],[0,0],[0,0],[0,0],[1,0],[0,0],[1,0],[0,0],[1,1],[0,0],[0,0],[0,1],[0,0],[0,0]],[[476,139],[1,1],[0,0],[1,0],[0,1],[0,0],[1,-1],[0,0],[2,0],[1,1],[0,0],[0,0],[0,0],[0,1],[0,1],[0,0],[-1,1],[0,0],[0,0],[0,1],[0,1],[0,0],[-1,0],[0,0],[0,0],[0,1],[0,1],[0,1],[0,0],[-1,1],[0,0],[0,0],[-2,0],[-1,0],[-1,0],[0,0],[0,0],[1,1],[0,0],[0,1],[0,0],[0,0],[0,0],[0,2],[-1,1],[0,0],[0,1],[-1,-1],[0,0],[-1,1],[0,0],[0,-2],[0,-1],[-1,-1],[0,-2],[0,0],[0,-1],[-1,0],[0,0],[0,-1],[0,-1],[0,-1],[0,-2],[0,0],[0,-1],[0,0],[0,0],[1,0],[0,0],[1,0],[0,0],[0,0],[0,0],[0,0],[0,0],[-1,-1],[0,0],[0,0],[0,-1],[0,0],[0,0],[0,0],[0,0],[1,-1],[0,0],[2,0],[0,0],[0,-1],[1,0],[0,0]],[[468,173],[0,0],[0,0],[1,0],[0,0],[0,0],[0,0],[0,1],[1,0],[0,0],[1,1],[0,1],[1,0],[0,1],[0,1],[1,0],[0,0],[0,0],[1,0],[0,0],[0,0],[0,1],[0,0],[-1,0],[0,0],[0,0],[0,0],[-1,1],[0,0],[-1,1],[0,0],[0,0],[-1,0],[-1,0],[-1,0],[0,-1],[-1,0],[-1,-1],[0,0],[0,0],[0,0],[0,0],[0,0],[0,0],[0,0],[0,0],[-1,0],[0,0],[0,0],[0,-1],[0,0],[0,0],[0,0],[0,0],[-1,0],[0,0],[0,0],[0,0],[0,0],[0,0],[-1,0],[0,0],[0,-1],[0,0],[0,0],[0,0],[1,-1],[1,0],[0,0],[1,-1],[0,0],[0,0],[0,0],[0,0],[-1,-1],[1,0],[0,0],[0,0],[0,0],[0,0],[0,-1],[0,0],[0,1],[0,0],[0,0],[1,0],[-1,0],[0,-1],[0,0],[0,0],[0,-1],[0,0],[0,0],[1,0],[0,-1],[0,0],[1,1],[0,0],[0,0],[0,0],[0,1],[0,0],[0,0],[0,0]],[[619,288],[0,0],[1,0],[0,0],[0,0],[0,0],[0,0],[0,0],[0,1],[0,0],[0,0],[0,0],[0,0],[1,0],[0,0],[0,0],[0,-1],[1,-1],[0,0],[-1,1],[0,-1],[0,0],[0,-1],[0,0],[0,-1],[0,0],[0,0],[1,0],[0,0],[0,0],[1,0],[0,0],[0,0],[1,0],[0,0],[-1,1],[1,0],[0,0],[0,1],[-1,0],[0,1],[0,0],[-1,1],[-1,1],[0,0],[0,0],[-1,0],[0,0],[0,0],[0,1],[-1,-1],[0,0],[0,0],[-1,-1],[0,-1],[0,0],[0,-1],[0,0],[0,-3],[0,0],[0,-1],[0,0],[0,-1],[0,0],[1,-1],[0,0],[0,0],[0,1],[1,0],[0,1],[0,0],[0,2],[1,0],[0,0],[0,1],[0,0],[-1,1],[0,0],[0,0],[-1,1]],[[598,303],[0,0],[0,0],[-1,0],[0,0],[0,0],[0,0],[0,0],[0,0],[-1,0],[0,0],[0,-1],[0,0],[0,0],[0,0],[0,0],[0,-1],[0,0],[0,0],[0,0],[0,0],[0,0],[-1,0],[0,0],[0,0],[0,0],[0,0],[-1,0],[0,0],[0,0],[0,0],[0,-1],[0,0],[0,0],[0,0],[0,0],[0,0],[0,0],[0,-1],[0,0],[-1,0],[0,-1],[0,-1],[-1,-1],[0,0],[0,-1],[-1,-1],[0,-1],[-1,0],[0,-1],[-1,0],[0,0],[-1,0],[0,0],[0,1],[-1,0],[0,1],[0,0],[-1,0],[0,0],[0,0],[0,-1],[0,0],[-1,0],[0,0],[0,0],[0,1],[-1,0],[0,2],[0,0],[0,1],[-1,1],[1,1],[0,1],[-1,1],[0,0],[0,1],[1,0],[0,1],[0,0],[0,0],[0,0],[0,1],[0,0],[0,1],[-1,0],[0,1],[0,0],[0,0],[0,0],[0,1],[0,0],[0,0],[0,0],[0,0],[0,1],[0,0],[0,0],[-1,-1],[0,0],[0,1],[0,0],[0,0],[-1,0],[0,1],[0,1],[-2,1],[-2,0],[-1,1],[-2,0],[-2,1],[-1,0],[-2,1],[-1,0],[0,0],[0,0],[1,-2],[1,0],[1,-1],[1,-1],[0,0],[0,-1],[0,0],[0,-1],[0,-1],[0,-1],[1,0],[1,-1],[0,-1],[1,-1],[0,0],[0,-1],[0,0],[1,-1],[1,0],[1,-1],[0,0],[1,-1],[0,0],[2,-2],[0,-1],[0,-1],[1,-1],[0,0],[0,-1],[1,-2],[0,-1],[0,0],[1,-2],[0,-1],[1,0],[0,-1],[1,0],[0,-1],[1,-1],[1,-1],[2,-2],[1,-1],[1,-1],[1,-1],[2,-1],[0,0],[2,0],[2,0],[1,0],[0,0],[1,1],[-1,0],[-1,0],[1,0],[1,0],[0,1],[0,1],[-1,1],[0,0],[0,1],[0,0],[-1,1],[0,0],[0,1],[-1,0],[0,0],[-2,0],[0,0],[-1,0],[0,1],[0,0],[-1,0],[0,0],[-1,1],[0,0],[1,-1],[0,0],[1,0],[2,0],[0,0],[1,1],[0,0],[1,0],[0,-1],[0,0],[1,-1],[0,1],[1,-1],[0,1],[0,0],[0,1],[0,1],[0,1],[-1,1],[1,0],[0,0],[1,0],[0,-1],[0,0],[1,1],[0,1],[0,0],[0,0],[1,0],[0,1],[1,1],[0,0],[0,0],[0,1],[2,-1],[0,0],[1,0],[0,0],[1,0],[-1,1],[1,0],[1,0],[0,0],[0,0],[1,0],[0,0],[0,0],[1,0],[0,0],[1,-1],[1,0],[0,0],[0,1],[0,-1],[1,0],[0,0],[0,0],[1,-1],[0,-1],[0,0],[1,0],[0,1],[0,0],[1,0],[0,-1],[1,0],[0,1],[1,0],[0,0],[0,1],[-1,0],[2,-1],[0,0],[0,1],[0,0],[0,0],[0,0],[-1,0],[0,1],[0,0],[0,0],[-1,1],[0,0],[0,0],[-1,1],[-1,1],[0,1],[-1,1],[-1,0],[0,0],[0,1],[-1,0],[0,0],[0,0],[-1,1],[0,0],[0,0],[0,0],[0,0],[0,1],[0,0],[-1,0],[0,0],[0,0],[-1,-1],[0,1],[0,0],[0,0],[0,0],[-1,0],[1,1],[0,0],[0,1],[0,0],[0,0],[0,1],[-1,0],[0,1],[0,1],[0,0],[-1,1],[0,0],[0,1],[-1,0],[1,1],[-1,0],[0,0],[0,0],[0,0],[0,0],[-1,0],[0,0],[-1,0],[0,-1],[-1,0],[0,1],[0,0],[0,0],[-1,-2],[0,0],[0,-2],[0,-1],[0,0],[-1,1],[0,0],[0,0],[1,-1],[0,0],[0,-1],[1,0],[0,0],[0,-1],[0,0],[0,1],[-1,0],[1,0],[0,0],[2,-4],[0,0],[1,-1],[0,-1],[0,0],[1,0],[0,1],[0,0],[0,0],[0,0],[0,0],[1,1],[-1,-1],[1,-1],[1,-1],[1,0],[0,-1],[-1,1],[-1,0],[-1,0],[-1,1],[-1,0],[0,0],[0,1],[-1,0],[0,0],[0,0],[0,-1],[1,-1],[0,-1],[0,0],[0,-1],[0,1],[0,0],[-1,0],[0,-1],[0,0],[0,1],[0,1],[0,1],[-1,0],[-1,1],[0,1],[-1,1],[-1,0],[0,0],[0,0],[0,-1],[0,1],[-1,0],[0,0],[1,1],[0,0],[-1,0],[0,1],[0,0],[-1,0],[0,0],[-1,1],[0,0],[0,-1],[0,0],[-1,1],[0,0]],[[624,248],[0,0],[0,1],[0,0],[-1,0],[0,1],[-1,0],[1,0],[0,1],[0,0],[0,0],[0,-1],[0,0],[1,0],[0,0],[0,1],[0,0],[0,0],[0,1],[0,0],[0,1],[0,0],[0,0],[0,1],[0,0],[0,2],[0,0],[0,0],[0,0],[0,1],[0,1],[0,0],[0,1],[0,0],[0,0],[0,0],[0,1],[0,0],[0,0],[0,0],[1,0],[0,1],[0,-1],[0,-1],[0,0],[0,-1],[0,0],[0,0],[0,-1],[0,0],[1,0],[0,0],[0,0],[0,1],[0,0],[0,-1],[1,0],[0,0],[0,0],[1,0],[0,-1],[0,0],[0,0],[0,1],[0,0],[-1,2],[0,0],[0,0],[0,0],[0,0],[1,0],[0,0],[0,0],[0,0],[0,1],[0,0],[0,-1],[1,0],[1,0],[0,0],[0,0],[0,0],[0,0],[1,0],[0,0],[0,0],[-1,-1],[0,0],[0,0],[1,0],[0,1],[0,0],[0,0],[0,1],[0,0],[0,1],[0,0],[1,-1],[0,0],[-1,0],[0,0],[0,-1],[1,0],[0,0],[0,0],[0,0],[0,0],[0,0],[0,-1],[0,0],[1,0],[0,-1],[0,0],[0,0],[0,0],[0,0],[0,0],[1,1],[0,0],[0,-1],[0,0],[0,0],[0,0],[1,-1],[0,0],[1,0],[1,0],[0,0],[0,1],[0,0],[0,0],[0,1],[0,0],[0,0],[0,0],[0,1],[-1,1],[1,0],[0,-1],[0,0],[0,0],[0,0],[0,1],[0,0],[0,0],[1,0],[0,0],[0,-1],[0,1],[0,0],[0,0],[0,1],[0,1],[0,0],[0,0],[0,-1],[0,0],[1,0],[0,0],[0,-1],[0,0],[1,-1],[0,0],[0,0],[0,0],[0,0],[1,-1],[0,0],[0,0],[0,1],[0,0],[0,0],[0,1],[0,0],[0,0],[0,0],[0,0],[-1,1],[0,0],[0,1],[0,0],[1,0],[0,0],[-1,1],[0,0],[0,0],[0,0],[0,0],[0,0],[0,0],[1,0],[0,0],[-1,1],[0,0],[1,1],[0,0],[0,0],[1,0],[0,0],[0,-1],[0,-2],[0,-1],[1,0],[0,0],[0,0],[0,0],[0,0],[0,1],[0,1],[0,0],[0,1],[1,0],[0,1],[0,0],[0,-1],[0,0],[0,-1],[0,0],[0,-1],[0,0],[1,0],[0,1],[0,0],[0,0],[1,1],[0,0],[0,2],[0,0],[0,0],[0,1],[1,1],[0,0],[0,1],[0,0],[-1,0],[0,0],[0,0],[0,0],[0,0],[-1,0],[0,1],[0,0],[0,0],[0,0],[-1,-1],[0,-1],[0,0],[0,-1],[-1,0],[0,0],[0,0],[0,1],[0,0],[0,1],[0,1],[0,0],[-1,0],[0,0],[0,0],[0,0],[0,-1],[0,0],[0,-2],[0,0],[0,-1],[-1,0],[0,0],[0,-1],[-1,0],[0,0],[-1,0],[0,0],[0,0],[0,2],[0,0],[0,1],[0,0],[0,0],[0,0],[0,-1],[0,0],[0,1],[0,0],[-1,0],[0,0],[0,1],[0,1],[0,1],[0,0],[0,1],[0,0],[0,0],[-1,0],[0,0],[0,1],[-1,0],[0,0],[0,0],[0,0],[-1,0],[0,0],[0,0],[1,-1],[0,0],[0,-1],[1,0],[0,0],[0,-1],[0,-1],[0,-1],[1,0],[0,-1],[0,0],[-1,0],[0,1],[0,0],[0,0],[-1,0],[-1,0],[0,0],[1,1],[0,0],[0,0],[0,0],[-1,1],[0,0],[-1,0],[0,0],[-1,0],[0,0],[0,0],[1,-1],[-1,-1],[0,0],[0,1],[0,0],[0,0],[-1,0],[0,0],[0,1],[0,0],[0,0],[0,1],[-1,0],[0,0],[-1,1],[-2,0],[-1,1],[0,0],[-1,0],[-1,1],[0,0],[0,0],[0,0],[-1,0],[0,0],[0,1],[-1,0],[-1,1],[0,0],[0,0],[-1,-1],[0,0],[0,0],[-1,-1],[1,0],[0,-2],[1,-1],[0,-1],[0,0],[1,-1],[0,0],[-1,1],[-1,0],[0,0],[-1,0],[0,1],[-1,0],[1,-1],[0,-1],[0,0],[0,0],[0,1],[0,0],[0,0],[1,0],[0,-1],[0,0],[0,-1],[0,-1],[0,-1],[0,0],[0,0],[1,0],[0,0],[0,0],[0,0],[0,0],[0,0],[0,0],[0,-1],[0,0],[0,0],[-1,0],[0,0],[0,0],[0,-1],[-1,0],[1,0],[0,-1],[0,0],[1,0],[0,0],[0,0],[-1,0],[0,-1],[0,0],[-1,-2],[0,-1],[0,-2],[0,0],[0,-1],[0,0],[0,0],[1,0],[-1,0],[0,0],[0,0],[0,-1],[0,0],[0,0],[0,-1],[0,0],[0,0],[0,0],[0,0],[0,-1],[0,0],[0,-1],[0,0],[0,-1],[0,0],[1,0],[0,-2],[1,0],[0,0],[0,0],[1,0],[0,-1],[0,0],[0,0],[0,0],[0,0],[1,0],[0,0]],[[493,161],[0,0],[1,0],[0,-1],[1,0],[0,0],[1,-1],[1,0],[0,1],[0,0],[0,0],[0,0],[0,0],[0,0],[0,0],[0,-2],[0,-1],[0,0],[0,-1],[0,0],[-1,0],[0,0],[0,0],[-1,0],[0,0],[0,-1],[0,0],[-1,-1],[0,0],[0,0],[0,-1],[0,0],[0,0],[0,-1],[1,0],[0,0],[1,0],[1,1],[0,0],[0,-1],[0,0],[-1,0],[0,-1],[0,0],[0,0],[0,0],[0,-1],[-1,0],[0,0],[0,0],[0,0],[-1,0],[0,0],[0,0],[0,-1],[0,0],[-1,0],[0,-1],[0,0],[0,-1],[0,0],[1,0],[0,-1],[0,0],[1,1],[1,0],[0,0],[-2,-1],[0,0],[-1,-1],[1,-2],[1,0],[0,-1],[1,0],[0,0],[0,0],[0,0],[0,0],[0,-1],[1,0],[1,-1],[0,0],[0,0],[0,0],[1,-1],[1,0],[1,0],[0,1],[0,0],[1,1],[0,1],[0,0],[1,1],[0,0],[1,0],[0,1],[0,0],[0,1],[0,0],[0,0],[1,1],[0,0],[0,0],[0,0],[-1,1],[0,1],[0,1],[0,1],[0,-2],[1,0],[0,0],[0,1],[-1,1],[0,0],[0,0],[1,1],[0,0],[0,0],[0,0],[0,0],[0,0],[0,0],[0,1],[0,0],[0,0],[0,0],[0,0],[0,0],[0,-1],[1,-1],[0,0],[0,-1],[1,1],[0,0],[-1,-1],[0,0],[0,-1],[0,0],[0,0],[0,0],[0,0],[1,0],[0,0],[0,1],[0,-1],[1,0],[0,0],[0,0],[1,1],[0,1],[0,0],[1,1],[0,0],[0,0],[0,0],[0,0],[0,-1],[-1,0],[0,0],[0,-2],[0,0],[0,0],[1,0],[0,0],[0,0],[1,0],[1,0],[0,0],[-1,0],[0,0],[-1,-1],[-1,0],[0,0],[0,0],[0,-1],[0,0],[0,0],[1,-1],[0,0],[1,-1],[0,0],[1,0],[1,0],[0,1],[1,0],[0,0],[0,0],[1,0],[0,-1],[1,1],[0,0],[1,0],[0,1],[0,0],[0,1],[0,1],[-1,0],[0,1],[0,1],[0,1],[0,0],[0,0],[0,-1],[0,0],[1,-1],[0,-1],[0,0],[1,-1],[0,0],[0,0],[1,0],[0,0],[0,0],[0,1],[0,0],[0,0],[0,1],[0,0],[0,1],[-1,0],[0,0],[0,0],[0,0],[1,0],[0,0],[0,1],[0,0],[0,1],[0,0],[0,1],[0,0],[0,1],[1,-1],[-1,-1],[0,-1],[0,-1],[1,0],[0,0],[0,-1],[1,0],[0,0],[0,0],[0,0],[0,1],[0,2],[0,-1],[0,0],[0,0],[0,-1],[1,0],[0,1],[0,0],[1,1],[0,0],[0,-1],[-1,0],[0,-1],[1,0],[0,-1],[0,0],[1,0],[0,0],[0,0],[1,0],[0,0],[1,0],[1,0],[0,1],[0,0],[0,0],[1,0],[0,1],[-1,0],[0,1],[0,0],[-1,0],[0,0],[0,0],[0,2],[0,0],[-1,0],[0,1],[1,-1],[0,0],[0,-1],[0,0],[1,-1],[1,1],[0,-1],[0,0],[1,-1],[0,0],[0,0],[0,1],[0,0],[1,1],[0,0],[0,0],[-1,1],[0,1],[0,0],[-1,1],[0,0],[0,0],[0,0],[0,1],[0,0],[0,0],[0,0],[0,-1],[1,0],[0,0],[0,0],[0,0],[0,0],[0,0],[1,2],[0,0],[0,0],[0,-3],[0,0],[0,-1],[0,0],[1,-1],[0,0],[0,-1],[1,0],[0,1],[0,0],[1,-1],[0,0],[0,0],[1,0],[0,1],[1,0],[0,0],[0,0],[1,0],[0,1],[0,0],[0,0],[-1,0],[0,0],[0,1],[0,0],[0,0],[-1,1],[0,0],[-1,1],[0,1],[0,0],[0,0],[1,0],[0,-1],[0,0],[0,-1],[1,0],[1,0],[0,0],[0,0],[0,0],[0,0],[0,1],[0,0],[0,1],[0,-1],[0,0],[0,0],[1,-1],[0,0],[0,0],[0,0],[0,0],[0,0],[0,0],[0,-1],[0,0],[0,-1],[0,0],[0,0],[1,1],[1,1],[0,0],[1,1],[0,0],[0,0],[0,1],[0,0],[0,0],[-1,0],[-1,0],[0,0],[0,0],[0,1],[0,0],[0,0],[-1,0],[0,1],[-1,0],[0,0],[0,1],[1,0],[0,-1],[1,0],[1,0],[0,0],[0,0],[1,0],[1,-1],[0,0],[0,0],[1,1],[0,0],[1,0],[0,0],[0,1],[0,0],[0,0],[-1,0],[-1,0],[0,0],[0,1],[-1,-1],[0,0],[-1,1],[0,0],[-1,0],[0,1],[0,0],[1,-1],[0,0],[1,0],[1,0],[0,1],[0,0],[0,1],[0,0],[0,0],[-1,0],[0,0],[-1,1],[0,0],[0,0],[-1,0],[-1,0],[0,0],[1,0],[1,0],[1,0],[0,0],[1,0],[0,0],[0,1],[0,0],[1,0],[0,0],[0,0],[0,0],[0,0],[1,0],[0,0],[1,0],[0,0],[0,-1],[1,0],[0,0],[0,1],[-1,0],[0,0],[1,1],[0,0],[0,0],[0,1],[0,0],[0,0],[1,-1],[0,0],[0,1],[0,0],[0,-1],[0,0],[0,-1],[0,0],[1,1],[0,1],[0,1],[0,0],[0,0],[0,0],[0,0],[0,0],[0,-1],[0,-1],[1,0],[0,0],[0,1],[0,0],[0,0],[0,-1],[1,0],[0,0],[0,0],[0,1],[0,1],[1,0],[0,0],[0,0],[-1,-1],[0,0],[0,-1],[1,-1],[0,0],[0,0],[0,0],[0,1],[0,0],[0,0],[0,1],[0,0],[1,0],[0,-1],[1,0],[0,1],[1,0],[0,0],[1,0],[0,1],[0,1],[-1,0],[0,0],[0,0],[-1,0],[1,0],[0,0],[1,1],[0,-1],[0,0],[1,0],[0,0],[0,-1],[0,0],[0,0],[1,0],[1,0],[0,1],[0,0],[0,1],[0,0],[0,0],[-1,2],[0,0],[1,-1],[0,-1],[1,0],[0,0],[0,0],[0,0],[1,0],[0,0],[1,-2],[0,0],[1,1],[1,0],[0,1],[1,0],[0,0],[0,1],[-1,0],[0,0],[-1,0],[0,0],[0,0],[0,0],[1,0],[1,1],[0,0],[-1,1],[0,0],[-1,0],[0,0],[0,0],[-1,0],[0,0],[1,0],[0,1],[0,0],[0,0],[1,0],[1,0],[0,1],[-1,0],[0,0],[0,0],[-1,0],[0,0],[1,1],[0,0],[0,0],[0,0],[0,0],[0,1],[0,0],[0,1],[0,0],[0,0],[-1,0],[0,0],[0,0],[-1,-1],[0,0],[0,1],[0,0],[0,1],[0,0],[0,0],[1,0],[0,0],[1,2],[0,1],[0,0],[0,1],[-1,0],[0,0],[0,-1],[-1,0],[0,0],[0,1],[0,0],[0,0],[-1,0],[0,-1],[0,-1],[0,0],[0,0],[0,1],[0,1],[-1,0],[0,0],[0,-1],[-1,0],[-1,0],[0,-1],[0,0],[-1,-1],[0,0],[0,0],[0,0],[0,0],[0,-1],[0,0],[0,-1],[1,0],[0,-1],[0,0],[0,-1],[0,0],[0,0],[-1,0],[0,0],[0,1],[0,1],[-1,0],[0,1],[0,0],[-1,0],[0,0],[0,-1],[0,0],[0,0],[0,0],[0,0],[0,0],[-1,0],[0,0],[-1,0],[0,0],[0,0],[-1,-1],[0,0],[-1,0],[0,-1],[0,0],[0,0],[0,1],[0,0],[0,0],[-1,0],[0,0],[0,0],[1,1],[0,0],[0,0],[0,1],[-1,0],[0,-1],[-1,0],[0,0],[0,0],[0,1],[1,0],[0,1],[1,0],[1,0],[0,1],[-1,0],[0,0],[0,0],[-1,0],[0,0],[-1,0],[-1,-1],[0,0],[-1,1],[0,0],[1,0],[0,0],[1,0],[0,0],[0,0],[0,1],[1,0],[0,0],[0,0],[0,0],[1,0],[0,2],[0,0],[0,0],[0,0],[0,-1],[0,0],[1,0],[0,0],[0,0],[0,0],[1,1],[0,0],[0,0],[0,0],[0,1],[0,0],[0,0],[0,0],[1,0],[0,0],[0,1],[0,0],[1,0],[0,0],[0,0],[0,0],[0,0],[0,0],[1,1],[0,0],[0,0],[0,-1],[0,0],[0,0],[1,0],[0,1],[0,0],[0,0],[0,0],[0,0],[1,0],[0,0],[0,-1],[0,0],[0,0],[1,0],[0,1],[0,0],[0,-1],[1,1],[0,0],[0,1],[0,0],[0,0],[1,-1],[0,1],[0,0],[0,1],[0,0],[-1,0],[0,0],[0,0],[1,0],[0,1],[1,0],[0,0],[0,0],[0,0],[0,0],[0,0],[1,0],[0,0],[0,0],[0,0],[0,0],[0,1],[0,0],[1,-1],[0,1],[0,0],[1,1],[0,0],[0,0],[0,0],[0,1],[1,1],[0,0],[0,1],[-1,0],[0,-1],[-1,-1],[0,0],[-1,0],[0,-1],[0,0],[0,0],[0,1],[1,1],[0,0],[0,1],[0,0],[0,0],[0,0],[1,1],[0,0],[1,0],[0,0],[0,1],[0,0],[0,0],[0,0],[0,0],[-1,0],[0,0],[1,1],[0,1],[0,0],[-1,0],[0,-1],[0,0],[-1,0],[-1,0],[0,0],[0,0],[0,0],[0,0],[0,0],[-1,0],[-1,-1],[0,0],[1,0],[0,1],[0,0],[0,0],[-1,0],[0,0],[-1,-1],[0,0],[0,0],[0,1],[0,0],[0,0],[0,0],[0,0],[0,-1],[0,0],[-1,0],[0,0],[0,0],[0,0],[-1,0],[0,0],[-1,-1],[-1,0],[0,-1],[-1,0],[1,1],[0,1],[1,0],[-1,0],[0,0],[-1,-1],[-1,0],[-1,0],[0,0],[0,0],[0,1],[1,0],[0,1],[1,0],[1,1],[0,0],[1,0],[0,0],[0,0],[1,0],[0,0],[0,0],[0,1],[1,0],[0,0],[0,0],[1,0],[1,1],[0,0],[1,0],[0,0],[0,0],[1,1],[0,0],[1,0],[0,0],[0,0],[0,1],[0,0],[0,0],[0,0],[1,1],[0,0],[0,0],[-1,1],[0,0],[0,0],[-1,0],[0,-1],[-2,1],[0,-1],[0,0],[-1,0],[-2,1],[-1,0],[0,0],[-1,0],[-1,0],[0,-1],[-1,0],[-1,-1],[0,0],[-1,0],[0,0],[0,0],[-1,1],[0,-1],[-1,0],[-1,0],[-1,0],[0,0],[0,0],[0,-1],[0,0],[0,1],[-1,0],[0,0],[-1,-1],[-1,-1],[0,0],[0,0],[0,0],[1,0],[0,0],[0,-1],[0,0],[0,0],[0,0],[0,0],[0,-1],[-1,0],[0,0],[0,0],[-1,1],[-1,0],[0,-1],[0,0],[0,0],[0,-1],[0,0],[0,0],[0,1],[0,0],[-1,0],[0,-1],[0,0],[-1,0],[0,0],[-1,-1],[-1,0],[0,-1],[0,0],[0,0],[0,-1],[0,0],[0,0],[-1,0],[0,0],[0,1],[-1,0],[0,0],[0,0],[0,1],[0,0],[0,0],[0,0],[0,-1],[0,0],[-1,0],[0,0],[0,0],[-1,-1],[0,0],[0,0],[0,0],[0,0],[-1,0],[0,0],[0,0],[0,0],[0,0],[0,0],[1,1],[0,0],[0,1],[0,0],[-1,0],[0,0],[-1,0],[0,0],[-1,0],[0,1],[0,0],[0,1],[-1,0],[0,0],[0,0],[-1,0],[0,1],[0,0],[0,0],[-1,0],[0,0],[-1,0],[0,0],[0,0],[-1,0],[0,0],[0,0],[-1,-1],[0,0],[-1,0],[0,-1],[0,0],[0,0],[0,-1],[0,-1],[0,0],[0,0],[0,-1],[1,0],[1,-1],[0,0],[-1,0],[0,-1],[0,0],[0,0],[0,0],[0,0],[1,0],[0,0],[1,-1],[1,1],[1,0],[1,0],[0,0],[1,1],[0,0],[0,1],[0,0],[0,0],[0,0],[0,0],[1,0],[-1,0],[0,0],[0,-1],[0,0],[0,0],[0,0],[0,-1],[-1,0],[0,0],[0,-1],[1,0],[0,0],[0,0],[1,-1],[0,0],[0,0],[1,0],[0,0],[0,0],[0,0],[1,-1],[0,0],[0,0],[0,0],[1,0],[0,0],[0,-1],[0,0],[-1,-1],[0,0],[-1,-1],[-1,0],[0,-1],[0,0],[0,0],[0,0],[1,-2],[0,-1],[0,-1],[1,0],[0,0],[0,-1],[0,0],[0,0],[0,-1],[0,0],[0,-1],[0,0],[1,-1],[0,0],[0,-1],[0,0],[0,0],[0,0],[-2,-2],[0,-1],[-1,-1],[-1,-1],[-1,-1],[0,0],[0,0],[0,0],[0,0],[-1,0],[0,0],[0,0],[0,0],[-1,-1],[1,0],[-1,0],[0,-1],[0,0],[0,0],[0,0],[0,0],[0,0],[-1,0],[1,1],[0,0],[0,0],[-1,0],[0,0],[0,0],[-1,-1],[0,0],[0,0],[0,0],[0,0],[0,0],[-1,0],[0,0],[1,-1],[-1,0],[0,0],[0,0],[0,0],[0,0],[0,-1],[0,0],[0,0],[0,0],[0,0],[0,1],[-1,0],[0,0],[0,0],[0,0],[-1,1],[0,0],[-1,1],[0,1],[-1,0],[0,0],[0,-1],[0,0],[0,0],[0,0],[0,-1],[0,0],[0,-1],[0,0],[1,0],[0,0],[1,0],[0,-1],[0,0],[0,0],[-1,-1],[0,0],[-1,0],[0,0],[0,0],[-1,0],[0,-1],[0,0],[0,0],[0,0],[0,-1],[0,0],[0,0],[0,0],[0,0],[0,0],[0,1],[-1,0],[0,0],[0,0],[0,0],[-1,0],[0,0],[1,-1],[0,0],[0,0],[-1,-1],[0,0],[0,0],[-1,1],[0,0],[0,-1],[0,0],[-1,-1],[0,-1],[0,0],[0,0],[-1,0],[0,0],[0,0],[-1,0],[0,0],[0,0],[-1,-1],[0,0],[0,0],[-1,-1],[0,0],[0,1],[0,0],[0,0],[0,1],[0,0],[0,0],[1,0],[0,0],[0,1],[0,0],[1,1],[0,0],[0,0],[0,0],[-1,1],[0,0],[-1,0],[0,0],[-1,0],[-1,0],[0,0],[-1,0],[0,0],[-1,0],[-1,0],[0,0],[0,0],[1,1],[0,0],[0,0],[1,0],[0,0],[0,1],[0,0],[0,0],[-2,-1],[0,1],[-1,0],[0,0],[-1,0],[-1,0],[0,0],[0,0],[-1,0],[-1,0],[-2,0],[0,0],[-1,0],[0,0],[0,0],[-1,0],[-1,0],[-1,0],[0,0],[0,0],[-1,-1],[0,0],[0,-1],[0,0],[0,0],[0,0],[0,0],[-1,0],[0,0],[0,0],[0,1],[0,0],[0,0],[-1,0],[0,0],[0,0],[-1,0],[0,1],[0,0],[0,0],[-1,-1],[0,0],[-1,-1],[0,0],[-1,0],[-1,-1],[0,-1],[0,-1],[0,0],[0,-1],[0,0],[1,0],[0,0],[1,0],[0,1],[1,0],[0,0],[1,0],[1,-1],[0,0],[-1,0],[0,0],[-1,-1],[0,0],[0,0],[-2,0],[-1,0],[-1,-1],[0,0],[-1,0],[0,-1],[0,0],[0,-1],[0,-1],[0,0],[-1,-1],[1,-1],[0,0],[0,-1],[0,0],[0,0],[0,0],[-1,0],[0,-1],[0,0],[0,-1],[1,0],[0,-1],[0,-1],[0,-1],[0,0],[0,-1],[0,0],[0,0],[0,-1],[1,-1],[0,0],[0,0],[0,-1],[0,0],[0,0],[1,-1],[0,-1],[1,0],[0,-1],[2,-1],[0,0],[1,0],[2,0],[0,0],[0,0],[1,1],[0,0],[-1,1],[0,0],[-1,1],[0,1],[0,0],[-1,3],[0,0],[0,0],[0,1],[0,1],[0,0],[1,1],[0,0],[0,1],[0,1],[0,0],[1,1],[0,0],[0,1],[1,1],[0,1],[1,1],[1,0],[0,1],[0,0],[0,0],[0,1],[-1,0],[0,1],[-1,0],[-1,1],[0,0]],[[609,272],[-2,1],[-1,0],[-1,0],[-1,1],[-3,-1],[0,0],[0,0],[-1,0],[0,0],[-3,-1],[0,0],[0,0],[1,0],[0,-1],[2,0],[1,0],[1,0],[1,0],[1,0],[3,0],[0,0],[1,0],[1,1],[0,0],[0,0],[0,0]],[[608,290],[0,0],[0,0],[0,-1],[1,0],[0,0],[0,0],[0,0],[1,0],[0,0],[1,0],[1,-1],[0,0],[1,0],[1,-1],[0,0],[0,0],[1,0],[-1,1],[0,1],[-1,0],[0,1],[0,0],[1,0],[0,0],[0,0],[0,1],[-1,0],[0,0],[-1,0],[0,0],[0,0],[0,0],[0,-1],[0,0],[-1,0],[0,0],[0,0],[0,0],[0,-1],[0,1],[0,0],[0,0],[-1,1],[1,-1],[0,1],[0,0],[-2,0],[0,0],[-1,0],[0,0],[0,0],[0,-1],[0,0],[0,0],[-1,1],[0,0],[-1,-1],[0,0],[0,0],[-1,0],[0,0],[0,-1],[0,0],[0,-1],[0,0],[1,-1],[0,1],[0,0],[0,1],[1,0],[0,0],[0,1],[0,0],[0,0],[1,0],[0,0]],[[515,213],[0,0],[0,0],[0,1],[0,0],[0,0],[0,1],[-1,1],[0,0],[0,1],[-1,1],[0,0],[0,0],[-1,0],[0,0],[-1,1],[0,0],[0,-1],[0,0],[-1,-1],[0,0],[0,0],[0,0],[0,-1],[1,-2],[0,0],[1,0],[0,0],[0,0],[1,-1],[1,0],[0,0],[1,0],[0,0],[0,0]],[[523,215],[0,0],[1,0],[0,1],[0,0],[0,0],[0,1],[0,0],[0,1],[0,0],[0,1],[0,1],[0,0],[0,0],[-1,0],[0,0],[0,-1],[-1,0],[0,0],[0,0],[0,0],[-1,-1],[0,-1],[0,0],[0,0],[0,-1],[1,-1],[0,0],[0,0],[1,0],[0,0],[0,0],[0,0]],[[523,174],[2,0],[0,0],[0,0],[0,0],[0,1],[0,0],[0,0],[0,1],[1,1],[0,1],[0,0],[0,1],[0,0],[0,1],[-1,1],[-1,0],[0,0],[-1,1],[-1,0],[0,0],[0,0],[0,-1],[-1,0],[0,-1],[-1,-1],[0,0],[0,-1],[0,-1],[1,-1],[0,-1],[0,0],[0,0],[1,-1],[0,0],[0,0],[1,0],[0,0],[0,0]],[[505,139],[0,0],[2,-1],[1,0],[2,1],[0,0],[0,0],[1,1],[0,0],[0,0],[1,0],[0,0],[0,1],[0,0],[1,0],[0,0],[0,1],[0,0],[0,0],[1,1],[-1,0],[0,0],[-1,0],[-2,0],[-1,1],[-1,0],[-1,1],[0,0],[0,0],[-1,0],[-1,0],[0,0],[0,-1],[0,-1],[-1,0],[0,-1],[0,0],[-1,0],[0,0],[0,0],[0,-1],[0,0],[0,0],[0,0],[0,0],[-1,-1],[0,0],[0,-1],[0,0],[0,0],[0,0],[0,-1],[1,0],[1,1],[0,0],[1,0]],[[533,275],[0,0],[-1,0],[-1,0],[-1,0],[-1,-1],[-1,0],[0,0],[0,-1],[0,0],[0,0],[2,-1],[1,0],[1,1],[0,1],[1,0],[0,1],[0,0]],[[535,253],[0,0],[-1,0],[0,0],[0,-1],[0,0],[0,0],[0,-1],[0,0],[1,0],[0,0],[0,1],[0,0],[0,0],[0,1],[0,0]],[[534,252],[0,1],[0,0],[0,2],[0,0],[-1,0],[1,-2],[0,0],[0,0],[-1,0],[0,0],[0,2],[0,0],[0,0],[0,0],[-1,0],[0,1],[0,-2],[0,0],[0,-1],[0,1],[0,1],[-1,0],[0,0],[0,0],[0,0],[0,-1],[1,-1],[0,-1],[0,0],[0,-1],[0,0],[0,0],[0,0],[0,0],[0,0],[0,1],[0,1],[0,0],[0,0],[0,0],[1,-1],[0,0],[0,-1],[-1,-1],[1,0],[0,1],[0,0],[0,0],[0,0],[0,0],[0,0],[1,0],[0,0],[0,1],[0,0],[0,0],[0,0],[0,0]],[[531,253],[0,0],[-1,0],[0,0],[0,0],[1,-1],[0,0],[0,0],[0,0],[0,0],[1,0],[0,-1],[0,1],[-1,0],[0,1]],[[480,115],[0,0],[-1,0],[-1,-1],[0,0],[0,0],[0,-1],[-1,-1],[1,0],[0,0],[0,0],[0,0],[0,0],[1,0],[0,0],[1,1],[0,0],[0,1],[0,0],[0,0],[0,0],[0,1]],[[454,116],[-1,1],[0,-1],[0,0],[-1,-1],[0,0],[0,-1],[0,-1],[0,0],[0,-1],[-1,-1],[0,0],[1,0],[0,0],[0,1],[1,0],[0,1],[0,0],[0,1],[0,0],[0,0],[1,1],[0,0],[0,1],[0,0],[0,0],[0,0]],[[464,93],[0,1],[0,0],[0,1],[0,0],[0,0],[-1,0],[0,-1],[0,0],[0,0],[0,0],[-1,0],[0,0],[0,-1],[0,0],[0,-1],[0,0],[0,0],[0,0],[0,-1],[0,0],[1,0],[0,0],[0,1],[1,0],[0,0],[0,1]],[[450,149],[0,0],[0,0],[0,-1],[-1,0],[0,-1],[0,-1],[0,0],[-1,-1],[0,0],[-1,0],[0,-1],[0,0],[1,-1],[0,0],[1,0],[1,0],[1,0],[0,0],[1,1],[0,0],[0,0],[0,0],[0,0],[0,1],[0,1],[0,0],[0,1],[-1,1],[0,0],[0,0],[0,1],[-1,0]],[[458,126],[0,0],[0,0],[0,0],[-1,1],[0,0],[0,0],[0,0],[-1,1],[0,0],[0,-1],[0,-1],[0,0],[-1,0],[-1,0],[1,-1],[-1,0],[0,0],[0,0],[0,-1],[0,0],[1,0],[1,-1],[1,0],[0,0],[0,1],[0,1],[0,0],[1,1]],[[454,121],[1,0],[0,0],[0,0],[0,0],[0,0],[1,1],[0,0],[0,0],[0,0],[0,1],[0,0],[-1,0],[-1,0],[0,0],[0,0],[0,-1],[-1,-1],[0,0],[0,0],[1,0],[0,-1],[0,0],[1,0],[0,1],[0,0],[-1,0]],[[426,125],[0,1],[-1,0],[0,-1],[0,0],[0,0],[0,0],[0,-1],[0,0],[1,0],[0,-1],[1,-1],[1,0],[0,0],[0,-1],[1,0],[0,1],[0,0],[-1,1],[0,0],[0,1],[-1,1],[-1,0]],[[438,110],[-1,0],[0,0],[0,-1],[-1,-1],[0,0],[0,0],[1,-1],[0,0],[0,0],[0,0],[0,0],[0,0],[0,1],[1,0],[0,0],[0,0],[0,1],[0,0],[0,0],[0,0],[0,0],[0,1],[0,0]],[[353,253],[0,0],[0,-1],[0,0],[1,0],[0,0],[0,0],[0,0],[0,0],[0,0],[0,0],[-1,1]],[[348,267],[0,0],[-1,0],[0,-1],[1,0],[0,0],[0,0],[0,0],[0,1]],[[355,256],[-1,1],[0,0],[0,0],[0,0],[0,0],[-1,-1],[0,0],[0,0],[0,0],[0,0],[0,0],[0,1],[0,0],[0,-1],[0,0],[0,0],[0,0],[0,0],[1,-1],[0,0],[0,0],[0,1],[1,0],[0,0]],[[354,261],[0,0],[0,0],[0,-1],[-1,0],[0,-1],[0,-1],[0,0],[0,0],[1,1],[0,0],[0,1],[1,1],[0,0],[-1,0]],[[355,251],[1,0],[0,0],[1,-1],[0,1],[-1,0],[-1,0],[0,0]],[[358,264],[0,2],[0,1],[-1,0],[0,1],[0,0],[0,0],[0,-1],[0,-1],[0,0],[0,-1],[0,0],[0,1],[0,-1],[-1,0],[0,-1],[0,0],[0,-1],[0,0],[0,0],[1,0],[0,0],[0,-1],[0,0],[1,0],[0,0],[0,1],[0,0],[0,1]],[[361,288],[-1,1],[0,-1],[0,0],[0,0],[0,0],[0,0],[1,0]],[[368,289],[0,0],[-1,0],[0,-1],[0,0],[0,0],[0,-1],[0,0],[0,0],[0,0],[0,1],[1,0],[0,1]],[[359,286],[0,0],[0,0],[-1,0],[0,-1],[0,0],[0,0],[0,0],[0,0],[0,-1],[1,0],[0,0],[0,1],[0,0],[0,1],[0,0],[0,0]],[[365,285],[0,0],[0,-1],[0,-1],[0,0],[0,0],[0,0],[1,0],[0,0],[0,1],[0,0],[0,0],[0,0],[-1,1]],[[356,266],[0,1],[0,-1],[0,0],[-1,-1],[0,-1],[1,0],[0,0],[0,0],[0,0],[0,1],[0,1],[0,0]],[[358,274],[0,0],[-1,0],[0,-1],[0,0],[0,-1],[0,0],[0,0],[1,0],[0,0],[0,0],[0,1],[0,0],[0,0],[0,1]],[[358,268],[0,0],[0,-1],[0,0],[0,0],[0,0],[0,-1],[1,-1],[0,1],[0,0],[-1,1],[0,0],[0,1],[0,0]],[[356,263],[0,0],[0,0],[-1,0],[0,-1],[0,0],[0,0],[0,0],[1,0],[0,0],[0,1],[0,0]],[[357,263],[-1,0],[0,-1],[0,0],[0,0],[0,0],[0,0],[1,-1],[0,0],[0,0],[0,1],[0,0],[0,1]],[[370,294],[-1,1],[0,0],[0,-1],[0,-1],[0,0],[1,1],[0,0],[0,0],[0,0],[0,0]],[[630,297],[-1,0],[0,0],[-1,0],[0,0],[1,0],[0,0],[1,-1],[0,1]],[[621,290],[0,1],[0,-1],[-1,0],[0,0],[1,0],[0,0],[0,0],[0,0]],[[613,282],[0,0],[0,0],[0,0],[0,1],[0,0],[0,0],[-1,-1],[1,-1],[0,-1],[0,0],[0,0],[1,0],[0,0],[-1,0],[0,1],[0,0],[0,1],[0,0],[0,0]],[[602,283],[0,1],[0,0],[-1,0],[0,0],[0,0],[0,0],[0,0],[1,0],[0,-1]],[[602,283],[-1,0],[0,0],[0,0],[0,0],[0,0],[1,0]],[[603,306],[0,0],[0,0],[0,0],[0,-1],[0,1]],[[600,305],[0,0],[0,-1],[0,0],[0,0],[0,1],[0,0]],[[572,310],[-1,0],[0,0],[-1,1],[0,0],[0,-1],[1,0],[0,-1],[1,0],[0,1],[0,0],[0,0]],[[571,309],[-1,1],[0,0],[1,-1],[0,0],[0,0]],[[579,299],[0,0],[0,0],[0,-1],[0,0],[1,0],[-1,0],[0,1]],[[626,252],[0,0],[0,0],[0,0],[-1,0],[0,0],[1,0],[0,0],[0,0],[0,0],[0,0]],[[633,256],[-1,1],[0,0],[0,0],[0,0],[0,0],[0,0],[0,0],[0,0],[0,0],[0,0],[0,0],[0,-1],[0,0],[1,0],[0,0]],[[623,246],[0,0],[0,0],[0,0],[0,-1],[0,0],[0,0],[0,1]],[[634,255],[0,0],[0,0],[0,1],[0,0],[-1,0],[0,0],[0,-1],[0,0],[0,0],[0,0],[1,0]],[[640,267],[0,0],[0,0],[0,0],[0,0],[0,-1],[0,0],[0,0],[0,0],[0,0],[0,0],[0,1]],[[565,200],[0,0],[1,0],[0,0],[0,0],[0,0],[0,1],[0,0],[-1,0],[0,0],[0,0],[0,-1],[0,0],[0,0],[0,0],[0,0],[0,0]],[[561,218],[-1,0],[0,0],[0,-1],[0,0],[0,-1],[0,0],[0,-1],[1,0],[0,1],[0,0],[0,0],[0,0],[0,1],[0,0],[0,1]],[[549,206],[0,0],[0,0],[-1,0],[0,0],[0,0],[-1,0],[0,-1],[-1,0],[0,0],[0,0],[1,0],[0,0],[1,0],[1,0],[0,0],[0,0],[0,1],[0,0],[0,0]],[[568,207],[0,0],[0,0],[-1,0],[0,0],[0,0],[-1,0],[-1,-1],[0,0],[1,0],[0,-1],[1,0],[0,0],[0,0],[1,0],[0,1],[0,0],[0,0],[0,1],[0,0]],[[566,204],[0,0],[0,0],[0,0],[0,0],[0,0],[0,0],[1,1],[0,0],[0,0],[-1,0],[0,0],[-1,0],[0,-1],[0,0],[0,0],[0,0],[1,0],[0,0]],[[560,226],[0,0],[0,0],[0,1],[0,0],[0,-1],[0,0],[0,0],[0,-1],[0,0],[0,1],[0,0],[0,0],[0,0]],[[571,212],[1,1],[-1,0],[-1,0],[0,0],[0,-1],[0,0],[0,0],[0,0],[1,0],[0,0],[0,0]],[[593,233],[0,0],[0,0],[-1,0],[0,0],[0,0],[0,-1],[0,0],[1,0],[0,0],[0,0],[0,1]],[[587,225],[0,0],[0,1],[0,0],[-1,0],[0,-1],[0,0],[0,0],[0,0],[0,0],[0,0],[1,0]],[[539,159],[0,0],[-1,0],[0,0],[0,0],[1,0],[0,-1],[0,0],[0,1],[0,0],[0,0]],[[558,170],[0,0],[0,0],[0,0],[0,0],[0,-1],[0,0],[0,0],[0,0],[0,0],[0,0],[0,1]],[[502,122],[0,0],[0,0],[-1,0],[0,1],[0,-1],[0,0],[0,0],[0,-1],[0,-1],[0,0],[1,0],[0,0],[0,1],[0,0],[0,1]],[[530,250],[0,0],[0,0],[0,0],[0,-1],[0,0],[0,0],[0,1],[0,0]],[[530,245],[0,0],[0,0],[0,1],[-1,0],[0,-1],[0,0],[0,0],[0,0],[0,0],[0,0],[1,0],[0,0],[0,0]],[[532,250],[-1,0],[0,0],[0,0],[0,0],[0,0],[0,-1],[0,0],[0,1],[1,0],[0,0],[0,0],[0,0],[0,0]],[[535,271],[0,0],[0,0],[0,0],[-1,0],[0,0],[0,0],[1,0],[0,0]],[[539,278],[0,0],[-1,0],[0,0],[0,0],[1,-1],[0,0],[0,1],[0,0],[0,0],[0,0],[0,0]],[[370,294],[0,0],[0,-1],[-1,0],[0,-1],[1,1],[0,1],[0,0]],[[366,285],[0,0],[0,0],[0,-1],[0,0],[0,0],[0,1],[0,0],[0,0],[0,0],[0,0]],[[530,176],[-2,0],[0,0],[-1,0],[0,0],[0,0],[-1,-1],[0,0],[0,0],[0,0],[1,-1],[1,0],[0,0],[1,0],[0,0],[0,0],[1,0],[0,1],[0,0],[0,0],[0,1]],[[526,207],[0,0],[1,0],[0,0],[0,1],[0,0],[1,0],[-1,0],[0,1],[0,0],[0,0],[-1,0],[-1,-1],[0,0],[-1,0],[0,-1],[1,0],[0,0],[1,0],[0,0]],[[473,127],[-1,0],[0,0],[0,0],[0,0],[0,0],[0,-1],[0,0],[0,0],[0,0],[0,0],[0,0],[0,-1],[0,0],[1,1],[0,0],[0,0],[0,1],[0,0],[0,0],[0,0],[0,0]],[[525,233],[0,0],[0,0],[0,-1],[0,0],[0,0],[0,0],[0,0],[0,0],[0,1]],[[525,232],[0,0],[0,-1],[0,0],[0,0],[1,0],[0,0],[0,0],[-1,1]],[[469,149],[0,0],[-1,0],[0,-1],[0,0],[0,0],[0,-1],[1,0],[0,0],[0,1],[0,0],[0,0],[0,0],[0,0],[0,1],[0,0],[0,0],[0,0]],[[467,137],[0,1],[0,-1],[0,0],[0,0],[0,-1],[0,1],[0,0],[0,0],[0,0]],[[466,142],[-1,0],[0,0],[0,1],[-1,0],[0,0],[-1,-1],[0,0],[0,0],[0,0],[0,0],[1,0],[0,-1],[0,0],[0,0],[0,0],[1,0],[1,-1],[1,0],[0,0],[0,0],[0,1],[0,0],[0,0],[-1,0],[0,1],[0,0]],[[486,173],[0,1],[0,0],[0,0],[0,0],[0,0],[0,0],[-1,0],[0,0],[1,-1],[0,0],[0,0],[0,0],[0,0]],[[486,175],[-1,0],[0,0],[0,-1],[0,0],[0,0],[0,0],[0,0],[0,0],[0,0],[0,0],[0,0],[1,1],[0,0]],[[539,209],[0,0],[-1,0],[-1,0],[0,0],[0,0],[0,0],[0,0],[0,0],[1,0],[1,0],[0,0],[0,0]],[[525,173],[0,0],[0,0],[-1,-1],[0,0],[0,0],[0,0],[0,-1],[0,0],[0,0],[0,0],[0,0],[1,1],[0,0],[0,0],[0,0],[0,0],[0,0],[0,1],[0,0],[0,0]],[[529,224],[-1,1],[0,0],[0,-1],[1,0],[0,0],[0,0],[0,0],[0,0]],[[515,177],[0,0],[0,0],[0,-1],[0,0],[0,0],[0,0],[1,0],[-1,1]],[[530,206],[-1,0],[0,0],[-1,0],[-1,0],[1,-1],[1,0],[1,1],[0,0]],[[512,166],[0,0],[0,1],[0,0],[0,0],[-1,1],[-1,0],[1,0],[0,0],[0,0],[0,0],[-1,0],[0,0],[0,0],[0,0],[0,0],[0,0],[0,0],[-1,0],[0,0],[0,0],[0,-1],[0,0],[0,0],[0,0],[0,0],[0,0],[0,0],[1,0],[0,-1],[0,1],[0,0],[0,0],[0,0],[1,0],[0,-1],[0,0],[1,0]],[[515,166],[0,0],[0,0],[0,1],[0,0],[-1,0],[0,1],[0,0],[0,0],[0,0],[0,0],[0,-1],[0,-1],[0,0],[1,0],[0,0],[0,0],[0,0],[0,0],[0,0]],[[526,203],[0,1],[-1,0],[0,0],[0,-1],[0,0],[1,0],[0,0],[0,0],[0,0],[0,0]],[[508,192],[0,0],[0,0],[0,0],[0,0],[0,0],[0,0],[-1,0],[0,0],[0,0],[0,-1],[1,1]],[[514,172],[0,0],[-1,0],[0,0],[0,0],[0,0],[0,0],[0,-1],[0,0],[1,0],[0,-1],[0,0],[0,0],[0,-1],[0,0],[0,0],[0,0],[0,0],[0,0],[0,-1],[1,0],[0,0],[0,0],[0,0],[0,1],[0,0],[0,0],[0,1],[0,0],[0,0],[0,0],[0,0],[0,1],[0,0],[0,1],[-1,0],[0,0]],[[519,169],[-1,0],[0,0],[0,0],[0,0],[-1,-1],[0,0],[0,0],[0,-1],[0,0],[1,0],[0,0],[0,0],[1,0],[0,0],[0,0],[0,0],[0,1],[0,0],[0,0],[0,1],[0,0]],[[493,167],[1,0],[0,0],[0,0],[0,0],[0,1],[0,0],[0,0],[0,0],[0,0],[-1,0],[0,0],[0,0],[0,0],[-1,0],[0,0],[1,-1],[0,0],[0,0]],[[507,195],[0,1],[0,0],[1,0],[0,0],[0,0],[0,0],[0,0],[0,0],[-1,0],[0,0],[0,0],[0,0],[0,0],[0,0],[0,0],[0,0],[0,0],[-1,0],[0,0],[1,0],[-1,0],[0,-1],[0,1],[0,0],[0,0],[-1,-1],[0,0],[0,0],[0,-1],[0,0],[0,0],[-1,0],[0,0],[0,0],[0,-1],[1,1],[1,0],[0,0],[0,0],[0,1],[0,0],[0,0],[1,0]],[[497,184],[0,0],[-1,0],[0,-1],[0,0],[0,0],[0,0],[0,-1],[0,0],[-1,-1],[0,0],[0,0],[0,0],[1,0],[0,-1],[0,0],[0,0],[1,0],[0,0],[0,1],[0,0],[0,1],[0,0],[0,0],[0,1],[0,0],[0,0],[0,1]],[[504,197],[0,0],[0,0],[0,0],[0,0],[-1,0],[0,-1],[0,0],[0,0],[0,-1],[-1,0],[0,0],[0,0],[1,-1],[0,0],[0,1],[0,0],[0,0],[1,0],[0,1],[0,1],[0,0],[0,0],[0,0]],[[483,225],[0,0],[0,-1],[0,0],[0,0],[0,0],[0,1],[0,0]],[[460,121],[-1,0],[0,0],[0,0],[0,0],[1,-1],[0,0],[0,0],[1,0],[0,0],[0,0],[0,1],[-1,0]],[[457,108],[0,0],[-1,0],[0,0],[0,0],[0,0],[1,-1],[0,0],[0,0],[0,0],[0,1],[0,0]],[[459,112],[0,0],[-1,0],[0,0],[0,-1],[0,0],[0,0],[0,0],[0,-1],[1,0],[0,0],[1,1],[0,0],[0,0],[0,0],[0,1],[0,0],[-1,0],[0,0],[0,0]],[[481,121],[0,0],[0,0],[0,0],[-1,0],[0,0],[0,-1],[0,0],[-1,-1],[0,0],[0,0],[1,-1],[0,0],[0,0],[1,0],[0,1],[0,0],[0,0],[0,0],[0,0],[0,1],[0,0],[0,0],[0,0],[0,1],[0,0]],[[470,129],[-1,1],[0,0],[0,-1],[0,1],[0,0],[-1,0],[0,1],[0,0],[0,0],[0,-1],[0,0],[0,0],[0,-1],[1,0],[0,0],[0,0],[0,-1],[0,0],[0,1],[1,0],[0,0],[0,0],[0,0]],[[472,137],[-1,0],[0,0],[0,0],[-1,0],[0,0],[1,-1],[0,0],[0,0],[0,0],[0,1],[1,0],[0,0],[0,0]],[[422,123],[-1,0],[0,0],[0,0],[1,-1],[0,0],[0,0],[0,0],[0,0],[0,-1],[0,1],[0,0],[0,0],[0,0],[0,1],[0,0],[0,0]],[[437,118],[0,0],[-2,-1],[0,0],[0,0],[0,0],[1,0],[1,0],[0,0],[0,0],[0,0],[0,1],[0,0]],[[454,133],[-1,0],[0,0],[-1,-1],[0,0],[0,0],[0,0],[0,0],[1,-1],[0,0],[0,-1],[0,0],[1,0],[0,0],[0,1],[0,0],[1,0],[0,0],[0,1],[0,0],[0,0],[0,0],[0,1],[-1,0],[0,0]],[[461,179],[0,0],[0,0],[0,0],[0,0],[0,0],[0,0],[0,0],[0,0],[-1,0],[0,0],[0,0],[0,0],[0,-1],[0,0],[0,0],[0,0],[0,-1],[1,0],[0,0],[0,0],[0,1],[0,0],[0,0],[0,0],[0,1]],[[462,177],[0,1],[0,0],[-1,0],[0,-1],[0,0],[0,0],[0,0],[1,0],[0,0],[0,0],[0,0],[0,0]],[[461,167],[0,0],[0,0],[-1,0],[0,-1],[0,0],[0,0],[0,0],[1,0],[0,0],[0,0],[0,0],[0,1],[0,0],[0,0]],[[473,173],[0,1],[0,0],[0,0],[0,1],[0,0],[0,0],[0,0],[0,0],[0,0],[0,-1],[0,0],[0,0],[0,0],[-1,-1],[0,0],[0,1],[0,0],[0,0],[0,1],[0,0],[0,0],[0,0],[0,-1],[0,0],[0,0],[0,-1],[0,0],[0,0],[0,0],[1,0],[0,0]],[[459,175],[0,0],[0,0],[0,0],[0,-1],[0,0],[0,0],[0,0],[0,0],[0,0],[0,0],[0,0],[0,-1],[0,0],[0,1],[0,0],[0,0],[0,0],[0,0],[0,1],[0,0]],[[457,180],[0,0],[0,0],[-1,0],[0,0],[0,-1],[1,0],[0,0],[0,0],[0,0],[1,0],[0,0],[0,0],[0,1],[-1,0],[0,0]],[[450,181],[0,0],[0,0],[0,0],[-1,0],[0,-1],[0,0],[0,0],[0,0],[1,0],[0,0],[1,1],[0,0],[0,0],[0,0],[-1,0]],[[441,188],[0,0],[0,0],[0,0],[0,0],[0,-1],[0,0],[0,-1],[0,0],[0,0],[0,0],[0,1],[0,0],[0,0],[0,0],[0,0],[0,1]],[[438,183],[1,0],[0,0],[0,1],[0,0],[0,0],[0,0],[-1,0],[0,0],[0,-1],[0,0]],[[440,190],[1,0],[0,0],[0,1],[0,0],[0,0],[0,0],[-1,0],[0,-1]],[[438,183],[0,0],[-1,0],[1,-1],[0,1],[0,0],[0,0]],[[369,152],[0,1],[0,-1],[0,0],[0,0],[0,0],[1,0],[0,0],[-1,0]],[[529,492],[-1,-1],[1,0],[0,0],[1,0],[0,0],[0,0],[1,0],[0,-1],[1,-2],[0,-1],[0,0],[1,0],[0,0],[0,1],[0,0],[1,0],[0,0],[1,0],[0,1],[-1,2],[0,1],[0,1],[1,0],[-1,1],[0,1],[0,0],[1,2],[0,2],[-1,1],[0,0],[-1,1],[0,1],[-1,1],[0,1],[0,0],[-1,0],[-1,0],[0,0],[0,0],[-1,-1],[0,-3],[0,-1],[0,-2],[0,-2],[0,-1],[0,-2]],[[536,490],[0,0],[0,0],[0,0],[0,-1],[0,0],[0,0],[0,1]],[[537,493],[-1,1],[0,0],[1,-1],[0,0],[0,0],[0,0],[0,0],[0,0],[0,0]],[[716,467],[0,0],[0,0],[-1,0],[0,-1],[0,0],[1,0],[1,0],[-1,1]],[[588,439],[0,0],[-1,1],[1,0],[0,-1],[0,1],[1,1],[0,0],[0,0],[0,0],[0,0],[0,1],[-1,0],[0,0],[-1,0],[0,-1],[-1,-1],[0,0],[0,0],[0,-1],[1,0],[0,0],[0,0],[1,0]],[[587,429],[0,0],[0,-1],[-1,0],[1,-1],[0,0],[0,-1],[0,0],[0,-1],[0,0],[-1,0],[0,-1],[-2,-1],[-1,0],[-1,1],[0,-1],[1,0],[0,0],[1,0],[1,0],[0,1],[1,0],[0,0],[0,0],[0,0],[1,0],[0,1],[1,1],[-1,0],[0,2],[0,1]],[[619,450],[0,1],[-1,1],[-1,0],[-1,1],[0,0],[-1,-1],[0,0],[0,0],[0,0],[1,-1],[0,0],[1,0],[0,0],[1,0],[0,-1],[0,-1],[1,0],[0,1]],[[586,436],[1,1],[0,1],[0,0],[-1,0],[0,1],[0,0],[-1,0],[0,0],[0,0],[0,-1],[-1,1],[0,0],[-1,-1],[0,0],[0,0],[0,0],[1,0],[0,-1],[0,0],[-1,0],[1,-1],[0,-1],[-1,-1],[0,0],[1,0],[1,1],[0,0],[0,0],[1,1],[0,0]],[[579,425],[1,0],[0,0],[1,0],[0,0],[1,0],[0,0],[0,0],[-1,1],[-2,0],[0,1],[-1,0],[0,0],[-1,-1],[0,0],[1,1],[0,-1],[1,0],[0,0],[0,0],[0,-1],[0,0]],[[588,434],[0,0],[-1,0],[0,0],[0,0],[0,0],[1,0],[0,0],[1,0],[-1,0]],[[610,443],[0,0],[0,0],[-1,0],[0,0],[0,0],[0,0],[0,-1],[0,0],[0,1],[1,0]],[[606,435],[-1,1],[0,0],[0,-1],[0,0],[0,0],[1,0]],[[610,446],[0,0],[0,0],[1,-1],[0,0],[0,-1],[0,0],[0,0],[0,0],[0,-1],[0,0],[0,0],[0,0],[0,-1],[0,1],[1,0],[-1,2],[0,0],[-1,1]],[[591,430],[1,1],[1,0],[1,0],[1,0],[0,1],[0,1],[0,1],[0,0],[0,0],[0,0],[-1,0],[0,0],[1,0],[-1,-1],[1,-1],[-1,0],[0,-1],[-1,0],[-1,0],[-1,-1],[0,1],[0,0],[0,-1],[0,0],[0,0],[0,0]],[[600,441],[0,0],[-1,0],[-1,0],[0,0],[0,-1],[0,0],[1,1],[0,0],[1,0]],[[606,443],[0,0],[-2,-1],[-1,0],[0,0],[0,0],[0,0],[0,-1],[0,0],[-1,-1],[0,0],[0,0],[0,-1],[0,1],[1,0],[0,1],[1,1],[1,0],[0,0],[1,1]],[[601,436],[0,0],[-1,0],[0,0],[0,1],[0,-1],[0,0],[0,0],[-1,-1],[0,0],[-1,-1],[0,0],[-1,0],[1,0],[0,0],[0,0],[1,1],[0,0],[2,1]],[[616,443],[1,0],[0,0],[1,0],[0,0],[0,0],[0,0],[-1,0],[0,0],[-1,0],[0,0],[0,0],[0,0]],[[619,448],[-1,1],[0,-1],[0,0],[1,0]],[[692,450],[0,0],[0,0],[-1,0],[0,0],[0,-1],[1,0],[0,0],[0,0],[0,1],[0,0],[0,0]],[[691,447],[0,0],[-1,0],[0,-1],[0,0],[0,0],[0,0],[0,0],[0,0],[1,1]]],"transform":{"scale":[1,1],"translate":[0,0]}}
